row,col,lat,lon,population,access_score,access_norm,pop_weight,access_deficit,access_class,color
0,0,9.060145777937478,7.4973741369894,412,132.55847081461417,0.681279212229048,0.00011983899688942176,1.1902255871547032,Medical Desert,#880e4f
0,1,9.060145777937478,7.501922410968201,456,142.0596949791835,0.7996642178523669,0.00013263733636304932,1.3157668304464152,Medical Desert,#880e4f
0,2,9.060145777937478,7.506470684947002,596,152.67122809454557,0.9318836440836513,0.00017335932559731887,1.7174381839658373,Medical Desert,#880e4f
0,3,9.060145777937478,7.511018958925803,462,164.5691683450316,1.0801316697130465,0.00013438256447308945,1.3293105583564306,Medical Desert,#880e4f
0,4,9.060145777937478,7.515567232904604,695,177.97908586401388,1.2472188927272103,0.00020215558941298088,1.9963426670911815,Medical Desert,#880e4f
0,5,9.060145777937478,7.520115506883405,507,193.20409682200486,1.436922132715818,0.00014747177529839039,1.4535272071961889,Medical Desert,#880e4f
0,6,9.060145777937478,7.524663780862206,715,210.66505669230813,1.654485237914704,0.00020797301644644796,2.0453213359049554,Medical Desert,#880e4f
0,7,9.060145777937478,7.529212054841007,762,230.94646387216213,1.9071910431297172,0.0002216439699750956,2.1741679603209345,Medical Desert,#880e4f
0,8,9.060145777937478,7.533760328819808,980,254.82421727744727,2.2047072286438008,0.00028505392463988675,2.787693201578183,Medical Desert,#880e4f
0,9,9.060145777937478,7.538308602798609,878,283.21588794792694,2.5584667057135126,0.0002553850467692046,2.488511053762436,Medical Desert,#880e4f
0,10,9.060145777937478,7.54285687677741,829,316.9240390539563,2.9784693905380575,0.0002411323505372103,2.3395029728577454,Medical Desert,#880e4f
0,11,9.060145777937478,7.5474051507562105,1133,355.9266800709942,3.4644412817544166,0.00032955724144590983,3.1813992432624665,Medical Desert,#880e4f
0,12,9.060145777937478,7.551953424735012,1187,397.91468435161283,3.987610721478743,0.00034526429443627096,3.3149649841389226,Medical Desert,#880e4f
0,13,9.060145777937478,7.556501698713813,865,436.34742801313655,4.466481706488841,0.00025160371919745103,2.403658851066514,Medical Desert,#880e4f
0,14,9.060145777937478,7.561049972692614,1067,460.391002802479,4.766064022129324,0.0003103597322354685,2.955677886982169,Medical Desert,#880e4f
0,15,9.060145777937478,7.5655982466714145,898,460.5013457975831,4.767438892974346,0.0002612024738026717,2.4874980547719203,Medical Desert,#880e4f
0,16,9.060145777937478,7.570146520650216,978,436.68608060685705,4.470701308986112,0.00028447218193654,2.717542803750018,Medical Desert,#880e4f
0,17,9.060145777937478,7.574694794629017,979,398.50973728274346,3.9950250655019865,0.00028476305328821336,2.7338669793206045,Medical Desert,#880e4f
0,18,9.060145777937478,7.579243068607818,751,356.84007583675844,3.475822169205693,0.0002184443851066887,2.1085164674176533,Medical Desert,#880e4f
0,19,9.060145777937478,7.583791342586618,921,318.2666456818176,2.995198234151913,0.00026789251489115883,2.598686030157137,Medical Desert,#880e4f
0,20,9.060145777937478,7.5883396165654196,751,285.1551063895786,2.582629316987949,0.0002184443851066887,2.128027763756093,Medical Desert,#880e4f
0,21,9.060145777937478,7.592887890544221,744,257.5757299713281,2.2389910051441397,0.00021640828564497522,2.1156292359499758,Medical Desert,#880e4f
0,22,9.060145777937478,7.597436164523022,793,234.74726656801866,1.9545489457250504,0.00023066098187696956,2.261526000874942,Medical Desert,#880e4f
0,23,9.060145777937478,7.601984438501822,582,215.73361448019156,1.7176393359369662,0.00016928712667389192,1.6637938439546374,Medical Desert,#880e4f
0,24,9.060145777937478,7.6065327124806235,626,199.70034478614537,1.5178652131488757,0.00018208546614751947,1.793216541986663,Medical Desert,#880e4f
0,25,9.060145777937478,7.611080986459425,805,185.97727453607763,1.346876115261708,0.0002341514380970498,2.309977083037788,Medical Desert,#880e4f
0,26,9.060145777937478,7.615629260438226,823,174.0502064681669,1.1982651577858592,0.00023938712242717018,2.3651862994689923,Medical Desert,#880e4f
0,27,9.060145777937478,7.620177534417027,814,163.53291920277002,1.0672200323904302,0.00023676928026211,2.3424243107260616,Medical Desert,#880e4f
0,28,9.060145777937478,7.624725808395827,642,154.1379987130354,0.9501595677867847,0.00018673940777429315,1.8496508542449732,Medical Desert,#880e4f
0,29,9.060145777937478,7.629274082374629,727,145.65211328886355,0.8444256564234842,0.0002114634726665282,2.0967782084936797,Medical Desert,#880e4f
0,30,9.060145777937478,7.63382235635343,772,137.91660707519864,0.748041450478855,0.00022455268349182912,2.228729363411477,Medical Desert,#880e4f
0,31,9.060145777937478,7.638370630332231,696,130.81279165088083,0.6595280953165833,0.00020244646076465425,2.011112694779373,Medical Desert,#880e4f
0,32,9.060145777937478,7.642918904311031,441,124.25099860387274,0.5777683248581712,0.00012827426608794904,1.2753313800954857,Medical Desert,#880e4f
0,33,9.060145777937478,7.6474671782898325,384,118.16252406050103,0.5019060906270977,0.00011169459904256786,1.111339970470717,Medical Desert,#880e4f
0,34,9.060145777937478,7.652015452268634,515,112.49375695742613,0.4312734001704963,0.0001497987461117772,1.4915270396600817,Medical Desert,#880e4f
0,35,9.060145777937478,7.656563726247435,536,107.20193967744837,0.3653374946917164,0.00015590704449691765,1.553374576065047,Medical Desert,#880e4f
0,36,9.060145777937478,7.661112000226235,416,102.25213820161306,0.30366309722446794,0.00012100248229611519,1.206350424106563,Medical Desert,#880e4f
0,37,9.060145777937478,7.665660274205036,439,97.61509917671184,0.24588571174970225,0.0001276925233846023,1.2737854571462692,Medical Desert,#880e4f
0,38,9.060145777937478,7.670208548183838,365,93.26574911344139,0.19169292324375994,0.00010616804336077414,1.0596452673490515,Medical Desert,#880e4f
0,39,9.060145777937478,7.674756822162639,333,89.18215178345723,0.14081140687281582,9.686016010722681e-05,0.9672376995308056,Medical Desert,#880e4f
1,0,9.064637333812433,7.4973741369894,484,138.28305149863968,0.7526073384505833,0.00014078173420990325,1.3972220054704152,Medical Desert,#880e4f
1,1,9.064637333812433,7.501922410968201,537,148.8110874777221,0.8837863925385754,0.00015619791584859098,1.5481745992289229,Medical Desert,#880e4f
1,2,9.064637333812433,7.506470684947002,544,160.67049497972826,1.0315543011255282,0.00015823401531030447,1.566017455195274,Medical Desert,#880e4f
1,3,9.064637333812433,7.511018958925803,825,174.08479049414237,1.198696073848744,0.00023996886513051688,2.37092367765738,Medical Desert,#880e4f
1,4,9.064637333812433,7.515567232904604,812,189.34336852156707,1.3888175586482139,0.0002361875375587633,2.3290732356580834,Medical Desert,#880e4f
1,5,9.064637333812433,7.520115506883405,717,206.85052170357991,1.6069562313078583,0.00020855475914979469,2.0520337545194796,Medical Desert,#880e4f
1,6,9.064637333812433,7.524663780862206,814,227.2114962989199,1.860653444447428,0.00023676928026211,2.323638244935197,Medical Desert,#880e4f
1,7,9.064637333812433,7.529212054841007,772,251.3646417392725,2.1616010075456398,0.00022455268349182912,2.19698750422999,Medical Desert,#880e4f
1,8,9.064637333812433,7.533760328819808,1044,280.7524401914157,2.5277722108299097,0.00030366969114698134,2.9599361308145493,Medical Desert,#880e4f
1,9,9.064637333812433,7.538308602798609,805,317.48503451567467,2.9854593793794795,0.0002341514380970498,2.271609420264295,Medical Desert,#880e4f
1,10,9.064637333812433,7.54285687677741,1011,364.3411116725466,3.5692848803489525,0.0002940709365417607,2.835747070662751,Medical Desert,#880e4f
1,11,9.064637333812433,7.5474051507562105,1215,424.11188994257435,4.31402722081431,0.00035340869228312486,3.38162545097307,Medical Desert,#880e4f
1,12,9.064637333812433,7.551953424735012,1204,496.93614554690237,5.221415548876472,0.000350209107414718,3.3192323462658435,Medical Desert,#880e4f
1,13,9.064637333812433,7.556501698713813,1214,573.5089926875046,6.175511229845456,0.0003531178209314515,3.3131099024524415,Medical Desert,#880e4f
1,14,9.064637333812433,7.561049972692614,919,627.4130146174566,6.847153939117974,0.00026731077218781216,2.490075921202677,Medical Desert,#880e4f
1,15,9.064637333812433,7.5655982466714145,1236,627.3969615107073,6.846953917825995,0.0003595169906682653,3.3490102799045434,Medical Desert,#880e4f
1,16,9.064637333812433,7.570146520650216,1074,573.4623497436409,6.174930059979767,0.00031239583169718197,2.9310560757958886,Medical Desert,#880e4f
1,17,9.064637333812433,7.574694794629017,1295,496.8746471299258,5.220649280202721,0.00037667840041699316,3.5701334221694427,Medical Desert,#880e4f
1,18,9.064637333812433,7.579243068607818,1017,424.0952797725485,4.3138202585284136,0.00029581616465180084,2.8305518701304972,Medical Desert,#880e4f
1,19,9.064637333812433,7.583791342586618,1303,364.50997147129857,3.571388869043309,0.00037900537123038,3.65469615589182,Medical Desert,#880e4f
1,20,9.064637333812433,7.5883396165654196,1082,318.0861388129347,2.9929491232670826,0.0003147228025105688,3.0530330915210717,Medical Desert,#880e4f
1,21,9.064637333812433,7.592887890544221,1106,282.1328769517469,2.5449724169090233,0.0003217037149507293,3.1351644414106166,Medical Desert,#880e4f
1,22,9.064637333812433,7.597436164523022,912,253.92521289774103,2.193505657487971,0.00026527467272609864,2.5945585777196896,Medical Desert,#880e4f
1,23,9.064637333812433,7.601984438501822,885,231.330454340784,1.911975554367398,0.00025742114623091814,2.5249931684321063,Medical Desert,#880e4f
1,24,9.064637333812433,7.6065327124806235,861,212.80651918679513,1.6811678048198564,0.00025044023379075764,2.4622991320995187,Medical Desert,#880e4f
1,25,9.064637333812433,7.611080986459425,1017,197.26692923609917,1.4875449187756138,0.00029581616465180084,2.9141576632560606,Medical Desert,#880e4f
1,26,9.064637333812433,7.615629260438226,795,183.95063124129035,1.3216241925942533,0.00023124272458031626,2.281865647886487,Medical Desert,#880e4f
1,27,9.064637333812433,7.620177534417027,805,172.32325714182778,1.1767474141594925,0.0002341514380970498,2.313960671040255,Medical Desert,#880e4f
1,28,9.064637333812433,7.624725808395827,921,162.0073993850119,1.048212095194585,0.00026789251489115883,2.650844331479487,Medical Desert,#880e4f
1,29,9.064637333812433,7.629274082374629,805,152.73443640407032,0.9326712179740173,0.0002341514380970498,2.3196757502744636,Medical Desert,#880e4f
1,30,9.064637333812433,7.63382235635343,681,144.31134675285273,0.8277197403061589,0.00019808339048955393,1.9644381516420415,Medical Desert,#880e4f
1,31,9.064637333812433,7.638370630332231,698,136.5977588278297,0.7316086356671276,0.00020302820346800095,2.015428315985892,Medical Desert,#880e4f
1,32,9.064637333812433,7.642918904311031,496,129.48999922836774,0.6430461361852892,0.00014427219042998347,1.4334445368383357,Medical Desert,#880e4f
1,33,9.064637333812433,7.6474671782898325,455,122.90997277234597,0.5610591779254708,0.00013234646501137599,1.3160392302276973,Medical Desert,#880e4f
1,34,9.064637333812433,7.652015452268634,583,116.7974161592353,0.48489688173268725,0.00016957799802556526,1.6875571960103457,Medical Desert,#880e4f
1,35,9.064637333812433,7.656563726247435,716,111.10452657475129,0.41396362578601825,0.00020826388779812132,2.074017510569893,Medical Desert,#880e4f
1,36,9.064637333812433,7.661112000226235,608,105.79226558302524,0.34777299219132796,0.0001768497818173991,1.762347460394889,Medical Desert,#880e4f
1,37,9.064637333812433,7.665660274205036,592,100.8278390864883,0.28591636734705783,0.00017219584019062545,1.7170350409962967,Medical Desert,#880e4f
1,38,9.064637333812433,7.670208548183838,426,96.18299424250357,0.2280417215698207,0.00012391119581284872,1.2362862658869935,Medical Desert,#880e4f
1,39,9.064637333812433,7.674756822162639,329,91.83287586218322,0.17383935985344803,9.56966747005334e-05,0.9553031621383296,Medical Desert,#880e4f
2,0,9.069128889687388,7.4973741369894,598,144.01368621126804,0.8240108977108279,0.00017394106830066557,1.7250777494227345,Medical Desert,#880e4f
2,1,9.069128889687388,7.501922410968201,477,155.64844927938293,0.968979742502545,0.00013874563474818976,1.3740121765387323,Medical Desert,#880e4f
2,2,9.069128889687388,7.506470684947002,373,168.87040371158895,1.1337249503511302,0.00010849501417416096,1.072649791285815,Medical Desert,#880e4f
2,3,9.069128889687388,7.511018958925803,777,183.9508826630474,1.3216273253027977,0.0002260070402501959,2.2302006944914123,Medical Desert,#880e4f
2,4,9.069128889687388,7.515567232904604,938,201.23093650592637,1.536936346111824,0.00027283732786960587,2.686439918118176,Medical Desert,#880e4f
2,5,9.069128889687388,7.520115506883405,990,221.18667488278425,1.7855843265238183,0.00028796263815662027,2.8282082242345115,Medical Desert,#880e4f
2,6,9.069128889687388,7.524663780862206,1207,244.57065138249146,2.076948064655227,0.00035108172146973806,3.437899364503141,Medical Desert,#880e4f
2,7,9.069128889687388,7.529212054841007,1180,272.6754546421976,2.427133181258399,0.0003432281949745575,3.3489758956689575,Medical Desert,#880e4f
2,8,9.069128889687388,7.533760328819808,1190,307.76342075843417,2.8643283251717064,0.000346136908491291,3.362224109775013,Medical Desert,#880e4f
2,9,9.069128889687388,7.538308602798609,1004,353.7089951800534,3.4368089857747246,0.0002920348370800472,2.819981575576876,Medical Desert,#880e4f
2,10,9.069128889687388,7.54285687677741,1216,416.91481165098196,4.224351812754906,0.0003536995636347982,3.387580497066854,Medical Desert,#880e4f
2,11,9.069128889687388,7.5474051507562105,1047,507.3393572142836,5.3510392952918195,0.0003045423052020014,2.8824612677985475,Medical Desert,#880e4f
2,12,9.069128889687388,7.551953424735012,1219,637.5390791805278,6.973324439832143,0.00035457217768981826,3.298467093661291,Medical Desert,#880e4f
2,13,9.069128889687388,7.556501698713813,1665,808.7262961697448,9.106312704805616,0.0004843008005361341,4.401988552074368,Medical Desert,#880e4f
2,14,9.069128889687388,7.561049972692614,1330,960.5227479350549,10.99769254013767,0.00038685889772556057,3.4431334558953774,Medical Desert,#880e4f
2,15,9.069128889687388,7.5655982466714145,1348,960.320758118373,10.995175752282805,0.00039209458205568095,3.4898309364348012,Medical Desert,#880e4f
2,16,9.069128889687388,7.570146520650216,1126,808.1027828369351,9.098543744918725,0.00032752114198419637,2.977214876069069,Medical Desert,#880e4f
2,17,9.069128889687388,7.574694794629017,1717,636.4636685905057,6.959924851890423,0.0004994261108231485,4.646664288191384,Medical Desert,#880e4f
2,18,9.069128889687388,7.579243068607818,850,505.8307276059063,5.33224180966494,0.0002472406489223507,2.3405717967002624,Medical Desert,#880e4f
2,19,9.069128889687388,7.583791342586618,1020,415.1244433759621,4.202043870679775,0.0002966887787068209,2.8422178606617625,Medical Desert,#880e4f
2,20,9.069128889687388,7.5883396165654196,1322,351.9913024884459,3.415406579576017,0.0003845319269121737,3.713985981798449,Medical Desert,#880e4f
2,21,9.069128889687388,7.592887890544221,1003,306.68496553184565,2.8508908011376692,0.00029174396572837386,2.834266638465494,Medical Desert,#880e4f
2,22,9.069128889687388,7.597436164523022,970,272.9318770253163,2.430328197473325,0.00028214521112315317,2.7528815649940652,Medical Desert,#880e4f
2,23,9.069128889687388,7.601984438501822,1152,246.83099308757485,2.105111863428103,0.0003350837971277036,3.280299083619429,Medical Desert,#880e4f
2,24,9.069128889687388,7.6065327124806235,1155,225.93575188781728,1.8447577023129047,0.00033595641118272366,3.297588294110163,Medical Desert,#880e4f
2,25,9.069128889687388,7.611080986459425,1107,208.68104438511813,1.6297644962423525,0.00032199458630240266,3.1674683285502367,Medical Desert,#880e4f
2,26,9.069128889687388,7.615629260438226,843,194.04437429761094,1.4473919681761502,0.00024520454946063726,2.4165547850614146,Medical Desert,#880e4f
2,27,9.069128889687388,7.620177534417027,1035,181.3448518012535,1.2891562486410677,0.00030105184898192116,2.9717082025912127,Medical Desert,#880e4f
2,28,9.069128889687388,7.624725808395827,728,170.12138829416278,1.1493121856670756,0.00021175434401820157,2.0932062553872104,Medical Desert,#880e4f
2,29,9.069128889687388,7.629274082374629,730,160.05693035903266,1.0239093019324572,0.00021233608672154827,2.1016195777824693,Medical Desert,#880e4f
2,30,9.069128889687388,7.63382235635343,683,150.9301088966966,0.9101893442273379,0.00019866513319290063,1.968569043198838,Medical Desert,#880e4f
2,31,9.069128889687388,7.638370630332231,794,142.5836869542639,0.8061931442140657,0.00023095185322864292,2.2908993522147827,Medical Desert,#880e4f
2,32,9.069128889687388,7.642918904311031,673,134.90361631252523,0.7104996640517722,0.0001957564196761671,1.9436557097200817,Medical Desert,#880e4f
2,33,9.069128889687388,7.6474671782898325,568,127.80499478245254,0.6220510246765155,0.00016521492775046495,1.6418720659947463,Medical Desert,#880e4f
2,34,9.069128889687388,7.652015452268634,619,121.22262713054634,0.5400348951769555,0.000180049366685806,1.7907703727715754,Medical Desert,#880e4f
2,35,9.069128889687388,7.656563726247435,481,115.10470828299084,0.46380578568265324,0.00013990912015488319,1.3926021356090714,Medical Desert,#880e4f
2,36,9.069128889687388,7.661112000226235,483,109.40863471665791,0.3928328574050761,0.00014049086285822989,1.3993896858727084,Medical Desert,#880e4f
2,37,9.069128889687388,7.665660274205036,456,104.09825774774376,0.3266656986855511,0.00013263733636304932,1.3220405568150109,Medical Desert,#880e4f
2,38,9.069128889687388,7.670208548183838,399,99.14210005944972,0.2649121029766196,0.00011605766931766816,1.1575021850521308,Medical Desert,#880e4f
2,39,9.069128889687388,7.674756822162639,337,94.51220385493481,0.20722371685782684,9.802364551392024e-05,0.9782051727228674,Medical Desert,#880e4f
3,0,9.073620445562344,7.4973741369894,463,149.6859949644989,0.8946877170361273,0.0001346734358247628,1.3346852913632812,Medical Desert,#880e4f
3,1,9.073620445562344,7.501922410968201,753,162.5189554592141,1.054586070555245,0.0002190261278100354,2.1671630877527424,Medical Desert,#880e4f
3,2,9.073620445562344,7.506470684947002,504,177.25076076643458,1.2381439809811996,0.00014659916124337032,1.447840525522666,Medical Desert,#880e4f
3,3,9.073620445562344,7.511018958925803,859,194.20900075561224,1.4494432095550145,0.0002498584910874109,2.462369341548478,Medical Desert,#880e4f
3,4,9.073620445562344,7.515567232904604,809,213.77009879788568,1.6931739816768197,0.00023531492350374324,2.3133063244397514,Medical Desert,#880e4f
3,5,9.073620445562344,7.520115506883405,914,236.41389753551468,1.9753151241712736,0.00026585641542944537,2.606049134468879,Medical Desert,#880e4f
3,6,9.073620445562344,7.524663780862206,824,262.9011489673907,2.3053455871301534,0.00023967799377884352,2.3415258772594085,Medical Desert,#880e4f
3,7,9.073620445562344,7.529212054841007,1219,294.69615888904906,2.7015105826267747,0.00035457217768981826,3.4499337278647757,Medical Desert,#880e4f
3,8,9.073620445562344,7.533760328819808,1206,334.7713432991681,3.200846336585647,0.00035079085011806467,3.39562574042983,Medical Desert,#880e4f
3,9,9.073620445562344,7.538308602798609,1612,388.9894410740873,3.8764024227060934,0.00046888461889744635,4.507087641708095,Medical Desert,#880e4f
3,10,9.073620445562344,7.54285687677741,1325,468.70468938197513,4.869652340373025,0.0003854045409671938,3.666366797180809,Medical Desert,#880e4f
3,11,9.073620445562344,7.5474051507562105,1242,596.6476592001181,6.463818411926978,0.0003612622187783054,3.3791088496557737,Medical Desert,#880e4f
3,12,9.073620445562344,7.551953424735012,1230,821.0503448655875,9.259870030565807,0.00035777176255822517,3.2464256233926903,Medical Desert,#880e4f
3,13,9.073620445562344,7.556501698713813,1715,1237.1125389427812,14.443994132084844,0.0004988443681198018,4.267913168603419,Medical Desert,#880e4f
3,14,9.073620445562344,7.561049972692614,1612,1845.1205185854985,22.019757722364105,0.00046888461889744635,3.656373618187984,Poor,#e65100
3,15,9.073620445562344,7.5655982466714145,1387,1844.661158719108,22.014034110393286,0.0004034385647709417,3.146254615077855,Poor,#e65100
3,16,9.073620445562344,7.570146520650216,1795,1235.6699745605974,14.426019817455613,0.0005221140762536701,4.467937961435903,Medical Desert,#880e4f
3,17,9.073620445562344,7.574694794629017,1464,818.4715388125861,9.22773817431254,0.00042583565884978994,3.8654065919827256,Medical Desert,#880e4f
3,18,9.073620445562344,7.579243068607818,1316,592.8102035477667,6.416003814448374,0.0003827866988021336,3.582270896057877,Medical Desert,#880e4f
3,19,9.073620445562344,7.583791342586618,1451,463.6974132310568,4.807261809951218,0.00042205433127803636,4.017650745932623,Medical Desert,#880e4f
3,20,9.073620445562344,7.5883396165654196,1097,383.29466452898595,3.805445655279279,0.00031908587278566913,3.0694323330313686,Medical Desert,#880e4f
3,21,9.073620445562344,7.592887890544221,1301,329.3348219524607,3.1331074222043522,0.0003784236285270333,3.665672097342778,Medical Desert,#880e4f
3,22,9.073620445562344,7.597436164523022,1037,290.7775128925708,2.652684355575021,0.0003016335916852679,2.9363220458747374,Medical Desert,#880e4f
3,23,9.073620445562344,7.601984438501822,1319,261.7302433433142,2.290756133551362,0.00038365931285715366,3.7487061361593743,Medical Desert,#880e4f
3,24,9.073620445562344,7.6065327124806235,1289,238.84328095625696,2.005585178318429,0.00037493317230695303,3.674135681745657,Medical Desert,#880e4f
3,25,9.073620445562344,7.611080986459425,1120,220.11447096632187,1.7722246936511314,0.00032577591387415624,3.2000243268251087,Medical Desert,#880e4f
3,26,9.073620445562344,7.615629260438226,1275,204.29973183366445,1.5751734559661366,0.0003708609733835261,3.650192697722512,Medical Desert,#880e4f
3,27,9.073620445562344,7.620177534417027,943,190.60249590786137,1.40450625308643,0.0002742916846279726,2.704392407656766,Medical Desert,#880e4f
3,28,9.073620445562344,7.624725808395827,1090,178.50049240046212,1.2537156045908924,0.0003170497733239556,3.1307487084147314,Medical Desert,#880e4f
3,29,9.073620445562344,7.629274082374629,942,167.64435242195134,1.1184483832157623,0.00027400081327629927,2.709362556102125,Medical Desert,#880e4f
3,30,9.073620445562344,7.63382235635343,752,157.79581858183255,0.9957359080810638,0.00021873525645836205,2.1655723096617296,Medical Desert,#880e4f
3,31,9.073620445562344,7.638370630332231,945,148.78885212846146,0.8835093406659256,0.00027487342733131933,2.7244489492583854,Medical Desert,#880e4f
3,32,9.073620445562344,7.642918904311031,1007,140.5045790196553,0.7802875135009224,0.00029290745113506726,2.906219308677465,Medical Desert,#880e4f
3,33,9.073620445562344,7.6474671782898325,1095,132.85495579178274,0.6849734073223728,0.0003185041300823224,3.1632246149003507,Medical Desert,#880e4f
3,34,9.073620445562344,7.652015452268634,702,125.77211882293294,0.5967214431688312,0.00020419168887469437,2.029732332820105,Medical Desert,#880e4f
3,35,9.073620445562344,7.656563726247435,684,119.2015080336134,0.5148518038708838,0.000198956004544574,1.9793167596626682,Medical Desert,#880e4f
3,36,9.073620445562344,7.661112000226235,735,113.09749832667451,0.4387960019063895,0.00021379044347991503,2.1285233956146725,Medical Desert,#880e4f
3,37,9.073620445562344,7.665660274205036,450,107.42067213693358,0.36806289543983484,0.0001308921082530092,1.3041034296947094,Medical Desert,#880e4f
3,38,9.073620445562344,7.670208548183838,595,102.13613953020737,0.3022177568000341,0.0001730684542456455,1.7254541064549582,Medical Desert,#880e4f
3,39,9.073620445562344,7.674756822162639,330,97.21250773445324,0.2408694328649861,9.598754605220675e-05,0.9575634139440979,Medical Desert,#880e4f
4,0,9.0781120014373,7.4973741369894,517,155.21414838784852,0.9635683647057511,0.0001503804888151239,1.489314699982115,Medical Desert,#880e4f
4,1,9.0781120014373,7.501922410968201,690,169.34901824928338,1.1396884750248928,0.00020070123265461412,1.9841386383681658,Medical Desert,#880e4f
4,2,9.0781120014373,7.506470684947002,765,185.78894093211434,1.3445294834616293,0.00022251658403011566,2.195247829522391,Medical Desert,#880e4f
4,3,9.0781120014373,7.511018958925803,1054,204.95802060938414,1.5833757169659302,0.0003065784046637149,3.017241166508081,Medical Desert,#880e4f
4,4,9.0781120014373,7.515567232904604,872,227.28133292539184,1.8615236069943162,0.0002536398186591645,2.489182535580866,Medical Desert,#880e4f
4,5,9.0781120014373,7.520115506883405,1140,253.15632148885882,2.1839252905597095,0.00033159334090762335,3.243515900737299,Medical Desert,#880e4f
4,6,9.0781120014373,7.524663780862206,1222,283.0651904728381,2.5565890190989453,0.0003554447917448383,3.463575292301307,Medical Desert,#880e4f
4,7,9.0781120014373,7.529212054841007,1449,318.1206534852751,2.9933791751854812,0.00042147258857468963,4.088563158791797,Medical Desert,#880e4f
4,8,9.0781120014373,7.533760328819808,1670,361.37485789082916,3.5323254354872775,0.00048575515729450087,4.68596704319196,Medical Desert,#880e4f
4,9,9.0781120014373,7.538308602798609,1851,420.0811277683209,4.263804029107635,0.0005384028719473779,5.1544642860045435,Medical Desert,#880e4f
4,10,9.0781120014373,7.54285687677741,1774,509.85698488754673,5.382408870526991,0.0005160057778685296,4.88232237108102,Medical Desert,#880e4f
4,11,9.0781120014373,7.5474051507562105,1832,666.1497427515528,7.329812562738799,0.0005328763162655842,4.938174810920897,Medical Desert,#880e4f
4,12,9.0781120014373,7.551953424735012,1757,987.3175479503085,11.331555050435076,0.0005110609648900826,4.531498103122782,Medical Desert,#880e4f
4,13,9.0781120014373,7.556501698713813,1327,1859.0782472901121,22.193670658483043,0.0003859862836705405,3.003217590857826,Poor,#e65100
4,14,9.0781120014373,7.561049972692614,1240,5859.035950790478,72.03303946190213,0.0003606804760749587,1.008713664125072,Excellent,#1b5e20
4,15,9.0781120014373,7.5655982466714145,1765,5858.248101333937,72.02322287819382,0.0005133879357034695,1.4362939854200127,Excellent,#1b5e20
4,16,9.0781120014373,7.570146520650216,1297,1856.5484150746945,22.162149014970502,0.0003772601431203399,2.9365118802791916,Poor,#e65100
4,17,9.0781120014373,7.574694794629017,1410,982.6101504383079,11.272901000043598,0.00041012860585942887,3.6389521414803645,Medical Desert,#880e4f
4,18,9.0781120014373,7.579243068607818,1613,658.7643918614286,7.237791283005403,0.0004691754902491197,4.3521754751387105,Medical Desert,#880e4f
4,19,9.0781120014373,7.583791342586618,1444,499.5934464362754,5.2545254487464685,0.0004200182318163229,3.979482669361593,Medical Desert,#880e4f
4,20,9.0781120014373,7.5883396165654196,1310,407.5014646583118,4.107061754404617,0.00038104147069209347,3.6539186218087765,Medical Desert,#880e4f
4,21,9.0781120014373,7.592887890544221,1255,348.1000455373997,3.366921619316976,0.000365043546350059,3.527528162680775,Medical Desert,#880e4f
4,22,9.0781120014373,7.597436164523022,1422,306.5786470649451,2.84956607580924,0.0004136190620795091,4.018327136034111,Medical Desert,#880e4f
4,23,9.0781120014373,7.601984438501822,1677,275.65369413506176,2.4642419677687837,0.00048779125675621433,4.757708998921209,Medical Desert,#880e4f
4,24,9.0781120014373,7.6065327124806235,994,251.3983838244368,2.1620214330479466,0.00028912612356331367,2.8287515480333414,Medical Desert,#880e4f
4,25,9.0781120014373,7.611080986459425,1243,231.55305459755067,1.9147491477689034,0.00036155309012997876,3.546302554179829,Medical Desert,#880e4f
4,26,9.0781120014373,7.615629260438226,1424,214.75497048377846,1.7054454572312483,0.0004142008047828558,4.071368359738713,Medical Desert,#880e4f
4,27,9.0781120014373,7.620177534417027,1243,200.153567305903,1.5235123539405018,0.00036155309012997876,3.560447841357949,Medical Desert,#880e4f
4,28,9.0781120014373,7.624725808395827,1041,187.20387473277503,1.3621595217647444,0.0003027970770919613,2.986724978747278,Medical Desert,#880e4f
4,29,9.0781120014373,7.629274082374629,1093,175.54904158844937,1.2169406043461828,0.0003179223873789757,3.1405346075665417,Medical Desert,#880e4f
4,30,9.0781120014373,7.63382235635343,1093,164.95033573179802,1.084881005424337,0.0003179223873789757,3.144733077863096,Medical Desert,#880e4f
4,31,9.0781120014373,7.638370630332231,1117,155.24384645548923,0.9639384018550436,0.0003249032998191362,3.217714321432853,Medical Desert,#880e4f
4,32,9.0781120014373,7.642918904311031,689,146.31302713721874,0.852660625759944,0.00020041036130294076,1.9870154106216735,Medical Desert,#880e4f
4,33,9.0781120014373,7.6474671782898325,733,138.07114636423597,0.749967005995157,0.00021320870077656833,2.1160970586683314,Medical Desert,#880e4f
4,34,9.0781120014373,7.652015452268634,811,130.4501911336593,0.6550101023162325,0.00023589666620708993,2.343515192124063,Medical Desert,#880e4f
4,35,9.0781120014373,7.656563726247435,761,123.39402572422468,0.5670904650983214,0.00022135309862342223,2.2009782630692913,Medical Desert,#880e4f
4,36,9.0781120014373,7.661112000226235,677,116.85431131730759,0.4856057939203867,0.0001969199050828605,1.9596365061439562,Medical Desert,#880e4f
4,37,9.0781120014373,7.665660274205036,630,110.78815083367297,0.4100215922924494,0.0001832489515542129,1.824975912851911,Medical Desert,#880e4f
4,38,9.0781120014373,7.670208548183838,609,105.15676123515514,0.33985462456910115,0.00017714065316907246,1.7653863246728547,Medical Desert,#880e4f
4,39,9.0781120014373,7.674756822162639,518,99.9247264531003,0.2746636074573564,0.00015067136016679727,1.5025752077355807,Medical Desert,#880e4f
5,0,9.082603557312254,7.4973741369894,946,160.4759453589358,1.0291302179176594,0.00027516429868299267,2.7233249973632483,Medical Desert,#880e4f
5,1,9.082603557312254,7.501922410968201,704,176.01525583301816,1.2227496216905755,0.00020477343157804107,2.022695652180978,Medical Desert,#880e4f
5,2,9.082603557312254,7.506470684947002,848,194.41488182120034,1.4520084822699002,0.00024665890621900405,2.4307739797842993,Medical Desert,#880e4f
5,3,9.082603557312254,7.511018958925803,800,216.3126593556445,1.7248542200034085,0.00023269708133868305,2.2868339591138804,Medical Desert,#880e4f
5,4,9.082603557312254,7.515567232904604,1267,242.3201100084371,2.048906377751715,0.00036853400257013926,3.6098308588729595,Medical Desert,#880e4f
5,5,9.082603557312254,7.520115506883405,1361,272.77351647997693,2.428355029203028,0.00039587590962743453,3.862626370665935,Medical Desert,#880e4f
5,6,9.082603557312254,7.524663780862206,1437,307.4516476833228,2.8604436407762055,0.00041798213235460943,4.060259890300912,Medical Desert,#880e4f
5,7,9.082603557312254,7.529212054841007,1349,345.93897835878994,3.339994778558274,0.0003923854534073543,3.7927979975172645,Medical Desert,#880e4f
5,8,9.082603557312254,7.533760328819808,2299,389.78236249688325,3.886282202981838,0.0006687132374970404,6.427251539592092,Medical Desert,#880e4f
5,9,9.082603557312254,7.538308602798609,2017,446.23531823266546,4.589684561085919,0.0005866875163251546,5.597604099665606,Medical Desert,#880e4f
5,10,9.082603557312254,7.54285687677741,2227,532.4203268405429,5.663547523580482,0.0006477705001765589,6.110837100553245,Medical Desert,#880e4f
5,11,9.082603557312254,7.5474051507562105,1615,685.310561954982,7.568555870954195,0.0004697572329524664,4.342033943186105,Medical Desert,#880e4f
5,12,9.082603557312254,7.551953424735012,2127,1003.9624353544448,11.538949913960803,0.0006186833650092236,5.472938013948019,Medical Desert,#880e4f
5,13,9.082603557312254,7.556501698713813,2150,1874.1485550295563,22.38144630039793,0.0006253734060977107,4.854057930349821,Poor,#e65100
5,14,9.082603557312254,7.561049972692614,2464,5873.271943930107,72.21041956563376,0.0007167070105231438,1.991698711680708,Excellent,#1b5e20
5,15,9.082603557312254,7.5655982466714145,2077,5872.1174078787,72.19603407650406,0.0006041397974255559,1.6797482340647893,Excellent,#1b5e20
5,16,9.082603557312254,7.570146520650216,2157,1870.3202824773575,22.333746124108046,0.0006274095055594242,4.872854594292608,Poor,#e65100
5,17,9.082603557312254,7.574694794629017,1388,996.4383348617736,11.445199817793519,0.0004037294361226151,3.5752179543513076,Medical Desert,#880e4f
5,18,9.082603557312254,7.579243068607818,1710,672.6879253201788,7.411278147251525,0.000497390011361435,4.605270541427931,Medical Desert,#880e4f
5,19,9.082603557312254,7.583791342586618,1745,513.5651550042681,5.428612573598992,0.0005075705086700023,4.800164722164622,Medical Desert,#880e4f
5,20,9.082603557312254,7.5883396165654196,1656,421.41754142890676,4.28045570851054,0.0004816829583710739,4.610647326825568,Medical Desert,#880e4f
5,21,9.082603557312254,7.592887890544221,1569,361.82385537250866,3.5379199324144945,0.00045637715077549213,4.402308925912206,Medical Desert,#880e4f
5,22,9.082603557312254,7.597436164523022,1522,319.9613836552697,3.016314625160279,0.00044270619724684447,4.29352785472797,Medical Desert,#880e4f
5,23,9.082603557312254,7.601984438501822,1858,288.55166836212715,2.6249503906996483,0.0005404389714090914,5.262527165175952,Medical Desert,#880e4f
5,24,9.082603557312254,7.6065327124806235,1413,263.6859580531263,2.3151242878974188,0.00041100121991444893,4.014860308486549,Medical Desert,#880e4f
5,25,9.082603557312254,7.611080986459425,1622,243.13058529603163,2.0590048787256454,0.00047179333241417987,4.620790846822696,Medical Desert,#880e4f
5,26,9.082603557312254,7.615629260438226,1556,225.5520442128727,1.8399767146770774,0.0004525958232037385,4.442681654451887,Medical Desert,#880e4f
5,27,9.082603557312254,7.620177534417027,1282,210.1286903385993,1.6478021271175962,0.00037289707284523957,3.6675246694693646,Medical Desert,#880e4f
5,28,9.082603557312254,7.624725808395827,1323,196.34208240351717,1.4760213513300402,0.00038482279826384706,3.791427315966869,Medical Desert,#880e4f
5,29,9.082603557312254,7.629274082374629,793,183.8585321160997,1.3204766398931755,0.00023066098187696956,2.2761515749393597,Medical Desert,#880e4f
5,30,9.082603557312254,7.63382235635343,1060,172.4586019443011,1.1784338068731433,0.00030832363277375505,3.0469024285056974,Medical Desert,#880e4f
5,31,9.082603557312254,7.638370630332231,1276,161.99340194210433,1.0480376874205315,0.00037115184473519944,3.67262033524818,Medical Desert,#880e4f
5,32,9.082603557312254,7.642918904311031,927,152.35686937745487,0.9279667426564333,0.00026963774300119896,2.6713559442049837,Medical Desert,#880e4f
5,33,9.082603557312254,7.6474671782898325,656,143.46831738488333,0.817215616338655,0.0001908116066977201,1.8925226444999963,Medical Desert,#880e4f
5,34,9.082603557312254,7.652015452268634,1001,135.26187778935193,0.7149635927218174,0.00029116222302502713,2.8908051913463866,Medical Desert,#880e4f
5,35,9.082603557312254,7.656563726247435,644,127.68051176071876,0.6204999694679756,0.00018732115047763985,1.8615882279611904,Medical Desert,#880e4f
5,36,9.082603557312254,7.661112000226235,876,120.67287056565362,0.5331849426972551,0.00025480330406585795,2.534447312150837,Medical Desert,#880e4f
5,37,9.082603557312254,7.665660274205036,656,114.19178762002953,0.4524308179999264,0.0001908116066977201,1.899483161846988,Medical Desert,#880e4f
5,38,9.082603557312254,7.670208548183838,479,108.19361274203209,0.3776937152474871,0.00013932737745153646,1.3880114670328287,Medical Desert,#880e4f
5,39,9.082603557312254,7.674756822162639,479,102.63792840203196,0.30847003307346366,0.00013932737745153646,1.3889759424423131,Medical Desert,#880e4f
6,0,9.087095113187209,7.4973741369894,911,165.29601901548224,1.0891882101354364,0.0002649838013744253,2.620976290510864,Medical Desert,#880e4f
6,1,9.087095113187209,7.501922410968201,874,182.29998241528847,1.3010571512147793,0.0002542215613625112,2.509139935584744,Medical Desert,#880e4f
6,2,9.087095113187209,7.506470684947002,967,202.9147913857258,1.5579171340567366,0.0002812725970681331,2.768906030850023,Medical Desert,#880e4f
6,3,9.087095113187209,7.511018958925803,1153,228.24285766546234,1.8735041802118904,0.00033537466847937693,3.2909141004604403,Medical Desert,#880e4f
6,4,9.087095113187209,7.515567232904604,1257,259.54677269001775,2.263550146081581,0.00036562528905340573,3.5734917728892617,Medical Desert,#880e4f
6,5,9.087095113187209,7.520115506883405,1329,297.69017049231155,2.738815889221925,0.0003865680263738872,3.7598063984490753,Medical Desert,#880e4f
6,6,9.087095113187209,7.524663780862206,1823,341.6160493137271,3.286131195251042,0.000530258474100524,5.1283348496764445,Medical Desert,#880e4f
6,7,9.087095113187209,7.529212054841007,2279,386.738168655267,3.8483516270038374,0.0006628958104635734,6.373852487562582,Medical Desert,#880e4f
6,8,9.087095113187209,7.533760328819808,2085,428.59293225729687,4.369860891343312,0.0006064667682389427,5.7996501411467545,Medical Desert,#880e4f
6,9,9.087095113187209,7.538308602798609,2744,473.04450690448203,4.923726353669337,0.0007981509889916828,7.588522184046269,Medical Desert,#880e4f
6,10,9.087095113187209,7.54285687677741,2709,538.8835925180459,5.744079645581088,0.0007879704916831155,7.427088390571606,Medical Desert,#880e4f
6,11,9.087095113187209,7.5474051507562105,1824,654.8845543237298,7.189448608339243,0.0005305493454521973,4.924057729190313,Medical Desert,#880e4f
6,12,9.087095113187209,7.551953424735012,2595,871.078070840236,9.883214193196569,0.0007548111575923531,6.802115541333544,Medical Desert,#880e4f
6,13,9.087095113187209,7.556501698713813,2758,1282.2403434053415,15.00628540029748,0.0008022231879151098,6.818392867892037,Poor,#e65100
6,14,9.087095113187209,7.561049972692614,1555,1887.698578054507,22.550279234367295,0.00045230495185206516,3.503089222185539,Poor,#e65100
6,15,9.087095113187209,7.5655982466714145,1978,1886.2390220590657,22.532093204679438,0.0005753435336098938,4.457065923698163,Poor,#e65100
6,16,9.087095113187209,7.570146520650216,2240,1277.1547854374485,14.942919480475084,0.0006515518277483125,5.541909627543184,Medical Desert,#880e4f
6,17,9.087095113187209,7.574694794629017,1764,860.2559569675083,9.748370936213258,0.0005130970643517961,4.630784592559622,Medical Desert,#880e4f
6,18,9.087095113187209,7.579243068607818,1982,634.9653866331299,6.941256297725509,0.0005765070190165872,5.3649018925226875,Medical Desert,#880e4f
6,19,9.087095113187209,7.583791342586618,1835,506.05362721749515,5.335019133019733,0.0005337489303206042,5.052733227657118,Medical Desert,#880e4f
6,20,9.087095113187209,7.5883396165654196,1610,425.5148291124789,4.331507806330613,0.0004683028761940996,4.480183005544814,Medical Desert,#880e4f
6,21,9.087095113187209,7.592887890544221,1789,370.98415804236305,3.6520570650932465,0.00052036884814363,5.013646808604562,Medical Desert,#880e4f
6,22,9.087095113187209,7.597436164523022,1664,331.3870863560172,3.158678583219748,0.00048400992918446075,4.687216112106541,Medical Desert,#880e4f
6,23,9.087095113187209,7.601984438501822,1714,300.85101116408,2.778199881665459,0.0004985534967681284,4.8470268411087725,Medical Desert,#880e4f
6,24,9.087095113187209,7.6065327124806235,1667,276.08633523334953,2.4696326645849553,0.0004848825432394808,4.729077255667683,Medical Desert,#880e4f
6,25,9.087095113187209,7.611080986459425,1453,255.17489382808543,2.209076649331093,0.0004226360739813831,4.132997191594106,Medical Desert,#880e4f
6,26,9.087095113187209,7.615629260438226,1373,236.9650364594952,1.9821823008092037,0.0003993663658475148,3.914501964283004,Medical Desert,#880e4f
6,27,9.087095113187209,7.620177534417027,1363,220.7499410773419,1.7801426346830982,0.0003964576523307812,3.894001406331773,Medical Desert,#880e4f
6,28,9.087095113187209,7.624725808395827,1547,206.08860171646523,1.5974627281132439,0.0004499779810386783,4.42789750506869,Medical Desert,#880e4f
6,29,9.087095113187209,7.629274082374629,1157,192.70232028796977,1.430670010170924,0.00033653815388607033,3.317234034456394,Medical Desert,#880e4f
6,30,9.087095113187209,7.63382235635343,1563,180.41184525308822,1.277531011351853,0.000454631922665452,4.488238588658957,Medical Desert,#880e4f
6,31,9.087095113187209,7.638370630332231,1050,169.0971014556752,1.1365495983379152,0.00030541491925702147,3.019437272189417,Medical Desert,#880e4f
6,32,9.087095113187209,7.642918904311031,1461,158.67097918242433,1.0066403863701583,0.0004249630447947699,4.206851951587174,Medical Desert,#880e4f
6,33,9.087095113187209,7.6474671782898325,1009,149.06315723682258,0.8869271751716025,0.000293489193838414,2.9088615842206904,Medical Desert,#880e4f
6,34,9.087095113187209,7.652015452268634,894,140.21125138625408,0.7766326588287032,0.00026003898839597827,2.580194406864073,Medical Desert,#880e4f
6,35,9.087095113187209,7.656563726247435,805,132.05680782402484,0.675028504432531,0.0002341514380970498,2.3257084914635606,Medical Desert,#880e4f
6,36,9.087095113187209,7.661112000226235,853,124.5440223811706,0.5814193934912568,0.0002481132629773708,2.466706843485964,Medical Desert,#880e4f
6,37,9.087095113187209,7.665660274205036,736,117.6196994570021,0.49514251020581534,0.0002140813148315884,2.1302130723544965,Medical Desert,#880e4f
6,38,9.087095113187209,7.670208548183838,555,111.23360005977433,0.41557187804758006,0.00016143360017871136,1.6076272753464886,Medical Desert,#880e4f
6,39,9.087095113187209,7.674756822162639,593,105.33878439313688,0.34212262837661034,0.0001724867115422988,1.718965954711699,Medical Desert,#880e4f
7,0,9.091586669062163,7.4973741369894,836,169.43854019454525,1.140803916131183,0.00024316844999892377,2.4039437479854056,Medical Desert,#880e4f
7,1,9.091586669062163,7.501922410968201,930,187.84844826656496,1.3701908912073177,0.000270510357056219,2.668038487840623,Medical Desert,#880e4f
7,2,9.091586669062163,7.506470684947002,1253,210.7901269997044,1.6560436106873027,0.00036446180364671233,3.5842615723402527,Medical Desert,#880e4f
7,3,9.091586669062163,7.511018958925803,752,240.21233498762155,2.0226435558910913,0.00021873525645836205,2.1431102188914513,Medical Desert,#880e4f
7,4,9.091586669062163,7.515567232904604,1352,279.069954557347,2.506808483651139,0.00039325806746237435,3.83399840864585,Medical Desert,#880e4f
7,5,9.091586669062163,7.520115506883405,1457,331.1795181726438,3.1560922890612,0.0004237995593880765,4.10424054173154,Medical Desert,#880e4f
7,6,9.091586669062163,7.524663780862206,1978,397.86666291721747,3.987012375656934,0.0005753435336098938,5.524045157223254,Medical Desert,#880e4f
7,7,9.091586669062163,7.529212054841007,2716,465.60714912719465,4.83105706947645,0.0007900065911448289,7.5184092187399685,Medical Desert,#880e4f
7,8,9.091586669062163,7.533760328819808,1859,503.70109121659135,5.305706595722211,0.0005407298427607647,5.120403038283684,Medical Desert,#880e4f
7,9,9.091586669062163,7.538308602798609,2242,516.0285025501604,5.459305819860892,0.0006521335704516593,6.165316044867252,Medical Desert,#880e4f
7,10,9.091586669062163,7.54285687677741,2608,541.9609793587152,5.782423805462751,0.0007585924851641067,7.147274527155259,Medical Desert,#880e4f
7,11,9.091586669062163,7.5474051507562105,3132,606.2672788418334,6.583678622111829,0.0009110090734409441,8.510311638273137,Medical Desert,#880e4f
7,12,9.091586669062163,7.551953424735012,3119,720.9017045040117,8.012020580114463,0.0009072277458691904,8.345404721616422,Medical Desert,#880e4f
7,13,9.091586669062163,7.556501698713813,2324,883.676316753696,10.040188009146581,0.0006759850212888742,6.081148542378018,Medical Desert,#880e4f
7,14,9.091586669062163,7.561049972692614,2835,1031.510956894606,11.882203774827259,0.000824620281993958,7.266372197188807,Medical Desert,#880e4f
7,15,9.091586669062163,7.5655982466714145,2401,1030.0174979694016,11.863595315517582,0.0006983821153677224,6.155288874445447,Medical Desert,#880e4f
7,16,9.091586669062163,7.570146520650216,2706,877.9877811674994,9.969309003905169,0.0007870978776280954,7.0862965804417115,Medical Desert,#880e4f
7,17,9.091586669062163,7.574694794629017,2308,707.1779316574591,7.841022727893393,0.0006713310796621005,6.186918571263831,Medical Desert,#880e4f
7,18,9.091586669062163,7.579243068607818,2407,577.4300693440301,6.22436774285809,0.0007001273434777625,6.565488429514034,Medical Desert,#880e4f
7,19,9.091586669062163,7.583791342586618,2179,487.24786024137893,5.1006997663090266,0.0006338086752962379,6.014799976765564,Medical Desert,#880e4f
7,20,9.091586669062163,7.5883396165654196,1845,423.99213001713053,4.312535015262526,0.0005366576438373378,5.135140950347697,Medical Desert,#880e4f
7,21,9.091586669062163,7.592887890544221,1786,377.7523713779992,3.736388826971578,0.0005194962340886099,5.000858348415849,Medical Desert,#880e4f
7,22,9.091586669062163,7.597436164523022,2176,342.2053087536278,3.2934733525244564,0.0006329360612412179,6.1209048072572045,Medical Desert,#880e4f
7,23,9.091586669062163,7.601984438501822,1765,313.4993290616905,2.9357975932338207,0.0005133879357034695,4.983159050431342,Medical Desert,#880e4f
7,24,9.091586669062163,7.6065327124806235,1636,289.3101090928321,2.6344005424500176,0.0004758655313376068,4.633293271987162,Medical Desert,#880e4f
7,25,9.091586669062163,7.611080986459425,1803,268.23446192651,2.371798527690247,0.0005244410470670569,5.120023620341171,Medical Desert,#880e4f
7,26,9.091586669062163,7.615629260438226,1928,249.4205213730292,2.137377318418466,0.0005607999660262261,5.488135547506831,Medical Desert,#880e4f
7,27,9.091586669062163,7.620177534417027,1903,232.34637710181408,1.9246339255092868,0.0005535281822343923,5.428747910518543,Medical Desert,#880e4f
7,28,9.091586669062163,7.624725808395827,1489,216.69092308851197,1.7295673762627468,0.00043310744264162383,4.256165576095284,Medical Desert,#880e4f
7,29,9.091586669062163,7.629274082374629,1547,202.2583862965081,1.5497383437416956,0.0004499779810386783,4.430044997281271,Medical Desert,#880e4f
7,30,9.091586669062163,7.63382235635343,1623,188.92992949519703,1.3836661191480033,0.0004720842037658532,4.655521345844955,Medical Desert,#880e4f
7,31,9.091586669062163,7.638370630332231,1268,176.62863336040962,1.2303922897059498,0.0003688248739218126,3.6428688111056093,Medical Desert,#880e4f
7,32,9.091586669062163,7.642918904311031,1494,165.29473178028772,1.08917217121844,0.00043456179939999057,4.298286732141798,Medical Desert,#880e4f
7,33,9.091586669062163,7.6474671782898325,1231,154.871278476045,0.9592962145350088,0.0003580626339098985,3.5462775261713646,Medical Desert,#880e4f
7,34,9.091586669062163,7.652015452268634,934,145.29858611896174,0.8400207170944143,0.0002716738424629125,2.6939172590329754,Medical Desert,#880e4f
7,35,9.091586669062163,7.656563726247435,1092,136.51400875148187,0.7305651118971735,0.00031763151602730235,3.1531101098681678,Medical Desert,#880e4f
7,36,9.091586669062163,7.661112000226235,861,128.45388707392283,0.6301362057273007,0.00025044023379075764,2.4886211920393397,Medical Desert,#880e4f
7,37,9.091586669062163,7.665660274205036,998,121.05575110251145,0.5379556242140645,0.00029028960897000707,2.887279796920439,Medical Desert,#880e4f
7,38,9.091586669062163,7.670208548183838,704,114.2600087137679,0.4532808510510319,0.00020477343157804107,2.038452328246577,Medical Desert,#880e4f
7,39,9.091586669062163,7.674756822162639,789,108.01098308356829,0.3754181544597683,0.00022949749647027616,2.2863592120449607,Medical Desert,#880e4f
8,0,9.096078224937118,7.4973741369894,1129,172.6278518157133,1.180542655862687,0.00032839375603921643,3.245169276699839,Medical Desert,#880e4f
8,1,9.096078224937118,7.501922410968201,1064,192.17369316102207,1.424083329937685,0.00030948711818044845,3.050797637221361,Medical Desert,#880e4f
8,2,9.096078224937118,7.506470684947002,1226,217.1622831019823,1.7354405097536267,0.00035660827715153177,3.504195526487096,Medical Desert,#880e4f
8,3,9.096078224937118,7.511018958925803,1251,250.6818435611256,2.1530933600299704,0.0003638800609433656,3.56045383512721,Medical Desert,#880e4f
8,4,9.096078224937118,7.515567232904604,1565,298.72853106257173,2.7517538348824098,0.0004552136653687987,4.42687305875104,Medical Desert,#880e4f
8,5,9.096078224937118,7.520115506883405,2002,373.83755976609854,3.687610376251791,0.0005823244460500543,5.608505893540617,Medical Desert,#880e4f
8,6,9.096078224937118,7.524663780862206,2691,500.542786377953,5.26635419969343,0.0007827348073529951,7.415132199534984,Medical Desert,#880e4f
8,7,9.096078224937118,7.529212054841007,2828,679.9980377304971,7.502361957486188,0.0008225841825322445,7.608709397536467,Medical Desert,#880e4f
8,8,9.096078224937118,7.533760328819808,2395,713.6774000990154,7.92200593539117,0.0006966368872576823,6.414492717010043,Medical Desert,#880e4f
8,9,9.096078224937118,7.538308602798609,3611,603.70637860036,6.551769871803827,0.0010503364508924805,9.815208237503334,Medical Desert,#880e4f
8,10,9.096078224937118,7.54285687677741,2884,552.856312574413,5.918179373552411,0.0008388729782259523,7.892269706582793,Medical Desert,#880e4f
8,11,9.096078224937118,7.5474051507562105,4104,563.7076994834736,6.053387371805989,0.001193736027267444,11.21474561340138,Medical Desert,#880e4f
8,12,9.096078224937118,7.551953424735012,3674,612.4430840298319,6.660628993900351,0.0010686613460479018,9.974817785864296,Medical Desert,#880e4f
8,13,9.096078224937118,7.556501698713813,3189,677.5557823328245,7.471931518841742,0.0009275887404863253,8.582799450207004,Medical Desert,#880e4f
8,14,9.096078224937118,7.561049972692614,2314,726.8015009908293,8.085531890675146,0.0006730763077721407,6.186545082586455,Medical Desert,#880e4f
8,15,9.096078224937118,7.5655982466714145,2971,725.8889915512912,8.074162046825561,0.0008641787858215341,7.944035902800138,Medical Desert,#880e4f
8,16,9.096078224937118,7.570146520650216,2360,673.0311965606909,7.415555297967523,0.000686456389949115,6.355518367560068,Medical Desert,#880e4f
8,17,9.096078224937118,7.574694794629017,2265,598.3109213423152,6.484542614897719,0.0006588236115401463,6.161019136928173,Medical Desert,#880e4f
8,18,9.096078224937118,7.579243068607818,2443,527.3470521410027,5.600334652961833,0.0007105987121380033,6.708028062186382,Medical Desert,#880e4f
8,19,9.096078224937118,7.583791342586618,1844,468.9105233160502,4.872217025830486,0.0005363667724856644,5.1023381927572045,Medical Desert,#880e4f
8,20,9.096078224937118,7.5883396165654196,2408,422.54338764376644,4.294483723024099,0.000700418214829436,6.7033886860048995,Medical Desert,#880e4f
8,21,9.096078224937118,7.592887890544221,2459,385.3150809056998,3.8306199907097236,0.000715252653764777,6.8785404262558165,Medical Desert,#880e4f
8,22,9.096078224937118,7.597436164523022,2578,354.44527734481983,3.4459830423706386,0.0007498663446139061,7.240260775380662,Medical Desert,#880e4f
8,23,9.096078224937118,7.601984438501822,2021,327.9098490887246,3.1153522974367935,0.000587851001731848,5.695373720438896,Medical Desert,#880e4f
8,24,9.096078224937118,7.6065327124806235,2004,304.39295487521593,2.8223324080533696,0.000582906188753401,5.66454638479665,Medical Desert,#880e4f
8,25,9.096078224937118,7.611080986459425,2523,283.08903055543186,2.556886065907129,0.0007338684202718716,7.1510424089184745,Medical Desert,#880e4f
8,26,9.096078224937118,7.615629260438226,2412,263.51372552140253,2.312978275038079,0.0007015817002361293,6.853542679280249,Medical Desert,#880e4f
8,27,9.096078224937118,7.620177534417027,1466,245.3717628430816,2.0869298925885715,0.00042641740155313667,4.175183693329248,Medical Desert,#880e4f
8,28,9.096078224937118,7.624725808395827,2038,228.48582299819103,1.876531521929457,0.000592795814710295,5.816718143865778,Medical Desert,#880e4f
8,29,9.096078224937118,7.629274082374629,2062,212.76248571204678,1.68061914887138,0.0005997767271504555,5.896967646234909,Medical Desert,#880e4f
8,30,9.096078224937118,7.63382235635343,1517,198.16378405203605,1.4987197064228643,0.00044125184048847773,4.346387122001234,Medical Desert,#880e4f
8,31,9.096078224937118,7.638370630332231,1822,184.67319767477684,1.3306273515356568,0.0005299676027488506,5.229157088723966,Medical Desert,#880e4f
8,32,9.096078224937118,7.642918904311031,1416,172.26710704018507,1.1760477853555,0.000411873833969469,4.070300008666123,Medical Desert,#880e4f
8,33,9.096078224937118,7.6474671782898325,1273,160.9020937829802,1.0344400161818654,0.0003702792306801794,3.6644891414641325,Medical Desert,#880e4f
8,34,9.096078224937118,7.652015452268634,1003,150.51604337472818,0.9050300986082893,0.00029174396572837386,2.891035950276586,Medical Desert,#880e4f
8,35,9.096078224937118,7.656563726247435,1333,141.03523220794736,0.7868994384057418,0.00038773151178058063,3.846804546918572,Medical Desert,#880e4f
8,36,9.096078224937118,7.661112000226235,845,132.38160980610135,0.6790755286694691,0.000245786292163984,2.441172176010743,Medical Desert,#880e4f
8,37,9.096078224937118,7.665660274205036,449,124.47806526557535,0.5805975695488473,0.00013060123690133586,1.2984296929408599,Medical Desert,#880e4f
8,38,9.096078224937118,7.670208548183838,613,117.25155515988531,0.4905554418523618,0.00017830413857576589,1.774294579209345,Medical Desert,#880e4f
8,39,9.096078224937118,7.674756822162639,613,110.63465013846636,0.40810897762822707,0.00017830413857576589,1.775764633787555,Medical Desert,#880e4f
9,0,9.100569780812075,7.4973741369894,694,174.61044605526723,1.2052457284492275,0.00020186471806130755,1.9943175216962756,Medical Desert,#880e4f
9,1,9.100569780812075,7.501922410968201,1235,194.76675583009302,1.4563928232558543,0.00035922611931659196,3.539943758956046,Medical Desert,#880e4f
9,2,9.100569780812075,7.506470684947002,1000,220.92865195730278,1.7823693675927386,0.0002908713516733538,2.85686949802025,Medical Desert,#880e4f
9,3,9.100569780812075,7.511018958925803,1266,257.07190390645144,2.2327133454983423,0.0003682431312184659,3.600213176838703,Medical Desert,#880e4f
9,4,9.100569780812075,7.515567232904604,1607,312.13188664445767,2.9187592963312645,0.00046743026213907956,4.537870979090296,Medical Desert,#880e4f
9,5,9.100569780812075,7.520115506883405,2044,410.93401893136314,4.149831291243132,0.0005945410428203351,5.698685925860937,Medical Desert,#880e4f
9,6,9.100569780812075,7.524663780862206,1704,650.3775849613604,7.133291887471851,0.0004956447832513949,4.6028899413704565,Medical Desert,#880e4f
9,7,9.100569780812075,7.529212054841007,1834,1675.5611419932882,19.907052306338894,0.0005334580589689309,4.272622841376056,Poor,#e65100
9,8,9.100569780812075,7.533760328819808,2506,1705.0962515468816,20.275059002110392,0.0007289236072934247,5.8113391583437135,Poor,#e65100
9,9,9.100569780812075,7.538308602798609,3677,739.9346279895146,8.249170311015648,0.001069533960102922,9.813062821998818,Medical Desert,#880e4f
9,10,9.100569780812075,7.54285687677741,3518,563.1029283419708,6.045851939134628,0.0010232854151868587,9.614190940699023,Medical Desert,#880e4f
9,11,9.100569780812075,7.5474051507562105,3940,530.0989081327018,5.634622706944047,0.001146033125593014,10.814584828692494,Medical Desert,#880e4f
9,12,9.100569780812075,7.551953424735012,2990,542.1247407076964,5.784464267605758,0.0008697053415033278,8.193975467906093,Medical Desert,#880e4f
9,13,9.100569780812075,7.556501698713813,3668,568.0449108552097,6.107428912531575,0.0010669161179378617,10.017549744784652,Medical Desert,#880e4f
9,14,9.100569780812075,7.561049972692614,3166,588.1634864410203,6.358105840325891,0.0009208986993978381,8.623469854079389,Medical Desert,#880e4f
9,15,9.100569780812075,7.5655982466714145,2941,588.8894307663436,6.367151087711602,0.0008554526452713335,8.00984682863082,Medical Desert,#880e4f
9,16,9.100569780812075,7.570146520650216,3053,567.9785192335557,6.106601674654992,0.0008880302366587492,8.338017673555033,Medical Desert,#880e4f
9,17,9.100569780812075,7.574694794629017,2907,533.5086897550035,5.677108497147352,0.0008455630193144395,7.975594892962038,Medical Desert,#880e4f
9,18,9.100569780812075,7.579243068607818,2814,495.24468661589077,5.20034001465151,0.0008185119836088176,7.759465774004905,Medical Desert,#880e4f
9,19,9.100569780812075,7.583791342586618,2062,458.9282482077787,4.747838137978007,0.0005997767271504555,5.7130029895608985,Medical Desert,#880e4f
9,20,9.100569780812075,7.5883396165654196,2746,426.3165961557587,4.341497802807196,0.0007987327316950296,7.64055767698188,Medical Desert,#880e4f
9,21,9.100569780812075,7.592887890544221,2527,397.1399038972092,3.977956977196669,0.000735031905678565,7.0579265270200295,Medical Desert,#880e4f
9,22,9.100569780812075,7.597436164523022,2701,370.5688337708628,3.646882135487816,0.0007856435208697286,7.56992027658513,Medical Desert,#880e4f
9,23,9.100569780812075,7.601984438501822,2566,345.89052422451164,3.339391041307195,0.0007463758883938258,7.214514788423254,Medical Desert,#880e4f
9,24,9.100569780812075,7.6065327124806235,2266,322.6840988436097,3.050239585491634,0.0006591144828918197,6.390099120209449,Medical Desert,#880e4f
9,25,9.100569780812075,7.611080986459425,2511,300.75997241939785,2.777065541277899,0.0007303779640517913,7.100948892910221,Medical Desert,#880e4f
9,26,9.100569780812075,7.615629260438226,2808,280.0335292792501,2.518814599588954,0.0008167667554987775,7.9619391521668526,Medical Desert,#880e4f
9,27,9.100569780812075,7.620177534417027,2389,260.43987371062093,2.274678161536744,0.0006948916591476422,6.790851103306704,Medical Desert,#880e4f
9,28,9.100569780812075,7.624725808395827,2139,241.9332571321916,2.0440862009895984,0.0006221738212293038,6.094560520033859,Medical Desert,#880e4f
9,29,9.100569780812075,7.629274082374629,2074,224.52866239278777,1.8272254038536422,0.0006032671833705358,5.92244132142877,Medical Desert,#880e4f
9,30,9.100569780812075,7.63382235635343,2220,208.3000457963416,1.6250172637496192,0.0006457344007148454,6.352411052252591,Medical Desert,#880e4f
9,31,9.100569780812075,7.638370630332231,1619,193.3219731560529,1.4383908687678701,0.0004709207183591598,4.641470377471456,Medical Desert,#880e4f
9,32,9.100569780812075,7.642918904311031,1667,179.61779574113902,1.2676371751146398,0.0004848825432394808,4.787359918657358,Medical Desert,#880e4f
9,33,9.100569780812075,7.6474671782898325,1436,167.1506145906134,1.1122964226971002,0.00041769126100293604,4.13045296048882,Medical Desert,#880e4f
9,34,9.100569780812075,7.652015452268634,1073,155.84152729850973,0.971385489591989,0.00031210496034550863,3.090732180484155,Medical Desert,#880e4f
9,35,9.100569780812075,7.656563726247435,1372,145.59149194250975,0.8436703160268488,0.0003990754944958414,3.957086130102426,Medical Desert,#880e4f
9,36,9.100569780812075,7.661112000226235,1250,136.29676693348816,0.7278582845032141,0.00036358918959169227,3.6094277555369105,Medical Desert,#880e4f
9,37,9.100569780812075,7.665660274205036,931,127.8574682189709,0.6227048423288203,0.0002708012284078924,2.691149360455105,Medical Desert,#880e4f
9,38,9.100569780812075,7.670208548183838,843,120.18149606629743,0.5270624292335307,0.00024520454946063726,2.4391216840565892,Medical Desert,#880e4f
9,39,9.100569780812075,7.674756822162639,830,113.18586704197763,0.43989707379743037,0.00024142322188888365,2.40361208200327,Medical Desert,#880e4f
10,0,9.10506133668703,7.4973741369894,1163,175.2441969551342,1.2131422481550056,0.00033828338199611046,3.3417952337062804,Medical Desert,#880e4f
10,1,9.10506133668703,7.501922410968201,1061,195.30882195474675,1.4631469530504808,0.0003086145041254284,3.0409902041164534,Medical Desert,#880e4f
10,2,9.10506133668703,7.506470684947002,1613,221.2958558718244,1.786944718803549,0.0004691754902491197,4.607915836041924,Medical Desert,#880e4f
10,3,9.10506133668703,7.511018958925803,1761,257.133752209341,2.233483973741456,0.000512224450296776,5.0078399928981225,Medical Desert,#880e4f
10,4,9.10506133668703,7.515567232904604,1238,311.6839502422947,2.913178020427187,0.000360098733371612,3.4960841621919356,Medical Desert,#880e4f
10,5,9.10506133668703,7.520115506883405,1966,409.655918883222,4.133906197932462,0.0005718530773898136,5.4821320758052865,Medical Desert,#880e4f
10,6,9.10506133668703,7.524663780862206,2516,647.7673505298478,7.100768434440913,0.0007318323208101581,6.798666023810342,Medical Desert,#880e4f
10,7,9.10506133668703,7.529212054841007,2646,1670.8317215719483,19.84812385107065,0.0007696455965276941,6.1688538531456585,Poor,#e65100
10,8,9.10506133668703,7.533760328819808,3732,1697.0148154643225,20.174364519009373,0.0010855318844449563,8.665327251069591,Poor,#e65100
10,9,9.10506133668703,7.538308602798609,4000,726.6359191335972,8.083468745046751,0.0011634854066934152,10.694354274901729,Medical Desert,#880e4f
10,10,9.10506133668703,7.54285687677741,4824,541.9271947871769,5.78200285058133,0.0014031634004722587,13.220324526586385,Medical Desert,#880e4f
10,11,9.10506133668703,7.5474051507562105,3919,497.68995001335844,5.230807932895056,0.0011399248272078734,10.802975489172436,Medical Desert,#880e4f
10,12,9.10506133668703,7.551953424735012,2761,495.41113043167076,5.202413900260963,0.0008030958019701298,7.613154343360236,Medical Desert,#880e4f
10,13,9.10506133668703,7.556501698713813,3697,506.79008519432836,5.3441953802294195,0.001075351387136389,10.17882507983813,Medical Desert,#880e4f
10,14,9.10506133668703,7.561049972692614,2813,518.2292531794955,5.486727115382043,0.0008182211122571443,7.733275526271511,Medical Desert,#880e4f
10,15,9.10506133668703,7.5655982466714145,3617,522.0896570214856,5.534827646705839,0.0010520816790025207,9.938507713671623,Medical Desert,#880e4f
10,16,9.10506133668703,7.570146520650216,3255,515.9854962398254,5.458769962354252,0.0009467862496967667,8.951033662906193,Medical Desert,#880e4f
10,17,9.10506133668703,7.574694794629017,4417,501.75204354242135,5.281421512466606,0.0012847787603412037,12.169241785049415,Medical Desert,#880e4f
10,18,9.10506133668703,7.579243068607818,3219,482.7517131855727,5.044677891099538,0.0009363148810365259,8.890808112418014,Medical Desert,#880e4f
10,19,9.10506133668703,7.583791342586618,2206,461.5918219211438,4.781026197071562,0.0006416622017914185,6.1098416382706455,Medical Desert,#880e4f
10,20,9.10506133668703,7.5883396165654196,3964,439.4964060564666,4.505717890891004,0.0011530140380331744,11.01062478237029,Medical Desert,#880e4f
10,21,9.10506133668703,7.592887890544221,3143,416.7651391952859,4.2224868978552745,0.000914208658309351,8.756063174931802,Medical Desert,#880e4f
10,22,9.10506133668703,7.597436164523022,3369,393.4293843261399,3.931723999984686,0.000979945583787529,9.414168280829648,Medical Desert,#880e4f
10,23,9.10506133668703,7.601984438501822,3393,369.6634964753881,3.635601656366458,0.0009869264962276895,9.510457801837163,Medical Desert,#880e4f
10,24,9.10506133668703,7.6065327124806235,2358,345.871215195441,3.3391504513078942,0.0006858746472457682,6.629722608668548,Medical Desert,#880e4f
10,25,9.10506133668703,7.611080986459425,2264,322.5400709200932,3.0484450013159448,0.000658532740188473,6.384577317881686,Medical Desert,#880e4f
10,26,9.10506133668703,7.615629260438226,2895,300.02278300911325,2.7678801804264586,0.0008420725630943593,8.187650035156615,Medical Desert,#880e4f
10,27,9.10506133668703,7.620177534417027,2108,278.4214271672313,2.4987278492617278,0.0006131568093274298,5.978356893731207,Medical Desert,#880e4f
10,28,9.10506133668703,7.624725808395827,1758,257.71235328511136,2.240693328075413,0.000511351836241756,4.998940097640959,Medical Desert,#880e4f
10,29,9.10506133668703,7.629274082374629,2074,238.00308142414178,1.9951163140319632,0.0006032671833705358,5.912313013779091,Medical Desert,#880e4f
10,30,9.10506133668703,7.63382235635343,2116,219.5705550463097,1.7654475154545182,0.0006154837801408166,6.04617737036295,Medical Desert,#880e4f
10,31,9.10506133668703,7.638370630332231,2234,202.65953585829274,1.5547366568332612,0.0006498065996382724,6.397038182351745,Medical Desert,#880e4f
10,32,9.10506133668703,7.642918904311031,1740,187.3508952616015,1.363991393724651,0.0005061161519116356,4.992127711573105,Medical Desert,#880e4f
10,33,9.10506133668703,7.6474671782898325,1524,173.58477488607076,1.1924658923954905,0.0004432879399501912,4.380018824611826,Medical Desert,#880e4f
10,34,9.10506133668703,7.652015452268634,1619,161.23054279982372,1.0385324823770103,0.0004709207183591598,4.660300537327568,Medical Desert,#880e4f
10,35,9.10506133668703,7.656563726247435,1384,150.13695689494006,0.9003066909437492,0.00040256595071592164,3.9894162252616487,Medical Desert,#880e4f
10,36,9.10506133668703,7.661112000226235,1341,140.15677268893822,0.7759538556790903,0.00039005848259396743,3.8703180875887617,Medical Desert,#880e4f
10,37,9.10506133668703,7.665660274205036,863,131.15614998447174,0.6638063312100753,0.0002510219764941043,2.493556767214078,Medical Desert,#880e4f
10,38,9.10506133668703,7.670208548183838,1217,123.01699134560904,0.5623926265609417,0.0003539904349864716,3.5199961888137667,Medical Desert,#880e4f
10,39,9.10506133668703,7.674756822162639,677,115.63641841347747,0.47043088005968803,0.0001969199050828605,1.959935330403665,Medical Desert,#880e4f
11,0,9.109552892561984,7.4973741369894,1098,174.565528687226,1.2046860592133435,0.00031937674413734247,3.155292570243504,Medical Desert,#880e4f
11,1,9.109552892561984,7.501922410968201,1253,193.85536331708465,1.4450368962817393,0.00036446180364671233,3.591951961111634,Medical Desert,#880e4f
11,2,9.109552892561984,7.506470684947002,1135,218.3479638662838,1.7502140611947907,0.00033013898414925656,3.2436084522719058,Medical Desert,#880e4f
11,3,9.109552892561984,7.511018958925803,1477,250.99431379667132,2.1569867310263255,0.0004296169864215436,4.203502050301958,Medical Desert,#880e4f
11,4,9.109552892561984,7.515567232904604,1609,297.57532951574706,2.7373849736450593,0.0004680120048424263,4.552007145470148,Medical Desert,#880e4f
11,5,9.109552892561984,7.520115506883405,2234,370.2861825135066,3.6433603081830435,0.0006498065996382724,6.261318039070976,Medical Desert,#880e4f
11,6,9.109552892561984,7.524663780862206,2714,493.119712311618,5.173862890166979,0.0007894248484414822,7.485810891622115,Medical Desert,#880e4f
11,7,9.109552892561984,7.529212054841007,2777,666.3671264561129,7.33252115803568,0.0008077497435969035,7.485213227436817,Medical Desert,#880e4f
11,8,9.109552892561984,7.533760328819808,3337,690.1627025262217,7.6290134160938425,0.0009706377005339816,8.965876201385795,Medical Desert,#880e4f
11,9,9.109552892561984,7.538308602798609,3333,564.5632112962367,6.064047026710507,0.0009694742151272882,9.106848428101367,Medical Desert,#880e4f
11,10,9.109552892561984,7.54285687677741,4490,489.39184721103385,5.12741378810902,0.0013060123690133586,12.390477107301583,Medical Desert,#880e4f
11,11,9.109552892561984,7.5474051507562105,4406,463.8514936850884,4.809181648395299,0.0012815791754727968,12.199457049563032,Medical Desert,#880e4f
11,12,9.109552892561984,7.551953424735012,3701,462.7318365941745,4.7952307502049045,0.0010765148725430825,10.248935003443673,Medical Desert,#880e4f
11,13,9.109552892561984,7.556501698713813,3129,471.88339095336613,4.909258879160655,0.000910136459385924,8.65455504441042,Medical Desert,#880e4f
11,14,9.109552892561984,7.561049972692614,4083,483.2451088322593,5.050825588006356,0.0011876277288823036,11.276427236616573,Medical Desert,#880e4f
11,15,9.109552892561984,7.5655982466714145,2991,492.083432073385,5.160950865389368,0.0008699962128550013,8.250961357788063,Medical Desert,#880e4f
11,16,9.109552892561984,7.570146520650216,3152,496.19046064866956,5.21212433446647,0.0009168265004744112,8.690403633383472,Medical Desert,#880e4f
11,17,9.109552892561984,7.574694794629017,3004,495.2149796126149,5.1999698661644365,0.0008737775404267548,8.28341371627251,Medical Desert,#880e4f
11,18,9.109552892561984,7.579243068607818,3505,489.64419411047413,5.130558023903462,0.0010195040876151051,9.671978388439447,Medical Desert,#880e4f
11,19,9.109552892561984,7.583791342586618,3316,479.917846588926,5.009367987115711,0.0009645294021488412,9.162125750512788,Medical Desert,#880e4f
11,20,9.109552892561984,7.5883396165654196,2670,466.1261530071756,4.837523844303129,0.0007766265089678546,7.390570164153557,Medical Desert,#880e4f
11,21,9.109552892561984,7.592887890544221,3020,448.2479948812035,4.614762459704881,0.0008784314820535284,8.378939557854931,Medical Desert,#880e4f
11,22,9.109552892561984,7.597436164523022,2914,426.59104673768474,4.344917449909704,0.000847599118776153,8.10771636759167,Medical Desert,#880e4f
11,23,9.109552892561984,7.601984438501822,3550,402.0651259578397,4.039325115790657,0.001032593298440406,9.908834979925315,Medical Desert,#880e4f
11,24,9.109552892561984,7.6065327124806235,4118,376.06916110514555,3.71541607081242,0.001197808226190871,11.533046668574622,Medical Desert,#880e4f
11,25,9.109552892561984,7.611080986459425,3716,350.0464844322104,3.391174197249712,0.0010808779428181827,10.44223488917569,Medical Desert,#880e4f
11,26,9.109552892561984,7.615629260438226,3634,324.9296198130136,3.0782187182839618,0.0010570264919809677,10.24488904647589,Medical Desert,#880e4f
11,27,9.109552892561984,7.620177534417027,3471,300.75386707116974,2.7769894687979955,0.001009614461658211,9.81577574382501,Medical Desert,#880e4f
11,28,9.109552892561984,7.624725808395827,2544,277.0328595794391,2.4814263332842246,0.0007399767186570121,7.2161474150008456,Medical Desert,#880e4f
11,29,9.109552892561984,7.629274082374629,2488,253.90958493735164,2.1933109335085623,0.0007236879229633043,7.0781519662446915,Medical Desert,#880e4f
11,30,9.109552892561984,7.63382235635343,2061,232.2616377321131,1.923578075169919,0.0005994858557987822,5.879542773128921,Medical Desert,#880e4f
11,31,9.109552892561984,7.638370630332231,2675,212.73015708183888,1.680216334981015,0.0007780808657262214,7.650074239209277,Medical Desert,#880e4f
11,32,9.109552892561984,7.642918904311031,2202,195.41458076244115,1.4644647050397777,0.0006404987163847251,6.311188387470381,Medical Desert,#880e4f
11,33,9.109552892561984,7.6474671782898325,1658,180.12707350187705,1.273982762748877,0.0004822647010744206,4.7612073191191016,Medical Desert,#880e4f
11,34,9.109552892561984,7.652015452268634,1835,166.60671784533835,1.1055194834172122,0.0005337489303206042,5.27848231903379,Medical Desert,#880e4f
11,35,9.109552892561984,7.656563726247435,1499,154.60448619765407,0.9559719896950823,0.00043601615615835736,4.318479638349382,Medical Desert,#880e4f
11,36,9.109552892561984,7.661112000226235,1510,143.9049555623818,0.8226561166576847,0.0004392157410267642,4.356025058678842,Medical Desert,#880e4f
11,37,9.109552892561984,7.665660274205036,1122,134.3269648934914,0.7033146023899723,0.00032635765657750297,3.2406233552277572,Medical Desert,#880e4f
11,38,9.109552892561984,7.670208548183838,923,125.71897410690637,0.5960592613913382,0.00026847425759450556,2.6687399191766192,Medical Desert,#880e4f
11,39,9.109552892561984,7.674756822162639,884,117.9539142897216,0.49930681831659945,0.00025713027487924475,2.558464058848165,Medical Desert,#880e4f
12,0,9.114044448436939,7.4973741369894,960,172.7849488999246,1.1825000814402364,0.00027923649760641965,2.759345257948129,Medical Desert,#880e4f
12,1,9.114044448436939,7.501922410968201,1276,190.8295690379963,1.4073355783736046,0.00037115184473519944,3.6592849277445105,Medical Desert,#880e4f
12,2,9.114044448436939,7.506470684947002,1253,213.0369742507678,1.6840392689145638,0.00036446180364671233,3.583241237531074,Medical Desert,#880e4f
12,3,9.114044448436939,7.511018958925803,1427,241.14292254378148,2.034238652602924,0.00041507341883787586,4.066298349151953,Medical Desert,#880e4f
12,4,9.114044448436939,7.515567232904604,1806,277.76656955917645,2.4905683405216705,0.0005253136611220769,5.122303653897351,Medical Desert,#880e4f
12,5,9.114044448436939,7.520115506883405,1683,326.189503211709,3.0939168326170052,0.0004895364848662544,4.743906331591758,Medical Desert,#880e4f
12,6,9.114044448436939,7.524663780862206,2197,386.8748711595269,3.8500549366463863,0.0006390443596263583,6.144408007112034,Medical Desert,#880e4f
12,7,9.114044448436939,7.529212054841007,3033,444.89267676213206,4.572955283333277,0.000882212809625282,8.418696123372797,Medical Desert,#880e4f
12,8,9.114044448436939,7.533760328819808,2702,467.22566785073155,4.851223770616066,0.000785934392221402,7.478069561645105,Medical Desert,#880e4f
12,9,9.114044448436939,7.538308602798609,4034,453.8854574539952,4.685005096529506,0.0011733750326503093,11.184023525692375,Medical Desert,#880e4f
12,10,9.114044448436939,7.54285687677741,3412,437.8263816904846,4.484909430788029,0.0009924530519094831,9.479424313882511,Medical Desert,#880e4f
12,11,9.114044448436939,7.5474051507562105,3683,433.67196279648994,4.4331454795741205,0.001071279188212962,10.237878233070807,Medical Desert,#880e4f
12,12,9.114044448436939,7.551953424735012,4074,440.3082190269637,4.51583305935906,0.0011850098867172434,11.314968184961929,Medical Desert,#880e4f
12,13,9.114044448436939,7.556501698713813,3787,453.4749984417892,4.679890787928163,0.001101529808786991,10.499794167392858,Medical Desert,#880e4f
12,14,9.114044448436939,7.561049972692614,2993,469.419435379339,4.878558056884031,0.0008705779555583479,8.28106304566,Medical Desert,#880e4f
12,15,9.114044448436939,7.5655982466714145,2782,485.3799089465285,5.077425141827521,0.0008092041003552703,7.6811736791513265,Medical Desert,#880e4f
12,16,9.114044448436939,7.570146520650216,3769,499.4769723153727,5.253074184233685,0.0010962941244568704,10.38704980821756,Medical Desert,#880e4f
12,17,9.114044448436939,7.574694794629017,3129,510.39135589789083,5.389067119397745,0.000910136459385924,8.610885947115063,Medical Desert,#880e4f
12,18,9.114044448436939,7.579243068607818,3491,516.9414511217424,5.470681135284305,0.0010154318886916782,9.598808479153615,Medical Desert,#880e4f
12,19,9.114044448436939,7.583791342586618,3993,517.8033662127314,5.481420574868739,0.0011614493072317016,10.977853859384327,Medical Desert,#880e4f
12,20,9.114044448436939,7.5883396165654196,3519,511.58547212683254,5.403945776508617,0.001023576286538532,9.682627790327892,Medical Desert,#880e4f
12,21,9.114044448436939,7.592887890544221,3295,497.3141461929883,5.226125427081365,0.0009584211037637007,9.08332814761392,Medical Desert,#880e4f
12,22,9.114044448436939,7.597436164523022,2937,475.1826923078377,4.950368088104348,0.0008542891598646401,8.119987019145663,Medical Desert,#880e4f
12,23,9.114044448436939,7.601984438501822,3508,447.0339864995908,4.599635946889836,0.0010203767016701251,9.734430881064172,Medical Desert,#880e4f
12,24,9.114044448436939,7.6065327124806235,4526,415.96388015375237,4.2125032310672195,0.0013164837376735993,12.610268176876243,Medical Desert,#880e4f
12,25,9.114044448436939,7.611080986459425,2808,385.2201228397851,3.8294368156816883,0.0008167667554987775,7.854891886654585,Medical Desert,#880e4f
12,26,9.114044448436939,7.615629260438226,2493,356.96754525915225,3.4774104348886734,0.000725142279721671,6.9992610641884,Medical Desert,#880e4f
12,27,9.114044448436939,7.620177534417027,2919,330.6402865956003,3.1493734776559688,0.0008490534755345198,8.223136105649195,Medical Desert,#880e4f
12,28,9.114044448436939,7.624725808395827,3569,302.8465298033369,2.8030639919356726,0.0010381198541221997,10.090206902981652,Medical Desert,#880e4f
12,29,9.114044448436939,7.629274082374629,2803,273.6251958322058,2.4389669317491087,0.0008153123987404107,7.954271989446816,Medical Desert,#880e4f
12,30,9.114044448436939,7.63382235635343,2736,246.6610981555264,2.102994976999833,0.000795824018178296,7.790878790502481,Medical Desert,#880e4f
12,31,9.114044448436939,7.638370630332231,2558,223.4442001757495,1.8137130328750577,0.000744048917580439,7.305540053913168,Medical Desert,#880e4f
12,32,9.114044448436939,7.642918904311031,2401,203.6489479559413,1.5670647057999088,0.0006983821153677224,6.8743801572617595,Medical Desert,#880e4f
12,33,9.114044448436939,7.6474671782898325,1793,186.6324897835905,1.355040080180097,0.0005215323335503233,5.144653613996178,Medical Desert,#880e4f
12,34,9.114044448436939,7.652015452268634,1492,171.85379950060894,1.170897984177317,0.00043398005669664384,4.288985929610513,Medical Desert,#880e4f
12,35,9.114044448436939,7.656563726247435,1601,158.90329239249,1.0095350029167873,0.00046568503402903943,4.609837806071713,Medical Desert,#880e4f
12,36,9.114044448436939,7.661112000226235,1794,147.47031742552468,0.8670804326096565,0.0005218232049019967,5.1729857799947485,Medical Desert,#880e4f
12,37,9.114044448436939,7.665660274205036,916,137.31389059526435,0.7405316188371213,0.0002664381581327921,2.644650993271715,Medical Desert,#880e4f
12,38,9.114044448436939,7.670208548183838,1020,128.24278680510733,0.6275059018761401,0.0002966887787068209,2.9482703911023136,Medical Desert,#880e4f
12,39,9.114044448436939,7.674756822162639,885,120.10241675921799,0.5260771031270067,0.00025742114623091814,2.560669125219902,Medical Desert,#880e4f
13,0,9.118536004311894,7.4973741369894,905,170.2114087921645,1.1504338387275188,0.0002632385732643852,2.6021018764096815,Medical Desert,#880e4f
13,1,9.118536004311894,7.501922410968201,1145,186.82562286785162,1.3574465133796803,0.0003330476976659901,3.285267533061318,Medical Desert,#880e4f
13,2,9.118536004311894,7.506470684947002,1170,206.59597442430615,1.603784578838001,0.0003403194814578239,3.3486149009542188,Medical Desert,#880e4f
13,3,9.118536004311894,7.511018958925803,1688,230.35906225847148,1.899872034322491,0.0004909908416246212,4.816626439335104,Medical Desert,#880e4f
13,4,9.118536004311894,7.515567232904604,1529,258.95669589866475,2.256197804630359,0.000444742296708558,4.347080307739568,Medical Desert,#880e4f
13,5,9.118536004311894,7.520115506883405,1578,292.57673432867506,2.675102607806674,0.0004589949929405523,4.467164059146976,Medical Desert,#880e4f
13,6,9.118536004311894,7.524663780862206,2234,329.0567624929004,3.129642808580519,0.0006498065996382724,6.294699741230116,Medical Desert,#880e4f
13,7,9.118536004311894,7.529212054841007,2855,361.9587779658348,3.5396010644131684,0.000830437709027425,8.01043527039402,Medical Desert,#880e4f
13,8,9.118536004311894,7.533760328819808,4223,383.6162993987115,3.8094532173788136,0.001228349718116573,11.815563102591176,Medical Desert,#880e4f
13,9,9.118536004311894,7.538308602798609,3165,394.1163598718945,3.940283697391944,0.0009206078280461648,8.843332678807476,Medical Desert,#880e4f
13,10,9.118536004311894,7.54285687677741,4370,401.2609196005969,4.029304725525629,0.001271107806812556,12.198909998861325,Medical Desert,#880e4f
13,11,9.118536004311894,7.5474051507562105,2798,411.5169256750618,4.15709429408733,0.0008138580419820439,7.800251957568376,Medical Desert,#880e4f
13,12,9.118536004311894,7.551953424735012,4221,426.928662227103,4.349124130114381,0.0012277679754132264,11.74370822132713,Medical Desert,#880e4f
13,13,9.118536004311894,7.556501698713813,4561,447.04084577896793,4.59972141333222,0.0013266642349821667,12.656413760826718,Medical Desert,#880e4f
13,14,9.118536004311894,7.561049972692614,3762,470.61477120714466,4.893451910164982,0.001094258024995157,10.40711034768898,Medical Desert,#880e4f
13,15,9.118536004311894,7.5655982466714145,4382,496.2679862049454,5.2130903008784495,0.0012745982630326363,12.081523046073167,Medical Desert,#880e4f
13,16,9.118536004311894,7.570146520650216,3744,522.4915134295909,5.53983476708415,0.0010890223406650366,10.286923024155614,Medical Desert,#880e4f
13,17,9.118536004311894,7.574694794629017,3688,547.3781753343478,5.849921926223798,0.0010727335449713289,10.099794701140933,Medical Desert,#880e4f
13,18,9.118536004311894,7.579243068607818,3925,568.3366031551669,6.111063390991676,0.0011416700553179137,10.719018745214663,Medical Desert,#880e4f
13,19,9.118536004311894,7.583791342586618,4479,582.0646804954267,6.282114877092224,0.0013028127841449516,12.209685884115222,Medical Desert,#880e4f
13,20,9.118536004311894,7.5883396165654196,2934,584.9066523449712,6.317525772316049,0.00085341654580962,7.995017355828879,Medical Desert,#880e4f
13,21,9.118536004311894,7.592887890544221,4856,573.740338561873,6.178393793414492,0.001412471283725806,13.25203245598329,Medical Desert,#880e4f
13,22,9.118536004311894,7.597436164523022,3801,547.826441352307,5.855507309132112,0.0011056020077104178,10.408634013390229,Medical Desert,#880e4f
13,23,9.118536004311894,7.601984438501822,3505,510.64571373581833,5.392236411433362,0.0010195040876151051,9.64530016986672,Medical Desert,#880e4f
13,24,9.118536004311894,7.6065327124806235,4366,468.95860049555796,4.872816066234943,0.0012699443214058627,12.080622704801595,Medical Desert,#880e4f
13,25,9.118536004311894,7.611080986459425,3734,429.8802261565351,4.38590053979919,0.001086113627148303,10.38477763712373,Medical Desert,#880e4f
13,26,9.118536004311894,7.615629260438226,4877,399.60013227314244,4.0086113586821215,0.0014185795821109466,13.617142398505019,Medical Desert,#880e4f
13,27,9.118536004311894,7.620177534417027,2869,379.470130266952,3.7577920579874835,0.0008345099079508521,8.031507609067564,Medical Desert,#880e4f
13,28,9.118536004311894,7.624725808395827,3279,346.3094916623481,3.344611364670284,0.0009537671621369272,9.218673572396021,Medical Desert,#880e4f
13,29,9.118536004311894,7.629274082374629,3080,299.7568274823437,2.7645663814899404,0.0008958837631539297,8.71116461820549,Medical Desert,#880e4f
13,30,9.118536004311894,7.63382235635343,3813,262.6232562108797,2.301883050621971,0.001109092463930498,10.835624524875564,Medical Desert,#880e4f
13,31,9.118536004311894,7.638370630332231,2591,234.36477674933735,1.9497831325465442,0.0007536476721856596,7.38953176994554,Medical Desert,#880e4f
13,32,9.118536004311894,7.642918904311031,2047,211.72162066816503,1.6676499975348016,0.0005954136568753553,5.854842410411516,Medical Desert,#880e4f
13,33,9.118536004311894,7.6474671782898325,1422,192.87454555060935,1.4328159324576644,0.0004136190620795091,4.076926622583519,Medical Desert,#880e4f
13,34,9.118536004311894,7.652015452268634,1524,176.8153226562421,1.2327184334695458,0.0004432879399501912,4.378234478010778,Medical Desert,#880e4f
13,35,9.118536004311894,7.656563726247435,1727,162.9214107032478,1.059600652413626,0.0005023348243398821,4.970120812638759,Medical Desert,#880e4f
13,36,9.118536004311894,7.661112000226235,1306,150.77005795991712,0.9081951137237242,0.00037987798528540007,3.76427951984926,Medical Desert,#880e4f
13,37,9.118536004311894,7.665660274205036,1521,140.05407206690694,0.7746742086035029,0.00044241532589517113,4.389880484705521,Medical Desert,#880e4f
13,38,9.118536004311894,7.670208548183838,851,130.53974851868338,0.6561259850010366,0.00024753152027402406,2.4590740164843803,Medical Desert,#880e4f
13,39,9.118536004311894,7.674756822162639,942,122.04363198093144,0.5502645942290058,0.00027400081327629927,2.724930838129403,Medical Desert,#880e4f
14,0,9.12302756018685,7.4973741369894,753,167.15602279517495,1.112363808785076,0.0002190261278100354,2.1658976043249325,Medical Desert,#880e4f
14,1,9.12302756018685,7.501922410968201,1078,182.38585520234963,1.302127123904934,0.00031355931710387537,3.094763761863347,Medical Desert,#880e4f
14,2,9.12302756018685,7.506470684947002,1129,199.98938939282414,1.521466701419688,0.00032839375603921643,3.233973543915384,Medical Desert,#880e4f
14,3,9.12302756018685,7.511018958925803,1359,220.3152811136831,1.774726782856987,0.0003952941669240878,3.882787754726146,Medical Desert,#880e4f
14,4,9.12302756018685,7.515567232904604,1196,243.51634617151805,2.0638114491867467,0.00034788213660133115,3.407025052364774,Medical Desert,#880e4f
14,5,9.12302756018685,7.520115506883405,2200,269.18880804333315,2.3836896554491322,0.0006399169736813784,6.246633389762722,Medical Desert,#880e4f
14,6,9.12302756018685,7.524663780862206,1962,295.88945870319344,2.7163790672305366,0.0005706895919831202,5.5518749936762735,Medical Desert,#880e4f
14,7,9.12302756018685,7.529212054841007,2286,321.11988823803995,3.0307495620873897,0.0006649319099252868,6.447794889770468,Medical Desert,#880e4f
14,8,9.12302756018685,7.533760328819808,2517,342.7172589151937,3.2998522382034046,0.0007321231921618315,7.079642086188731,Medical Desert,#880e4f
14,9,9.12302756018685,7.538308602798609,2788,360.91198490715425,3.5265580501665963,0.0008109493284653104,7.823507296395451,Medical Desert,#880e4f
14,10,9.12302756018685,7.54285687677741,3885,378.3247579141659,3.7435207483039354,0.0011300352012509796,10.87732099029011,Medical Desert,#880e4f
14,11,9.12302756018685,7.5474051507562105,4017,397.90641485478585,3.9875076837636643,0.0011684302196718621,11.2183897488303,Medical Desert,#880e4f
14,12,9.12302756018685,7.551953424735012,3696,421.55085603561145,4.282116805037791,0.0010750605157847156,10.290251687739724,Medical Desert,#880e4f
14,13,9.12302756018685,7.556501698713813,3111,450.1076350689947,4.637933528008898,0.0009049007750558036,8.629320786142781,Medical Desert,#880e4f
14,14,9.12302756018685,7.561049972692614,3919,483.81036429195285,5.0578686563115935,0.0011399248272078734,10.822689266670123,Medical Desert,#880e4f
14,15,9.12302756018685,7.5655982466714145,3678,522.4457733998844,5.539264847505343,0.0010698248314545953,10.105644006359476,Medical Desert,#880e4f
14,16,9.12302756018685,7.570146520650216,2627,565.0961934905042,6.07068797096912,0.0007641190408459004,7.1773175814938375,Medical Desert,#880e4f
14,17,9.12302756018685,7.574694794629017,3766,609.5301256776147,6.624333608702127,0.0010954215104018504,10.228571351313482,Medical Desert,#880e4f
14,18,9.12302756018685,7.579243068607818,4395,651.609733796079,7.148644429860114,0.0012783795906043899,11.869927792081807,Medical Desert,#880e4f
14,19,9.12302756018685,7.583791342586618,3863,685.3169684932866,7.568635696254608,0.0011236360315141657,10.38592113737006,Medical Desert,#880e4f
14,20,9.12302756018685,7.5883396165654196,4123,703.2821458625733,7.792481338358067,0.0011992625829492377,11.058102699750073,Medical Desert,#880e4f
14,21,9.12302756018685,7.592887890544221,4956,697.1338325983711,7.715873515223995,0.0014415584188931414,13.303295946432838,Medical Desert,#880e4f
14,22,9.12302756018685,7.597436164523022,4914,661.5522933363609,7.272528462769867,0.0014293418221228607,13.253925312787022,Medical Desert,#880e4f
14,23,9.12302756018685,7.601984438501822,2921,603.4049724303405,6.548014358775756,0.0008496352182378664,7.9400098215043515,Medical Desert,#880e4f
14,24,9.12302756018685,7.6065327124806235,4206,539.294804158246,5.749203331907636,0.0012234049051381261,11.530688695692035,Medical Desert,#880e4f
14,25,9.12302756018685,7.611080986459425,3920,483.9424025377774,5.059513849415523,0.001140215698559547,10.825263273777168,Medical Desert,#880e4f
14,26,9.12302756018685,7.615629260438226,3948,453.06751594577355,4.674813566641025,0.0011483600964064008,10.946764028257025,Medical Desert,#880e4f
14,27,9.12302756018685,7.620177534417027,3345,522.1686583353779,5.535812001019283,0.0009729646713473684,9.19103176305243,Medical Desert,#880e4f
14,28,9.12302756018685,7.624725808395827,3727,482.23144372648255,5.038195347190121,0.0010840775276865897,10.294595841267501,Medical Desert,#880e4f
14,29,9.12302756018685,7.629274082374629,2414,331.94747333758,3.16566099041428,0.0007021634429394761,6.799353287373913,Medical Desert,#880e4f
14,30,9.12302756018685,7.63382235635343,3303,278.076988603885,2.4944361537336195,0.0009607480745770875,9.36782827258537,Medical Desert,#880e4f
14,31,9.12302756018685,7.638370630332231,3521,244.47350732911246,2.075737652280322,0.0010241580292418787,10.028991954100528,Medical Desert,#880e4f
14,32,9.12302756018685,7.642918904311031,2214,219.12271631183333,1.7598674564872716,0.0006439891726048053,6.326558167328317,Medical Desert,#880e4f
14,33,9.12302756018685,7.6474671782898325,2193,198.56485420507457,1.5037170300835214,0.0006378808742196649,6.282889508823781,Medical Desert,#880e4f
14,34,9.12302756018685,7.652015452268634,1817,181.30946983563794,1.2887153902710504,0.0005285132459904838,5.217022144497833,Medical Desert,#880e4f
14,35,9.12302756018685,7.656563726247435,1820,166.5349788641745,1.1046256175804114,0.0005293858600455039,5.235381282195929,Medical Desert,#880e4f
14,36,9.12302756018685,7.661112000226235,1790,153.71530813492433,0.9448928541928454,0.0005206597194953033,5.157400430111317,Medical Desert,#880e4f
14,37,9.12302756018685,7.665660274205036,1221,142.4814879497404,0.8049197472795602,0.000355153920393165,3.522952163546829,Medical Desert,#880e4f
14,38,9.12302756018685,7.670208548183838,1483,132.55960319858252,0.6812933217037997,0.0004313622145315837,4.284233725716264,Medical Desert,#880e4f
14,39,9.12302756018685,7.674756822162639,896,123.73861137641838,0.5713839933496375,0.000260620731099325,2.5913158595847263,Medical Desert,#880e4f
15,0,9.127519116061805,7.4973741369894,1069,163.86543102893717,1.071363121083928,0.00031094147493881524,3.0761016264816634,Medical Desert,#880e4f
15,1,9.127519116061805,7.501922410968201,1181,177.88331944049213,1.2460256455844447,0.00034351906632623083,3.392387306623338,Medical Desert,#880e4f
15,2,9.127519116061805,7.506470684947002,1025,193.74535548486452,1.443666201557521,0.00029814313546518763,2.9383894378621287,Medical Desert,#880e4f
15,3,9.127519116061805,7.511018958925803,1229,211.59504502134934,1.6660728682722452,0.00035748089120655183,3.5152499906890164,Medical Desert,#880e4f
15,4,9.127519116061805,7.515567232904604,1656,231.41315293808003,1.9130059767357532,0.0004816829583710739,4.724683345885177,Medical Desert,#880e4f
15,5,9.127519116061805,7.520115506883405,1553,252.88142045453898,2.1805000308321083,0.00045172320914871843,4.418733844339549,Medical Desert,#880e4f
15,6,9.127519116061805,7.524663780862206,1645,275.30111181693337,2.459848801268201,0.000478483373502667,4.667134059752939,Medical Desert,#880e4f
15,7,9.127519116061805,7.529212054841007,2272,297.770514572703,2.739816974370975,0.0006608597110018598,6.427533644630517,Medical Desert,#880e4f
15,8,9.127519116061805,7.533760328819808,2021,319.74505654450286,3.0136191949945426,0.000587851001731848,5.701354111056893,Medical Desert,#880e4f
15,9,9.127519116061805,7.538308602798609,2832,341.637906339297,3.2864035332203585,0.000823747667938938,7.966759954749724,Medical Desert,#880e4f
15,10,9.127519116061805,7.54285687677741,2904,364.85160552128764,3.5756456204080322,0.0008446904052594194,8.14487269777754,Medical Desert,#880e4f
15,11,9.127519116061805,7.5474051507562105,3628,391.2438080257316,3.904491776206735,0.0010552812638709276,10.140778937072367,Medical Desert,#880e4f
15,12,9.127519116061805,7.551953424735012,4131,422.6374558514091,4.295655810441242,0.0012015895537626246,11.499734022787655,Medical Desert,#880e4f
15,13,9.127519116061805,7.556501698713813,2737,460.69950565645803,4.769907959654691,0.0007961148895299693,7.5814094204628315,Medical Desert,#880e4f
15,14,9.127519116061805,7.561049972692614,3714,507.0042221756887,5.346863521439796,0.001080296200114836,10.225342366673956,Medical Desert,#880e4f
15,15,9.127519116061805,7.5655982466714145,4623,562.9349204314725,6.0437585649457235,0.0013446982587859146,12.63427942597865,Medical Desert,#880e4f
15,16,9.127519116061805,7.570146520650216,6108,629.0683951238774,6.867779937112227,0.001776642216020845,16.546263383546993,Medical Desert,#880e4f
15,17,9.127519116061805,7.574694794629017,4567,703.7376018459298,7.798156308047964,0.0013284094630922067,12.248180167493757,Medical Desert,#880e4f
15,18,9.127519116061805,7.579243068607818,4847,781.1402457993714,8.762591235692183,0.0014098534415607458,12.863137474544391,Medical Desert,#880e4f
15,19,9.127519116061805,7.583791342586618,4354,851.2531223014754,9.636195850760737,0.0012664538651857825,11.44415890376951,Medical Desert,#880e4f
15,20,9.127519116061805,7.5883396165654196,6639,902.434095153909,10.273909439451433,0.0019310949037593958,17.32695962157294,Medical Desert,#880e4f
15,21,9.127519116061805,7.592887890544221,4503,915.046108415082,10.43105479619537,0.0013097936965851121,11.731683983772061,Medical Desert,#880e4f
15,22,9.127519116061805,7.597436164523022,5044,857.7592579402548,9.717262131362263,0.0014671550978403965,13.245877911096008,Medical Desert,#880e4f
15,23,9.127519116061805,7.601984438501822,5100,745.3376929860831,8.31649236014561,0.0014834438935341044,13.60073395461294,Medical Desert,#880e4f
15,24,9.127519116061805,7.6065327124806235,3420,631.8936132509159,6.902982081389992,0.00099478002272287,9.26110536005063,Medical Desert,#880e4f
15,25,9.127519116061805,7.611080986459425,3216,543.9895938691108,5.807700289425342,0.0009354422669815058,8.811145837346139,Medical Desert,#880e4f
15,26,9.127519116061805,7.615629260438226,3155,493.12892809292873,5.173977718562077,0.0009176991145294312,8.70217566820237,Medical Desert,#880e4f
15,27,9.127519116061805,7.620177534417027,3837,549.7913923155892,5.879990546955841,0.0011160733763706586,10.50448367342973,Medical Desert,#880e4f
15,28,9.127519116061805,7.624725808395827,4239,501.84601778499984,5.282592429081498,0.0012330036597433469,11.67869101763447,Medical Desert,#880e4f
15,29,9.127519116061805,7.629274082374629,3350,346.2295281050523,3.343615020829096,0.0009744190281057352,9.41838207116175,Medical Desert,#880e4f
15,30,9.127519116061805,7.63382235635343,5067,288.7031551282649,2.6268379118601266,0.0014738451389288837,14.351296160573924,Medical Desert,#880e4f
15,31,9.127519116061805,7.638370630332231,2983,252.52955467898963,2.1761157924333974,0.0008676692420416143,8.487877546394596,Medical Desert,#880e4f
15,32,9.127519116061805,7.642918904311031,3009,225.3321732331375,1.8372371279962982,0.0008752318971851216,8.591518118139701,Medical Desert,#880e4f
15,33,9.127519116061805,7.6474671782898325,2382,203.42197413400578,1.5642366178903122,0.0006928555596859287,6.820176593122325,Medical Desert,#880e4f
15,34,9.127519116061805,7.652015452268634,1751,185.1592630053681,1.3366837128948519,0.0005093157367800425,5.025077962792932,Medical Desert,#880e4f
15,35,9.127519116061805,7.656563726247435,1697,169.62292280647785,1.143101318673466,0.0004936086837896814,4.879662364161948,Medical Desert,#880e4f
15,36,9.127519116061805,7.661112000226235,1525,156.21907139937613,0.976089679255337,0.00044357881130186453,4.392490843053835,Medical Desert,#880e4f
15,37,9.127519116061805,7.665660274205036,1042,144.5316593588115,0.830464829638182,0.00030308794844363467,3.0057090962893835,Medical Desert,#880e4f
15,38,9.127519116061805,7.670208548183838,1132,134.25352320244392,0.70239952083237,0.0003292663700942365,3.269536046884324,Medical Desert,#880e4f
15,39,9.127519116061805,7.674756822162639,835,125.14977501453367,0.588967055525634,0.00024287757864725044,2.414471097237598,Medical Desert,#880e4f
16,0,9.13201067193676,7.4973741369894,1063,160.49963236215842,1.0294253573608656,0.0003091962468287751,3.0601330225991163,Medical Desert,#880e4f
16,1,9.13201067193676,7.501922410968201,872,173.51458011193222,1.1915912673380051,0.0002536398186591645,2.506174687295299,Medical Desert,#880e4f
16,2,9.13201067193676,7.506470684947002,995,188.0471119201729,1.3726662351569143,0.000289416994914987,2.8544426554698314,Medical Desert,#880e4f
16,3,9.13201067193676,7.511018958925803,1181,204.18227649431122,1.5737099654970166,0.00034351906632623083,3.3811307254607263,Medical Desert,#880e4f
16,4,9.13201067193676,7.515567232904604,1675,221.91491674898498,1.7946582012090195,0.0004872095140528676,4.784657685518472,Medical Desert,#880e4f
16,5,9.13201067193676,7.520115506883405,2168,241.1160157547245,2.033903394712083,0.000630609090427831,6.177831107302564,Medical Desert,#880e4f
16,6,9.13201067193676,7.524663780862206,1639,261.5549207983346,2.288571619207336,0.00047673814539262685,4.658276514992358,Medical Desert,#880e4f
16,7,9.13201067193676,7.529212054841007,2500,283.03636763917,2.556229887342156,0.0007271783791833845,7.085900281204085,Medical Desert,#880e4f
16,8,9.13201067193676,7.533760328819808,2820,305.650980734955,2.8380073774993977,0.0008202572117188577,7.969782515358058,Medical Desert,#880e4f
16,9,9.13201067193676,7.538308602798609,2619,330.0138468769813,3.1415680550781153,0.0007617920700325136,7.378598537142539,Medical Desert,#880e4f
16,10,9.13201067193676,7.54285687677741,3357,357.33621233967324,3.4820040171097273,0.0009764551275674487,9.42454920800276,Medical Desert,#880e4f
16,11,9.13201067193676,7.5474051507562105,3576,389.3407858542036,3.880780169515277,0.001040155953583913,9.99789787605196,Medical Desert,#880e4f
16,12,9.13201067193676,7.551953424735012,3244,428.1937474883734,4.364887059519622,0.0009435866648283597,9.02400172599914,Medical Desert,#880e4f
16,13,9.13201067193676,7.556501698713813,2570,476.5852634481009,4.967844087980905,0.0007475393738005193,7.104027832138407,Medical Desert,#880e4f
16,14,9.13201067193676,7.561049972692614,4102,537.929207219066,5.7321880296135514,0.0011931542845640972,11.247604374894928,Medical Desert,#880e4f
16,15,9.13201067193676,7.5655982466714145,4037,616.4748088489264,6.7108641801366735,0.0011742476467053293,10.954454819964836,Medical Desert,#880e4f
16,16,9.13201067193676,7.570146520650216,4702,716.7814655137754,7.960682509611139,0.0013676770955681095,12.588006642332614,Medical Desert,#880e4f
16,17,9.13201067193676,7.574694794629017,5288,841.208242426115,9.511036909140923,0.0015381277076486949,13.918358136645043,Medical Desert,#880e4f
16,18,9.13201067193676,7.579243068607818,6747,983.6990699504382,11.286468908802934,0.001962509009740118,17.410110405233432,Medical Desert,#880e4f
16,19,9.13201067193676,7.583791342586618,5031,1125.6943165417629,13.0557259829476,0.001463373770268643,12.7231970071604,Medical Desert,#880e4f
16,20,9.13201067193676,7.5883396165654196,6209,1259.4446828968412,14.722252064093336,0.0018060202225398537,15.401333730490368,Medical Desert,#880e4f
16,21,9.13201067193676,7.592887890544221,5511,1385.8800740501563,16.29763374474966,0.0016029920190718527,13.417422508459545,Poor,#e65100
16,22,9.13201067193676,7.597436164523022,4728,1278.8327337777653,14.963826673091882,0.0013752397507116167,11.694512580756694,Medical Desert,#880e4f
16,23,9.13201067193676,7.601984438501822,4179,972.8893074105855,11.151779549105546,0.0012155513786429456,10.799957685905712,Medical Desert,#880e4f
16,24,9.13201067193676,7.6065327124806235,3642,748.078760630385,8.350645991600244,0.0010593534627943546,9.708906053166395,Medical Desert,#880e4f
16,25,9.13201067193676,7.611080986459425,3012,606.5612218801232,6.58734114471293,0.0008761045112401416,8.183925183005337,Medical Desert,#880e4f
16,26,9.13201067193676,7.615629260438226,4462,516.9180130578549,5.470389097618731,0.0012978679711665047,12.268695431703268,Medical Desert,#880e4f
16,27,9.13201067193676,7.620177534417027,4357,460.4082924958345,4.7662794512582085,0.0012673264792408025,12.069221576803939,Medical Desert,#880e4f
16,28,9.13201067193676,7.624725808395827,3445,403.8848661262426,4.061999030892325,0.0010020518065147039,9.613484718450376,Medical Desert,#880e4f
16,29,9.13201067193676,7.629274082374629,4330,341.76194693907956,3.2879490758629095,0.001259472952745622,12.18062123435079,Medical Desert,#880e4f
16,30,9.13201067193676,7.63382235635343,3779,293.93342165089217,2.6920068965054598,0.001099202837973604,10.696122217687707,Medical Desert,#880e4f
16,31,9.13201067193676,7.638370630332231,3321,258.1413717917071,2.246038887493455,0.0009659837589072079,9.44287388035281,Medical Desert,#880e4f
16,32,9.13201067193676,7.642918904311031,2538,230.07538870521162,1.8963374692373847,0.000738231490546972,7.242321301820201,Medical Desert,#880e4f
16,33,9.13201067193676,7.6474671782898325,2234,207.25012753580577,1.6119353095693294,0.0006498065996382724,6.393321376147912,Medical Desert,#880e4f
16,34,9.13201067193676,7.652015452268634,2407,188.22298722001128,1.3748576368120833,0.0007001273434777625,6.9050158922854905,Medical Desert,#880e4f
16,35,9.13201067193676,7.656563726247435,1998,172.08120901779574,1.1737315008383962,0.0005811609606433609,5.743396913777148,Medical Desert,#880e4f
16,36,9.13201067193676,7.661112000226235,1552,158.20397273963047,1.0008214982565145,0.0004514323377970451,4.469143059102903,Medical Desert,#880e4f
16,37,9.13201067193676,7.665660274205036,1574,146.14633438110948,0.8505836383604729,0.00045783150753385887,4.539372676395168,Medical Desert,#880e4f
16,38,9.13201067193676,7.670208548183838,1279,135.5771522944576,0.7188919048438497,0.0003720244587902195,3.6935000507193747,Medical Desert,#880e4f
16,39,9.13201067193676,7.674756822162639,825,126.24298623512682,0.6025884388606373,0.00023996886513051688,2.3852284049237533,Medical Desert,#880e4f
17,0,9.136502227811715,7.4973741369894,1140,157.14113178689098,0.9875785276679492,0.00033159334090762335,3.283185962736429,Medical Desert,#880e4f
17,1,9.136502227811715,7.501922410968201,1060,169.3455236754026,1.1396449327253575,0.00030832363277375505,3.048098381164542,Medical Desert,#880e4f
17,2,9.136502227811715,7.506470684947002,1612,182.8790138118016,1.3082718673339828,0.00046888461889744635,4.627503333381549,Medical Desert,#880e4f
17,3,9.136502227811715,7.511018958925803,1232,197.8308551598056,1.4945714210970804,0.0003583535052615719,3.5299765618543284,Medical Desert,#880e4f
17,4,9.136502227811715,7.515567232904604,1082,214.2588367208702,1.6992636434676245,0.0003147228025105688,3.0937483234980427,Medical Desert,#880e4f
17,5,9.136502227811715,7.520115506883405,1986,232.19530151596595,1.9227515276445069,0.0005776705044232807,5.665633359747304,Medical Desert,#880e4f
17,6,9.136502227811715,7.524663780862206,2588,251.68981389833408,2.1656526441781705,0.0007527750581306396,7.3647256517951964,Medical Desert,#880e4f
17,7,9.136502227811715,7.529212054841007,2202,272.9050349568578,2.429993745999456,0.0006404987163847251,6.249346376333695,Medical Desert,#880e4f
17,8,9.136502227811715,7.533760328819808,2623,296.2571648722051,2.7209606765192116,0.0007629555554392071,7.421958347963875,Medical Desert,#880e4f
17,9,9.136502227811715,7.538308602798609,3731,322.5614251234975,3.0487110741341743,0.001085241013093283,10.521551501460621,Medical Desert,#880e4f
17,10,9.136502227811715,7.54285687677741,3566,353.14960677425466,3.4298390208082044,0.0010372472400671797,10.016713294850994,Medical Desert,#880e4f
17,11,9.136502227811715,7.5474051507562105,3761,389.98639387610376,3.8888244286527605,0.0010939671536434837,10.514246917311587,Medical Desert,#880e4f
17,12,9.136502227811715,7.551953424735012,3401,435.8755723189415,4.4606023968290405,0.0009892534670410762,9.451268031795275,Medical Desert,#880e4f
17,13,9.136502227811715,7.556501698713813,3583,494.871213659857,5.195686551346741,0.0010421920530456266,9.880430207063306,Medical Desert,#880e4f
17,14,9.136502227811715,7.561049972692614,3472,573.0120627037874,6.1693194951912895,0.0010099053330098844,9.47601046417529,Medical Desert,#880e4f
17,15,9.136502227811715,7.5655982466714145,3926,679.4913611977397,7.496048781084838,0.001141960926669587,10.563589785455063,Medical Desert,#880e4f
17,16,9.136502227811715,7.570146520650216,4972,828.1217193277186,9.347979172184184,0.001446212360519915,13.1102073027296,Medical Desert,#880e4f
17,17,9.136502227811715,7.574694794629017,5856,1037.0023810874911,11.95062677724194,0.0017033426353991598,14.997825143049692,Medical Desert,#880e4f
17,18,9.136502227811715,7.579243068607818,7448,1315.1148849257636,15.415901331397407,0.0021664098272631393,18.324382258585565,Poor,#e65100
17,19,9.136502227811715,7.583791342586618,7493,1615.8121566446396,19.162581505106306,0.00217949903808844,17.61850758511735,Poor,#e65100
17,20,9.136502227811715,7.5883396165654196,6438,1901.1023176853394,22.71728948105602,0.0018726297620730518,14.472190381145062,Poor,#e65100
17,21,9.136502227811715,7.592887890544221,6264,3032.560975286846,36.815234884997416,0.0018220181468818883,11.51237886460044,Fair,#f9a825
17,22,9.136502227811715,7.597436164523022,6211,2802.6146924855593,33.95011019043386,0.0018066019652432004,11.9325860734059,Fair,#f9a825
17,23,9.136502227811715,7.601984438501822,5366,1288.8535341687946,15.0886855849641,0.0015608156730792164,13.253091036074524,Poor,#e65100
17,24,9.136502227811715,7.6065327124806235,6301,867.4171223386152,9.837598870218795,0.0018327803868938024,16.52478804259146,Medical Desert,#880e4f
17,25,9.136502227811715,7.611080986459425,4292,665.0682392287719,7.316337057013598,0.0012484198413820345,11.570812378998903,Medical Desert,#880e4f
17,26,9.136502227811715,7.615629260438226,4262,542.7201903117577,5.791883554163386,0.0012396937008318338,11.678920852513555,Medical Desert,#880e4f
17,27,9.136502227811715,7.620177534417027,3310,459.26107713870493,4.751985177788544,0.0009627841740388011,9.170328127943835,Medical Desert,#880e4f
17,28,9.136502227811715,7.624725808395827,3193,394.7246546350887,3.947863034297806,0.0009287522258930187,8.920863600867701,Medical Desert,#880e4f
17,29,9.136502227811715,7.629274082374629,4083,340.9244424424015,3.2775137916477965,0.0011876277288823036,11.487030662747527,Medical Desert,#880e4f
17,30,9.136502227811715,7.63382235635343,4154,297.00931502640344,2.730332447850152,0.0012082795948511118,11.752895450121397,Medical Desert,#880e4f
17,31,9.136502227811715,7.638370630332231,3733,261.8045765032074,2.2916823227875622,0.0010858227557966297,10.609391476452334,Medical Desert,#880e4f
17,32,9.136502227811715,7.642918904311031,3327,233.3479418068207,1.9371133956470912,0.000967728987017248,9.489829791761771,Medical Desert,#880e4f
17,33,9.136502227811715,7.6474671782898325,2177,209.95559546080216,1.6456453694486424,0.0006332269325928912,6.228062628985747,Medical Desert,#880e4f
17,34,9.136502227811715,7.652015452268634,2817,190.40522741393113,1.40204829279008,0.0008193845976638376,8.078964299009069,Medical Desert,#880e4f
17,35,9.136502227811715,7.656563726247435,2061,173.83038169086728,1.1955261467862235,0.0005994858557987822,5.923188456464226,Medical Desert,#880e4f
17,36,9.136502227811715,7.661112000226235,1561,159.60747657857334,1.0183091195343283,0.0004540501799621053,4.494265455722892,Medical Desert,#880e4f
17,37,9.136502227811715,7.665660274205036,1423,147.27714717393988,0.8646735363061884,0.00041390993343118246,4.103309637726605,Medical Desert,#880e4f
17,38,9.136502227811715,7.670208548183838,1070,136.49320285065463,0.7303058709147728,0.00031123234629048857,3.0895939819334335,Medical Desert,#880e4f
17,39,9.136502227811715,7.674756822162639,943,126.98941620840883,0.611888936886347,0.0002742916846279726,2.7261332415493484,Medical Desert,#880e4f
18,0,9.14099378368667,7.4973741369894,978,153.8166021589726,0.9461549750942004,0.00028447218193654,2.8178063423438844,Medical Desert,#880e4f
18,1,9.14099378368667,7.501922410968201,1013,165.36374932334607,1.0900321280073282,0.0002946526792451074,2.9144087037530135,Medical Desert,#880e4f
18,2,9.14099378368667,7.506470684947002,1260,178.13584282004658,1.2491720803165134,0.0003664979031084258,3.6191971362784985,Medical Desert,#880e4f
18,3,9.14099378368667,7.511018958925803,1436,192.24731832430072,1.4250006975545089,0.00041769126100293604,4.117391576200199,Medical Desert,#880e4f
18,4,9.14099378368667,7.515567232904604,1204,207.82051334031473,1.6190423018373428,0.000350209107414718,3.4453907382078675,Medical Desert,#880e4f
18,5,9.14099378368667,7.520115506883405,2135,225.0058469304619,1.8331711107643973,0.0006210103358226104,6.096261537514493,Medical Desert,#880e4f
18,6,9.14099378368667,7.524663780862206,2632,244.02560776289246,2.070156835351134,0.0007655733976042672,7.497248275841326,Medical Desert,#880e4f
18,7,9.14099378368667,7.529212054841007,2021,265.24753343769635,2.3345814765166435,0.000587851001731848,5.741271411358987,Medical Desert,#880e4f
18,8,9.14099378368667,7.533760328819808,2688,289.2868814396835,2.63411112649677,0.000781862193297975,7.612670742704412,Medical Desert,#880e4f
18,9,9.14099378368667,7.538308602798609,3197,317.1328130219174,2.9810707087411634,0.0009299157112997121,9.021942664141744,Medical Desert,#880e4f
18,10,9.14099378368667,7.54285687677741,3084,350.31080032499716,3.39446756638951,0.0008970472485606231,8.665972706530434,Medical Desert,#880e4f
18,11,9.14099378368667,7.5474051507562105,3487,391.1319034387276,3.9030974479673124,0.0010142684032849846,9.746805191208296,Medical Desert,#880e4f
18,12,9.14099378368667,7.551953424735012,3333,443.1343459349412,4.551046527023654,0.0009694742151272882,9.253529925293478,Medical Desert,#880e4f
18,13,9.14099378368667,7.556501698713813,3776,511.90618035970175,5.4079417927370566,0.001098330223918584,10.389331647170282,Medical Desert,#880e4f
18,14,9.14099378368667,7.561049972692614,4642,606.6745707253559,6.588753468372264,0.0013502248144677082,12.612618301736441,Medical Desert,#880e4f
18,15,9.14099378368667,7.5655982466714145,5814,743.5719413687525,8.294491140984126,0.001691126038628879,15.508557391719311,Medical Desert,#880e4f
18,16,9.14099378368667,7.570146520650216,5470,952.9098928032287,10.902836563478202,0.0015910662936532453,14.175949360396418,Medical Desert,#880e4f
18,17,9.14099378368667,7.574694794629017,6724,1296.3097371775634,15.181589680250408,0.001955818968651631,16.58894557942435,Poor,#e65100
18,18,9.14099378368667,7.579243068607818,6644,1895.1687514671755,22.64335740052232,0.0019325492605177627,14.949552245175745,Poor,#e65100
18,19,9.14099378368667,7.583791342586618,6640,2771.37984974114,33.560924863375625,0.0019313857751110692,12.831948463041185,Fair,#f9a825
18,20,9.14099378368667,7.5883396165654196,7799,3051.5740211192456,37.05213694085867,0.002268505671700486,14.279758437108764,Fair,#f9a825
18,21,9.14099378368667,7.592887890544221,7287,3603.342747465592,43.927160899862855,0.0021195795396437293,11.88508424863856,Fair,#f9a825
18,22,9.14099378368667,7.597436164523022,7459,3058.5733619140447,37.139348544858265,0.002169609412131546,13.638306104979609,Fair,#f9a825
18,23,9.14099378368667,7.601984438501822,7176,1419.6281530838928,16.71813393051348,0.0020872928196079867,17.38336410503932,Poor,#e65100
18,24,9.14099378368667,7.6065327124806235,5782,942.0780892153389,10.767872572896348,0.0016818181553753316,15.0072211949668,Medical Desert,#880e4f
18,25,9.14099378368667,7.611080986459425,5325,707.8748147117777,7.849705872599309,0.001548889947660609,14.273066424789938,Medical Desert,#880e4f
18,26,9.14099378368667,7.615629260438226,5282,565.062676343748,6.070270348193519,0.0015363824795386549,14.431199094483796,Medical Desert,#880e4f
18,27,9.14099378368667,7.620177534417027,3992,468.350589672536,4.865240267216232,0.0011611584358800283,11.04665288091415,Medical Desert,#880e4f
18,28,9.14099378368667,7.624725808395827,3858,397.57282178893826,3.9833511228519103,0.0011221816747557989,10.774812384139754,Medical Desert,#880e4f
18,29,9.14099378368667,7.629274082374629,4232,342.74721009672373,3.300225429145165,0.0012309675602816333,11.903428558326908,Medical Desert,#880e4f
18,30,9.14099378368667,7.63382235635343,2873,299.09161789684845,2.756277887380602,0.0008356733933575454,8.126399124057082,Medical Desert,#880e4f
18,31,9.14099378368667,7.638370630332231,2362,263.90040629089566,2.317796307354544,0.0006870381326524617,6.711139881837252,Medical Desert,#880e4f
18,32,9.14099378368667,7.642918904311031,2431,235.20604114592857,1.960265265016646,0.000707108255917923,6.932470583910991,Medical Desert,#880e4f
18,33,9.14099378368667,7.6474671782898325,2703,211.49869151793422,1.6648723061292992,0.0007862252635730754,7.731356168960551,Medical Desert,#880e4f
18,34,9.14099378368667,7.652015452268634,2245,191.64718702484433,1.4175230771941965,0.0006530061845066793,6.437496711457919,Medical Desert,#880e4f
18,35,9.14099378368667,7.656563726247435,1857,174.81552833979234,1.2078010483728732,0.000540148100057418,5.336241856421584,Medical Desert,#880e4f
18,36,9.14099378368667,7.661112000226235,1624,160.3840155681964,1.0279847751194333,0.0004723750751175266,4.675191312638594,Medical Desert,#880e4f
18,37,9.14099378368667,7.665660274205036,1204,147.88788337091611,0.8722832934133845,0.000350209107414718,3.4715429187872724,Medical Desert,#880e4f
18,38,9.14099378368667,7.670208548183838,1218,136.97336100140558,0.736288628967015,0.0003542813063381449,3.5167277336502134,Medical Desert,#880e4f
18,39,9.14099378368667,7.674756822162639,956,127.36703167407107,0.6165940157531926,0.00027807301219972625,2.763584306470781,Medical Desert,#880e4f
19,0,9.145485339561626,7.4973741369894,1057,150.51876632722033,0.90506402652542,0.000307451018718735,3.046683901491258,Medical Desert,#880e4f
19,1,9.145485339561626,7.501922410968201,1055,161.51869335599073,1.0421228308017327,0.00030686927601538826,3.0367132122931593,Medical Desert,#880e4f
19,2,9.145485339561626,7.506470684947002,1326,173.68590995557173,1.1937260327273265,0.0003856954123188671,3.8109126577498182,Medical Desert,#880e4f
19,3,9.145485339561626,7.511018958925803,1465,187.16277508192312,1.3616474211856038,0.00042612653020146333,4.203241892919874,Medical Desert,#880e4f
19,4,9.145485339561626,7.515567232904604,1526,202.12441297204438,1.5480690396083234,0.0004438696826535379,4.369982735201708,Medical Desert,#880e4f
19,5,9.145485339561626,7.520115506883405,1644,218.80373845095573,1.7558930006487787,0.00047819250215099364,4.697959534760971,Medical Desert,#880e4f
19,6,9.145485339561626,7.524663780862206,1799,237.53316473335028,1.9892611643040685,0.0005232775616603635,5.128682043447365,Medical Desert,#880e4f
19,7,9.145485339561626,7.529212054841007,2405,258.8069655419142,2.254332168285098,0.0006995456007744159,6.83775519264335,Medical Desert,#880e4f
19,8,9.145485339561626,7.533760328819808,2698,283.367985040053,2.5603618315199093,0.0007847709068147086,7.6467793205175205,Medical Desert,#880e4f
19,9,9.145485339561626,7.538308602798609,2357,312.3292948571621,2.9212189975199023,0.0006855837758940949,6.655563723887623,Medical Desert,#880e4f
19,10,9.145485339561626,7.54285687677741,2885,347.36547347018393,3.3577688704920026,0.0008391638495776257,8.109866670640857,Medical Desert,#880e4f
19,11,9.145485339561626,7.5474051507562105,3502,391.0558016845757,3.9021492220927128,0.001018631473560085,9.788829534385684,Medical Desert,#880e4f
19,12,9.145485339561626,7.551953424735012,3744,447.53068300805086,4.605824772448378,0.0010890223406650366,10.388638799211893,Medical Desert,#880e4f
19,13,9.145485339561626,7.556501698713813,4677,523.6984152145175,5.554872731889584,0.0013604053117762757,12.848365280692379,Medical Desert,#880e4f
19,14,9.145485339561626,7.561049972692614,4634,631.7230479823875,6.9008568425866414,0.0013478978436543216,12.548813430794246,Medical Desert,#880e4f
19,15,9.145485339561626,7.5655982466714145,5985,794.6851536691498,8.93136043496133,0.0017408650397650225,15.853821083773752,Medical Desert,#880e4f
19,16,9.145485339561626,7.570146520650216,4985,1061.6422354757376,12.257638721154173,0.0014499936880916686,12.722587003258528,Medical Desert,#880e4f
19,17,9.145485339561626,7.574694794629017,6598,1558.600756964731,18.449728955212706,0.0019191691783407884,15.650876667449301,Poor,#e65100
19,18,9.145485339561626,7.579243068607818,6462,2755.756046773913,33.36625268533881,0.0018796106745132123,12.524550273545326,Fair,#f9a825
19,19,9.145485339561626,7.583791342586618,6401,7848.82311725891,96.82573573045192,0.0018618675220611377,0.5910059549910682,Excellent,#1b5e20
19,20,9.145485339561626,7.5883396165654196,4356,7953.917865247365,98.13521355310873,0.0012670356078891291,0.2362750829320293,Excellent,#1b5e20
19,21,9.145485339561626,7.592887890544221,7018,3108.4775828388365,37.7611538377846,0.002041335146043597,12.705034412013095,Fair,#f9a825
19,22,9.145485339561626,7.597436164523022,6743,1978.8928453981475,23.686557430239194,0.0019613455243334245,14.96770290306762,Poor,#e65100
19,23,9.145485339561626,7.601984438501822,6444,1347.0039642963409,15.813238429777442,0.0018743749901830918,15.77975603917322,Poor,#e65100
19,24,9.145485339561626,7.6065327124806235,6438,972.0834010421778,11.141737976745683,0.0018726297620730518,16.63986260708316,Medical Desert,#880e4f
19,25,9.145485339561626,7.611080986459425,5244,732.0733104478194,8.15121849920062,0.0015253293681750672,14.009964385426413,Medical Desert,#880e4f
19,26,9.145485339561626,7.615629260438226,4364,578.1085241352445,6.2328212718857054,0.001269362578702516,11.902454778797885,Medical Desert,#880e4f
19,27,9.145485339561626,7.620177534417027,3614,474.3914281832702,4.940508957721362,0.0010512090649475007,9.992739869293905,Medical Desert,#880e4f
19,28,9.145485339561626,7.624725808395827,3584,399.9405888113115,4.012853438280237,0.0010424829243973,10.006496125221387,Medical Desert,#880e4f
19,29,9.145485339561626,7.629274082374629,3721,343.6935603513948,3.312016928669894,0.0010823322995765494,10.464852705901121,Medical Desert,#880e4f
19,30,9.145485339561626,7.63382235635343,2448,299.6678336452405,2.7634575205975525,0.0007120530688963701,6.923757848133076,Medical Desert,#880e4f
19,31,9.145485339561626,7.638370630332231,2388,264.39197206168416,2.323921204055333,0.0006946007877959688,6.784588128048428,Medical Desert,#880e4f
19,32,9.145485339561626,7.642918904311031,2613,235.6359131793211,1.9656214593563457,0.0007600468419224735,7.451071980964851,Medical Desert,#880e4f
19,33,9.145485339561626,7.6474671782898325,2846,211.84968339739166,1.6692456558054656,0.0008278198668623649,8.140015196968703,Medical Desert,#880e4f
19,34,9.145485339561626,7.652015452268634,2102,191.91346447887022,1.4208408873359435,0.0006114115812173897,6.027243954815458,Medical Desert,#880e4f
19,35,9.145485339561626,7.656563726247435,2019,175.0033773166807,1.2101416417322208,0.0005872692590285013,5.801624691759052,Medical Desert,#880e4f
19,36,9.145485339561626,7.661112000226235,1512,160.5053366363187,1.0294964324683302,0.00043979748373011094,4.3526978432502395,Medical Desert,#880e4f
19,37,9.145485339561626,7.665660274205036,1141,147.95566846081013,0.8731278938679454,0.0003318842122592967,3.289864386267169,Medical Desert,#880e4f
19,38,9.145485339561626,7.670208548183838,1093,136.99952544881594,0.7366146373002735,0.0003179223873789757,3.155805245382876,Medical Desert,#880e4f
19,39,9.145485339561626,7.674756822162639,1117,127.36165477331606,0.6165270197098309,0.0003249032998191362,3.2290018318782234,Medical Desert,#880e4f
20,0,9.14997689543658,7.4973741369894,828,147.22357019108597,0.8640059684952853,0.00024084147918553695,2.387605944307616,Medical Desert,#880e4f
20,1,9.14997689543658,7.501922410968201,1027,157.7473811577795,0.9951323790389556,0.00029872487816853436,2.957521701816346,Medical Desert,#880e4f
20,2,9.14997689543658,7.506470684947002,1209,169.40260478722266,1.1403561618919107,0.00035166346417308473,3.4765324819026437,Medical Desert,#880e4f
20,3,9.14997689543658,7.511018958925803,1716,182.35505107716176,1.301743305307412,0.0004991352394714751,4.9263777990722515,Medical Desert,#880e4f
20,4,9.14997689543658,7.515567232904604,1816,196.8187166038029,1.4819602010512698,0.0005282223746388105,5.203943292736154,Medical Desert,#880e4f
20,5,9.14997689543658,7.520115506883405,1236,213.08263700514868,1.6846082256448256,0.0003595169906682653,3.5346053787087697,Medical Desert,#880e4f
20,6,9.14997689543658,7.524663780862206,1545,231.55107338105458,1.9147244618629642,0.00044939623833533163,4.407915386292331,Medical Desert,#880e4f
20,7,9.14997689543658,7.529212054841007,2379,252.79997011468683,2.1794851617189916,0.0006919829456309087,6.769012800092571,Medical Desert,#880e4f
20,8,9.14997689543658,7.533760328819808,2373,277.6530057884456,2.4891533388962266,0.0006902377175208686,6.730566423288767,Medical Desert,#880e4f
20,9,9.14997689543658,7.538308602798609,2868,307.28737894796296,2.8583968566121367,0.0008342190365991787,8.10373745879768,Medical Desert,#880e4f
20,10,9.14997689543658,7.54285687677741,3276,343.4102370678454,3.3084867279362573,0.000952894548081907,9.21368158427389,Medical Desert,#880e4f
20,11,9.14997689543658,7.5474051507562105,3866,388.63061843736074,3.871931501998311,0.0011245086455691858,10.809684410786979,Medical Desert,#880e4f
20,12,9.14997689543658,7.551953424735012,2439,447.26846096978454,4.602557492681369,0.00070943522673131,6.7678306254766705,Medical Desert,#880e4f
20,13,9.14997689543658,7.556501698713813,3430,526.9104414149361,5.594894494686931,0.0009976887362396036,9.418691040616224,Medical Desert,#880e4f
20,14,9.14997689543658,7.561049972692614,2963,641.4110005756705,7.021568479568237,0.0008618518150081473,8.013362996249485,Medical Desert,#880e4f
20,15,9.14997689543658,7.5655982466714145,6066,817.9217182109593,9.220887423936801,0.001764425619250564,16.017299192203698,Medical Desert,#880e4f
20,16,9.14997689543658,7.570146520650216,5590,1116.3430265739162,12.939209153510284,0.0016259708558540478,14.155830860399712,Medical Desert,#880e4f
20,17,9.14997689543658,7.574694794629017,5776,1690.4115954306828,20.09208856937653,0.0016800729272652916,13.425111866890324,Poor,#e65100
20,18,9.14997689543658,7.579243068607818,6883,3025.3175037795168,36.72498141867828,0.002002067513567694,12.668085912205642,Fair,#f9a825
20,19,9.14997689543658,7.583791342586618,8606,8103.580011713275,100.0,0.002503238852500883,0.0,Excellent,#1b5e20
20,20,9.14997689543658,7.5883396165654196,8833,8003.8252004745855,98.75705765016221,0.0025692666493307343,0.3193450326479008,Excellent,#1b5e20
20,21,9.14997689543658,7.592887890544221,5894,2936.1495074380305,35.61395050671733,0.0017143957467627472,11.038316940213955,Fair,#f9a825
20,22,9.14997689543658,7.597436164523022,7367,1781.0007398246798,21.220826949056796,0.0021428492477775975,16.881189171275484,Poor,#e65100
20,23,9.14997689543658,7.601984438501822,7187,1386.9801746128412,16.311340969107686,0.0020904924044763936,17.495050604489514,Poor,#e65100
20,24,9.14997689543658,7.6065327124806235,5157,1075.6917536421238,12.432695351576063,0.0015000235605794855,13.13530201090774,Medical Desert,#880e4f
20,25,9.14997689543658,7.611080986459425,5149,742.7009092796641,8.283638103840833,0.0014976965897660988,13.736328243763097,Medical Desert,#880e4f
20,26,9.14997689543658,7.615629260438226,3824,579.0876472464413,6.24502112034915,0.001112292048798905,10.428291754314492,Medical Desert,#880e4f
20,27,9.14997689543658,7.620177534417027,5114,473.4101677886617,4.928282478762276,0.0014875160924575314,14.142070975041776,Medical Desert,#880e4f
20,28,9.14997689543658,7.624725808395827,3101,398.2773675794472,3.9921297450511752,0.0009019920615390702,8.659833681523686,Medical Desert,#880e4f
20,29,9.14997689543658,7.629274082374629,3186,341.9264670647207,3.289998992343336,0.0009267161264313052,8.962271752098319,Medical Desert,#880e4f
20,30,9.14997689543658,7.63382235635343,3147,298.0938361553999,2.7438455528702015,0.0009153721437160444,8.902557458584791,Medical Desert,#880e4f
20,31,9.14997689543658,7.638370630332231,2890,263.09191749851664,2.3077225580592584,0.0008406182063359925,8.212190703612237,Medical Desert,#880e4f
20,32,9.14997689543658,7.642918904311031,2688,234.58175326393666,1.9524866542671195,0.000781862193297975,7.665964383190718,Medical Desert,#880e4f
20,33,9.14997689543658,7.6474671782898325,1826,210.98525742032797,1.6584749306459394,0.0005311310881555441,5.223224122096174,Medical Desert,#880e4f
20,34,9.14997689543658,7.652015452268634,2116,191.18854846175049,1.4118084526436667,0.0006154837801408166,6.067943281081378,Medical Desert,#880e4f
20,35,9.14997689543658,7.656563726247435,1567,174.38116258452658,1.202388862375676,0.0004557954080721454,4.503149748502662,Medical Desert,#880e4f
20,36,9.14997689543658,7.661112000226235,1516,159.96066529236418,1.022709841709071,0.00044096096913680434,4.364512179073465,Medical Desert,#880e4f
20,37,9.14997689543658,7.665660274205036,1397,147.47160847795735,0.8670965190893409,0.0004063472782876753,4.028238551822286,Medical Desert,#880e4f
20,38,9.14997689543658,7.670208548183838,1024,136.56452949100452,0.7311945989957714,0.0002978522641135143,2.956743844453297,Medical Desert,#880e4f
20,39,9.14997689543658,7.674756822162639,586,126.96761332883963,0.6116172735747889,0.00017045061208058532,1.6940810669418649,Medical Desert,#880e4f
21,0,9.154468451311535,7.4973741369894,1069,143.90199522205725,0.8226192308943454,0.00031094147493881524,3.08383610569142,Medical Desert,#880e4f
21,1,9.154468451311535,7.501922410968201,975,153.98930619611895,0.9483068628988252,0.00028359956788151996,2.809101737161481,Medical Desert,#880e4f
21,2,9.154468451311535,7.506470684947002,1001,165.17842022699898,1.0877229322938924,0.00029116222302502713,2.8799518475500725,Medical Desert,#880e4f
21,3,9.154468451311535,7.511018958925803,1565,177.65160002228293,1.2431384276688815,0.0004552136653687987,4.495547293665991,Medical Desert,#880e4f
21,4,9.154468451311535,7.515567232904604,1774,191.64871627863414,1.417542131656587,0.0005160057778685296,5.086911785654609,Medical Desert,#880e4f
21,5,9.154468451311535,7.520115506883405,1699,207.4954892336488,1.614992509933806,0.0004941904264930281,4.862092881203558,Medical Desert,#880e4f
21,6,9.154468451311535,7.524663780862206,2297,225.64448542742912,1.841128529802743,0.0006681314947936936,6.558303352264494,Medical Desert,#880e4f
21,7,9.154468451311535,7.529212054841007,2237,246.73156306071158,2.103872967883124,0.0006506792136932925,6.369897496087648,Medical Desert,#880e4f
21,8,9.154468451311535,7.533760328819808,2198,271.646865556965,2.414316988046851,0.0006393352309780316,6.238996518859604,Medical Desert,#880e4f
21,9,9.154468451311535,7.538308602798609,2470,301.6096228551796,2.787652163577894,0.0007184522386331839,6.984242892586521,Medical Desert,#880e4f
21,10,9.154468451311535,7.54285687677741,3390,338.2377686891883,3.2440379066593916,0.0009860538821726693,9.540659204549014,Medical Desert,#880e4f
21,11,9.154468451311535,7.5474051507562105,3273,383.7526425096867,3.811152048990397,0.000952021934026887,9.157389305813833,Medical Desert,#880e4f
21,12,9.154468451311535,7.551953424735012,3188,441.9075260353498,4.535760383028282,0.0009272978691346519,8.85237859753777,Medical Desert,#880e4f
21,13,9.154468451311535,7.556501698713813,4176,520.076303437049,5.509741313483213,0.0012146787645879254,11.477531068693168,Medical Desert,#880e4f
21,14,9.154468451311535,7.561049972692614,4824,632.1633698104932,6.906343241096294,0.0014031634004722587,13.06256119802206,Medical Desert,#880e4f
21,15,9.154468451311535,7.5655982466714145,4779,805.0044581166077,9.059938699601865,0.001390074189646958,12.641343201859561,Medical Desert,#880e4f
21,16,9.154468451311535,7.570146520650216,5845,1099.2352610236737,12.72604684034012,0.0017001430505307529,14.83782049567422,Medical Desert,#880e4f
21,17,9.154468451311535,7.574694794629017,7307,1695.2560138253282,20.15244989639694,0.002125396966677196,16.970774078680336,Poor,#e65100
21,18,9.154468451311535,7.579243068607818,6784,3491.0942418017885,42.528547442896716,0.0019732712497520324,11.340676501241983,Fair,#f9a825
21,19,9.154468451311535,7.583791342586618,8743,4348.760372369958,53.21504509115479,0.0025430882276801323,11.897826806123007,Good,#388e3c
21,20,9.154468451311535,7.5883396165654196,7899,3240.761642245342,39.4094097725423,0.0022975928068678215,13.921250427048253,Fair,#f9a825
21,21,9.154468451311535,7.592887890544221,8202,2245.0281021935116,27.002595798197298,0.0023857268264248477,17.415186546361863,Poor,#e65100
21,22,9.154468451311535,7.597436164523022,6604,1590.8533968730742,18.85159600842407,0.0019209144064508284,15.587913828791011,Poor,#e65100
21,23,9.154468451311535,7.601984438501822,6013,1303.7627562358628,15.274454103596794,0.0017490094376118764,14.818577937962738,Poor,#e65100
21,24,9.154468451311535,7.6065327124806235,4339,1033.978564950968,11.912950106938643,0.0012620907949106822,11.117385482087073,Medical Desert,#880e4f
21,25,9.154468451311535,7.611080986459425,5069,720.0046882076031,8.00084378042474,0.0014744268816322304,13.564602901762477,Medical Desert,#880e4f
21,26,9.154468451311535,7.615629260438226,1865,565.3651938105914,6.074039707951072,0.0005424750708708048,5.095249196603764,Medical Desert,#880e4f
21,27,9.154468451311535,7.620177534417027,3480,464.1637188617636,4.81307196596451,0.0010122323038232713,9.635128345775167,Medical Desert,#880e4f
21,28,9.154468451311535,7.624725808395827,3190,391.51199155243603,3.907833335964411,0.0009278796118379986,8.91619623048976,Medical Desert,#880e4f
21,29,9.154468451311535,7.629274082374629,2893,336.7420491324467,3.22540127993964,0.0008414908203910126,8.143493646995461,Medical Desert,#880e4f
21,30,9.154468451311535,7.63382235635343,3457,294.03763630637917,2.693305408398471,0.0010055422627347841,9.784599385888159,Medical Desert,#880e4f
21,31,9.154468451311535,7.638370630332231,2197,259.883513752966,2.2677459309552175,0.0006390443596263583,6.2455245716393275,Medical Desert,#880e4f
21,32,9.154468451311535,7.642918904311031,2401,232.01691175849652,1.9205287959127466,0.0006983821153677224,6.849694857365808,Medical Desert,#880e4f
21,33,9.154468451311535,7.6474671782898325,2241,208.90823809402391,1.6325953239378712,0.0006518426990999858,6.412007456750491,Medical Desert,#880e4f
21,34,9.154468451311535,7.652015452268634,2117,189.48192168035882,1.3905439273980278,0.00061577465149249,6.072120344697048,Medical Desert,#880e4f
21,35,9.154468451311535,7.656563726247435,1797,172.95800180566883,1.184656316138504,0.0005226958189570168,5.165036699235507,Medical Desert,#880e4f
21,36,9.154468451311535,7.661112000226235,1547,158.75723240406788,1.0077150992653006,0.0004499779810386783,4.454434849803824,Medical Desert,#880e4f
21,37,9.154468451311535,7.665660274205036,1380,146.4411409286631,0.8542569202645113,0.00040140246530922824,3.979734569712118,Medical Desert,#880e4f
21,38,9.154468451311535,7.670208548183838,1427,135.67244291100906,0.7200792234441583,0.00041507341883787586,4.12084561386785,Medical Desert,#880e4f
21,39,9.154468451311535,7.674756822162639,786,126.18800441732081,0.6019033668428211,0.0002286248824152561,2.272487815505582,Medical Desert,#880e4f
22,0,9.15896000718649,7.4973741369894,660,140.5274773150796,0.7805728256655045,0.0001919750921044135,1.904765867034001,Medical Desert,#880e4f
22,1,9.15896000718649,7.501922410968201,985,150.19431520437752,0.9010213739853954,0.0002865082813982535,2.8392678054461697,Medical Desert,#880e4f
22,2,9.15896000718649,7.506470684947002,1133,160.93019826175703,1.0347901972554205,0.00032955724144590983,3.2614701541708215,Medical Desert,#880e4f
22,3,9.15896000718649,7.511018958925803,1430,172.92609087301145,1.1842587067487396,0.0004159460328928959,4.110201557829858,Medical Desert,#880e4f
22,4,9.15896000718649,7.515567232904604,1434,186.43584091710642,1.3525898404255872,0.00041710951829958937,4.114677373316209,Medical Desert,#880e4f
22,5,9.15896000718649,7.520115506883405,1877,201.80634459554412,1.5441059159214832,0.0005459655270908851,5.3753524108818285,Medical Desert,#880e4f
22,6,9.15896000718649,7.524663780862206,1283,219.52323335466218,1.7648578884091228,0.0003731879441969129,3.6660170732516186,Medical Desert,#880e4f
22,7,9.15896000718649,7.529212054841007,1865,240.27938463506547,2.0234789927518793,0.0005424750708708048,5.314982017708182,Medical Desert,#880e4f
22,8,9.15896000718649,7.533760328819808,2490,265.0713380048105,2.3323860860120416,0.000724269665666651,7.07376900759436,Medical Desert,#880e4f
22,9,9.15896000718649,7.538308602798609,2450,295.29427604917873,2.7089631068635356,0.0007126348115997168,6.93329797466814,Medical Desert,#880e4f
22,10,9.15896000718649,7.54285687677741,3182,332.6347247307929,3.174224124873684,0.0009255526410246118,8.96173525804803,Medical Desert,#880e4f
22,11,9.15896000718649,7.5474051507562105,3023,378.33307923263624,3.74362443171534,0.0008793040961085486,8.463862531375552,Medical Desert,#880e4f
22,12,9.15896000718649,7.551953424735012,3337,433.5160428931439,4.431202721639491,0.0009706377005339816,9.276267763306608,Medical Desert,#880e4f
22,13,9.15896000718649,7.556501698713813,4449,504.5200252428772,5.3159104923599205,0.0012940866435947511,12.252941559276694,Medical Desert,#880e4f
22,14,9.15896000718649,7.561049972692614,4866,605.1068020963933,6.5692191120892165,0.0014153799972425397,13.22400583954995,Medical Desert,#880e4f
22,15,9.15896000718649,7.5655982466714145,4700,757.4621810985391,8.467563166234525,0.0013670953528647628,12.513356903182823,Medical Desert,#880e4f
22,16,9.15896000718649,7.570146520650216,6478,1007.9513660409319,11.588651886419445,0.001884264616139986,16.659037491565453,Medical Desert,#880e4f
22,17,9.15896000718649,7.574694794629017,5473,1496.9372197940017,17.681402888143072,0.0015919389077082653,13.10461775703263,Poor,#e65100
22,18,9.15896000718649,7.579243068607818,6632,3018.7816418861507,36.643544749718856,0.0019290588042976825,12.221832780964698,Fair,#f9a825
22,19,9.15896000718649,7.583791342586618,4197,3397.9153654423158,41.36754107037833,0.0012207870629730659,7.157774733158175,Fair,#f9a825
22,20,9.15896000718649,7.5883396165654196,7668,2466.9518005130167,29.767759299072683,0.002230401524631277,15.664609673761914,Poor,#e65100
22,21,9.15896000718649,7.592887890544221,8094,2029.0688469122615,24.311749102229737,0.0023543127204441257,17.819381187678704,Poor,#e65100
22,22,9.15896000718649,7.597436164523022,6759,1476.5019643930552,17.42678013810035,0.0019659994659601983,16.233890615110873,Poor,#e65100
22,23,9.15896000718649,7.601984438501822,5079,1102.644135325476,12.768521325353635,0.001477335595148964,12.887016846353285,Medical Desert,#880e4f
22,24,9.15896000718649,7.6065327124806235,5929,853.6751799910112,9.666374626487864,0.0017245762440713146,15.578722435999676,Medical Desert,#880e4f
22,25,9.15896000718649,7.611080986459425,4810,668.2571095783305,7.356070298512344,0.0013990912015488318,12.961730692225986,Medical Desert,#880e4f
22,26,9.15896000718649,7.615629260438226,3720,538.9616788961953,5.745052599819005,0.001082041428224876,10.198775790215242,Medical Desert,#880e4f
22,27,9.15896000718649,7.620177534417027,3293,447.40380362767183,4.6042438586735335,0.0009578393610603541,9.137381011027749,Medical Desert,#880e4f
22,28,9.15896000718649,7.624725808395827,3695,379.8221032650177,3.762177632375955,0.0010747696444330422,10.343349012706158,Medical Desert,#880e4f
22,29,9.15896000718649,7.629274082374629,2746,328.1451228058011,3.1182838018236687,0.0007987327316950296,7.738259783027197,Medical Desert,#880e4f
22,30,9.15896000718649,7.63382235635343,2523,287.5003271084689,2.6118507060621163,0.0007338684202718716,7.147008727554338,Medical Desert,#880e4f
22,31,9.15896000718649,7.638370630332231,2948,254.79656755355,2.2043627138042012,0.000857488744733047,8.38586582569084,Medical Desert,#880e4f
22,32,9.15896000718649,7.642918904311031,2544,227.98698359602787,1.870315995971188,0.0007399767186570121,7.261368157215073,Medical Desert,#880e4f
22,33,9.15896000718649,7.6474671782898325,2388,205.6653681934781,1.5921892494402896,0.0006946007877959688,6.835414287261537,Medical Desert,#880e4f
22,34,9.15896000718649,7.652015452268634,1672,186.83428801204445,1.3575544808506321,0.00048633689999784754,4.797346116198967,Medical Desert,#880e4f
22,35,9.15896000718649,7.656563726247435,1714,170.76674711049353,1.1573533397096543,0.0004985534967681284,4.927834712230431,Medical Desert,#880e4f
22,36,9.15896000718649,7.661112000226235,1845,156.92065198780944,0.9848313551139711,0.0005366576438373378,5.313724710912118,Medical Desert,#880e4f
22,37,9.15896000718649,7.665660274205036,1201,144.88398303854302,0.834854773511076,0.00034933649335969793,3.4642004096926824,Medical Desert,#880e4f
22,38,9.15896000718649,7.670208548183838,998,134.33843276907166,0.703457491821012,0.00029028960897000707,2.8824754496772966,Medical Desert,#880e4f
22,39,9.15896000718649,7.674756822162639,1059,125.03456598712455,0.5875315540448304,0.00030803276142208166,3.062229717519313,Medical Desert,#880e4f
23,0,9.163451563061445,7.4973741369894,921,137.080147277814,0.7376191831897274,0.00026789251489115883,2.6591648831099226,Medical Desert,#880e4f
23,1,9.163451563061445,7.501922410968201,769,146.32629923492414,0.8528259957516705,0.00022368006943680906,2.2177246765733654,Medical Desert,#880e4f
23,2,9.163451563061445,7.506470684947002,1176,156.60024985206311,0.9808391528477097,0.00034206470956786404,3.3870960496834766,Medical Desert,#880e4f
23,3,9.163451563061445,7.511018958925803,1405,168.0937461499616,1.12404781736194,0.0004086742491010621,4.040805551239213,Medical Desert,#880e4f
23,4,9.163451563061445,7.515567232904604,1124,181.06305711507864,1.285645094190904,0.00032693939928084964,3.2273611893301823,Medical Desert,#880e4f
23,5,9.163451563061445,7.520115506883405,1179,195.86107206661072,1.4700279750604965,0.0003429373236228841,3.378960490287039,Medical Desert,#880e4f
23,6,9.163451563061445,7.524663780862206,1614,212.99051869892597,1.6834604339485872,0.000469466361600793,4.615630811525457,Medical Desert,#880e4f
23,7,9.163451563061445,7.529212054841007,2051,233.19898060997264,1.9352573430141813,0.0005965771422820486,5.850318393292911,Medical Desert,#880e4f
23,8,9.163451563061445,7.533760328819808,2301,257.66517209271416,2.2401054516470165,0.0006692949802003871,6.543020668613184,Medical Desert,#880e4f
23,9,9.163451563061445,7.538308602798609,2770,288.38741064055296,2.6229037437670617,0.0008057136441351901,7.84580550799126,Medical Desert,#880e4f
23,10,9.163451563061445,7.54285687677741,2422,328.7722799301352,3.1260981632580473,0.0007044904137528629,6.824673518682056,Medical Desert,#880e4f
23,11,9.163451563061445,7.5474051507562105,3920,380.90373382930994,3.7756547210350764,0.001140215698559547,10.971650907069003,Medical Desert,#880e4f
23,12,9.163451563061445,7.551953424735012,4510,431.2316209859706,4.402738884175764,0.0013118297960468257,12.540733555220685,Medical Desert,#880e4f
23,13,9.163451563061445,7.556501698713813,4213,484.5864843256352,5.067539091716589,0.0012254410045998395,11.633413026458182,Medical Desert,#880e4f
23,14,9.163451563061445,7.561049972692614,4055,565.4430571367072,6.0750098829664605,0.0011794833310354498,11.078296021071042,Medical Desert,#880e4f
23,15,9.163451563061445,7.5655982466714145,4385,687.0967616585622,7.590811872737762,0.0012754708770876563,11.786522823163741,Medical Desert,#880e4f
23,16,9.163451563061445,7.570146520650216,5411,871.5814577570407,9.889486381068828,0.0015739048839045174,14.182537747598031,Medical Desert,#880e4f
23,17,9.163451563061445,7.574694794629017,5633,1160.7608858672675,13.492654523405683,0.001638478323976002,14.17404104281032,Medical Desert,#880e4f
23,18,9.163451563061445,7.579243068607818,6056,1582.8933814721267,18.752414423853427,0.0017615169057338307,14.311899554243833,Poor,#e65100
23,19,9.163451563061445,7.583791342586618,5551,2024.5856888179405,24.255889069142043,0.0016146268731387868,12.229847699096858,Poor,#e65100
23,20,9.163451563061445,7.5883396165654196,6222,3519.381905641991,42.88101099757012,0.0018098015501116073,10.337403483740545,Fair,#f9a825
23,21,9.163451563061445,7.592887890544221,5502,3334.9219204411465,40.582644386379954,0.0016003741769067925,9.509000158412537,Fair,#f9a825
23,22,9.163451563061445,7.597436164523022,4836,1508.644644498254,17.827277095028528,0.001406653856692339,11.5588577589189,Poor,#e65100
23,23,9.163451563061445,7.601984438501822,4433,1013.8233214596112,11.66181629799627,0.0012894327019679773,11.390614289781821,Medical Desert,#880e4f
23,24,9.163451563061445,7.6065327124806235,3799,771.1720698247129,8.638388022677299,0.0011050202650070712,10.095643267865432,Medical Desert,#880e4f
23,25,9.163451563061445,7.611080986459425,4953,615.5830958810114,6.699753459781853,0.0014406858048381214,13.441634077838934,Medical Desert,#880e4f
23,26,9.163451563061445,7.615629260438226,3139,505.7881629967687,5.331711455743716,0.0009130451729026576,8.643642388228916,Medical Desert,#880e4f
23,27,9.163451563061445,7.620177534417027,3443,425.159024395082,4.327074488819075,0.0010014700638113572,9.581357081670157,Medical Desert,#880e4f
23,28,9.163451563061445,7.624725808395827,3330,364.0949790491003,3.5662180742715375,0.0009686016010722682,9.340591557071455,Medical Desert,#880e4f
23,29,9.163451563061445,7.629274082374629,3193,316.5794359324523,2.974175644619591,0.0009287522258930187,9.011295033916463,Medical Desert,#880e4f
23,30,9.163451563061445,7.63382235635343,2517,278.7382498930682,2.502675452173747,0.0007321231921618315,7.138005247519265,Medical Desert,#880e4f
23,31,9.163451563061445,7.638370630332231,2683,248.0026408659195,2.1197105642297456,0.0007804078365396082,7.638654491844013,Medical Desert,#880e4f
23,32,9.163451563061445,7.642918904311031,2039,222.61821360619373,1.803421261731894,0.0005930866860619684,5.823908346650257,Medical Desert,#880e4f
23,33,9.163451563061445,7.6474671782898325,1831,201.35303733241824,1.538457719229696,0.0005325854449139109,5.24391843025139,Medical Desert,#880e4f
23,34,9.163451563061445,7.652015452268634,1568,183.31972144808316,1.3137630730034575,0.00045608627942381874,4.500943863037133,Medical Desert,#880e4f
23,35,9.163451563061445,7.656563726247435,1267,167.86418372488987,1.1211874755246887,0.00036853400257013926,3.64402045490273,Medical Desert,#880e4f
23,36,9.163451563061445,7.661112000226235,1238,154.49436775343057,0.9545999167481833,0.000360098733371612,3.5666123116263533,Medical Desert,#880e4f
23,37,9.163451563061445,7.665660274205036,1150,142.83340974763036,0.8093046837151757,0.00033450205442435687,3.3179491363077704,Medical Desert,#880e4f
23,38,9.163451563061445,7.670208548183838,1059,132.5880994432825,0.6816483841705532,0.00030803276142208166,3.059330610811321,Medical Desert,#880e4f
23,39,9.163451563061445,7.674756822162639,1150,123.52713480374632,0.5687490007622253,0.00033450205442435687,3.325995773322892,Medical Desert,#880e4f
24,0,9.1679431189364,7.4973741369894,617,133.5488661400962,0.6936195121888916,0.00017946762398245928,1.7822280152445518,Medical Desert,#880e4f
24,1,9.1679431189364,7.501922410968201,854,142.36437357064332,0.8034605051663513,0.0002484041343290441,2.4640830521650985,Medical Desert,#880e4f
24,2,9.1679431189364,7.506470684947002,916,152.1555318727687,0.9254580825920449,0.0002664381581327921,2.639723846632428,Medical Desert,#880e4f
24,3,9.1679431189364,7.511018958925803,1321,163.10712554885868,1.0619146545528413,0.0003842410555605004,3.8016074348269493,Medical Desert,#880e4f
24,4,9.1679431189364,7.515567232904604,1547,175.4661457859213,1.2159077248057724,0.0004499779810386783,4.44506664007304,Medical Desert,#880e4f
24,5,9.1679431189364,7.520115506883405,1456,189.57389084737812,1.3916898608236756,0.00042350868803640315,4.176147605652932,Medical Desert,#880e4f
24,6,9.1679431189364,7.524663780862206,1541,205.92352652362024,1.5954058955099146,0.0004482327529286382,4.410816211628084,Medical Desert,#880e4f
24,7,9.1679431189364,7.529212054841007,2232,225.27830536407197,1.8365659357507744,0.0006492248569349257,6.373014143660321,Medical Desert,#880e4f
24,8,9.1679431189364,7.533760328819808,2234,248.9671182204494,2.13172792694658,0.0006498065996382724,6.359544908826413,Medical Desert,#880e4f
24,9,9.1679431189364,7.538308602798609,1865,279.8578349888634,2.5166254533068377,0.0005424750708708048,5.288230051594258,Medical Desert,#880e4f
24,10,9.1679431189364,7.54285687677741,2500,327.1324281690589,3.105665653026328,0.0007271783791833845,7.045946500248526,Medical Desert,#880e4f
24,11,9.1679431189364,7.5474051507562105,3164,446.10223317005637,4.5880263246721205,0.0009203169566944914,8.78092572450927,Medical Desert,#880e4f
24,12,9.1679431189364,7.551953424735012,2982,490.52344372151344,5.141513451156231,0.000867378370689941,8.22781995088498,Medical Desert,#880e4f
24,13,9.1679431189364,7.556501698713813,5307,463.69743196769747,4.807262043409272,0.0015436542633304887,14.694467578479331,Medical Desert,#880e4f
24,14,9.1679431189364,7.561049972692614,3572,518.9797488178747,5.496078271488971,0.0010389924681772197,9.818886288913246,Medical Desert,#880e4f
24,15,9.1679431189364,7.5655982466714145,4397,609.7162888928195,6.626653197514805,0.0012789613333077366,11.942090012191215,Medical Desert,#880e4f
24,16,9.1679431189364,7.570146520650216,4967,737.732916433274,8.221737042370282,0.0014447580037615483,13.259737997936757,Medical Desert,#880e4f
24,17,9.1679431189364,7.574694794629017,5302,912.6807875262562,10.401582959527332,0.0015421999065721218,13.817867038882694,Medical Desert,#880e4f
24,18,9.1679431189364,7.579243068607818,4624,1147.9982698881554,13.3336326607188,0.001344989130137588,11.656532201984447,Medical Desert,#880e4f
24,19,9.1679431189364,7.583791342586618,5121,1550.2024258191589,18.345085967880333,0.0014895521919192447,12.162925617752133,Poor,#e65100
24,20,9.1679431189364,7.5883396165654196,5792,3180.118203785326,38.65379410883884,0.0016847268688920652,10.335160136942392,Fair,#f9a825
24,21,9.1679431189364,7.592887890544221,5950,3104.7410599933073,37.71459686045013,0.001730684542456455,10.779638443428773,Fair,#f9a825
24,22,9.1679431189364,7.597436164523022,5688,1351.7845888912912,15.872804887715217,0.0016544762483180365,13.918644615089237,Poor,#e65100
24,23,9.1679431189364,7.601984438501822,4900,904.324361042268,10.297462103186856,0.0014252696231994335,12.785030238822376,Medical Desert,#880e4f
24,24,9.1679431189364,7.6065327124806235,4310,693.9803642333084,7.676581381529997,0.0012536555257121548,11.574176390368136,Medical Desert,#880e4f
24,25,9.1679431189364,7.611080986459425,4196,562.3199848032829,6.036096483034985,0.0012204961916213925,11.468258639233579,Medical Desert,#880e4f
24,26,9.1679431189364,7.615629260438226,3537,469.1499012481603,4.875199668629782,0.0010288119708686523,9.786553330740404,Medical Desert,#880e4f
24,27,9.1679431189364,7.620177534417027,2725,399.399591645505,4.006112627685004,0.0007926244333098891,7.608710057969449,Medical Desert,#880e4f
24,28,9.1679431189364,7.624725808395827,2571,345.4501515141817,3.3339040088063543,0.0007478302451521926,7.2289830262999715,Medical Desert,#880e4f
24,29,9.1679431189364,7.629274082374629,3026,302.7072893216009,2.801329059159875,0.0008801767101635686,8.555200642097992,Medical Desert,#880e4f
24,30,9.1679431189364,7.63382235635343,2317,268.166307176723,2.370949321283048,0.0006739489218271608,6.5796993443930525,Medical Desert,#880e4f
24,31,9.1679431189364,7.638370630332231,2148,239.77802013607248,2.017232004152878,0.0006247916633943639,6.121881660010938,Medical Desert,#880e4f
24,32,9.1679431189364,7.642918904311031,2244,216.10435159551167,1.7222587107377012,0.0006527153131550059,6.41473866817875,Medical Desert,#880e4f
24,33,9.1679431189364,7.6474671782898325,1709,196.11200735102435,1.473154622168474,0.0004970991400097617,4.897761010519481,Medical Desert,#880e4f
24,34,9.1679431189364,7.652015452268634,1481,179.04264574924545,1.2604708211959017,0.000430780471828237,4.253506096774321,Medical Desert,#880e4f
24,35,9.1679431189364,7.656563726247435,1692,164.32871799540675,1.0771356646194483,0.0004921543270313146,4.868531572498925,Medical Desert,#880e4f
24,36,9.1679431189364,7.661112000226235,1173,151.53773548149664,0.9177603556478111,0.000341192095512844,3.3806076972362304,Medical Desert,#880e4f
24,37,9.1679431189364,7.665660274205036,857,140.33468549122304,0.7781706445616735,0.0002492767483840642,2.473369499044215,Medical Desert,#880e4f
24,38,9.1679431189364,7.670208548183838,904,130.45623286171218,0.6550853820904096,0.00026294770191271185,2.61225169954939,Medical Desert,#880e4f
24,39,9.1679431189364,7.674756822162639,890,121.69268487684427,0.5458918024527861,0.00025887550298928487,2.5746232283990795,Medical Desert,#880e4f
25,0,9.172434674811356,7.4973741369894,983,129.93171248379363,0.6485498718431101,0.0002859265386949068,2.8407216249463554,Medical Desert,#880e4f
25,1,9.172434674811356,7.501922410968201,922,138.30242106548536,0.7528486827489842,0.0002681833862428322,2.6616437115215144,Medical Desert,#880e4f
25,2,9.172434674811356,7.506470684947002,1142,147.58563016794145,0.868517226376754,0.00033217508361097,3.2929008578807735,Medical Desert,#880e4f
25,3,9.172434674811356,7.511018958925803,958,157.95218467611525,0.9976842255431426,0.0002786547549030729,2.7587466036967907,Medical Desert,#880e4f
25,4,9.172434674811356,7.515567232904604,1477,169.6286968889193,1.1431732635902958,0.0004296169864215436,4.247057198969301,Medical Desert,#880e4f
25,5,9.172434674811356,7.520115506883405,1060,182.92589220589292,1.3088559709033745,0.00030832363277375505,3.0428812049648957,Medical Desert,#880e4f
25,6,9.172434674811356,7.524663780862206,1949,198.2903676914732,1.500296935273276,0.0005669082644113666,5.58402957094592,Medical Desert,#880e4f
25,7,9.172434674811356,7.529212054841007,2112,216.41378848806187,1.7261142863593377,0.0006143202947341232,6.037164243627127,Medical Desert,#880e4f
25,8,9.172434674811356,7.533760328819808,2885,238.51413293958646,2.001484002603646,0.0008391638495776257,8.223681193726966,Medical Desert,#880e4f
25,9,9.172434674811356,7.538308602798609,2532,267.28569524362894,2.359976919532959,0.0007364862624369318,7.191053566278893,Medical Desert,#880e4f
25,10,9.172434674811356,7.54285687677741,3013,311.63491405072983,2.9125670307574767,0.000876395382591815,8.50869779619365,Medical Desert,#880e4f
25,11,9.172434674811356,7.5474051507562105,2977,426.4271057482797,4.342874749451695,0.0008659240139315742,8.283180185811014,Medical Desert,#880e4f
25,12,9.172434674811356,7.551953424735012,3035,464.67916096209456,4.819494361109519,0.0008827945523286288,8.402483186589684,Medical Desert,#880e4f
25,13,9.172434674811356,7.556501698713813,3860,428.43968621606143,4.3679514496609375,0.0011227634174591457,10.737216564899764,Medical Desert,#880e4f
25,14,9.172434674811356,7.561049972692614,4727,468.8959996244808,4.872036061011813,0.0013749488793599433,13.07960874137049,Medical Desert,#880e4f
25,15,9.172434674811356,7.5655982466714145,3579,535.6282340649652,5.703517964044198,0.0010410285676389333,9.816533162728147,Medical Desert,#880e4f
25,16,9.172434674811356,7.570146520650216,5058,624.3035213973482,6.808409734584737,0.0014712272967638234,13.710601142730875,Medical Desert,#880e4f
25,17,9.172434674811356,7.574694794629017,6118,736.8413582657694,8.210628250824541,0.0017795509295375786,16.334386181791555,Medical Desert,#880e4f
25,18,9.172434674811356,7.579243068607818,4011,880.0342869594286,9.994808412769677,0.001166684991561822,10.500770618746799,Medical Desert,#880e4f
25,19,9.172434674811356,7.583791342586618,3730,1078.1089130298749,12.462813094590533,0.0010849501417416097,9.497348334068578,Medical Desert,#880e4f
25,20,9.172434674811356,7.5883396165654196,4259,1326.1936800804026,15.553942830467859,0.0012388210867768138,10.461355631677675,Poor,#e65100
25,21,9.172434674811356,7.592887890544221,3445,1296.7973009677955,15.1876647123777,0.0010020518065147039,8.49863537896927,Poor,#e65100
25,22,9.172434674811356,7.597436164523022,5432,995.2147985761341,11.429954587542461,0.0015800131822896579,13.994183930767656,Medical Desert,#880e4f
25,23,9.172434674811356,7.601984438501822,4254,763.2384531055953,8.53953536499468,0.0012373667300184471,11.317013605138436,Medical Desert,#880e4f
25,24,9.172434674811356,7.6065327124806235,3543,612.1453838339984,6.656919657214114,0.0010305571989786926,9.619538342210447,Medical Desert,#880e4f
25,25,9.172434674811356,7.611080986459425,2800,507.6694289881401,5.35515198099708,0.0008144397846853906,7.7082529642178255,Medical Desert,#880e4f
25,26,9.172434674811356,7.615629260438226,3895,430.76987534719177,4.396985545543125,0.0011329439147677132,10.831285345962662,Medical Desert,#880e4f
25,27,9.172434674811356,7.620177534417027,2939,371.6898420939552,3.6608498699959613,0.0008548709025679868,8.235753622426934,Medical Desert,#880e4f
25,28,9.172434674811356,7.624725808395827,2894,324.97683283046507,3.0788069912517058,0.0008417816917426859,8.158648581662352,Medical Desert,#880e4f
25,29,9.172434674811356,7.629274082374629,2704,287.2551415096977,2.6087956998874877,0.0007865161349247487,7.659975358179105,Medical Desert,#880e4f
25,30,9.172434674811356,7.63382235635343,2974,256.2736229977318,2.22276678616758,0.0008650513998765542,8.458233246768204,Medical Desert,#880e4f
25,31,9.172434674811356,7.638370630332231,1945,230.46035462724456,1.9011341345991604,0.0005657447790046731,5.549892118963027,Medical Desert,#880e4f
25,32,9.172434674811356,7.642918904311031,2257,208.68478318274074,1.6298110815633502,0.0006564966407267595,6.457969857261037,Medical Desert,#880e4f
25,33,9.172434674811356,7.6474671782898325,2026,190.11582998953128,1.3984424084196523,0.0005893053584902148,5.810642624419982,Medical Desert,#880e4f
25,34,9.172434674811356,7.652015452268634,1593,174.13100723337215,1.1992719332157942,0.0004633580632156526,4.57801140013215,Medical Desert,#880e4f
25,35,9.172434674811356,7.656563726247435,1699,160.25586310755685,1.0263879987977012,0.0004941904264930281,4.8911811526429645,Medical Desert,#880e4f
25,36,9.172434674811356,7.661112000226235,1002,148.12279484274092,0.8752102842338585,0.0002914530943767005,2.8890226692099783,Medical Desert,#880e4f
25,37,9.172434674811356,7.665660274205036,1131,137.44266957916577,0.7421362016223781,0.00032897549874256316,3.2653405247192686,Medical Desert,#880e4f
25,38,9.172434674811356,7.670208548183838,1157,127.98501677280983,0.6242940939875462,0.00033653815388607033,3.3443716606734486,Medical Desert,#880e4f
25,39,9.172434674811356,7.674756822162639,1050,119.56398094617846,0.5193682069205388,0.00030541491925702147,3.038286912672085,Medical Desert,#880e4f
26,0,9.17692623068631,7.4973741369894,885,126.23534932018,0.6024932830993096,0.00025742114623091814,2.558702011155996,Medical Desert,#880e4f
26,1,9.17692623068631,7.501922410968201,1021,134.14741491016295,0.7010774142742271,0.00029697965005849423,2.948975928069435,Medical Desert,#880e4f
26,2,9.17692623068631,7.506470684947002,749,142.89957686089664,0.8101291242230968,0.00021786264240334198,2.160976736864305,Medical Desert,#880e4f
26,3,9.17692623068631,7.511018958925803,1172,152.64338030302784,0.9315366613266592,0.00034090122416117064,3.3772560427919798,Medical Desert,#880e4f
26,4,9.17692623068631,7.515567232904604,1342,163.576440081032,1.067762301400037,0.0003903493539456408,3.8618135070045065,Medical Desert,#880e4f
26,5,9.17692623068631,7.520115506883405,1382,175.9636170825951,1.2221062042052782,0.00040198420801257497,3.9707153406652784,Medical Desert,#880e4f
26,6,9.17692623068631,7.524663780862206,1347,190.17335762241913,1.3991592012270804,0.00039180371070400756,3.8632175303494334,Medical Desert,#880e4f
26,7,9.17692623068631,7.529212054841007,1740,206.7465350843899,1.6056605607411685,0.0005061161519116356,4.979896444688496,Medical Desert,#880e4f
26,8,9.17692623068631,7.533760328819808,2672,226.54137467288524,1.8523037464409067,0.0007772082516712014,7.628119941078479,Medical Desert,#880e4f
26,9,9.17692623068631,7.538308602798609,2316,251.05461340989,2.1577380626364775,0.0006736580504754874,6.59122274308363,Medical Desert,#880e4f
26,10,9.17692623068631,7.54285687677741,2463,282.89656624493693,2.554487965611254,0.0007164161391714705,6.981153751126384,Medical Desert,#880e4f
26,11,9.17692623068631,7.5474051507562105,3886,322.8615332421685,3.0524504134762513,0.001130326072602653,10.958234297258633,Medical Desert,#880e4f
26,12,9.17692623068631,7.551953424735012,3834,355.2584757941773,3.4561154738692084,0.0011152007623156386,10.766581362045406,Medical Desert,#880e4f
26,13,9.17692623068631,7.556501698713813,3710,381.2489384597655,3.779955961739414,0.0010791327147081425,10.383419733234517,Medical Desert,#880e4f
26,14,9.17692623068631,7.561049972692614,4425,418.7969392873192,4.247803074082102,0.0012871057311545906,12.324320143399191,Medical Desert,#880e4f
26,15,9.17692623068631,7.5655982466714145,3306,469.1864579782063,4.875655164534005,0.0009616206886321077,9.147353798635887,Medical Desert,#880e4f
26,16,9.17692623068631,7.570146520650216,4014,531.4596803712116,5.651577893593443,0.001167557605616842,11.015721780828319,Medical Desert,#880e4f
26,17,9.17692623068631,7.574694794629017,5648,605.1780997314115,6.5701074787645375,0.0016428413942511022,15.34904948943171,Medical Desert,#880e4f
26,18,9.17692623068631,7.579243068607818,4117,689.9940989691693,7.626912620164387,0.0011975173548391977,11.061837525743082,Medical Desert,#880e4f
26,19,9.17692623068631,7.583791342586618,4620,782.6056116634204,8.78084965619157,0.0013438256447308946,12.258263352257275,Medical Desert,#880e4f
26,20,9.17692623068631,7.5883396165654196,5667,860.3865875180643,9.749998589470806,0.001648367949932896,14.876520980651497,Medical Desert,#880e4f
26,21,9.17692623068631,7.592887890544221,4987,870.7615976684059,9.87927094571837,0.0014505754307950155,13.072691537147543,Medical Desert,#880e4f
26,22,9.17692623068631,7.597436164523022,4024,778.6866407646658,8.732019380865916,0.0011704663191335757,10.682609733003238,Medical Desert,#880e4f
26,23,9.17692623068631,7.601984438501822,3657,644.0532480894024,7.054490814769822,0.0010637165330694548,9.886767479488821,Medical Desert,#880e4f
26,24,9.17692623068631,7.6065327124806235,3615,535.4223200570955,5.70095228086934,0.001051499936299174,9.915544266973866,Medical Desert,#880e4f
26,25,9.17692623068631,7.611080986459425,3939,454.4558357928763,4.692111995775991,0.0011457422542413406,10.919827444894084,Medical Desert,#880e4f
26,26,9.17692623068631,7.615629260438226,2722,392.42173190679574,3.9191686770847958,0.0007917518192548691,7.607217299543832,Medical Desert,#880e4f
26,27,9.17692623068631,7.620177534417027,3094,343.3741269559682,3.308036796882785,0.0008999559620773566,8.701850876960972,Medical Desert,#880e4f
26,28,9.17692623068631,7.624725808395827,3012,303.6617572724524,2.8132217049675803,0.0008761045112401416,8.514577489717338,Medical Desert,#880e4f
26,29,9.17692623068631,7.629274082374629,2630,270.929468473159,2.405378239067826,0.0007649916549009205,7.4659071210324885,Medical Desert,#880e4f
26,30,9.17692623068631,7.63382235635343,2240,243.5642378302743,2.0644081780074717,0.0006515518277483125,6.381011385323192,Medical Desert,#880e4f
26,31,9.17692623068631,7.638370630332231,1517,220.41187631492278,1.7759303565485316,0.00044125184048847773,4.334155151044137,Medical Desert,#880e4f
26,32,9.17692623068631,7.642918904311031,1985,200.62254848273707,1.5293558471888529,0.0005773796330716073,5.685494438927492,Medical Desert,#880e4f
26,33,9.17692623068631,7.6474671782898325,1958,183.55745968991926,1.3167252853046467,0.0005695261065764267,5.620270123247238,Medical Desert,#880e4f
26,34,9.17692623068631,7.652015452268634,1671,168.7276745494212,1.131946548708019,0.0004860460286461742,4.8054424739978145,Medical Desert,#880e4f
26,35,9.17692623068631,7.656563726247435,1284,155.75237771329492,0.9702746880821866,0.0003734788155485863,3.6985504513596923,Medical Desert,#880e4f
26,36,9.17692623068631,7.661112000226235,1038,144.33009727776655,0.8279533713582125,0.0003019244630369412,2.9942466926627174,Medical Desert,#880e4f
26,37,9.17692623068631,7.665660274205036,909,134.21877573497727,0.701966568292762,0.0002644020586710786,2.6254604461332978,Medical Desert,#880e4f
26,38,9.17692623068631,7.670208548183838,866,125.22179124108256,0.589864375832711,0.00025189459054912437,2.5040875409482544,Medical Desert,#880e4f
26,39,9.17692623068631,7.674756822162639,677,117.17792647088788,0.4896380303051737,0.0001969199050828605,1.9595571033833397,Medical Desert,#880e4f
27,0,9.181417786561266,7.4973741369894,546,122.47359327090952,0.5556219007034364,0.00015881575801365117,1.5793334288035914,Medical Desert,#880e4f
27,1,9.181417786561266,7.501922410968201,571,129.91680131882885,0.6483640791160223,0.000166087541805485,1.6501068984453144,Medical Desert,#880e4f
27,2,9.181417786561266,7.506470684947002,827,138.12146655049014,0.7505939942052532,0.00024055060783386358,2.387450494184384,Medical Desert,#880e4f
27,3,9.181417786561266,7.511018958925803,1095,147.2167841580947,0.863921414700962,0.0003185041300823224,3.157525046958342,Medical Desert,#880e4f
27,4,9.181417786561266,7.515567232904604,1405,157.36694111217332,0.990392105979577,0.0004086742491010621,4.0462677159879386,Medical Desert,#880e4f
27,5,9.181417786561266,7.520115506883405,1826,168.78416740154964,1.1326504481741364,0.0005311310881555441,5.251152295051582,Medical Desert,#880e4f
27,6,9.181417786561266,7.524663780862206,1767,181.74793246758995,1.2941786232450518,0.0005139696784068162,5.073179926989138,Medical Desert,#880e4f
27,7,9.181417786561266,7.529212054841007,1991,196.63261127859437,1.479641333546438,0.0005791248611816475,5.705558903627604,Medical Desert,#880e4f
27,8,9.181417786561266,7.533760328819808,2702,213.9399845875991,1.6952907541918334,0.000785934392221402,7.726105191360588,Medical Desert,#880e4f
27,9,9.181417786561266,7.538308602798609,2189,234.291014309599,1.9488640544686082,0.0006367173888129715,6.243086324938443,Medical Desert,#880e4f
27,10,9.181417786561266,7.54285687677741,3332,258.1448741582705,2.246082526889613,0.0009691833437756148,9.474146860375463,Medical Desert,#880e4f
27,11,9.181417786561266,7.5474051507562105,3549,284.7558937427476,2.577655137806258,0.0010323024270887326,10.056932305391811,Medical Desert,#880e4f
27,12,9.181417786561266,7.551953424735012,3264,311.94181114519034,2.916390960561067,0.0009494040918618268,9.217157567475715,Medical Desert,#880e4f
27,13,9.181417786561266,7.556501698713813,3950,340.3056948077612,3.2698042122359703,0.0011489418391097475,11.113736904583956,Medical Desert,#880e4f
27,14,9.181417786561266,7.561049972692614,4100,373.1435185209733,3.678962640414407,0.0011925725418607505,11.486982435858529,Medical Desert,#880e4f
27,15,9.181417786561266,7.5655982466714145,4213,412.0135222203018,4.163281874106754,0.0012254410045998395,11.744224413774626,Medical Desert,#880e4f
27,16,9.181417786561266,7.570146520650216,4978,456.7226142041437,4.72035599574027,0.0014479575886299553,13.796088357792849,Medical Desert,#880e4f
27,17,9.181417786561266,7.574694794629017,4551,506.1730229553149,5.336506800803206,0.0013237555214654331,12.531132180364224,Medical Desert,#880e4f
27,18,9.181417786561266,7.579243068607818,4833,558.6188201155297,5.989980067425467,0.001405781242637319,13.215752264117375,Medical Desert,#880e4f
27,19,9.181417786561266,7.583791342586618,4541,612.2524278554677,6.65825342293357,0.0013208468079486996,12.329014801467466,Medical Desert,#880e4f
27,20,9.181417786561266,7.5883396165654196,4259,674.4152197631121,7.4328001910216654,0.0012388210867768138,11.467419906724501,Medical Desert,#880e4f
27,21,9.181417786561266,7.592887890544221,3587,862.0861125219961,9.771174626754267,0.00104335553845232,9.414074468122315,Medical Desert,#880e4f
27,22,9.181417786561266,7.597436164523022,4608,821.1048392945196,9.26054902973095,0.0013403351885108144,12.162127912160337,Medical Desert,#880e4f
27,23,9.181417786561266,7.601984438501822,4026,567.0261793799158,6.094735544883115,0.0011710480618369224,10.996757793644827,Medical Desert,#880e4f
27,24,9.181417786561266,7.6065327124806235,3829,469.50173983765495,4.87958356829096,0.0011137464055572717,10.594002189592679,Medical Desert,#880e4f
27,25,9.181417786561266,7.611080986459425,2785,405.1265803332446,4.077470757570099,0.0008100767144102903,7.770460732663261,Medical Desert,#880e4f
27,26,9.181417786561266,7.615629260438226,3363,355.62788944387586,3.4607183583227696,0.0009782003556774888,9.443475963873793,Medical Desert,#880e4f
27,27,9.181417786561266,7.620177534417027,3051,315.57488331699534,2.961658945195398,0.0008874484939554024,8.611652962501704,Medical Desert,#880e4f
27,28,9.181417786561266,7.624725808395827,3294,282.3575013430826,2.547771230974539,0.0009581302324120274,9.337192659953644,Medical Desert,#880e4f
27,29,9.181417786561266,7.629274082374629,2399,254.37466590804001,2.199105830289923,0.0006978003726643758,6.824550039853286,Medical Desert,#880e4f
27,30,9.181417786561266,7.63382235635343,1725,230.52209900517317,1.901903467939968,0.0005017530816365353,4.922102223763943,Medical Desert,#880e4f
27,31,9.181417786561266,7.638370630332231,2058,209.99436339974838,1.6461284169581691,0.0005986132417437622,5.887592990637437,Medical Desert,#880e4f
27,32,9.181417786561266,7.642918904311031,1319,192.18709378638292,1.424250301380651,0.00038365931285715366,3.781950439375107,Medical Desert,#880e4f
27,33,9.181417786561266,7.6474671782898325,1643,176.63718703968036,1.2304988683268756,0.0004779016307993203,4.720210566406189,Medical Desert,#880e4f
27,34,9.181417786561266,7.652015452268634,1716,162.9817569205572,1.0603525647095342,0.0004991352394714751,4.9384264615837035,Medical Desert,#880e4f
27,35,9.181417786561266,7.656563726247435,1285,150.92990539119538,0.9101868085540931,0.00037376968690025963,3.703676845157196,Medical Desert,#880e4f
27,36,9.181417786561266,7.661112000226235,900,140.2440228721178,0.7770409906890048,0.0002617842165060184,2.5975004583661256,Medical Desert,#880e4f
27,37,9.181417786561266,7.665660274205036,1054,130.727531280568,0.6584657533231622,0.0003065784046637149,3.0455969086191987,Medical Desert,#880e4f
27,38,9.181417786561266,7.670208548183838,760,122.21653253248417,0.5524189305980153,0.0002210622272717489,2.1984103767989813,Medical Desert,#880e4f
27,39,9.181417786561266,7.674756822162639,703,114.57371963647388,0.4571896809770889,0.0002044825602263677,2.03547687061615,Medical Desert,#880e4f
28,0,9.18590934243622,7.4973741369894,552,118.6654970266908,0.5081731206854767,0.0001605609861236913,1.5974505834990316,Medical Desert,#880e4f
28,1,9.18590934243622,7.501922410968201,783,125.63530405762148,0.595016734756504,0.00022775226836023604,2.263971042497051,Medical Desert,#880e4f
28,2,9.18590934243622,7.506470684947002,961,133.28524855396776,0.6903348439318685,0.000279527368958093,2.775976941318493,Medical Desert,#880e4f
28,3,9.18590934243622,7.511018958925803,1205,141.72155927933923,0.7954510558393304,0.00035049997876639133,3.4771192298457745,Medical Desert,#880e4f
28,4,9.18590934243622,7.515567232904604,1337,151.07499462550328,0.9119946166346008,0.00038889499718727403,3.853482957485648,Medical Desert,#880e4f
28,5,9.18590934243622,7.520115506883405,1367,161.50726211799272,1.0419803978740134,0.00039762113773747466,3.934780034244465,Medical Desert,#880e4f
28,6,9.18590934243622,7.524663780862206,1677,173.21797048785277,1.1878955191474172,0.00048779125675621433,4.819968062744144,Medical Desert,#880e4f
28,7,9.18590934243622,7.529212054841007,2030,186.44900033938615,1.3527538064844447,0.0005904688438969082,5.824812541349881,Medical Desert,#880e4f
28,8,9.18590934243622,7.533760328819808,1979,201.47548081367464,1.5399833618170093,0.0005756344049615672,5.667697309002647,Medical Desert,#880e4f
28,9,9.18590934243622,7.538308602798609,2139,218.55386627402635,1.7527795998323652,0.0006221738212293038,6.112684854152991,Medical Desert,#880e4f
28,10,9.18590934243622,7.54285687677741,2538,237.78085341888087,1.9923473588745233,0.000738231490546972,7.235233549426794,Medical Desert,#880e4f
28,11,9.18590934243622,7.5474051507562105,2408,258.92745815700096,2.255833503130749,0.000700418214829436,6.8461794607728335,Medical Desert,#880e4f
28,12,9.18590934243622,7.551953424735012,3597,281.6757972542153,2.539277215782797,0.0010462642519690536,10.19696702201923,Medical Desert,#880e4f
28,13,9.18590934243622,7.556501698713813,4682,306.3282237348036,2.846445807638159,0.0013618596685346426,13.230950710937234,Medical Desert,#880e4f
28,14,9.18590934243622,7.561049972692614,3590,333.72423470235975,3.1877993907422213,0.0010442281525073402,10.109402538237525,Medical Desert,#880e4f
28,15,9.18590934243622,7.5655982466714145,4446,364.32953935834354,3.5691406896153923,0.001293214029539731,12.470574014076135,Medical Desert,#880e4f
28,16,9.18590934243622,7.570146520650216,4434,397.7054526192224,3.985003699542771,0.0012897235733196506,12.383280412089873,Medical Desert,#880e4f
28,17,9.18590934243622,7.574694794629017,3423,432.4217345144067,4.41756766774259,0.00099565263677789,9.516690078125634,Medical Desert,#880e4f
28,18,9.18590934243622,7.579243068607818,4863,466.74356792022286,4.845216818038617,0.0014145073831875194,13.459714335649197,Medical Desert,#880e4f
28,19,9.18590934243622,7.583791342586618,3972,501.4180636757383,5.277260132026516,0.0011553410088465613,10.94370658397749,Medical Desert,#880e4f
28,20,9.18590934243622,7.5883396165654196,4216,551.3580651488425,5.899511249652891,0.0012263136186548597,11.539671087662908,Medical Desert,#880e4f
28,21,9.18590934243622,7.592887890544221,3590,742.446750839836,8.280471296300341,0.0010442281525073402,9.577611400710827,Medical Desert,#880e4f
28,22,9.18590934243622,7.597436164523022,3451,719.4779331811064,7.9942804265143605,0.001003797034624744,9.235506847638064,Medical Desert,#880e4f
28,23,9.18590934243622,7.601984438501822,3140,487.79456990439115,5.107511754470655,0.0009133360442543309,8.666872984362236,Medical Desert,#880e4f
28,24,9.18590934243622,7.6065327124806235,3852,409.6721057389714,4.1341078857335,0.0011204364466457588,10.741163951503443,Medical Desert,#880e4f
28,25,9.18590934243622,7.611080986459425,2985,360.0118227073466,3.5153420526024597,0.0008682509847449611,8.377289927560865,Medical Desert,#880e4f
28,26,9.18590934243622,7.615629260438226,2494,321.2841959914418,3.0327968324152454,0.0007254331510733444,7.034322374463018,Medical Desert,#880e4f
28,27,9.18590934243622,7.620177534417027,2579,289.12836804619104,2.6321360537424656,0.0007501572159655794,7.304120574243986,Medical Desert,#880e4f
28,28,9.18590934243622,7.624725808395827,2401,261.76377852597665,2.2911739810538845,0.0006983821153677224,6.823809660520834,Medical Desert,#880e4f
28,29,9.18590934243622,7.629274082374629,2258,238.15863703461662,1.9970545328869056,0.0006567875120784329,6.436711072970354,Medical Desert,#880e4f
28,30,9.18590934243622,7.63382235635343,1874,217.5986057950144,1.740877079144423,0.0005450929130358651,5.35603515452783,Medical Desert,#880e4f
28,31,9.18590934243622,7.638370630332231,1691,199.55833000880148,1.5160957127220627,0.0004918634556796413,4.844063349156357,Medical Desert,#880e4f
28,32,9.18590934243622,7.642918904311031,1226,183.64436936869765,1.3178081776385913,0.00035660827715153177,3.5190886411309275,Medical Desert,#880e4f
28,33,9.18590934243622,7.6474671782898325,1223,169.55356297388258,1.1422370969658628,0.0003557356630965117,3.5167231838548583,Medical Desert,#880e4f
28,34,9.18590934243622,7.652015452268634,936,157.04073686716526,0.9863276095830351,0.00027225558516625915,2.695702531611325,Medical Desert,#880e4f
28,35,9.18590934243622,7.656563726247435,1121,145.89860266262883,0.8474969076005808,0.00032606678522582963,3.2330337930432806,Medical Desert,#880e4f
28,36,9.18590934243622,7.661112000226235,1119,135.94789470111832,0.7235113455745507,0.0003254850425224829,3.231301213116846,Medical Desert,#880e4f
28,37,9.18590934243622,7.665660274205036,1118,127.03296140300397,0.6124315088768321,0.00032519417117080957,3.2320257960152867,Medical Desert,#880e4f
28,38,9.18590934243622,7.670208548183838,668,119.01922465001634,0.5125805576589856,0.00019430206291780035,1.9330610832015336,Medical Desert,#880e4f
28,39,9.18590934243622,7.674756822162639,653,111.79095154929166,0.422516463090287,0.00018993899264270004,1.8913646912895679,Medical Desert,#880e4f
29,0,9.190400898311175,7.4973741369894,841,114.83326706170055,0.46042363513528656,0.00024462280675729053,2.4349650553804865,Medical Desert,#880e4f
29,1,9.190400898311175,7.501922410968201,736,121.3316267337022,0.541393027393293,0.0002140813148315884,2.1292229352013825,Medical Desert,#880e4f
29,2,9.190400898311175,7.506470684947002,923,128.42950090858932,0.629832354742403,0.00026847425759450556,2.667833198560209,Medical Desert,#880e4f
29,3,9.190400898311175,7.511018958925803,1019,136.21148758695608,0.7267957060665954,0.0002963979073551475,2.9424370009161906,Medical Desert,#880e4f
29,4,9.190400898311175,7.515567232904604,931,144.77813112622727,0.833535861440622,0.0002708012284078924,2.685440030558909,Medical Desert,#880e4f
29,5,9.190400898311175,7.520115506883405,1232,154.24813440095033,0.9515318555896303,0.0003583535052615719,3.5494365750338597,Medical Desert,#880e4f
29,6,9.190400898311175,7.524663780862206,1820,164.7590676470538,1.082497810070159,0.0005293858600455039,5.2365526970369025,Medical Desert,#880e4f
29,7,9.190400898311175,7.529212054841007,1855,176.46374358425845,1.2283377673897964,0.0005395663573540713,5.329386600065618,Medical Desert,#880e4f
29,8,9.190400898311175,7.533760328819808,2428,189.51670970815937,1.3909773853183398,0.000706235641862903,6.964120637975323,Medical Desert,#880e4f
29,9,9.190400898311175,7.538308602798609,2275,204.04385487281877,1.5719852356985258,0.0006617323250568799,6.5132999060714125,Medical Desert,#880e4f
29,10,9.190400898311175,7.54285687677741,2153,220.09981351894277,1.7720420622385533,0.0006262460201527307,6.151486772625294,Medical Desert,#880e4f
29,11,9.190400898311175,7.5474051507562105,2982,237.66141700530986,1.9908591842722485,0.000867378370689941,8.501100887346693,Medical Desert,#880e4f
29,12,9.190400898311175,7.551953424735012,3077,256.7348507039527,2.2285136713740363,0.0008950111490989097,8.750657032809187,Medical Desert,#880e4f
29,13,9.190400898311175,7.556501698713813,3724,277.51461563744283,2.4874290012192173,0.0010832049136315696,10.562609604672666,Medical Desert,#880e4f
29,14,9.190400898311175,7.561049972692614,4780,300.3617523983215,2.7721037301872564,0.0013903650609986312,13.51822699279468,Medical Desert,#880e4f
29,15,9.190400898311175,7.5655982466714145,5829,325.55208544854247,3.085974623890021,0.0016954891089039793,16.431667452523836,Medical Desert,#880e4f
29,16,9.190400898311175,7.570146520650216,4506,352.76383542213955,3.425032319808583,0.0013106663106401322,12.65775565895865,Medical Desert,#880e4f
29,17,9.190400898311175,7.574694794629017,3819,379.835722798173,3.762347331404338,0.001110837692040538,10.690441197778174,Medical Desert,#880e4f
29,18,9.190400898311175,7.579243068607818,4285,402.75931765854716,4.0479747263006765,0.001246383741920321,11.959304430546656,Medical Desert,#880e4f
29,19,9.190400898311175,7.583791342586618,3937,421.6123194753907,4.2828826378965745,0.001145160511537994,10.961146308132856,Medical Desert,#880e4f
29,20,9.190400898311175,7.5883396165654196,3554,442.1320388323076,4.538557806630755,0.0010337567838470995,9.86839134632232,Medical Desert,#880e4f
29,21,9.190400898311175,7.592887890544221,3196,464.4992698441899,4.81725292246584,0.0009296248399480387,8.848424601776735,Medical Desert,#880e4f
29,22,9.190400898311175,7.597436164523022,3064,449.2375099749138,4.627091791999775,0.0008912298215271561,8.499917996074188,Medical Desert,#880e4f
29,23,9.190400898311175,7.601984438501822,2883,398.2946044712987,3.9923445162746964,0.000838582106874279,8.051030201160229,Medical Desert,#880e4f
29,24,9.190400898311175,7.6065327124806235,2345,354.24063382189524,3.4434331894051073,0.0006820933196740146,6.586058919216445,Medical Desert,#880e4f
29,25,9.190400898311175,7.611080986459425,2926,319.24312888268025,3.0073651894013524,0.0008510895749962332,8.254942033871727,Medical Desert,#880e4f
29,26,9.190400898311175,7.615629260438226,2610,289.9408569739217,2.642259644620046,0.0007591742278674535,7.3911487361215595,Medical Desert,#880e4f
29,27,9.190400898311175,7.620177534417027,2328,264.6373075511092,2.326978077863604,0.0006771485066955677,6.613914093901811,Medical Desert,#880e4f
29,28,9.190400898311175,7.624725808395827,1425,242.4494536053295,2.0505179956001336,0.0004144916761345292,4.05992449725126,Medical Desert,#880e4f
29,29,9.190400898311175,7.629274082374629,1836,222.79160952353524,1.8055817703457298,0.0005340398016722775,5.243972763668924,Medical Desert,#880e4f
29,30,9.190400898311175,7.63382235635343,2041,205.2281738433842,1.5867418192252074,0.0005936684287653151,5.842484435385586,Medical Desert,#880e4f
29,31,9.190400898311175,7.638370630332231,1714,189.45078014023483,1.39015590461919,0.0004985534967681284,4.916228258951208,Medical Desert,#880e4f
29,32,9.190400898311175,7.642918904311031,1247,175.2560882563464,1.2132904134583906,0.0003627165755366722,3.5831577009766122,Medical Desert,#880e4f
29,33,9.190400898311175,7.6474671782898325,1246,162.4975098764794,1.0543188591529382,0.0003624257041849988,3.586045816353585,Medical Desert,#880e4f
29,34,9.190400898311175,7.652015452268634,1274,151.04320860590343,0.9115985636582798,0.0003705701020318527,3.6719199030438334,Medical Desert,#880e4f
29,35,9.190400898311175,7.656563726247435,991,140.76067778740335,0.7834784974767597,0.0002882535095082936,2.85995105243074,Medical Desert,#880e4f
29,36,9.190400898311175,7.661112000226235,1027,131.51898855150915,0.6683272903049319,0.00029872487816853436,2.967284182848039,Medical Desert,#880e4f
29,37,9.190400898311175,7.665660274205036,647,123.1949763542216,0.5646103151324878,0.0001881937645326599,1.8713120312567235,Medical Desert,#880e4f
29,38,9.190400898311175,7.670208548183838,772,115.67730322721653,0.470940303773998,0.00022455268349182912,2.2349517440206004,Medical Desert,#880e4f
29,39,9.190400898311175,7.674756822162639,742,108.86779649401623,0.38609402723753805,0.00021582654294162852,2.1499324955013766,Medical Desert,#880e4f
30,0,9.194892454186132,7.4973741369894,477,111.00031003354786,0.41266509039702925,0.00013874563474818976,1.3817307994913421,Medical Desert,#880e4f
30,1,9.194892454186132,7.501922410968201,807,117.03551868918525,0.48786363305428704,0.0002347331808003965,2.335880029765598,Medical Desert,#880e4f
30,2,9.194892454186132,7.506470684947002,742,123.59302833528527,0.5695700324489493,0.00021582654294162852,2.1459725963096243,Medical Desert,#880e4f
30,3,9.194892454186132,7.511018958925803,868,130.7383157693055,0.6586001277719405,0.0002524763332524711,2.5081352379907638,Medical Desert,#880e4f
30,4,9.194892454186132,7.515567232904604,983,138.54644340999872,0.7558891948058575,0.0002859265386949068,2.8376525088382962,Medical Desert,#880e4f
30,5,9.194892454186132,7.520115506883405,1186,147.10212403783825,0.8624927525889838,0.0003449734230845976,3.4199805231213487,Medical Desert,#880e4f
30,6,9.194892454186132,7.524663780862206,1499,156.49817991325236,0.9795673640686234,0.00043601615615835736,4.317450841905636,Medical Desert,#880e4f
30,7,9.194892454186132,7.529212054841007,1485,166.8310298190675,1.1083144047674873,0.0004319439572349304,4.2715666013637295,Medical Desert,#880e4f
30,8,9.194892454186132,7.533760328819808,1588,178.19177078498407,1.2498689413029447,0.00046190370645728584,4.561305154915491,Medical Desert,#880e4f
30,9,9.194892454186132,7.538308602798609,2086,190.6535631572266,1.4051425496834324,0.000606757639590616,5.982318298232734,Medical Desert,#880e4f
30,10,9.194892454186132,7.54285687677741,2364,204.2633749098641,1.57472044964253,0.0006876198753558083,6.76791784562774,Medical Desert,#880e4f
30,11,9.194892454186132,7.5474051507562105,2684,219.05718732307722,1.759050966994127,0.0007806987078912816,7.669658197208094,Medical Desert,#880e4f
30,12,9.194892454186132,7.551953424735012,1923,235.11561775912665,1.9591385919722457,0.0005593456092678594,5.483872535741905,Medical Desert,#880e4f
30,13,9.194892454186132,7.556501698713813,3947,252.65059505093396,2.177623952315227,0.0011480692250547275,11.230685946207759,Medical Desert,#880e4f
30,14,9.194892454186132,7.561049972692614,4246,272.12471713958763,2.4202710063202906,0.0012350397592050602,12.051484499964921,Medical Desert,#880e4f
30,15,9.194892454186132,7.5655982466714145,4256,294.52798315365,2.6994151173439778,0.0012379484727217938,12.045311045042128,Medical Desert,#880e4f
30,16,9.194892454186132,7.570146520650216,4312,321.8484286362177,3.0398271564732493,0.0012542372684155015,12.161106233235989,Medical Desert,#880e4f
30,17,9.194892454186132,7.574694794629017,4928,353.52013019766696,3.4344557330133334,0.0014334140210462876,13.841840510226463,Medical Desert,#880e4f
30,18,9.194892454186132,7.579243068607818,3284,368.87424396326975,3.6257675906221953,0.0009552215188952938,9.205874066445393,Medical Desert,#880e4f
30,19,9.194892454186132,7.583791342586618,3389,367.2336081325172,3.605325310902731,0.000985763010820996,9.502230474863497,Medical Desert,#880e4f
30,20,9.194892454186132,7.5883396165654196,3635,367.5193230774968,3.6088853116754955,0.001057317363332641,10.191599923095348,Medical Desert,#880e4f
30,21,9.194892454186132,7.592887890544221,2783,366.1549640978012,3.5918854343243427,0.0008094949717069437,7.80418839726614,Medical Desert,#880e4f
30,22,9.194892454186132,7.597436164523022,3198,354.45860468655525,3.4461491007015397,0.0009302065826513854,8.98150276868678,Medical Desert,#880e4f
30,23,9.194892454186132,7.601984438501822,2313,332.3403522778234,3.170556251776857,0.0006727854364204673,6.5145439570499395,Medical Desert,#880e4f
30,24,9.194892454186132,7.6065327124806235,2748,307.3478020368513,2.8591497267259163,0.0007993144743983762,7.764608767879344,Medical Desert,#880e4f
30,25,9.194892454186132,7.611080986459425,2050,283.62766080728665,2.563597384816171,0.0005962862709303753,5.809998916827863,Medical Desert,#880e4f
30,26,9.194892454186132,7.615629260438226,1593,262.04290953466426,2.294651946151935,0.0004633580632156526,4.527256084004227,Medical Desert,#880e4f
30,27,9.194892454186132,7.620177534417027,1840,242.5533176073744,2.0518121383603893,0.000535203287078971,5.242219210697809,Medical Desert,#880e4f
30,28,9.194892454186132,7.624725808395827,1729,224.91509870601615,1.8320403902514155,0.0005029165670432287,4.937029324057309,Medical Desert,#880e4f
30,29,9.194892454186132,7.629274082374629,1456,208.79875994761477,1.6312312290850621,0.00042350868803640315,4.16600282059265,Medical Desert,#880e4f
30,30,9.194892454186132,7.63382235635343,1638,193.89464995759786,1.445526406799281,0.0004764472740409535,4.695601028802162,Medical Desert,#880e4f
30,31,9.194892454186132,7.638370630332231,1330,180.05338797104596,1.2730646429539219,0.00038685889772556057,3.8193393388049515,Medical Desert,#880e4f
30,32,9.194892454186132,7.642918904311031,1635,167.2894955980973,1.1140268764330792,0.00047557465998593346,4.702766304561849,Medical Desert,#880e4f
30,33,9.194892454186132,7.6474671782898325,1120,155.64733496521558,0.9689658581770431,0.00032577591387415624,3.226192564945514,Medical Desert,#880e4f
30,34,9.194892454186132,7.652015452268634,1117,145.11037827570271,0.8376756522694352,0.0003249032998191362,3.2218166398313133,Medical Desert,#880e4f
30,35,9.194892454186132,7.656563726247435,1011,135.60312895216555,0.7192155733223073,0.0002940709365417607,2.9195593256953765,Medical Desert,#880e4f
30,36,9.194892454186132,7.661112000226235,740,127.02339910486609,0.612312362891092,0.00021524480023828182,2.139268297159426,Medical Desert,#880e4f
30,37,9.194892454186132,7.665660274205036,861,119.26595634121627,0.5156548281050063,0.00025044023379075764,2.4914882663369813,Medical Desert,#880e4f
30,38,9.194892454186132,7.670208548183838,807,112.23338834770541,0.42802921407489125,0.0002347331808003965,2.3372845421144355,Medical Desert,#880e4f
30,39,9.194892454186132,7.674756822162639,632,105.83946623561759,0.3483611110932488,0.0001838306942575596,1.831902996085135,Medical Desert,#880e4f
31,0,9.199384010061086,7.4973741369894,690,107.18961655425295,0.36518394889766737,0.00020070123265461412,1.999683039677197,Medical Desert,#880e4f
31,1,9.199384010061086,7.501922410968201,731,112.77551168868028,0.4347840567833889,0.00021262695807322164,2.1170248995909575,Medical Desert,#880e4f
31,2,9.199384010061086,7.506470684947002,589,118.81176522376249,0.5099956186113144,0.00017132322613560538,1.7044948518865024,Medical Desert,#880e4f
31,3,9.199384010061086,7.511018958925803,1000,125.34769046460154,0.5914330768786086,0.0002908713516733538,2.891510422883937,Medical Desert,#880e4f
31,4,9.199384010061086,7.515567232904604,594,132.43778723869536,0.6797754980164029,0.00017277758289397215,1.7160308321939395,Medical Desert,#880e4f
31,5,9.199384010061086,7.520115506883405,1164,140.1409372502627,0.7757565465256405,0.00033857425334778385,3.359477414125881,Medical Desert,#880e4f
31,6,9.199384010061086,7.524663780862206,1088,148.51848029662187,0.8801405146832616,0.00031646803062060895,3.136826672670967,Medical Desert,#880e4f
31,7,9.199384010061086,7.529212054841007,1070,157.63080025650962,0.9936797840455783,0.00031123234629048857,3.0813969338398923,Medical Desert,#880e4f
31,8,9.199384010061086,7.533760328819808,1496,167.53263724290122,1.1170564149945117,0.0004351435421033373,4.302827432518376,Medical Desert,#880e4f
31,9,9.199384010061086,7.538308602798609,1518,178.26912691706826,1.2508327966939097,0.00044154271184015107,4.360197507890427,Medical Desert,#880e4f
31,10,9.199384010061086,7.54285687677741,2279,189.87795424420037,1.395478482828499,0.0006628958104635734,6.536452420649827,Medical Desert,#880e4f
31,11,9.199384010061086,7.5474051507562105,2371,202.40687084357822,1.551588457330787,0.0006896559748175219,6.789553523169611,Medical Desert,#880e4f
31,12,9.199384010061086,7.551953424735012,2131,215.95909713077407,1.7204488438903427,0.0006198468504159169,6.091827024440455,Medical Desert,#880e4f
31,13,9.199384010061086,7.556501698713813,2383,230.79497839842583,1.9053035380725274,0.0006931464310376022,6.799398875630193,Medical Desert,#880e4f
31,14,9.199384010061086,7.561049972692614,3107,247.61291083291408,2.1148545381693378,0.0009037372896491103,8.846245605658375,Medical Desert,#880e4f
31,15,9.199384010061086,7.5655982466714145,4667,268.6058061971864,2.376425467630907,0.001357496598259542,13.252367033762791,Medical Desert,#880e4f
31,16,9.199384010061086,7.570146520650216,3600,303.0487594904353,2.80558376856968,0.0010471368660240736,10.17758564076193,Medical Desert,#880e4f
31,17,9.199384010061086,7.574694794629017,3953,414.89773012836974,4.199219029519708,0.0011498144531647675,11.015312258433047,Medical Desert,#880e4f
31,18,9.199384010061086,7.579243068607818,3913,425.30879774800877,4.328940660895572,0.0011381795990978334,10.889084796384692,Medical Desert,#880e4f
31,19,9.199384010061086,7.583791342586618,3280,333.5401311385927,3.185505465132813,0.0009540580334886005,9.236664626912825,Medical Desert,#880e4f
31,20,9.199384010061086,7.5883396165654196,2864,316.7791346287783,2.9766638851744953,0.0008330555511924853,8.082582874566974,Medical Desert,#880e4f
31,21,9.199384010061086,7.592887890544221,3029,309.0131918214096,2.8799004400650627,0.0008810493242185887,8.556759808532274,Medical Desert,#880e4f
31,22,9.199384010061086,7.597436164523022,3038,299.2436823784939,2.758172606861259,0.0008836671663836488,8.59294100664628,Medical Desert,#880e4f
31,23,9.199384010061086,7.601984438501822,2828,285.64357913669943,2.5887156746943996,0.0008225841825322445,8.012898168614756,Medical Desert,#880e4f
31,24,9.199384010061086,7.6065327124806235,1810,269.7705504865864,2.390938151140106,0.0005264771465287704,5.138894035753802,Medical Desert,#880e4f
31,25,9.199384010061086,7.611080986459425,1897,253.46900737658538,2.1878213485766205,0.0005517829541243521,5.397109288562128,Medical Desert,#880e4f
31,26,9.199384010061086,7.615629260438226,1875,237.79782345384507,1.9925588050681793,0.0005453837843875384,5.3451669177031045,Medical Desert,#880e4f
31,27,9.199384010061086,7.620177534417027,2313,223.20419544428216,1.810722580172096,0.0006727854364204673,6.606031586070925,Medical Desert,#880e4f
31,28,9.199384010061086,7.624725808395827,1874,209.71012733738596,1.6425868430242958,0.0005450929130358651,5.361392885640801,Medical Desert,#880e4f
31,29,9.199384010061086,7.629274082374629,1352,196.9300054002462,1.4833468565563448,0.00039325806746237435,3.8742468628051703,Medical Desert,#880e4f
31,30,9.199384010061086,7.63382235635343,1481,184.33545984132283,1.3264191469274802,0.000430780471828237,4.250665171686827,Medical Desert,#880e4f
31,31,9.199384010061086,7.638370630332231,1473,171.8838764185814,1.1712727417918756,0.00042845350101485013,4.234351419462102,Medical Desert,#880e4f
31,32,9.199384010061086,7.642918904311031,1275,160.03413447594366,1.0236252658229057,0.0003708609733835261,3.670647467588956,Medical Desert,#880e4f
31,33,9.199384010061086,7.6474671782898325,1192,149.1560624180036,0.8880847713093258,0.00034671865119463775,3.4363949565408904,Medical Desert,#880e4f
31,34,9.199384010061086,7.652015452268634,1032,139.33213308457943,0.7656788676871978,0.0003001792349269011,2.978808259598807,Medical Desert,#880e4f
31,35,9.199384010061086,7.656563726247435,949,130.48870381812648,0.6554899693615989,0.00027603691273801273,2.7422751846327964,Medical Desert,#880e4f
31,36,9.199384010061086,7.661112000226235,677,122.51095023453318,0.5560873674971943,0.0001969199050828605,1.9582485836660724,Medical Desert,#880e4f
31,37,9.199384010061086,7.665660274205036,821,115.28792176858411,0.4660886209411992,0.00023880537972382346,2.3769233502273535,Medical Desert,#880e4f
31,38,9.199384010061086,7.670208548183838,678,108.72361498138937,0.38429752934553374,0.00019721077643453387,1.9645290029309284,Medical Desert,#880e4f
31,39,9.199384010061086,7.674756822162639,630,102.73712890239334,0.3097060687242076,0.0001832489515542129,1.82681418430376,Medical Desert,#880e4f
32,0,9.203875565936041,7.4973741369894,632,103.42257818154944,0.3182467488894012,0.0001838306942575596,1.8324565904962409,Medical Desert,#880e4f
32,1,9.203875565936041,7.501922410968201,745,108.57741789466343,0.3824759174527521,0.00021669915699664858,2.1587033490781327,Medical Desert,#880e4f
32,2,9.203875565936041,7.506470684947002,871,114.1170053755329,0.4514990331812636,0.00025334894730749116,2.5220507925982294,Medical Desert,#880e4f
32,3,9.203875565936041,7.511018958925803,537,120.07740283428627,0.5257654302738658,0.00015619791584859098,1.5537668120425083,Medical Desert,#880e4f
32,4,9.203875565936041,7.515567232904604,1236,126.4969452664049,0.6057527617757897,0.0003595169906682653,3.573392065682391,Medical Desert,#880e4f
32,5,9.203875565936041,7.520115506883405,738,133.41519920291353,0.691954025633061,0.0002146630575349351,2.131776878667751,Medical Desert,#880e4f
32,6,9.203875565936041,7.524663780862206,1061,140.8712723694537,0.7848565030885799,0.0003086145041254284,3.061923231203254,Medical Desert,#880e4f
32,7,9.203875565936041,7.529212054841007,1692,148.90153968577778,0.8849134246950465,0.0004921543270313146,4.87799187321197,Medical Desert,#880e4f
32,8,9.203875565936041,7.533760328819808,1697,157.53739116789302,0.9925159092343323,0.0004936086837896814,4.887095390737066,Medical Desert,#880e4f
32,9,9.203875565936041,7.538308602798609,2087,166.80469860767369,1.1079863185593384,0.0006070485109422894,6.003224964940306,Medical Desert,#880e4f
32,10,9.203875565936041,7.54285687677741,2457,176.72843859445882,1.2316358603226933,0.0007146709110614303,7.058687678375028,Medical Desert,#880e4f
32,11,9.203875565936041,7.5474051507562105,2145,187.34851649051325,1.3639617542988487,0.0006239190493393439,6.154090321285704,Medical Desert,#880e4f
32,12,9.203875565936041,7.551953424735012,3188,198.7589734591209,1.506135750932943,0.0009272978691346519,9.133315044099756,Medical Desert,#880e4f
32,13,9.203875565936041,7.556501698713813,2710,211.20603785691125,1.6612258491353584,0.0007882613630347888,7.751665615133081,Medical Desert,#880e4f
32,14,9.203875565936041,7.561049972692614,2891,225.37726928775163,1.8377990236622264,0.0008409090776876658,8.254548588680349,Medical Desert,#880e4f
32,15,9.203875565936041,7.5655982466714145,3156,243.47672624770775,2.063317785968004,0.0009179899858811046,8.990489352290146,Medical Desert,#880e4f
32,16,9.203875565936041,7.570146520650216,2859,274.8292499595232,2.4539694148149014,0.0008316011944341185,8.111939554694699,Medical Desert,#880e4f
32,17,9.203875565936041,7.574694794629017,2910,383.4821606814954,3.8077818524560545,0.0008464356333694595,8.142052109292958,Medical Desert,#880e4f
32,18,9.203875565936041,7.579243068607818,2527,390.7161015663415,3.897916567467284,0.000735031905678565,7.0638097525094965,Medical Desert,#880e4f
32,19,9.203875565936041,7.583791342586618,2754,295.97211872304416,2.717409008924928,0.0008010597025084164,7.7929163398558545,Medical Desert,#880e4f
32,20,9.203875565936041,7.5883396165654196,2309,276.84523183191936,2.479088496437048,0.0006716219510137739,6.549718484866454,Medical Desert,#880e4f
32,21,9.203875565936041,7.592887890544221,2131,268.2371536693462,2.371832066735877,0.0006198468504159169,6.051451240530998,Medical Desert,#880e4f
32,22,9.203875565936041,7.597436164523022,2669,260.17420234142696,2.2713679031962175,0.0007763356376161813,7.587021991222937,Medical Desert,#880e4f
32,23,9.203875565936041,7.601984438501822,2318,250.59845014066786,2.152054280183118,0.0006742397931788341,6.597297868510312,Medical Desert,#880e4f
32,24,9.203875565936041,7.6065327124806235,1762,239.68085148159213,2.0160212852488906,0.0005125153216484494,5.021829036738548,Medical Desert,#880e4f
32,25,9.203875565936041,7.611080986459425,2665,228.23194181277614,1.8733681689717328,0.0007751721522094878,7.606503238552621,Medical Desert,#880e4f
32,26,9.203875565936041,7.615629260438226,1704,217.05560729989296,1.7341113320380526,0.0004956447832513949,4.87049750898377,Medical Desert,#880e4f
32,27,9.203875565936041,7.620177534417027,1809,206.7846478956496,1.6061354453767842,0.000526186275177097,5.1773501090276985,Medical Desert,#880e4f
32,28,9.203875565936041,7.624725808395827,1934,197.68911348081656,1.4928053234686558,0.0005625451941362662,5.541474895312829,Medical Desert,#880e4f
32,29,9.203875565936041,7.629274082374629,1338,188.90022433282064,1.383295993598489,0.00038918586853894737,3.838022760117966,Medical Desert,#880e4f
32,30,9.203875565936041,7.63382235635343,829,178.27650890004924,1.2509247760095825,0.0002411323505372103,2.3811596622136606,Medical Desert,#880e4f
32,31,9.203875565936041,7.638370630332231,1474,165.8391976955459,1.095956202341493,0.0004287443723665235,4.240455218253825,Medical Desert,#880e4f
32,32,9.203875565936041,7.642918904311031,1587,153.78893640132554,0.9458102604744957,0.00046161283510561245,4.5724685354751635,Medical Desert,#880e4f
32,33,9.203875565936041,7.6474671782898325,1137,143.1077111541572,0.8127224720960939,0.0003307207268526033,3.2803288518559266,Medical Desert,#880e4f
32,34,9.203875565936041,7.652015452268634,709,133.74228320427588,0.6960294837708634,0.00020622778833640783,2.0479238212585784,Medical Desert,#880e4f
32,35,9.203875565936041,7.656563726247435,976,125.44555352474,0.5926524480590099,0.0002838904392331933,2.822079555952723,Medical Desert,#880e4f
32,36,9.203875565936041,7.661112000226235,770,118.0113389011122,0.5000223274788549,0.00022397094078848242,2.2285103607747554,Medical Desert,#880e4f
32,37,9.203875565936041,7.665660274205036,728,111.29108947629611,0.4162881946800821,0.00021175434401820157,2.1087283568233155,Medical Desert,#880e4f
32,38,9.203875565936041,7.670208548183838,539,105.17698544262237,0.3401066176673866,0.00015677965855193768,1.5624644055804622,Medical Desert,#880e4f
32,39,9.203875565936041,7.674756822162639,418,99.5874992116771,0.2704617648125847,0.00012158422499946189,1.2125538615879463,Medical Desert,#880e4f
33,0,9.208367121810996,7.4973741369894,482,99.71823352214501,0.27209071091593207,0.00014019999150655652,1.3981852035296225,Medical Desert,#880e4f
33,1,9.208367121810996,7.501922410968201,571,104.46350806681794,0.3312167081479698,0.000166087541805485,1.6553743211687302,Medical Desert,#880e4f
33,2,9.208367121810996,7.506470684947002,727,109.53468242117212,0.39440340852030675,0.0002114634726665282,2.1062945352255604,Medical Desert,#880e4f
33,3,9.208367121810996,7.511018958925803,602,114.95718169047932,0.46196760818241134,0.000175104553707359,1.7429562738877864,Medical Desert,#880e4f
33,4,9.208367121810996,7.515567232904604,695,120.75682344066783,0.5342309933333103,0.00020215558941298088,2.0107561159958114,Medical Desert,#880e4f
33,5,9.208367121810996,7.520115506883405,975,126.95879240885711,0.6115073651415548,0.00028359956788151996,2.8186533563641487,Medical Desert,#880e4f
33,6,9.208367121810996,7.524663780862206,1226,133.58626839450233,0.6940855433046192,0.00035660827715153177,3.5413311065359534,Medical Desert,#880e4f
33,7,9.208367121810996,7.529212054841007,1368,140.6588887882761,0.7822102091988127,0.000397912009089148,3.9479950073042462,Medical Desert,#880e4f
33,8,9.208367121810996,7.533760328819808,1313,148.19158553013003,0.8760674144070169,0.00038191408474711353,3.7856825989961327,Medical Desert,#880e4f
33,9,9.208367121810996,7.538308602798609,1621,156.1949406451855,0.9757890106866272,0.00047150246106250653,4.669015918623416,Medical Desert,#880e4f
33,10,9.208367121810996,7.54285687677741,1921,164.67913156281782,1.0815018085425798,0.0005587638665645126,5.5272082524213495,Medical Desert,#880e4f
33,11,9.208367121810996,7.5474051507562105,1971,173.6651484881654,1.1934673453841933,0.0005733074341481803,5.664651971329618,Medical Desert,#880e4f
33,12,9.208367121810996,7.551953424735012,1629,183.2108908096858,1.31240704608361,0.00047382943187589333,4.676108610255362,Medical Desert,#880e4f
33,13,9.208367121810996,7.556501698713813,2552,193.47119059061507,1.4402501141160235,0.0007423036894703989,7.316126597357139,Medical Desert,#880e4f
33,14,9.208367121810996,7.561049972692614,2723,204.8429457264666,1.5819418869219979,0.0007920426906065424,7.795130355215335,Medical Desert,#880e4f
33,15,9.208367121810996,7.5655982466714145,2738,218.3164529598516,1.749821436121373,0.0007964057608816427,7.824700821592301,Medical Desert,#880e4f
33,16,9.208367121810996,7.570146520650216,2985,236.00922785177522,1.9702729504518357,0.0008682509847449611,8.511440704504995,Medical Desert,#880e4f
33,17,9.208367121810996,7.574694794629017,2863,257.6171628017088,2.2395072571315313,0.000832764679840812,8.141148544009488,Medical Desert,#880e4f
33,18,9.208367121810996,7.579243068607818,2688,262.79538936382113,2.304027825224272,0.000781862193297975,7.638478708094809,Medical Desert,#880e4f
33,19,9.208367121810996,7.583791342586618,3024,251.16904902869845,2.1591639274662606,0.0008795949674602219,8.60603070215012,Medical Desert,#880e4f
33,20,9.208367121810996,7.5883396165654196,2104,242.3662171796642,2.0494808719043056,0.0006119933239207364,5.994506378096495,Medical Desert,#880e4f
33,21,9.208367121810996,7.592887890544221,2373,236.10052912824546,1.9714105619786377,0.0006902377175208686,6.766302982549019,Medical Desert,#880e4f
33,22,9.208367121810996,7.597436164523022,1937,229.93214419757933,1.8945526464032076,0.0005634178081912863,5.527435611958913,Medical Desert,#880e4f
33,23,9.208367121810996,7.601984438501822,1663,222.93186407821435,1.8073293384439864,0.00048371905783278735,4.749766613849305,Medical Desert,#880e4f
33,24,9.208367121810996,7.6065327124806235,2190,215.12309910169444,1.7100323302222684,0.0006370082601646448,6.2611521296964305,Medical Desert,#880e4f
33,25,9.208367121810996,7.611080986459425,1848,206.9978507253495,1.608791947081802,0.0005375302578923578,5.288825143902575,Medical Desert,#880e4f
33,26,9.208367121810996,7.615629260438226,1764,199.3077767047766,1.51297382507978,0.0005130970643517961,5.053340400709007,Medical Desert,#880e4f
33,27,9.208367121810996,7.620177534417027,1781,193.17054226599623,1.4365040438219063,0.0005180418773302431,5.106001848137032,Medical Desert,#880e4f
33,28,9.208367121810996,7.624725808395827,1651,190.40004906663356,1.4019837707176266,0.0004802286016127071,4.7349587455575275,Medical Desert,#880e4f
33,29,9.208367121810996,7.629274082374629,1192,191.1510281143968,1.4113409500928884,0.00034671865119463775,3.418252688887181,Medical Desert,#880e4f
33,30,9.208367121810996,7.63382235635343,792,182.18730726283525,1.2996532217499295,0.0002303701105252962,2.2737609796190528,Medical Desert,#880e4f
33,31,9.208367121810996,7.638370630332231,1089,163.56285831755622,1.0675930729808774,0.0003167589019722823,3.1337720587677587,Medical Desert,#880e4f
33,32,9.208367121810996,7.642918904311031,896,148.6344154922216,0.8815850642008063,0.000260620731099325,2.583231376597424,Medical Desert,#880e4f
33,33,9.208367121810996,7.6474671782898325,832,137.40618078630948,0.7416815522137694,0.00024200496459223037,2.4021005841440837,Medical Desert,#880e4f
33,34,9.208367121810996,7.652015452268634,1054,128.28697820884184,0.6280565256156706,0.0003065784046637149,3.0465291898709603,Medical Desert,#880e4f
33,35,9.208367121810996,7.656563726247435,714,120.4614138234557,0.5305501971970341,0.00020768214509477462,2.065802870644313,Medical Desert,#880e4f
33,36,9.208367121810996,7.661112000226235,652,113.53446711778457,0.4442406216624085,0.00018964812129102667,1.8880562729803234,Medical Desert,#880e4f
33,37,9.208367121810996,7.665660274205036,694,107.2949932376156,0.36649693962774343,0.00020186471806130755,2.0112489004742473,Medical Desert,#880e4f
33,38,9.208367121810996,7.670208548183838,559,101.61615760967173,0.2957387956135177,0.00016259708558540479,1.6211622292279182,Medical Desert,#880e4f
33,39,9.208367121810996,7.674756822162639,447,96.41322820731736,0.23091043077476717,0.00013001949419798913,1.297192656238454,Medical Desert,#880e4f
34,0,9.21285867768595,7.4973741369894,659,96.09287694085792,0.22691886233849537,0.00019168422075274016,1.9124925309972562,Medical Desert,#880e4f
34,1,9.21285867768595,7.501922410968201,476,100.45220630090358,0.28123599262233784,0.0001384547633965164,1.3806537876834528,Medical Desert,#880e4f
34,2,9.21285867768595,7.506470684947002,698,105.08534260480681,0.338964750295118,0.00020302820346800095,2.02340009425087,Medical Desert,#880e4f
34,3,9.21285867768595,7.511018958925803,774,110.00930481825934,0.40031719122608195,0.00022513442619517585,2.2423317438374837,Medical Desert,#880e4f
34,4,9.21285867768595,7.515567232904604,1007,115.24031562933723,0.46549544968612416,0.00029290745113506726,2.915439802782419,Medical Desert,#880e4f
34,5,9.21285867768595,7.520115506883405,790,120.79286649539797,0.5346800888564768,0.0002297883678219495,2.2855973517269725,Medical Desert,#880e4f
34,6,9.21285867768595,7.524663780862206,1067,126.67859138763328,0.6080160677151724,0.0003103597322354685,3.084726951957591,Medical Desert,#880e4f
34,7,9.21285867768595,7.529212054841007,1132,132.9051099043389,0.6855983262585174,0.0003292663700942365,3.270089253719383,Medical Desert,#880e4f
34,8,9.21285867768595,7.533760328819808,1032,139.47519596471122,0.7674614274474494,0.0003001792349269011,2.978754750856303,Medical Desert,#880e4f
34,9,9.21285867768595,7.538308602798609,1462,146.38690850749876,0.853581185709332,0.00042525391614644327,4.216240287267251,Medical Desert,#880e4f
34,10,9.21285867768595,7.54285687677741,1569,153.6356891207069,0.9439008033494392,0.00045637715077549213,4.52069403183019,Medical Desert,#880e4f
34,11,9.21285867768595,7.5474051507562105,1927,161.21993939817963,1.0384003642686994,0.0005605090946745528,5.54688766193693,Medical Desert,#880e4f
34,12,9.21285867768595,7.551953424735012,1890,169.15233350831355,1.137237788275225,0.0005497468546626387,5.434949256915607,Medical Desert,#880e4f
34,13,9.21285867768595,7.556501698713813,2086,177.47945348373446,1.2409934862822658,0.000606757639590616,5.992278168057765,Medical Desert,#880e4f
34,14,9.21285867768595,7.561049972692614,2758,186.30588063942437,1.3509705387505915,0.0008022231879151098,7.91385388991351,Medical Desert,#880e4f
34,15,9.21285867768595,7.5655982466714145,3098,195.7699568137345,1.4688926813828307,0.0009011194474840501,8.878829698694394,Medical Desert,#880e4f
34,16,9.21285867768595,7.570146520650216,2747,205.69666523267927,1.5925792097335794,0.0007990236030467029,7.8629851926371686,Medical Desert,#880e4f
34,17,9.21285867768595,7.574694794629017,2551,214.34732574709184,1.7003662144295761,0.0007420128181187256,7.293958828526979,Medical Desert,#880e4f
34,18,9.21285867768595,7.579243068607818,1862,218.1655547232643,1.7479412480237642,0.0005416024568157848,5.321355640727917,Medical Desert,#880e4f
34,19,9.21285867768595,7.583791342586618,1984,216.9085402007068,1.7322788798126771,0.0005770887617199339,5.670919749828869,Medical Desert,#880e4f
34,20,9.21285867768595,7.5883396165654196,2414,213.67834467174077,1.6920307276548658,0.0007021634429394761,6.902826217265809,Medical Desert,#880e4f
34,21,9.21285867768595,7.592887890544221,2255,209.85809449944296,1.6444305100095993,0.0006559148980234129,6.451288333206175,Medical Desert,#880e4f
34,22,9.21285867768595,7.597436164523022,1894,205.43640220227877,1.5893363391535544,0.0005509103400693321,5.421545218384558,Medical Desert,#880e4f
34,23,9.21285867768595,7.601984438501822,2098,200.3065895029695,1.5254190065303608,0.0006102480958106963,6.009392553702103,Medical Desert,#880e4f
34,24,9.21285867768595,7.6065327124806235,1446,194.62073664541106,1.4545734280179072,0.00042059997451966957,4.144820390520564,Medical Desert,#880e4f
34,25,9.21285867768595,7.611080986459425,1332,188.81329309521078,1.382212832642066,0.00038744064042890724,3.820853861780283,Medical Desert,#880e4f
34,26,9.21285867768595,7.615629260438226,1223,183.7014210803822,1.318519040480222,0.0003557356630965117,3.510452206448056,Medical Desert,#880e4f
34,27,9.21285867768595,7.620177534417027,1504,181.14347093770823,1.2866470483264243,0.0004374705129167241,4.318418114749826,Medical Desert,#880e4f
34,28,9.21285867768595,7.624725808395827,1257,187.75412320744516,1.369015603427459,0.00036562528905340573,3.6061982179618783,Medical Desert,#880e4f
34,29,9.21285867768595,7.629274082374629,1194,246.63639297161177,2.102687151051724,0.0003473003938979844,3.3999775313993945,Medical Desert,#880e4f
34,30,9.21285867768595,7.63382235635343,1181,239.0590373376554,2.008273497211101,0.00034351906632623083,3.366202639593341,Medical Desert,#880e4f
34,31,9.21285867768595,7.638370630332231,1090,165.0889030992042,1.0866075512131168,0.0003170497733239556,3.136046865459134,Medical Desert,#880e4f
34,32,9.21285867768595,7.642918904311031,692,143.59881576106906,0.8188416227069916,0.00020128297535796082,1.9963478657630676,Medical Desert,#880e4f
34,33,9.21285867768595,7.6474671782898325,863,131.65002167521178,0.6699599596134008,0.0002510219764941043,2.493402297617636,Medical Desert,#880e4f
34,34,9.21285867768595,7.652015452268634,907,122.82529111134471,0.5600040466349988,0.0002638203159677319,2.6234291152246736,Medical Desert,#880e4f
34,35,9.21285867768595,7.656563726247435,715,115.49565582058028,0.4686769818184668,0.00020797301644644796,2.0699829478996996,Medical Desert,#880e4f
34,36,9.21285867768595,7.661112000226235,646,109.07859639157131,0.38872058847061725,0.00018790289318098655,1.871724759488601,Medical Desert,#880e4f
34,37,9.21285867768595,7.665660274205036,776,103.31293740971518,0.3168806277280305,0.00022571616889852255,2.250009180856333,Medical Desert,#880e4f
34,38,9.21285867768595,7.670208548183838,452,98.05971331898178,0.2514255923820439,0.00013147385095635592,1.311432920477614,Medical Desert,#880e4f
34,39,9.21285867768595,7.674756822162639,464,93.23400127255468,0.19129734597321024,0.00013496430717643617,1.3470612403879652,Medical Desert,#880e4f
35,0,9.217350233560905,7.4973741369894,446,92.55994005307528,0.182898560734977,0.0001297286228463158,1.2949135106226857,Medical Desert,#880e4f
35,1,9.217350233560905,7.501922410968201,558,96.55812991503133,0.23271590227879882,0.00016230621423373142,1.6192850186282284,Medical Desert,#880e4f
35,2,9.217350233560905,7.506470684947002,540,100.78450542632363,0.285376431070067,0.00015707052990361105,1.5662228763110928,Medical Desert,#880e4f
35,3,9.217350233560905,7.511018958925803,671,105.24953350776087,0.34101056466943824,0.0001951746769728204,1.9450911070478365,Medical Desert,#880e4f
35,4,9.217350233560905,7.515567232904604,714,109.96215668147363,0.39972972666974416,0.00020768214509477462,2.0685197782384543,Medical Desert,#880e4f
35,5,9.217350233560905,7.520115506883405,979,114.92895747783137,0.46161593522794087,0.00028476305328821336,2.8344854165659332,Medical Desert,#880e4f
35,6,9.217350233560905,7.524663780862206,1050,120.15319777509264,0.5267098332621714,0.00030541491925702147,3.03806268845045,Medical Desert,#880e4f
35,7,9.217350233560905,7.529212054841007,1302,125.63383456384611,0.5949984249023369,0.00037871449987870667,3.7646115456955154,Medical Desert,#880e4f
35,8,9.217350233560905,7.533760328819808,1289,131.36469589123612,0.6664048077766095,0.00037493317230695303,3.724345996207501,Medical Desert,#880e4f
35,9,9.217350233560905,7.538308602798609,1194,137.33408119745437,0.740783193214528,0.0003473003938979844,3.447276509500203,Medical Desert,#880e4f
35,10,9.217350233560905,7.54285687677741,1483,143.52507573444055,0.81792282389582,0.0004313622145315837,4.2783400452526745,Medical Desert,#880e4f
35,11,9.217350233560905,7.5474051507562105,1623,149.91670808631974,0.8975623965249017,0.0004720842037658532,4.678469534729169,Medical Desert,#880e4f
35,12,9.217350233560905,7.551953424735012,1618,156.4853258029556,0.9794072021891217,0.00047062984700748647,4.660204643902436,Medical Desert,#880e4f
35,13,9.217350233560905,7.556501698713813,2247,163.20284450661643,1.0631073102734239,0.000653587927210026,6.466395861767917,Medical Desert,#880e4f
35,14,9.217350233560905,7.561049972692614,1765,170.01984781584775,1.148046993951976,0.0005133879357034695,5.074940009403137,Medical Desert,#880e4f
35,15,9.217350233560905,7.5655982466714145,1997,176.80000713581555,1.2325276024839364,0.0005808700892916876,5.737107051065944,Medical Desert,#880e4f
35,16,9.217350233560905,7.570146520650216,2038,183.15349934416207,1.3116919499179924,0.000592795814710295,5.850201597292894,Medical Desert,#880e4f
35,17,9.217350233560905,7.574694794629017,1397,188.25164594807268,1.375214723817288,0.0004063472782876753,4.007591306868323,Medical Desert,#880e4f
35,18,9.217350233560905,7.579243068607818,2021,191.14369255196073,1.4112495491759955,0.000587851001731848,5.795549571200807,Medical Desert,#880e4f
35,19,9.217350233560905,7.583791342586618,2478,191.67276035604314,1.4178417202348554,0.0007207792094465707,7.1055970110425815,Medical Desert,#880e4f
35,20,9.217350233560905,7.5883396165654196,2082,190.49844108529908,1.4032097327074977,0.0006055941541839226,5.970963980717061,Medical Desert,#880e4f
35,21,9.217350233560905,7.592887890544221,1710,188.22550220255232,1.3748889734290397,0.000497390011361435,4.905514509402892,Medical Desert,#880e4f
35,22,9.217350233560905,7.597436164523022,1302,185.12740550649372,1.3362867692886315,0.00037871449987870667,3.736537881234499,Medical Desert,#880e4f
35,23,9.217350233560905,7.601984438501822,1501,181.36053267695968,1.2893516319439455,0.00043659789886170403,4.309686167276977,Medical Desert,#880e4f
35,24,9.217350233560905,7.6065327124806235,1868,177.1490777852331,1.2368770136838463,0.000543347684925825,5.366271423065941,Medical Desert,#880e4f
35,25,9.217350233560905,7.611080986459425,1330,172.8887321306877,1.183793217792425,0.00038685889772556057,3.8227928833185882,Medical Desert,#880e4f
35,26,9.217350233560905,7.615629260438226,1179,169.32670123520046,1.1394104056106846,0.0003429373236228841,3.3902986007280216,Medical Desert,#880e4f
35,27,9.217350233560905,7.620177534417027,979,168.26093433395633,1.1261309777799602,0.00028476305328821336,2.8155624833186272,Medical Desert,#880e4f
35,28,9.217350233560905,7.624725808395827,1132,176.26673981176106,1.2258831055156043,0.0003292663700942365,3.252299492911068,Medical Desert,#880e4f
35,29,9.217350233560905,7.629274082374629,1012,236.4266752396392,1.975474334031859,0.00029436180789343405,2.885467659293071,Medical Desert,#880e4f
35,30,9.217350233560905,7.63382235635343,1125,230.0019072569292,1.895421892305671,0.00032723027063252303,3.210278764447031,Medical Desert,#880e4f
35,31,9.217350233560905,7.638370630332231,876,157.06087649156336,0.9865785487784823,0.00025480330406585795,2.522894693263654,Medical Desert,#880e4f
35,32,9.217350233560905,7.642918904311031,936,136.48360552407186,0.7301862884755219,0.00027225558516625915,2.7026761221376634,Medical Desert,#880e4f
35,33,9.217350233560905,7.6474671782898325,686,125.34050000136465,0.5913434838939584,0.0001995377472479207,1.9835779378166132,Medical Desert,#880e4f
35,34,9.217350233560905,7.652015452268634,871,117.2245322367595,0.4902187369340485,0.00025334894730749116,2.5210698329796464,Medical Desert,#880e4f
35,35,9.217350233560905,7.656563726247435,800,110.51714124993303,0.4066448199377177,0.00023269708133868305,2.31750830711273,Medical Desert,#880e4f
35,36,9.217350233560905,7.661112000226235,519,104.64581577453708,0.3334882574377958,0.0001509622315184706,1.5045879020319044,Medical Desert,#880e4f
35,37,9.217350233560905,7.665660274205036,524,99.3586728568558,0.26761059439148244,0.0001524165882768374,1.5200870533899853,Medical Desert,#880e4f
35,38,9.217350233560905,7.670208548183838,584,94.52517811007914,0.20738537573899998,0.00016986886937723862,1.6951658618421703,Medical Desert,#880e4f
35,39,9.217350233560905,7.674756822162639,459,90.06793744659176,0.1518482731644543,0.00013350995041806938,1.3330721786385682,Medical Desert,#880e4f
36,0,9.221841789435862,7.4973741369894,502,89.13005977369322,0.14016234178793557,0.0001460174185400236,1.4581275710677961,Medical Desert,#880e4f
36,1,9.221841789435862,7.501922410968201,506,92.7923347054504,0.18579419205066072,0.00014718090394671702,1.4690745037537636,Medical Desert,#880e4f
36,2,9.221841789435862,7.506470684947002,466,96.64320416620637,0.23377592523261087,0.00013554604987978287,1.3522917584756016,Medical Desert,#880e4f
36,3,9.221841789435862,7.511018958925803,623,100.68810309775863,0.2841752605670252,0.0001812128520924994,1.806978899978846,Medical Desert,#880e4f
36,4,9.221841789435862,7.515567232904604,819,104.93052607460554,0.3370357403611343,0.00023822363702047676,2.3742073822172958,Medical Desert,#880e4f
36,5,9.221841789435862,7.520115506883405,1051,109.37128514533735,0.3923674827192223,0.00030570579060869486,3.045063004935566,Medical Desert,#880e4f
36,6,9.221841789435862,7.524663780862206,1068,114.00766748425963,0.45013668590379413,0.00031065060358714184,3.092522512554145,Medical Desert,#880e4f
36,7,9.221841789435862,7.529212054841007,1034,118.83254108932005,0.5102544853550369,0.0003007609776302478,2.9922633125169185,Medical Desert,#880e4f
36,8,9.221841789435862,7.533760328819808,1212,123.83347514886587,0.5725659934835281,0.0003525360782281048,3.505175765294102,Medical Desert,#880e4f
36,9,9.221841789435862,7.538308602798609,1339,128.9919260544378,0.6368401574108487,0.00038947673989062076,3.869963956072227,Medical Desert,#880e4f
36,10,9.221841789435862,7.54285687677741,1577,134.2824330005736,0.7027597361640864,0.00045870412158887893,4.554805337142271,Medical Desert,#880e4f
36,11,9.221841789435862,7.5474051507562105,1523,139.67144758410316,0.7699067175135378,0.00044299706859851786,4.395864044089898,Medical Desert,#880e4f
36,12,9.221841789435862,7.551953424735012,1937,145.11463125528869,0.8377286442843042,0.0005634178081912863,5.5869789582506915,Medical Desert,#880e4f
36,13,9.221841789435862,7.556501698713813,1644,150.5497247286037,0.9054497674003197,0.00047819250215099364,4.738627092525418,Medical Desert,#880e4f
36,14,9.221841789435862,7.561049972692614,1862,155.87915373793652,0.971854314047235,0.0005416024568157848,5.363388699742348,Medical Desert,#880e4f
36,15,9.221841789435862,7.5655982466714145,1939,160.93519146231645,1.034852412404339,0.000563999550894633,5.581629879362502,Medical Desert,#880e4f
36,16,9.221841789435862,7.570146520650216,1721,165.4348724390273,1.090918320176256,0.0005005895962298419,4.951285726156742,Medical Desert,#880e4f
36,17,9.221841789435862,7.574694794629017,1835,168.98419733373356,1.1351428159192034,0.0005337489303206042,5.2769011768302425,Medical Desert,#880e4f
36,18,9.221841789435862,7.579243068607818,1841,171.22596903612103,1.1630752329421594,0.0005354941584306443,5.292659585000854,Medical Desert,#880e4f
36,19,9.221841789435862,7.583791342586618,1887,172.0575969805873,1.173437295469774,0.0005488742406076187,5.424335455631024,Medical Desert,#880e4f
36,20,9.221841789435862,7.5883396165654196,1540,171.64617763845288,1.1683110211825352,0.00044794188157696484,4.427085272060087,Medical Desert,#880e4f
36,21,9.221841789435862,7.592887890544221,1634,170.23961992701578,1.1507853487329838,0.0004752837886342601,4.6981429242975405,Medical Desert,#880e4f
36,22,9.221841789435862,7.597436164523022,1419,168.04373469062804,1.1234246758812336,0.00041274644802448906,4.081095525785586,Medical Desert,#880e4f
36,23,9.221841789435862,7.601984438501822,1236,165.2368547864126,1.08845102538221,0.0003595169906682653,3.5560382429691324,Medical Desert,#880e4f
36,24,9.221841789435862,7.6065327124806235,1695,162.03067912266422,1.0485021601193931,0.0004930269410863347,4.878575429590739,Medical Desert,#880e4f
36,25,9.221841789435862,7.611080986459425,1140,158.73347902167322,1.0074191327393396,0.00033159334090762335,3.2825280614843035,Medical Desert,#880e4f
36,26,9.221841789435862,7.615629260438226,1354,155.84910295719254,0.9714798821018624,0.000393839810165721,3.9001373564225292,Medical Desert,#880e4f
36,27,9.221841789435862,7.620177534417027,1023,154.3051900389266,0.9522427673527536,0.00029756139276184096,2.947278859208322,Medical Desert,#880e4f
36,28,9.221841789435862,7.624725808395827,1031,155.80217559108314,0.9708951683424012,0.00029988836357522776,2.969767619428548,Medical Desert,#880e4f
36,29,9.221841789435862,7.629274082374629,857,160.44117724451112,1.028697008117492,0.0002492767483840642,2.4671244593150474,Medical Desert,#880e4f
36,30,9.221841789435862,7.63382235635343,791,154.97319066819654,0.9605660377948297,0.00023007923917362286,2.278691761421043,Medical Desert,#880e4f
36,31,9.221841789435862,7.638370630332231,765,139.46257717902648,0.7673041977064843,0.00022251658403011566,2.208092049402595,Medical Desert,#880e4f
36,32,9.221841789435862,7.642918904311031,784,127.28912751045831,0.6156233319036558,0.00022804313971190937,2.266392529370372,Medical Desert,#880e4f
36,33,9.221841789435862,7.6474671782898325,530,118.48786358775443,0.505959812662939,0.00015416181638687752,1.5338181954948868,Medical Desert,#880e4f
36,34,9.221841789435862,7.652015452268634,679,111.50057931202221,0.41889843257689396,0.00019750164778620724,1.9667431647931728,Medical Desert,#880e4f
36,35,9.221841789435862,7.656563726247435,548,105.5445812419235,0.34468685175234304,0.00015939750071699787,1.5884807849000455,Medical Desert,#880e4f
36,36,9.221841789435862,7.661112000226235,433,100.25586149326885,0.2787895414331714,0.00012594729527456218,1.2559616738761876,Medical Desert,#880e4f
36,37,9.221841789435862,7.665660274205036,387,95.45182211323653,0.21893133588313424,0.00011256721309758792,1.1232076819418695,Medical Desert,#880e4f
36,38,9.221841789435862,7.670208548183838,374,91.03137397450283,0.16385266720872774,0.00010878588552583432,1.0860763695085363,Medical Desert,#880e4f
36,39,9.221841789435862,7.674756822162639,403,86.93267312070842,0.11278296132449155,0.00011722115472436159,1.1708894923476467,Medical Desert,#880e4f
37,0,9.226333345310817,7.4973741369894,431,85.81126293971394,0.09881021967735294,0.00012536555257121549,1.2524167859332014,Medical Desert,#880e4f
37,1,9.226333345310817,7.501922410968201,429,89.16266716719429,0.14056862906167242,0.00012478380986786879,1.246084029770466,Medical Desert,#880e4f
37,2,9.226333345310817,7.506470684947002,403,92.66858409824188,0.1842522627080291,0.00011722115472436159,1.1700517209440948,Medical Desert,#880e4f
37,3,9.226333345310817,7.511018958925803,506,96.33065316412612,0.22988154788733936,0.00014718090394671702,1.4684256220652974,Medical Desert,#880e4f
37,4,9.226333345310817,7.515567232904604,722,100.14837398737848,0.27745024990937805,0.00021000911590816145,2.0942644509124175,Medical Desert,#880e4f
37,5,9.226333345310817,7.520115506883405,632,104.11845332902946,0.32691733510236043,0.0001838306942575596,1.8322971985079262,Medical Desert,#880e4f
37,6,9.226333345310817,7.524663780862206,676,108.23406431455672,0.37819774078754953,0.00019662903373118717,1.9588538716788344,Medical Desert,#880e4f
37,7,9.226333345310817,7.529212054841007,732,112.48403293648448,0.4311522391228335,0.00021291782942489497,2.119998294358378,Medical Desert,#880e4f
37,8,9.226333345310817,7.533760328819808,1263,116.85195892260057,0.4855764831436074,0.00036737051716344586,3.6558665232609715,Medical Desert,#880e4f
37,9,9.226333345310817,7.538308602798609,1118,121.31523714424861,0.5411888135355817,0.00032519417117080957,3.234342566941634,Medical Desert,#880e4f
37,10,9.226333345310817,7.54285687677741,1019,125.84383842121917,0.5976150674954818,0.0002963979073551475,2.946265888010519,Medical Desert,#880e4f
37,11,9.226333345310817,7.5474051507562105,1378,130.39848445314456,0.654365838423762,0.0004008207226058815,3.9819788872382538,Medical Desert,#880e4f
37,12,9.226333345310817,7.551953424735012,1046,134.92745968187103,0.7107967518128008,0.00030425143385032807,3.0208882454117605,Medical Desert,#880e4f
37,13,9.226333345310817,7.556501698713813,1451,139.36080537958446,0.7660361237361671,0.00042205433127803636,4.188212426386535,Medical Desert,#880e4f
37,14,9.226333345310817,7.561049972692614,1259,143.60063011088317,0.8188642294584192,0.00036620703175675246,3.6320829336793503,Medical Desert,#880e4f
37,15,9.226333345310817,7.5655982466714145,896,147.50873676832754,0.8675591366203167,0.000260620731099325,2.5835969213474614,Medical Desert,#880e4f
37,16,9.226333345310817,7.570146520650216,1492,150.9009461324082,0.9098259769438726,0.00043398005669664384,4.30031593406062,Medical Desert,#880e4f
37,17,9.226333345310817,7.574694794629017,1077,153.56870766105283,0.9430662161067367,0.00031326844575220203,3.1031411687459034,Medical Desert,#880e4f
37,18,9.226333345310817,7.579243068607818,1790,155.34033437647045,0.9651406388373622,0.0005206597194953033,5.156346209523975,Medical Desert,#880e4f
37,19,9.226333345310817,7.583791342586618,1550,156.14734655449976,0.97519598955631,0.00045085059509369837,4.464539181714539,Medical Desert,#880e4f
37,20,9.226333345310817,7.5883396165654196,1413,156.0342461522831,0.9737867614904835,0.00041100121991444893,4.069989444453577,Medical Desert,#880e4f
37,21,9.226333345310817,7.592887890544221,1225,155.11070049410742,0.9622794066441226,0.0003563174057998584,3.528886367815578,Medical Desert,#880e4f
37,22,9.226333345310817,7.597436164523022,1248,153.50589548545273,0.9422835780347545,0.00036300744688834555,3.595868873292734,Medical Desert,#880e4f
37,23,9.226333345310817,7.601984438501822,1207,151.35840879597586,0.9155259498169336,0.00035108172146973806,3.4786747720461855,Medical Desert,#880e4f
37,24,9.226333345310817,7.6065327124806235,1166,148.8300247320281,0.8840223502339916,0.0003391559960511305,3.3615778124387976,Medical Desert,#880e4f
37,25,9.226333345310817,7.611080986459425,1238,146.12593589790734,0.8503294737910694,0.000360098733371612,3.570367077070049,Medical Desert,#880e4f
37,26,9.226333345310817,7.615629260438226,1152,143.51207899622204,0.8177608848761283,0.0003350837971277036,3.323436129032356,Medical Desert,#880e4f
37,27,9.226333345310817,7.620177534417027,989,141.29571656206716,0.7901450666735449,0.0002876717668049469,2.8539874253132496,Medical Desert,#880e4f
37,28,9.226333345310817,7.624725808395827,805,139.58861593241008,0.7688746372908607,0.0002341514380970498,2.3235110707666977,Medical Desert,#880e4f
37,29,9.226333345310817,7.629274082374629,649,137.4669593983644,0.7424388521369447,0.0001887755072360066,1.873739645269679,Medical Desert,#880e4f
37,30,9.226333345310817,7.63382235635343,620,132.79370325191917,0.6842102022710456,0.00018034023803747935,1.7910633173002701,Medical Desert,#880e4f
37,31,9.226333345310817,7.638370630332231,931,125.62672663912191,0.5949098603454053,0.0002708012284078924,2.691902051981574,Medical Desert,#880e4f
37,32,9.226333345310817,7.642918904311031,723,118.21963306349602,0.5026176673169642,0.00021029998725983478,2.092429823695015,Medical Desert,#880e4f
37,33,9.226333345310817,7.6474671782898325,717,111.61469955652734,0.42032036785107196,0.00020855475914979469,2.0767816101896535,Medical Desert,#880e4f
37,34,9.226333345310817,7.652015452268634,498,105.820187219085,0.34812089504939053,0.0001448539331333302,1.443496663247922,Medical Desert,#880e4f
37,35,9.226333345310817,7.656563726247435,528,100.64812025665604,0.283677075408273,0.0001535800736835308,1.5314440222209549,Medical Desert,#880e4f
37,36,9.226333345310817,7.661112000226235,486,95.94718705200476,0.22510357011799828,0.00014136347691324995,1.410452626798753,Medical Desert,#880e4f
37,37,9.226333345310817,7.665660274205036,471,91.61858632463391,0.17116931779693131,0.00013700040663814964,1.3676590397672808,Medical Desert,#880e4f
37,38,9.226333345310817,7.670208548183838,337,87.59887187784356,0.12108378048669975,9.802364551392024e-05,0.9790495477816109,Medical Desert,#880e4f
37,39,9.226333345310817,7.674756822162639,366,83.84563841155423,0.07431858925279401,0.00010645891471244749,1.0637979594889935,Medical Desert,#880e4f
38,0,9.230824901185771,7.4973741369894,262,82.60921625506828,0.05891280138661321,7.62082941384187e-05,0.7616339769745282,Medical Desert,#880e4f
38,1,9.230824901185771,7.501922410968201,382,85.67416090777694,0.09710193193035328,0.00011111285633922115,1.1100496360909275,Medical Desert,#880e4f
38,2,9.230824901185771,7.506470684947002,494,88.86449481177576,0.13685340927930234,0.00014369044772663677,1.4349380245011418,Medical Desert,#880e4f
38,3,9.230824901185771,7.511018958925803,483,92.17906074487472,0.17815281447511355,0.00014049086285822989,1.4024057443196758,Medical Desert,#880e4f
38,4,9.230824901185771,7.515567232904604,551,95.61451421422844,0.2209584752240435,0.00016027011477201793,1.5991598437017787,Medical Desert,#880e4f
38,5,9.230824901185771,7.520115506883405,584,99.16475844139791,0.2651944258255378,0.00016986886937723862,1.694183866044373,Medical Desert,#880e4f
38,6,9.230824901185771,7.524663780862206,816,102.82030456421553,0.3107424353041335,0.0002373510229654567,2.366134726164746,Medical Desert,#880e4f
38,7,9.230824901185771,7.529212054841007,803,106.56755760348129,0.35743311057309063,0.0002335696953937031,2.327348399661013,Medical Desert,#880e4f
38,8,9.230824901185771,7.533760328819808,705,110.38801645843961,0.40503592839887126,0.00020506430292971444,2.042337188265284,Medical Desert,#880e4f
38,9,9.230824901185771,7.538308602798609,931,114.25734401710436,0.45324764900000847,0.0002708012284078924,2.695738282066705,Medical Desert,#880e4f
38,10,9.230824901185771,7.54285687677741,1150,118.14420111006343,0.5016777871418816,0.00033450205442435687,3.3282393191977664,Medical Desert,#880e4f
38,11,9.230824901185771,7.5474051507562105,1123,122.0086432482524,0.5498286355311353,0.0003266485279291763,3.2485252078508076,Medical Desert,#880e4f
38,12,9.230824901185771,7.551953424735012,1086,125.7997869079175,0.5970661867871008,0.0003158862879172622,3.1400023770341132,Medical Desert,#880e4f
38,13,9.230824901185771,7.556501698713813,1038,129.4525082708195,0.642578999830721,0.0003019244630369412,2.999843598421142,Medical Desert,#880e4f
38,14,9.230824901185771,7.561049972692614,1323,132.8835163864938,0.6853292715885884,0.00038482279826384706,3.8218549498359864,Medical Desert,#880e4f
38,15,9.230824901185771,7.5655982466714145,1245,135.9888224611669,0.7240213043987589,0.0003621348328333255,3.5951289949296332,Medical Desert,#880e4f
38,16,9.230824901185771,7.570146520650216,1370,138.6473593330201,0.7571466045782654,0.0003984937517924947,3.954765698813413,Medical Desert,#880e4f
38,17,9.230824901185771,7.574694794629017,1241,140.73651074551103,0.7831773767642318,0.0003609713474266321,3.5814430149698566,Medical Desert,#880e4f
38,18,9.230824901185771,7.579243068607818,1189,142.15901898399522,0.8009017923653454,0.0003458460371396177,3.4307615002934195,Medical Desert,#880e4f
38,19,9.230824901185771,7.583791342586618,1079,142.86794655837812,0.8097350114775532,0.00031385018845554876,3.113088335960359,Medical Desert,#880e4f
38,20,9.230824901185771,7.5883396165654196,1247,142.872905549778,0.8097968003812348,0.0003627165755366722,3.597793083135239,Medical Desert,#880e4f
38,21,9.230824901185771,7.592887890544221,1580,142.22679447505553,0.8017462732186882,0.000459576735643899,4.558920962932939,Medical Desert,#880e4f
38,22,9.230824901185771,7.597436164523022,1143,141.00840730590787,0.7865652008250065,0.0003324659549626434,3.2985089345631673,Medical Desert,#880e4f
38,23,9.230824901185771,7.601984438501822,996,139.31312326236565,0.7654420057975407,0.0002897078662666604,2.874903205641556,Medical Desert,#880e4f
38,24,9.230824901185771,7.6065327124806235,1122,137.25138619400414,0.7397528156253977,0.00032635765657750297,3.2394341662396187,Medical Desert,#880e4f
38,25,9.230824901185771,7.611080986459425,1136,134.94752576117176,0.7110467746382503,0.0003304298555009299,3.280803446709487,Medical Desert,#880e4f
38,26,9.230824901185771,7.615629260438226,860,132.52732773323848,0.6808911702462541,0.00025014936243908424,2.484461175178092,Medical Desert,#880e4f
38,27,9.230824901185771,7.620177534417027,1073,130.0711561087653,0.6502873357783329,0.00031210496034550863,3.100753813140458,Medical Desert,#880e4f
38,28,9.230824901185771,7.624725808395827,1034,127.49805602539038,0.618226575757994,0.0003007609776302478,2.989015933370281,Medical Desert,#880e4f
38,29,9.230824901185771,7.629274082374629,711,124.43584538254828,0.5800715109059817,0.00020680953103975456,2.056098878683547,Medical Desert,#880e4f
38,30,9.230824901185771,7.63382235635343,866,120.42405511554844,0.530084708669548,0.00025189459054912437,2.505593358426577,Medical Desert,#880e4f
38,31,9.230824901185771,7.638370630332231,652,115.51342814162805,0.4688984244758273,0.00018964812129102667,1.8875886423824504,Medical Desert,#880e4f
38,32,9.230824901185771,7.642918904311031,558,110.2660581260342,0.4035163307536051,0.00016230621423373142,1.616512821534704,Medical Desert,#880e4f
38,33,9.230824901185771,7.6474671782898325,673,105.1558909679975,0.33984378106298363,0.0001957564196761671,1.950911536578661,Medical Desert,#880e4f
38,34,9.230824901185771,7.652015452268634,695,100.3650372363283,0.28014986834812,0.00020215558941298088,2.015892507953821,Medical Desert,#880e4f
38,35,9.230824901185771,7.656563726247435,525,95.91198936320511,0.2246650078323074,0.00015270745962851073,1.5236437940237582,Medical Desert,#880e4f
38,36,9.230824901185771,7.661112000226235,387,91.76517190217679,0.1729957702751734,0.00011256721309758792,1.1237247658021245,Medical Desert,#880e4f
38,37,9.230824901185771,7.665660274205036,470,87.88765165810722,0.12468196902727743,0.00013670953528647627,1.3653908314603305,Medical Desert,#880e4f
38,38,9.230824901185771,7.670208548183838,384,84.24848358135455,0.07933802957607144,0.00011169459904256786,1.1160598274854459,Medical Desert,#880e4f
38,39,9.230824901185771,7.674756822162639,358,80.8234821447319,0.03666260088273878,0.00010413194389906066,1.0409376642007753,Medical Desert,#880e4f
39,0,9.235316457060726,7.4973741369894,369,79.52750643105462,0.020514777245075586,0.00010733152876746755,1.0730950994342716,Medical Desert,#880e4f
39,1,9.235316457060726,7.501922410968201,280,82.32943980420448,0.055426794095858635,8.144397846853906e-05,0.8139883668228983,Medical Desert,#880e4f
39,2,9.235316457060726,7.506470684947002,432,85.23204697552407,0.09159320384970436,0.00012565642392288885,1.2554133117837492,Medical Desert,#880e4f
39,3,9.235316457060726,7.511018958925803,453,88.2321739403521,0.12897470769068187,0.00013176472230802926,1.3159477914259303,Medical Desert,#880e4f
39,4,9.235316457060726,7.515567232904604,413,91.32453728532867,0.16750547442593772,0.00012012986824109512,1.1992864413537063,Medical Desert,#880e4f
39,5,9.235316457060726,7.520115506883405,437,94.5012466092414,0.20708718986187752,0.0001271107806812556,1.268475505375313,Medical Desert,#880e4f
39,6,9.235316457060726,7.524663780862206,411,97.75126843656794,0.2475823771808687,0.00011954812553774841,1.192521454466669,Medical Desert,#880e4f
39,7,9.235316457060726,7.529212054841007,562,101.05982974121719,0.28880696486259194,0.00016346969964042482,1.6299758776242332,Medical Desert,#880e4f
39,8,9.235316457060726,7.533760328819808,647,104.40775141733361,0.330521981747623,0.0001881937645326599,1.8757174277260111,Medical Desert,#880e4f
39,9,9.235316457060726,7.538308602798609,737,107.77068657300927,0.3724240661969236,0.00021437218618326176,2.135738125706828,Medical Desert,#880e4f
39,10,9.235316457060726,7.54285687677741,1014,111.11821709254949,0.414134209281203,0.00029494355059678077,2.937220884556909,Medical Desert,#880e4f
39,11,9.235316457060726,7.5474051507562105,816,114.41274795354411,0.4551839780004241,0.0002373510229654567,2.362706391372978,Medical Desert,#880e4f
39,12,9.235316457060726,7.551953424735012,1004,117.60817278000253,0.49499888811062254,0.0002920348370800472,2.905892678836053,Medical Desert,#880e4f
39,13,9.235316457060726,7.556501698713813,905,120.64845304684276,0.5328807010488461,0.0002632385732643852,2.6183582570974298,Medical Desert,#880e4f
39,14,9.235316457060726,7.561049972692614,985,123.46668275233256,0.5679957697761334,0.0002865082813982535,2.8488092647985312,Medical Desert,#880e4f
39,15,9.235316457060726,7.5655982466714145,968,125.98593574021878,0.599385596389175,0.0002815634684198065,2.798758175454044,Medical Desert,#880e4f
39,16,9.235316457060726,7.570146520650216,1205,128.12381154516154,0.6260234732360244,0.00035049997876639133,3.4830576662562645,Medical Desert,#880e4f
39,17,9.235316457060726,7.574694794629017,1296,129.8019752894771,0.6469333497810381,0.00037696927176866655,3.7453053183116833,Medical Desert,#880e4f
39,18,9.235316457060726,7.579243068607818,1197,130.95911073216055,0.6613512272583276,0.0003481730079530045,3.4587036149192505,Medical Desert,#880e4f
39,19,9.235316457060726,7.583791342586618,1262,131.56205524507138,0.6688639001850096,0.00036707964581177247,3.6462438257601053,Medical Desert,#880e4f
39,20,9.235316457060726,7.5883396165654196,952,131.60971646032795,0.6694577576857309,0.0002769095267930328,2.75055734484146,Medical Desert,#880e4f
39,21,9.235316457060726,7.592887890544221,1135,131.12921338251448,0.6634707018512738,0.00033013898414925656,3.2794860871403686,Medical Desert,#880e4f
39,22,9.235316457060726,7.597436164523022,1076,130.16856894081735,0.6515010971285039,0.0003129775744005287,3.1093852206954304,Medical Desert,#880e4f
39,23,9.235316457060726,7.601984438501822,712,128.79019135362452,0.6343265482930617,0.0002071004023914279,2.057867095574373,Medical Desert,#880e4f
39,24,9.235316457060726,7.6065327124806235,916,127.06565377074111,0.6128388549273371,0.0002664381581327921,2.6480532157540164,Medical Desert,#880e4f
39,25,9.235316457060726,7.611080986459425,1037,125.06873422324983,0.5879572893770115,0.0003016335916852679,2.9986011499574463,Medical Desert,#880e4f
39,26,9.235316457060726,7.615629260438226,1076,122.86142679984474,0.5604542963725253,0.0003129775744005287,3.112234781381184,Medical Desert,#880e4f
39,27,9.235316457060726,7.620177534417027,740,120.46741052001175,0.5306249158799337,0.00021524480023828182,2.1410265769808148,Medical Desert,#880e4f
39,28,9.235316457060726,7.624725808395827,573,117.83757431366564,0.49785722524511283,0.00016666928450883174,1.6583950943364019,Medical Desert,#880e4f
39,29,9.235316457060726,7.629274082374629,767,114.84721096718332,0.4605973758344213,0.00022309832673346236,2.220707416949975,Medical Desert,#880e4f
39,30,9.235316457060726,7.63382235635343,642,111.38758343994337,0.4174905069538622,0.00018673940777429315,1.859597884740936,Medical Desert,#880e4f
39,31,9.235316457060726,7.638370630332231,612,107.50250943898851,0.3690825860919194,0.00017801326722409252,1.773562512538351,Medical Desert,#880e4f
39,32,9.235316457060726,7.642918904311031,522,103.38817162750225,0.31781804412212017,0.00015183484557349067,1.5135228703699317,Medical Desert,#880e4f
39,33,9.235316457060726,7.6474671782898325,627,99.25600673916246,0.266331377239047,0.00018237633749919284,1.818906120877731,Medical Desert,#880e4f
39,34,9.235316457060726,7.652015452268634,486,95.2402256681046,0.21629484968799417,0.00014136347691324995,1.410577149933467,Medical Desert,#880e4f
39,35,9.235316457060726,7.656563726247435,548,91.3992312522425,0.16843615930821804,0.00015939750071699787,1.591290176887569,Medical Desert,#880e4f
39,36,9.235316457060726,7.661112000226235,327,87.74835806437174,0.1229463744773499,9.511493199718669e-05,0.9499799163670954,Medical Desert,#880e4f
39,37,9.235316457060726,7.665660274205036,327,84.28460412179942,0.07978809056922527,9.511493199718669e-05,0.9503904160909991,Medical Desert,#880e4f
39,38,9.235316457060726,7.670208548183838,361,80.99890917817433,0.0388484171502898,0.00010500455795408072,1.049637653453799,Medical Desert,#880e4f
39,39,9.235316457060726,7.674756822162639,322,77.88105216714338,0.0,9.366057523881992e-05,0.9366057523881992,Medical Desert,#880e4f
