row,col,lat,lon,elevation,near_river,river_dist,rainfall_mm,soil_drainage,urban_dist,flood_risk,flood_class
0,0,4.044622888968739,9.705425691036194,20.77707189278137,1,0.0,30.852633086981847,0.04054201451663665,42.42640687119285,87.5932753677394,Extreme
0,1,4.044622888968739,9.707677073108579,20.892424535289848,1,0.0,30.831158849242467,0.5107223740679925,41.72529209005013,80.42088369803807,Extreme
0,2,4.044622888968739,9.709928455180965,21.10146329267042,0,1.0,30.793027231116888,0.13383988673671046,41.036569057366385,84.19244687421934,Extreme
0,3,4.044622888968739,9.712179837253352,21.367962253344498,0,1.4142135623730951,30.745061911956704,0.30102037388136427,40.36087214122113,80.7218338236526,Extreme
0,4,4.044622888968739,9.714431219325737,21.679972958798118,0,2.23606797749979,30.695193008985704,0.4407935849059084,39.698866482558415,76.95150986319345,Extreme
0,5,4.044622888968739,9.716682601398123,22.031813361104444,0,2.8284271247461903,30.65064835491051,0.4198765881643682,39.05124837953327,75.96335129899352,Extreme
0,6,4.044622888968739,9.718933983470508,22.420169059986055,0,3.605551275463989,30.615216746438563,0.29274146099739273,38.41874542459709,76.26091245259997,Extreme
0,7,4.044622888968739,9.721185365542894,22.84346999622192,0,4.242640687119285,30.58786821668651,0.22963204463543113,37.8021163428716,75.83031671610198,Extreme
0,8,4.044622888968739,9.72343674761528,23.300900669247362,0,5.0,30.56384714803658,0.048671244569793874,37.20215047547655,76.9549197788259,Extreme
0,9,4.044622888968739,9.725688129687667,23.79231408776889,0,5.656854249492381,30.53474271538364,0.0762018833484776,36.61966684720111,75.08739035846202,Extreme
0,10,4.044622888968739,9.727939511760052,24.317768672832027,0,5.0,30.49014839003431,0.06853010972278628,36.05551275463989,75.88007253611568,Extreme
0,11,4.044622888968739,9.730190893832438,24.877079988546868,0,4.0,30.419477127677723,0.39985633035253115,35.510561809129406,72.07699516905667,High
0,12,4.044622888968739,9.732442275904823,25.47031526232377,0,3.0,30.315063480763822,0.214987379005047,34.9857113690718,75.91566577213706,Extreme
0,13,4.044622888968739,9.734693657977209,26.0972606920479,0,2.0,30.172129506261324,0.06934462124781234,34.48187929913333,79.05339565891948,Extreme
0,14,4.044622888968739,9.736945040049594,26.7575721707022,0,1.0,29.989822431175543,0.06825849911491143,34.0,79.90837961167723,Extreme
0,15,4.044622888968739,9.739196422121982,27.45070252569169,1,0.0,29.772708394709387,0.11538255894899145,33.54101966249684,79.93712186418414,Extreme
0,16,4.044622888968739,9.741447804194367,28.175894364859037,0,1.0,29.528945003208822,0.2167258056820534,33.1058907144937,75.73622539275378,Extreme
0,17,4.044622888968739,9.743699186266753,28.932389367177514,0,2.0,29.270990932749427,0.3161834904686795,32.69556544854363,71.51101376811725,High
0,18,4.044622888968739,9.745950568339138,29.719358678542196,0,2.8284271247461903,29.012514468598646,0.18038374367388366,32.31098884280702,71.08139038035162,High
0,19,4.044622888968739,9.748201950411524,30.535814404840195,0,3.605551275463989,28.768369347387132,0.1917439388459577,31.953090617340916,68.54696097093507,High
0,20,4.044622888968739,9.75045333248391,31.38087300098531,0,4.47213595499958,28.553664048232736,0.14819168630573737,31.622776601683793,66.7410730237562,High
0,21,4.044622888968739,9.752704714556296,32.25366353846906,0,5.385164807134504,28.381318043841635,0.22246051898010358,31.32091952673165,63.17601142090508,High
0,22,4.044622888968739,9.754956096628682,33.153467956188905,0,6.324555320336759,28.262558003466022,0.0877614844208145,31.04834939252005,62.81451272838227,High
0,23,4.044622888968739,9.757207478701067,34.07938592266808,0,7.211102550927978,28.206818503753446,0.16822808552318708,30.805843601498726,59.449810324462064,High
0,24,4.044622888968739,9.759458860773453,35.03077990848722,0,8.06225774829855,28.21936846034867,0.3009629582297758,30.59411708155671,55.50933063612068,High
0,25,4.044622888968739,9.761710242845838,36.0070496618073,0,8.94427190999916,28.302612080194173,0.25371083588283666,30.4138126514911,54.37262210942906,Moderate
0,26,4.044622888968739,9.763961624918226,37.00751656895261,0,9.848857801796104,28.457002846989834,0.19488720586370564,30.265491900843113,53.52875562740721,Moderate
0,27,4.044622888968739,9.766213006990611,38.03147235834625,0,10.770329614269007,28.677233436265745,0.3462124963220495,30.14962686336267,49.649050980739965,Moderate
0,28,4.044622888968739,9.768464389062997,39.07801746205635,0,11.661903789690601,28.954580868499267,0.24939719548146688,30.066592756745816,49.66536908414173,Moderate
0,29,4.044622888968739,9.770715771135382,40.1462396905051,0,12.529964086141668,29.275586090518864,0.07966718030184135,30.01666203960727,50.90684171028476,Moderate
0,30,4.044622888968739,9.772967153207768,41.234999023137995,0,13.416407864998739,29.622142979059916,0.41533418457145443,30.0,44.58607835148258,Moderate
0,31,4.044622888968739,9.775218535280155,42.342914280809104,0,14.317821063276353,29.97353585647915,0.4339257536938722,30.01666203960727,42.99683478363097,Moderate
0,32,4.044622888968739,9.77746991735254,43.46844982788683,0,15.231546211727817,30.310664106632146,0.1876452888886165,30.066592756745816,45.70135474441408,Moderate
0,33,4.044622888968739,9.779721299424926,44.60998901772293,0,16.1245154965971,30.618461185505332,0.2857807096359341,30.14962686336267,44.29660171956462,Moderate
0,34,4.044622888968739,9.781972681497312,45.765474520232544,0,17.0,30.88886792455497,0.0405060001010306,30.265491900843113,47.94482637785566,Moderate
0,35,4.044622888968739,9.784224063569697,46.932952354597234,0,17.88854381999832,31.121711458701164,0.22580120731236633,30.4138126514911,45.03706445419359,Moderate
0,36,4.044622888968739,9.786475445642083,48.11015383866129,0,18.788294228055936,31.324913695603144,0.09512360790663595,30.59411708155671,46.791852400724856,Moderate
0,37,4.044622888968739,9.78872682771447,49.295103404532185,0,19.697715603592208,31.51122157436906,0.01946569900053143,30.805843601498726,47.67613307386128,Moderate
0,38,4.044622888968739,9.790978209786855,50.48583296269691,0,20.591260281974,31.69112695068768,0.16845429434149767,31.04834939252005,45.171905121534,Moderate
0,39,4.044622888968739,9.793229591859241,51.680389710697156,0,21.470910553583888,31.871763801277307,0.23770293792166056,31.32091952673165,43.863279181393686,Moderate
0,40,4.044622888968739,9.795480973931626,52.87739676562099,0,22.360679774997898,32.05149713864974,0.22208478832768191,31.622776601683793,43.82403656439806,Moderate
0,41,4.044622888968739,9.797732356004012,54.07561721359135,0,23.259406699226016,32.21945422443995,0.36091427093155287,31.953090617340916,41.43903380167064,Moderate
0,42,4.044622888968739,9.799983738076397,55.27439345173221,0,24.166091947189145,32.35738918592838,0.26545838315843623,32.31098884280702,42.49575968034085,Moderate
0,43,4.044622888968739,9.802235120148785,56.473481113137176,0,25.059928172283335,32.4419937843266,0.3454367219884902,32.69556544854363,40.792491778595654,Moderate
0,44,4.044622888968739,9.80448650222117,57.67309245527891,0,25.942243542145693,32.452609436607815,0.3010349205333187,33.1058907144937,40.7766221227736,Moderate
0,45,4.044622888968739,9.806737884293556,58.87421082224681,0,26.832815729997478,32.37310093832107,0.19915347538626077,33.54101966249684,41.40524694301924,Moderate
0,46,4.044622888968739,9.808989266365941,60.07816788799266,0,27.730849247724095,32.19650997550044,0.1653701433782961,34.0,40.77717497266978,Moderate
0,47,4.044622888968739,9.811240648438327,61.286692811160385,0,28.635642126552707,31.926183251366993,0.3172068250710861,34.48187929913333,37.13660914002594,Moderate
0,48,4.044622888968739,9.813492030510714,62.50212246249344,0,29.5296461204668,31.576179815755985,0.25995114135085623,34.9857113690718,36.436678855593115,Moderate
0,49,4.044622888968739,9.8157434125831,63.727128089411636,0,30.4138126514911,31.168400032493352,0.5060470276102456,35.510561809129406,31.0418354542836,Low
0,50,4.044622888968739,9.817994794655485,64.96450166082212,0,31.304951684997057,30.73061205359183,0.43523870206499643,36.05551275463989,30.321070961013625,Low
0,51,4.044622888968739,9.82024617672787,66.21710962762802,0,32.202484376209235,30.292495310424925,0.09253697325826146,36.61966684720111,33.66893258252609,Low
0,52,4.044622888968739,9.822497558800256,67.48791964487076,0,33.1058907144937,29.882259273979937,0.25981344203495327,37.20215047547655,29.423459678700848,Low
0,53,4.044622888968739,9.824748940872642,68.77963523463022,0,34.0,29.522720880736525,0.027103004941972427,37.8021163428716,31.287425130799623,Low
0,54,4.044622888968739,9.827000322945029,70.09510261339189,0,34.88552708502482,29.228414373403243,0.3235895991099802,38.41874542459709,25.35635640469741,Low
0,55,4.044622888968739,9.829251705017414,71.43648474354205,0,35.77708763999664,29.005885861521637,0.1837277473936976,39.05124837953327,26.127908075831098,Low
0,56,4.044622888968739,9.8315030870898,72.80585576341204,0,36.6742416417845,28.850652222661193,0.3239378268788562,39.698866482558415,22.84376629011426,Low
0,57,4.044622888968739,9.833754469162185,74.20488241948401,0,37.57658845611187,28.751924629302238,0.0874121357559784,40.36087214122113,25.329109004105938,Low
0,58,4.044622888968739,9.836005851234571,75.63486222562373,0,38.47076812334269,28.696350344065294,0.1244658026435148,41.036569057366385,23.79632146987205,Low
0,59,4.044622888968739,9.838257233306958,77.09660509056675,0,39.35733730830886,28.67220455435231,0.18184066049367845,41.72529209005013,22.015592219751586,Low
1,0,4.046868666906216,9.705425691036194,20.903469396091868,0,1.0,30.864109259619788,0.2797760078178464,41.72529209005013,82.29116787511255,Extreme
1,1,4.046868666906216,9.707677073108579,20.760598509908313,1,0.0,30.842113474493342,0.5021856852153461,41.012193308819754,80.6530279826161,Extreme
1,2,4.046868666906216,9.709928455180965,20.862644708033358,1,0.0,30.80324862476687,0.24517723734556293,40.311288741492746,84.35447894550846,Extreme
1,3,4.046868666906216,9.712179837253352,21.059463313369235,0,1.0,30.754988314616476,0.545999952345002,39.6232255123179,77.94330398350085,Extreme
1,4,4.046868666906216,9.714431219325737,21.315112803252987,0,1.4142135623730951,30.706000813849556,0.2923082350381505,38.948684188300895,80.7897130890743,Extreme
1,5,4.046868666906216,9.716682601398123,21.61829958735841,0,2.23606797749979,30.664262880277626,0.18514509226139728,38.28837943815329,80.7481987319223,Extreme
1,6,4.046868666906216,9.718933983470508,21.963216209467454,0,2.8284271247461903,30.634165975314428,0.18055879510828232,37.64306044943742,79.55391968113578,Extreme
1,7,4.046868666906216,9.721185365542894,22.346920875473494,0,3.605551275463989,30.61497438785586,0.25850403624969553,37.013511046643494,76.81708669723581,Extreme
1,8,4.046868666906216,9.72343674761528,22.76774583681943,0,4.242640687119285,30.601902065805177,0.4351058617457378,36.40054944640259,72.82662670386621,High
1,9,4.046868666906216,9.725688129687667,23.22496566605016,0,5.0,30.58618537149156,0.23247608153551197,35.805027579936315,74.29636662132751,High
1,10,4.046868666906216,9.727939511760052,23.718222486567207,0,5.0,30.55682347170729,0.15558640433318696,35.22782990761707,75.08819254418265,Extreme
1,11,4.046868666906216,9.730190893832438,24.2470219537702,0,4.0,30.50248832800544,0.13863355694381715,34.66987164671943,76.56659440501494,Extreme
1,12,4.046868666906216,9.732442275904823,24.81118156337189,0,3.0,30.414721949017434,0.3791521846666475,34.132096331752024,74.08164611417472,High
1,13,4.046868666906216,9.734693657977209,25.410288778259236,0,2.0,30.28803026819308,0.13671336627308317,33.61547262794322,78.72680770849412,Extreme
1,14,4.046868666906216,9.736945040049594,26.0438341762449,0,1.0,30.12090472171082,0.1738552755697192,33.12099032335839,79.0606778488635,Extreme
1,15,4.046868666906216,9.739196422121982,26.711131189355413,1,0.0,29.91733874222284,0.22595615383711012,32.64965543462902,79.0625947904222,Extreme
1,16,4.046868666906216,9.741447804194367,27.411309767854185,0,1.0,29.68495186381017,0.14137465788692158,32.202484376209235,77.69268872852932,Extreme
1,17,4.046868666906216,9.743699186266753,28.143513240367128,0,1.4142135623730951,29.435659999180924,0.25701126188301093,31.78049716414141,74.23626789276125,High
1,18,4.046868666906216,9.745950568339138,28.90683333716806,0,2.23606797749979,29.18260559724357,0.31317309248430264,31.38470965295043,70.96516561574772,High
1,19,4.046868666906216,9.748201950411524,29.700220915003772,0,3.1622776601683795,28.940184456216432,0.2837306456525411,31.016124838541646,68.81205107197323,High
1,20,4.046868666906216,9.75045333248391,30.522741425632944,0,4.123105625617661,28.723167696459637,0.1488829943372478,30.675723300355934,68.22625244631705,High
1,21,4.046868666906216,9.752704714556296,31.37348988059245,0,5.0,28.544358034762357,0.15600334465773846,30.364452901377952,65.72609125876461,High
1,22,4.046868666906216,9.754956096628682,32.251720555561185,0,5.830951894845301,28.415176606659344,0.12483880387451757,30.083217912982647,63.97995794854485,High
1,23,4.046868666906216,9.757207478701067,33.15651870227807,0,6.708203932499369,28.34555145122206,0.27550792161459225,29.832867780352597,59.55675987283904,High
1,24,4.046868666906216,9.759458860773453,34.08723625638065,0,7.615773105863909,28.34161885372766,0.15317493919620245,29.614185789921695,59.32081598055002,High
1,25,4.046868666906216,9.761710242845838,35.04326618923166,0,8.54400374531753,28.406816338252806,0.13562933069000319,29.427877939124322,57.63000456378485,High
1,26,4.046868666906216,9.763961624918226,36.0239262167446,0,9.433981132056603,28.542754134680067,0.30714346732005665,29.274562336608895,53.32270733495381,Moderate
1,27,4.046868666906216,9.766213006990611,37.02850709040425,0,10.295630140987,28.74523513230944,0.14377575978568757,29.154759474226502,54.23182795405742,Moderate
1,28,4.046868666906216,9.768464389062997,38.05610568238652,0,11.180339887498949,29.006541466028942,0.22182766165298307,29.068883707497267,51.609161834519746,Moderate
1,29,4.046868666906216,9.770715771135382,39.10580269771087,0,12.083045973594572,29.31393602737297,0.2110263870918546,29.017236257093817,50.387141921869805,Moderate
1,30,4.046868666906216,9.772967153207768,40.17644954748864,0,13.0,29.6498133074829,0.10143120598511642,29.0,50.679450314568555,Moderate
1,31,4.046868666906216,9.775218535280155,41.26665510250441,0,13.892443989449804,29.99366161436895,0.1320883222941408,29.017236257093817,48.91646602950509,Moderate
1,32,4.046868666906216,9.77746991735254,42.374867698136235,0,14.7648230602334,30.326327290821556,0.13184042376097063,29.068883707497267,47.61297735960225,Moderate
1,33,4.046868666906216,9.779721299424926,43.49945252391479,0,15.652475842498529,30.632406913881244,0.3789569135294948,29.154759474226502,43.5874133802875,Moderate
1,34,4.046868666906216,9.781972681497312,44.63833622049225,0,16.55294535724685,30.9032820550278,0.11645660453881466,29.274562336608895,47.50493928021553,Moderate
1,35,4.046868666906216,9.784224063569697,45.78954221586166,0,17.46424919657298,31.13806612351835,0.06714802058339696,29.427877939124322,48.13049839085314,Moderate
1,36,4.046868666906216,9.786475445642083,46.95078673700401,0,18.35755975068582,31.343901304577024,0.18411652682268143,29.614185789921695,46.18633895946318,Moderate
1,37,4.046868666906216,9.78872682771447,48.120072386671936,0,19.235384061671343,31.53281788841683,0.1979362695643181,29.832867780352597,45.74396793724003,Moderate
1,38,4.046868666906216,9.790978209786855,49.29541526749717,0,20.12461179749811,31.7148420435016,0.053343723938335585,30.083217912982647,47.657628070923465,Moderate
1,39,4.046868666906216,9.793229591859241,50.47484885665457,0,21.02379604162864,31.896892495486814,0.2763481274950067,30.364452901377952,44.05498485699104,Moderate
1,40,4.046868666906216,9.795480973931626,51.65698161537044,0,21.93171219946131,32.07750653133546,0.4056084347278913,30.675723300355934,41.85345575089235,Moderate
1,41,4.046868666906216,9.797732356004012,52.840564959224736,0,22.825424421026653,32.246214482690064,0.30221116465770254,31.016124838541646,43.112292425939636,Moderate
1,42,4.046868666906216,9.799983738076397,54.024931313862446,0,23.706539182259394,32.38525991484619,0.36119055925744153,31.38470965295043,41.86365832130478,Moderate
1,43,4.046868666906216,9.802235120148785,55.20982584995256,0,24.596747752497688,32.471781802993206,0.32041899285816444,31.78049716414141,41.98462138642464,Moderate
1,44,4.046868666906216,9.80448650222117,56.39545259269401,0,25.495097567963924,32.485189408885844,0.11175421703346883,32.202484376209235,44.44765993947488,Moderate
1,45,4.046868666906216,9.806737884293556,57.58278169286725,0,26.40075756488817,32.409066597843996,0.48408266119840676,32.64965543462902,37.979413165441166,Moderate
1,46,4.046868666906216,9.808989266365941,58.773134075922755,0,27.294688127912362,32.23572119874911,0.33254884855498146,33.12099032335839,39.13342920227759,Moderate
1,47,4.046868666906216,9.811240648438327,59.96822612158024,0,28.178005607210743,31.967489537783685,0.3956885512239947,33.61547262794322,36.83627977922247,Moderate
1,48,4.046868666906216,9.813492030510714,61.170379115216456,0,29.068883707497267,31.617287253965525,0.25274757949320614,34.132096331752024,37.428979956049666,Moderate
1,49,4.046868666906216,9.8157434125831,62.382247686875345,0,29.966648127543394,31.206021975042976,0.1876929499592325,34.66987164671943,36.70075642636631,Moderate
1,50,4.046868666906216,9.817994794655485,63.60660620693335,0,30.870698080866262,30.76080048667443,0.2890663055220737,35.22782990761707,33.3870591755485,Low
1,51,4.046868666906216,9.82024617672787,64.84630525736667,0,31.76476034853718,30.311105510640623,0.06348304792764231,35.805027579936315,34.957902646716434,Low
1,52,4.046868666906216,9.822497558800256,66.10429240452075,0,32.64965543462902,29.88544597510853,0.39553527929554394,36.40054944640259,28.211250930765853,Low
1,53,4.046868666906216,9.824748940872642,67.38325742915885,0,33.54101966249684,29.50748142183101,0.1620102493526193,37.013511046643494,30.050626768308646,Low
1,54,4.046868666906216,9.827000322945029,68.68602746871053,0,34.438350715445125,29.192991790824156,0.2968372486233997,37.64306044943742,26.5033853466898,Low
1,55,4.046868666906216,9.829251705017414,70.01475313283196,0,35.34119409414458,28.95003470348061,0.17594971276606275,38.28837943815329,26.948641074445227,Low
1,56,4.046868666906216,9.8315030870898,71.37149581679816,0,36.235341863986875,28.775779522200892,0.08118959759824344,38.948684188300895,27.150739310209715,Low
1,57,4.046868666906216,9.833754469162185,72.75791028110578,0,37.12142238654117,28.661082287250952,0.18670067204576885,39.6232255123179,24.47455007244454,Low
1,58,4.046868666906216,9.836005851234571,74.17528580031023,0,38.01315561749642,28.59399449534725,0.46264704327112405,40.311288741492746,19.338106956597464,Low
1,59,4.046868666906216,9.838257233306958,75.62442559140763,0,38.91015291668744,28.563818836269547,0.29870836570836057,41.012193308819754,20.87000697908195,Low
2,0,4.049114444843694,9.705425691036194,21.134147639492816,0,1.4142135623730951,30.88731076671625,0.5191338219461492,41.036569057366385,77.93022497727405,Extreme
2,1,4.049114444843694,9.707677073108579,20.88428249408821,0,1.0,30.8642209517632,0.2900771358965928,40.311288741492746,82.14823455013405,Extreme
2,2,4.049114444843694,9.709928455180965,20.72805226912699,1,0.0,30.823758517266985,0.08466721960237786,39.59797974644666,86.89084165657209,Extreme
2,3,4.049114444843694,9.712179837253352,20.81781914995429,1,0.0,30.77463318635735,0.3123754995428853,38.897300677553446,83.30409944514368,Extreme
2,4,4.049114444843694,9.714431219325737,21.003744379117578,0,1.0,30.726920882905954,0.3469373034456936,38.2099463490856,80.8945805291408,Extreme
2,5,4.049114444843694,9.716682601398123,21.250547303789716,0,1.4142135623730951,30.690028987749326,0.3174637552037589,37.53664875824692,80.41203246456008,Extreme
2,6,4.049114444843694,9.718933983470508,21.54681967403397,0,2.23606797749979,30.66950245733834,0.24651227025741465,36.87817782917155,79.88244903028945,Extreme
2,7,4.049114444843694,9.721185365542894,21.88713303594137,0,2.8284271247461903,30.6651833790777,0.21364814219524403,36.235341863986875,79.17706573443876,Extreme
2,8,4.049114444843694,9.72343674761528,22.268450501215412,0,3.605551275463989,30.67225183584597,0.20249274131740924,35.608987629529715,77.8413238872348,Extreme
2,9,4.049114444843694,9.725688129687667,22.689185300064537,0,4.242640687119285,30.681310513178524,0.30015476035634664,35.0,75.0882546544277,Extreme
2,10,4.049114444843694,9.727939511760052,23.148390122930074,0,5.0,30.680273356490233,0.2364987375981562,34.40930106817051,74.50753214886925,High
2,11,4.049114444843694,9.730190893832438,23.645148426488436,0,4.123105625617661,30.65645840451537,0.2630869738943101,33.83784863137726,75.21995937813128,Extreme
2,12,4.049114444843694,9.732442275904823,24.178940027610363,0,3.1622776601683795,30.599954744976472,0.26331719560793143,33.28663395418648,76.36716772381713,Extreme
2,13,4.049114444843694,9.734693657977209,24.74908842810361,0,2.23606797749979,30.50395599984224,0.2903984914998499,32.7566787083184,76.9374592549776,Extreme
2,14,4.049114444843694,9.736945040049594,25.354864847440332,0,1.4142135623730951,30.36574436183159,0.03903230863734453,32.2490309931942,81.38797551150252,Extreme
2,15,4.049114444843694,9.739196422121982,25.995397961298526,0,1.0,30.188239914718103,0.09010837463099824,31.76476034853718,80.50743327986169,Extreme
2,16,4.049114444843694,9.741447804194367,26.669672140964074,1,0.0,29.978033177120636,0.13877986326823027,31.304951684997057,80.54070083549774,Extreme
2,17,4.049114444843694,9.743699186266753,27.376702792743494,0,1.0,29.745975137153764,0.11944697394037727,30.870698080866262,78.18881595590815,Extreme
2,18,4.049114444843694,9.745950568339138,28.115482156437505,0,2.0,29.50415886244562,0.23701801343160303,30.463092423455635,73.74117393325315,High
2,19,4.049114444843694,9.748201950411524,28.88489023068265,0,2.8284271247461903,29.26604270009886,0.11287053021852783,30.083217912982647,73.19610353353063,High
2,20,4.049114444843694,9.75045333248391,29.683935814807786,0,3.605551275463989,29.045683049270963,0.2573147561329627,29.732137494637012,68.73290142102842,High
2,21,4.049114444843694,9.752704714556296,30.511685507334192,0,4.47213595499958,28.85558949701995,0.1720927093230612,29.410882339705484,67.62147621502774,High
2,22,4.049114444843694,9.754956096628682,31.367373577111916,0,5.385164807134504,28.707490078239765,0.24488900773146136,29.120439557122072,64.14691824626418,High
2,23,4.049114444843694,9.757207478701067,32.250087664773424,0,6.324555320336759,28.61219954193431,0.3579421718912201,28.861739379323623,60.135675612008775,High
2,24,4.049114444843694,9.759458860773453,33.15918657060231,0,7.211102550927978,28.577468564745832,0.2026103317416123,28.635642126552707,60.36840851543449,High
2,25,4.049114444843694,9.761710242845838,34.09407485065335,0,8.06225774829855,28.60868068586869,0.14898690171065457,28.442925306655784,59.2779326371956,High
2,26,4.049114444843694,9.763961624918226,35.054085468709786,0,8.94427190999916,28.70963758098517,0.40948065301382314,28.284271247461902,53.57723712659932,Moderate
2,27,4.049114444843694,9.766213006990611,36.038527713094915,0,9.848857801796104,28.878258827099977,0.1953400442408231,28.160255680657446,55.106809619604945,High
2,28,4.049114444843694,9.768464389062997,37.04651004151284,0,10.770329614269007,29.10875075294979,0.2685568481223118,28.071337695236398,52.43283781324434,Moderate
2,29,4.049114444843694,9.770715771135382,38.077116150377826,0,11.661903789690601,29.389767819430517,0.05126461911818298,28.0178514522438,54.27453741262895,Moderate
2,30,4.049114444843694,9.772967153207768,39.12919615214328,0,12.529964086141668,29.704680148277646,0.2250137977314288,28.0,50.35868386605913,Moderate
2,31,4.049114444843694,9.775218535280155,40.201353498630645,0,13.416407864998739,30.033392797134027,0.15806409947004957,28.0178514522438,50.044033722101425,Moderate
2,32,4.049114444843694,9.77746991735254,41.292018101690516,0,14.317821063276353,30.356681855651765,0.20499589356605294,28.071337695236398,47.9722505436994,Moderate
2,33,4.049114444843694,9.779721299424926,42.399531362808155,0,15.231546211727817,30.658535923254835,0.141828415629136,28.160255680657446,47.85584478496434,Moderate
2,34,4.049114444843694,9.781972681497312,43.52179941397711,0,16.1245154965971,30.929306535228218,0.1335465164859859,28.284271247461902,47.96964164898809,Moderate
2,35,4.049114444843694,9.784224063569697,44.6568114424411,0,17.0,31.166782072497163,0.1828130687210969,28.442925306655784,47.132598482041104,Moderate
2,36,4.049114444843694,9.786475445642083,45.80226326076871,0,17.88854381999832,31.37665090124316,0.17139742715973,28.635642126552707,47.13321827613876,Moderate
2,37,4.049114444843694,9.78872682771447,46.956123212884656,0,18.788294228055936,31.569600468029144,0.1683357826388702,28.861739379323623,46.9628670418436,Moderate
2,38,4.049114444843694,9.790978209786855,48.11638429198904,0,19.697715603592208,31.754787030295404,0.3884272778655894,29.120439557122072,43.42276839743219,Moderate
2,39,4.049114444843694,9.793229591859241,49.28106035543932,0,20.591260281974,31.93872931021216,0.1801175085134314,29.410882339705484,46.3030917502883,Moderate
2,40,4.049114444843694,9.795480973931626,50.448738037707244,0,21.470910553583888,32.12029626465191,0.363644405340462,29.732137494637012,43.29838068108634,Moderate
2,41,4.049114444843694,9.797732356004012,51.618152209510136,0,22.360679774997898,32.28979375411551,0.39794244120751693,30.083217912982647,42.50204300031967,Moderate
2,42,4.049114444843694,9.799983738076397,52.788621856545234,0,23.259406699226016,32.430409866969526,0.06765207191250536,30.463092423455635,47.10442910251874,Moderate
2,43,4.049114444843694,9.802235120148785,53.959877321136105,0,24.166091947189145,32.52015487390013,0.17394454038770907,30.870698080866262,45.03522872619715,Moderate
2,44,4.049114444843694,9.80448650222117,55.13211198215282,0,25.059928172283335,32.53859420022181,0.1585456455522444,31.304951684997057,44.61928144000802,Moderate
2,45,4.049114444843694,9.806737884293556,56.3062753408206,0,25.942243542145693,32.46880869000899,0.2620980277473137,31.76476034853718,42.20568532547398,Moderate
2,46,4.049114444843694,9.808989266365941,57.48367220173938,0,26.832815729997478,32.30173746771527,0.3227700763816305,32.2490309931942,40.19934734521749,Moderate
2,47,4.049114444843694,9.811240648438327,58.665998661044206,0,27.730849247724095,32.03781274345819,0.4135950812808349,32.7566787083184,37.50480769700655,Moderate
2,48,4.049114444843694,9.813492030510714,59.85554999393622,0,28.635642126552707,31.687776089437225,0.19025565336492034,33.28663395418648,39.311314622427105,Moderate
2,49,4.049114444843694,9.8157434125831,61.05495257158094,0,29.5296461204668,31.27062919018921,0.27716047037182523,33.83784863137726,36.29690143969629,Moderate
2,50,4.049114444843694,9.817994794655485,62.266950389559035,0,30.4138126514911,30.812183839447563,0.08679583401784874,34.40930106817051,37.33475080554505,Moderate
2,51,4.049114444843694,9.82024617672787,63.49436679483452,0,31.304951684997057,30.341498244448488,0.21800640182678166,35.0,33.51043313381532,Low
2,52,4.049114444843694,9.822497558800256,64.74011365152535,0,32.202484376209235,29.8875890482036,0.27869830543798063,35.608987629529715,30.773444535327766,Low
2,53,4.049114444843694,9.824748940872642,66.00685726877433,0,33.1058907144937,29.47565705934136,0.4646061319722345,36.235341863986875,26.24681935355961,Low
2,54,4.049114444843694,9.827000322945029,67.29739067145525,0,34.0,29.123793617856673,0.195750381622209,36.87817782917155,28.672125277172363,Low
2,55,4.049114444843694,9.829251705017414,68.61384335532325,0,34.88552708502482,28.842881984313266,0.07579624189445724,37.53664875824692,29.019310521762424,Low
2,56,4.049114444843694,9.8315030870898,69.95825468838665,0,35.77708763999664,28.633200014235356,0.20501189264463188,38.2099463490856,25.783818169897955,Low
2,57,4.049114444843694,9.833754469162185,71.33225874732855,0,36.6742416417845,28.48870797475481,0.13669764357323308,38.897300677553446,25.650650157336287,Low
2,58,4.049114444843694,9.836005851234571,72.73713135048784,0,37.57658845611187,28.400113956982523,0.0886554526678769,39.59797974644666,25.329671215424156,Low
2,59,4.049114444843694,9.838257233306958,74.17366519172543,0,38.47076812334269,28.358667106405214,0.451975448840043,40.311288741492746,18.93301003302536,Low
3,0,4.051360222781172,9.705425691036194,21.43173320205596,0,2.23606797749979,30.92360728581922,0.4953040817381059,40.36087214122113,76.82974003259663,Extreme
3,1,4.051360222781172,9.707677073108579,21.112188451140483,0,1.4142135623730951,30.898732879037524,0.4878119116544915,39.6232255123179,78.44048155156636,Extreme
3,2,4.051360222781172,9.709928455180965,20.848912815876986,0,1.0,30.855518225215434,0.053888660669407756,38.897300677553446,85.69098375425826,Extreme
3,3,4.051360222781172,9.712179837253352,20.68035647646437,1,0.0,30.80437752331401,0.31240283815699577,38.18376618407357,83.45630972668717,Extreme
3,4,4.051360222781172,9.714431219325737,20.75921590651038,1,0.0,30.75733734728858,0.2194315401580057,37.48332962798263,84.69120977775206,Extreme
3,5,4.051360222781172,9.716682601398123,20.936314081115555,0,1.0,30.72579436818463,0.28920333420395294,36.796738985948195,81.79764500517011,Extreme
3,6,4.051360222781172,9.718933983470508,21.17626540559985,0,1.4142135623730951,30.71690514664818,0.23193934245688622,36.124783736376884,81.80336008437436,Extreme
3,7,4.051360222781172,9.721185365542894,21.468043300738834,0,2.23606797749979,30.731357274066184,0.33378612170763095,35.4682957019364,78.76860124347412,Extreme
3,8,4.051360222781172,9.72343674761528,21.806122332355095,0,2.8284271247461903,30.764349542318726,0.04479810141312133,34.828149534535996,81.99615377864625,Extreme
3,9,4.051360222781172,9.725688129687667,22.187529388703897,0,3.605551275463989,30.805708526183807,0.266328430220623,34.20526275297414,77.25256579278015,Extreme
3,10,4.051360222781172,9.727939511760052,22.61043964110248,0,4.242640687119285,30.841969297120123,0.276482335958431,33.60059523282288,75.87627536366035,Extreme
3,11,4.051360222781172,9.730190893832438,23.0733408629258,0,4.47213595499958,30.858724587480292,0.3791699605227168,33.015148038438355,73.72079496438351,High
3,12,4.051360222781172,9.732442275904823,23.575252764239057,0,3.605551275463989,30.844198408703363,0.3327540630895114,32.449961479175904,75.53040817528982,Extreme
3,13,4.051360222781172,9.734693657977209,24.115148906516986,0,2.8284271247461903,30.78990027532791,0.23258428931724862,31.906112267087632,77.8791492881702,Extreme
3,14,4.051360222781172,9.736945040049594,24.692014199695663,0,2.0,30.691540071141965,0.31567641726311685,31.38470965295043,77.43666536662904,Extreme
3,15,4.051360222781172,9.739196422121982,25.30473929118316,0,1.0,30.55059735133498,0.2466161630748806,30.886890422961002,79.43883407360221,Extreme
3,16,4.051360222781172,9.741447804194367,25.952124493541817,1,0.0,30.372229573525708,0.22334005988998426,30.4138126514911,80.64376738318512,Extreme
3,17,4.051360222781172,9.743699186266753,26.633024467568468,0,1.0,30.16573825843028,0.19135674082243345,29.966648127543394,78.55855454117511,Extreme
3,18,4.051360222781172,9.745950568339138,27.3463092839062,0,1.4142135623730951,29.94164700876209,0.19828657044068326,29.546573405388315,76.80451708988598,Extreme
3,19,4.051360222781172,9.748201950411524,28.090776361982357,0,2.23606797749979,29.71195690155783,0.06831800576055332,29.154759474226502,76.39269617194516,Extreme
3,20,4.051360222781172,9.75045333248391,28.865370611087748,0,3.1622776601683795,29.489557713056413,0.2650381010446775,28.792360097775937,70.90639306112891,High
3,21,4.051360222781172,9.752704714556296,29.669133879236256,0,4.123105625617661,29.286378335041082,0.1925618639841131,28.460498941515414,69.42937329820028,High
3,22,4.051360222781172,9.754956096628682,30.501286487228477,0,5.0,29.11441361093955,0.24759569303681764,28.160255680657446,66.23794312165106,High
3,23,4.051360222781172,9.757207478701067,31.360933281931818,0,5.830951894845301,28.98557313697569,0.07321023633310866,27.892651361962706,66.65190306754178,High
3,24,4.051360222781172,9.759458860773453,32.24745545813929,0,6.708203932499369,28.909747240398502,0.23320232376004982,27.65863337187866,62.08472104239067,High
3,25,4.051360222781172,9.761710242845838,33.160285823048255,0,7.615773105863909,28.894957327865157,0.08960759192038868,27.459060435491963,62.15213240632487,High
3,26,4.051360222781172,9.763961624918226,34.09878972520974,0,8.54400374531753,28.9480104182755,0.06330858772586676,27.294688127912362,60.57374163431681,High
3,27,4.051360222781172,9.766213006990611,35.06231294349693,0,9.433981132056603,29.0697632562546,0.24887903791011723,27.16615541441225,56.031580899137325,High
3,28,4.051360222781172,9.768464389062997,36.049989430487315,0,10.295630140987,29.257112884429855,0.20032640864485232,27.073972741361768,55.19204269822545,High
3,29,4.051360222781172,9.770715771135382,37.060915152304815,0,11.180339887498949,29.50068357908728,0.18800808540770214,27.018512172212592,53.89209569411548,Moderate
3,30,4.051360222781172,9.772967153207768,38.09394577154976,0,12.083045973594572,29.785250700011677,0.06222066084303075,27.0,54.349780617951026,Moderate
3,31,4.051360222781172,9.775218535280155,39.14768350271207,0,13.0,30.091361518350276,0.18890637182198838,27.018512172212592,51.03623816679577,Moderate
3,32,4.051360222781172,9.77746991735254,40.22053782926747,0,13.892443989449804,30.399760715837676,0.08740700153288257,27.073972741361768,51.180553707115564,Moderate
3,33,4.051360222781172,9.779721299424926,41.310821283214196,0,14.7648230602334,30.693663972483627,0.1728131829762993,27.16615541441225,48.50957634788316,Moderate
3,34,4.051360222781172,9.781972681497312,42.41641556079301,0,15.652475842498529,30.962065928516992,0.04748540787455531,27.294688127912362,49.99123437173495,Moderate
3,35,4.051360222781172,9.784224063569697,43.535265165834204,0,16.55294535724685,31.20098722576606,0.3426549447392311,27.459060435491963,45.478655800075614,Moderate
3,36,4.051360222781172,9.786475445642083,44.66504073684066,0,17.46424919657298,31.414164795264114,0.33746854906131046,27.65863337187866,45.40304133136633,Moderate
3,37,4.051360222781172,9.78872682771447,45.80366518112234,0,18.35755975068582,31.6104716287494,0.19839981790888775,27.892651361962706,47.28985764788308,Moderate
3,38,4.051360222781172,9.790978209786855,46.94910184892668,0,19.235384061671343,31.797898540774803,0.11907009635488948,28.160255680657446,48.25520911024597,Moderate
3,39,4.051360222781172,9.793229591859241,48.09933958882026,0,20.12461179749811,31.9824393010417,0.1145749155086015,28.460498941515414,48.088267965567574,Moderate
3,40,4.051360222781172,9.795480973931626,49.25293683656354,0,21.02379604162864,32.163441450995975,0.16481482700444036,28.792360097775937,47.08980644050015,Moderate
3,41,4.051360222781172,9.797732356004012,50.40860731076498,0,21.93171219946131,32.332318255465005,0.16410600521658564,29.154759474226502,46.82518337663695,Moderate
3,42,4.051360222781172,9.799983738076397,51.56565333072174,0,22.825424421026653,32.47361208528839,0.10983198419660399,29.546573405388315,47.29687081736715,Moderate
3,43,4.051360222781172,9.802235120148785,52.723786109084976,0,23.706539182259394,32.56660279526531,0.33829870408431834,29.966648127543394,43.41060355975051,Moderate
3,44,4.051360222781172,9.80448650222117,53.883185860351176,0,24.596747752497688,32.59115206920087,0.1860330294069519,30.4138126514911,45.06992565996513,Moderate
3,45,4.051360222781172,9.806737884293556,55.044774037987466,0,25.495097567963924,32.529732775870166,0.11443555320925558,30.886890422961002,45.31111984455713,Moderate
3,46,4.051360222781172,9.808989266365941,56.20983369334142,0,26.40075756488817,32.37146702080577,0.054217152365890996,31.38470965295043,45.14659739434834,Moderate
3,47,4.051360222781172,9.811240648438327,57.38003299937334,0,27.294688127912362,32.11420337258691,0.1688137808435939,31.906112267087632,42.11865955148061,Moderate
3,48,4.051360222781172,9.813492030510714,58.55763072660329,0,28.178005607210743,31.765683424401566,0.21759213368362837,32.449961479175904,39.85409778081801,Moderate
3,49,4.051360222781172,9.8157434125831,59.745213331551085,0,29.068883707497267,31.3422311730233,0.26902426098769033,33.015148038438355,37.363576646439256,Moderate
3,50,4.051360222781172,9.817994794655485,60.94548162982139,0,29.966648127543394,30.867777007185474,0.18596495524188006,33.60059523282288,36.76025081604433,Moderate
3,51,4.051360222781172,9.82024617672787,62.161220268744884,0,30.870698080866262,30.370666057034448,0.2577828745420605,34.20526275297414,33.770138068964215,Low
3,52,4.051360222781172,9.822497558800256,63.39529001781763,0,31.76476034853718,29.88046177353441,0.1982695040100077,34.828149534535996,32.755799799904,Low
3,53,4.051360222781172,9.824748940872642,64.6503237713369,0,32.64965543462902,29.424339495130287,0.30293426134578233,35.4682957019364,29.348417720780724,Low
3,54,4.051360222781172,9.827000322945029,65.92906570129118,0,33.54101966249684,29.023435669607792,0.06254467810188925,36.124783736376884,31.235708468018032,Low
3,55,4.051360222781172,9.829251705017414,67.23361533643343,0,34.438350715445125,28.692408786609036,0.29678044772314144,36.796738985948195,26.156502399977953,Low
3,56,4.051360222781172,9.8315030870898,68.56598083012067,0,35.34119409414458,28.435736875300485,0.38728270768732587,37.48332962798263,23.395770990636,Low
3,57,4.051360222781172,9.833754469162185,69.92776699184712,0,36.235341863986875,28.25159798998922,0.08872863483182448,38.18376618407357,26.628027148812983,Low
3,58,4.051360222781172,9.836005851234571,71.32023093600635,0,37.12142238654117,28.134325181670448,0.15092170826809465,38.897300677553446,24.59184437654214,Low
3,59,4.051360222781172,9.838257233306958,72.74415093679853,0,38.01315561749642,28.07782887689212,0.43678026557171307,39.6232255123179,19.328338973867275,Low
4,0,4.053606000718649,9.705425691036194,21.78295467784632,0,2.8284271247461903,30.97154402726862,0.3334471387674343,39.698866482558415,78.17852793050248,Extreme
4,1,4.053606000718649,9.707677073108579,21.407046375350752,0,2.23606797749979,30.94412548558838,0.11418646267989468,38.948684188300895,82.61042321725628,Extreme
4,2,4.053606000718649,9.709928455180965,21.074048116408473,0,1.4142135623730951,30.896789391719796,0.22924227884390525,38.2099463490856,82.33684271672905,Extreme
4,3,4.053606000718649,9.712179837253352,20.79841667829807,0,1.0,30.841956166239584,0.19098475581280838,37.48332962798263,83.63169469294161,Extreme
4,4,4.053606000718649,9.714431219325737,20.618970422752707,1,0.0,30.793964809411552,0.38979515861062963,36.76955262170047,82.30657565841732,Extreme
4,5,4.053606000718649,9.716682601398123,20.68906285415913,1,0.0,30.766579916858525,0.29446046285463073,36.069377593742864,83.62938141888803,Extreme
4,6,4.053606000718649,9.718933983470508,20.85942049130385,0,1.0,30.76888751892054,0.4262907277248624,35.38361202590826,79.89034887665237,Extreme
4,7,4.053606000718649,9.721185365542894,21.095038020356476,0,1.4142135623730951,30.80264807329863,0.11366139395089968,34.713109915419565,83.8317022772876,Extreme
4,8,4.053606000718649,9.72343674761528,21.384785473061775,0,2.23606797749979,30.863187492486446,0.011798248609961374,34.058772731852805,83.96466178689653,Extreme
4,9,4.053606000718649,9.725688129687667,21.723176677827272,0,2.8284271247461903,30.93957926277541,0.3300019265393908,33.421549934136806,78.18856083379498,Extreme
4,10,4.053606000718649,9.727939511760052,22.106979666093956,0,3.605551275463989,31.016930160833212,0.26385204131513273,32.802438933713454,77.845348792771,Extreme
4,11,4.053606000718649,9.730190893832438,22.533798320652245,0,4.242640687119285,31.079040304467235,0.17578941916814486,32.202484376209235,78.00218719424785,Extreme
4,12,4.053606000718649,9.732442275904823,23.002010076255665,0,4.123105625617661,31.112172889840473,0.23721544066337413,31.622776601683793,77.08361514902141,Extreme
4,13,4.053606000718649,9.734693657977209,23.510118874253934,0,3.1622776601683795,31.106070550461585,0.1742015196115494,31.064449134018133,79.31588163445875,Extreme
4,14,4.053606000718649,9.736945040049594,24.056736283705483,0,2.23606797749979,31.054756878812597,0.15980680683224466,30.528675044947494,80.62968876630785,Extreme
4,15,4.053606000718649,9.739196422121982,24.640449875877884,0,1.4142135623730951,30.958085380590248,0.27357857348852505,30.01666203960727,79.71607968557284,Extreme
4,16,4.053606000718649,9.741447804194367,25.259829441047845,0,1.0,30.81950343874593,0.16750309721826287,29.5296461204668,81.29892103656876,Extreme
4,17,4.053606000718649,9.743699186266753,25.91353153743232,1,0.0,30.646349100124702,0.3905123917171625,29.068883707497267,78.81839014090986,Extreme
4,18,4.053606000718649,9.745950568339138,26.600277916488363,0,1.0,30.44708583867518,0.09286837636082404,28.635642126552707,80.73202851324453,Extreme
4,19,4.053606000718649,9.748201950411524,27.31876891623962,0,2.0,30.23171244539504,0.1911162416242504,28.231188426986208,76.64981213431201,Extreme
4,20,4.053606000718649,9.75045333248391,28.06787633518267,0,2.8284271247461903,30.011428360185633,0.10091569508577294,27.85677655436824,75.65040797163753,Extreme
4,21,4.053606000718649,9.752704714556296,28.84661840154037,0,3.605551275463989,29.79716967417626,0.16142027873529158,27.51363298439521,72.4729509590577,High
4,22,4.053606000718649,9.754956096628682,29.654205579074954,0,4.47213595499958,29.600971435705823,0.2323460787355754,27.202941017470888,69.01651225875469,High
4,23,4.053606000718649,9.757207478701067,30.489772267415624,0,5.385164807134504,29.43580906747742,0.3491799402113025,26.92582403567252,64.85220852651833,High
4,24,4.053606000718649,9.759458860773453,31.352735330487455,0,6.324555320336759,29.31394415543751,0.18008210774342046,26.68332812825267,65.02094850158585,High
4,25,4.053606000718649,9.761710242845838,32.24257048022036,0,7.211102550927978,29.246429562744837,0.2119978524568098,26.476404589747453,62.377460386541195,High
4,26,4.053606000718649,9.763961624918226,33.15869053334477,0,8.06225774829855,29.24358961849444,0.27680388070741846,26.30589287593181,59.43969165825996,High
4,27,4.053606000718649,9.766213006990611,34.10049393745186,0,8.94427190999916,29.309781369037108,0.14726286405809869,26.1725046566048,59.51662039764049,High
4,28,4.053606000718649,9.768464389062997,35.067152769468684,0,9.848857801796104,29.44514513192565,0.1833679740748273,26.076809620810597,57.22298689259948,High
4,29,4.053606000718649,9.770715771135382,36.05778384079348,0,10.770329614269007,29.642720663593167,0.23431407395132764,26.019223662515376,54.81412113664017,Moderate
4,30,4.053606000718649,9.772967153207768,37.071254913164125,0,11.661903789690601,29.88904587463919,0.27233594091402463,26.0,52.752756054297954,Moderate
4,31,4.053606000718649,9.775218535280155,38.106170911103035,0,12.529964086141668,30.165538749831622,0.3074499303472055,26.019223662515376,50.834126711561055,Moderate
4,32,4.053606000718649,9.77746991735254,39.16091953971039,0,13.416407864998739,30.453011160687474,0.35662149682897887,26.076809620810597,48.6887123210886,Moderate
4,33,4.053606000718649,9.779721299424926,40.23378008337907,0,14.317821063276353,30.733866086316485,0.01448281517184074,26.1725046566048,52.3614019942679,Moderate
4,34,4.053606000718649,9.781972681497312,41.32260640745295,0,15.231546211727817,30.995591806212296,0.0747224481253505,26.30589287593181,50.30837295999538,Moderate
4,35,4.053606000718649,9.784224063569697,42.42528914154912,0,16.1245154965971,31.232210639510082,0.15364474886176527,26.476404589747453,49.04349782430128,Moderate
4,36,4.053606000718649,9.786475445642083,43.539469151144175,0,17.0,31.445238598499,0.08500623348020481,26.68332812825267,49.92850224701911,Moderate
4,37,4.053606000718649,9.78872682771447,44.66301368819411,0,17.88854381999832,31.641469829215094,0.20511365670108594,26.92582403567252,47.93638729250316,Moderate
4,38,4.053606000718649,9.790978209786855,45.793850070917294,0,18.788294228055936,31.827587683710085,0.35282269817808704,27.202941017470888,45.501618192009104,Moderate
4,39,4.053606000718649,9.793229591859241,46.92993650405642,0,19.697715603592208,32.00903086258361,0.13682029427945566,27.51363298439521,48.50817885660851,Moderate
4,40,4.053606000718649,9.795480973931626,48.06979690220179,0,20.591260281974,32.185775165863774,0.16506645980471588,27.85677655436824,47.83748132349069,Moderate
4,41,4.053606000718649,9.797732356004012,49.21211859337029,0,21.470910553583888,32.35063810344399,0.11778498780708829,28.231188426986208,48.26966390616881,Moderate
4,42,4.053606000718649,9.799983738076397,50.35618349136946,0,22.360679774997898,32.48988053759106,0.005996347026022438,28.635642126552707,49.60679083201619,Moderate
4,43,4.053606000718649,9.802235120148785,51.50167867628282,0,23.259406699226016,32.58442355041425,0.09097803456322899,29.068883707497267,47.88398607179428,Moderate
4,44,4.053606000718649,9.80448650222117,52.648768002190536,0,24.166091947189145,32.61463302740596,0.26882182972318974,29.5296461204668,44.6125425648975,Moderate
4,45,4.053606000718649,9.806737884293556,53.79833727496559,0,25.059928172283335,32.562414240752055,0.04624867880600828,30.01666203960727,47.14759329536105,Moderate
4,46,4.053606000718649,9.808989266365941,54.951641737293315,0,25.942243542145693,32.41485525129549,0.06925159926848119,30.528675044947494,45.76744053807893,Moderate
4,47,4.053606000718649,9.811240648438327,56.11031393875088,0,26.832815729997478,32.16680609948927,0.32484331355554047,31.064449134018133,40.653541463789566,Moderate
4,48,4.053606000718649,9.813492030510714,57.2765660007496,0,27.730849247724095,31.82243445323465,0.2848137373285297,31.622776601683793,39.737768954321915,Moderate
4,49,4.053606000718649,9.8157434125831,58.4529333322481,0,28.635642126552707,31.39478699976258,0.028353891933390774,32.202484376209235,41.8621488930092,Moderate
4,50,4.053606000718649,9.817994794655485,59.642061486260395,0,29.5296461204668,30.905379041228443,0.10891937843788925,32.802438933713454,38.77504644018637,Moderate
4,51,4.053606000718649,9.82024617672787,60.84668561418058,0,30.4138126514911,30.381470801572405,0.20123229845920718,33.421549934136806,35.41959695480072,Moderate
4,52,4.053606000718649,9.822497558800256,62.0696011824899,0,31.304951684997057,29.852993830304026,0.09024199228114312,34.058772731852805,35.09191804842039,Moderate
4,53,4.053606000718649,9.824748940872642,63.31339833701408,0,32.202484376209235,29.349192385284088,0.18944969163807351,34.713109915419565,31.658316626638843,Low
4,54,4.053606000718649,9.827000322945029,64.58075892269649,0,33.1058907144937,28.894561859448682,0.1419772645002006,35.38361202590826,30.529311641551327,Low
4,55,4.053606000718649,9.829251705017414,65.87374428104044,0,34.0,28.50802705673939,0.2076141955456372,36.069377593742864,27.852372565063295,Low
4,56,4.053606000718649,9.8315030870898,67.194322963213,0,34.88552708502482,28.198901683539486,0.17260625952262348,36.76955262170047,26.855057843583886,Low
4,57,4.053606000718649,9.833754469162185,68.54406268171985,0,35.77708763999664,27.970263107423154,0.22100547676697155,37.48332962798263,24.783065876677,Low
4,58,4.053606000718649,9.836005851234571,69.9241969723553,0,36.6742416417845,27.820684135556803,0.2969350132160724,38.2099463490856,22.470388340190755,Low
4,59,4.053606000718649,9.838257233306958,71.33548600874553,0,37.57658845611187,27.74719832383895,0.1640527195634884,38.948684188300895,23.454572816590268,Low
5,0,4.055851778656127,9.705425691036194,22.17997127044176,0,3.605551275463989,31.02678394910049,0.3876760532290991,39.05124837953327,75.96864924483141,Extreme
5,1,4.055851778656127,9.707677073108579,21.75540879706301,0,2.8284271247461903,30.996060383672365,0.15389272140430443,38.28837943815329,80.9470674869297,Extreme
5,2,4.055851778656127,9.709928455180965,21.366033105774818,0,2.23606797749979,30.943136260041406,0.4825148048630038,37.53664875824692,77.10730464976805,Extreme
5,3,4.055851778656127,9.712179837253352,21.020692778859065,0,1.4142135623730951,30.882537185733828,0.07914244374653914,36.796738985948195,84.58551845121916,Extreme
5,4,4.055851778656127,9.714431219325737,20.734249951923715,0,1.0,30.831053137525295,0.30239829121310363,36.069377593742864,81.97210266939663,Extreme
5,5,4.055851778656127,9.716682601398123,20.54616855467898,1,0.0,30.804974517897715,0.1846389242090036,35.35533905932738,85.45333791740094,Extreme
5,6,4.055851778656127,9.718933983470508,20.609711756126707,1,0.0,30.815465502104654,0.18032362253098486,34.655446902326915,85.50583288569268,Extreme
5,7,4.055851778656127,9.721185365542894,20.775979561442135,0,1.0,30.865532543563933,0.14628322327952065,33.97057550292606,84.37216693151326,Extreme
5,8,4.055851778656127,9.72343674761528,21.009851341359152,0,1.4142135623730951,30.950798604302,0.21585532670118387,33.301651610693426,82.70543495260992,Extreme
5,9,4.055851778656127,9.725688129687667,21.30020455326168,0,2.23606797749979,31.05979294874759,0.2923034613967252,32.64965543462902,80.27993593294569,Extreme
5,10,4.055851778656127,9.727939511760052,21.641268456154204,0,2.8284271247461903,31.176419398746717,0.10942117192875937,32.01562118716424,82.11534082162981,Extreme
5,11,4.055851778656127,9.730190893832438,22.029232694628774,0,3.605551275463989,31.282954570346295,0.1694679566127887,31.400636936215164,79.94693329787549,Extreme
5,12,4.055851778656127,9.732442275904823,22.4615366336998,0,4.242640687119285,31.363951213560735,0.08207035801887234,30.805843601498726,80.13599677195987,Extreme
5,13,4.055851778656127,9.734693657977209,22.93603537013886,0,3.605551275463989,31.407612258336922,0.2300716216506015,30.23243291566195,78.80300741030594,Extreme
5,14,4.055851778656127,9.736945040049594,23.450846637749827,0,2.8284271247461903,31.406421890532396,0.1666864088626297,29.68164415931166,80.7425343857085,Extreme
5,15,4.055851778656127,9.739196422121982,24.004170857448862,0,2.0,31.35860856224155,0.18803048026937208,29.154759474226502,81.36175445293836,Extreme
5,16,4.055851778656127,9.741447804194367,24.594288552467276,0,1.0,31.26576233678296,0.04875413162120892,28.653097563788805,84.54620223243025,Extreme
5,17,4.055851778656127,9.743699186266753,25.219613944539258,1,0.0,31.132920312015827,0.291435451111769,28.178005607210743,81.88430450870639,Extreme
5,18,4.055851778656127,9.745950568339138,25.87868939241745,0,1.0,30.966033843566596,0.2771651375205458,27.730849247724095,79.64154422905966,Extreme
5,19,4.055851778656127,9.748201950411524,26.570099878049895,0,1.4142135623730951,30.772545216980852,0.2197049534493353,27.313000567495326,78.93987737033945,Extreme
5,20,4.055851778656127,9.75045333248391,27.292632262152985,0,2.23606797749979,30.56138666721812,0.11730100629931073,26.92582403567252,78.17210383991925,Extreme
5,21,4.055851778656127,9.752704714556296,28.045279014618544,0,3.1622776601683795,30.34198195676999,0.11689366042743396,26.570660511172846,75.66285903161834,Extreme
5,22,4.055851778656127,9.754956096628682,28.82724235335916,0,4.123105625617661,30.12600272697629,0.07515269179172249,26.248809496813376,73.70687352208283,High
5,23,4.055851778656127,9.757207478701067,29.637695343466643,0,5.0,29.927224994379777,0.27640888064915053,25.96150997149434,68.27040065442003,High
5,24,4.055851778656127,9.759458860773453,30.476100811147525,0,5.830951894845301,29.760205365612407,0.15612500719793354,25.709920264364882,67.79351578282136,High
5,25,4.055851778656127,9.761710242845838,31.341989286697395,0,6.708203932499369,29.63910008379591,0.14633541048542834,25.495097567963924,65.67629861404328,High
5,26,4.055851778656127,9.763961624918226,32.23483326444725,0,7.615773105863909,29.577930674501076,0.24799661271961182,25.317977802344327,61.96508229177694,High
5,27,4.055851778656127,9.766213006990611,33.154097432296595,0,8.54400374531753,29.584828043004944,0.14013004101274593,25.179356624028344,61.510514375931514,High
5,28,4.055851778656127,9.768464389062997,34.09900261290605,0,9.433981132056603,29.66348174819215,0.16280268901730777,25.079872407968907,59.31911661925635,High
5,29,4.055851778656127,9.770715771135382,35.06869373800424,0,10.295630140987,29.809634744679343,0.3505028235321947,25.019992006393608,54.84728664834954,Moderate
5,30,4.055851778656127,9.772967153207768,36.06205651573608,0,11.180339887498949,30.011850192955556,0.22062865208402968,25.0,55.221546366915405,High
5,31,4.055851778656127,9.775218535280155,37.07770191809067,0,12.083045973594572,30.25263066587194,0.24366413093759975,25.019992006393608,53.35180271255109,Moderate
5,32,4.055851778656127,9.77746991735254,38.11399517512148,0,13.0,30.512999573264082,0.17047568435981164,25.079872407968907,52.93661877155225,Moderate
5,33,4.055851778656127,9.779721299424926,39.16917879485642,0,13.892443989449804,30.77462323897252,0.17729440809705127,25.179356624028344,51.35405588300767,Moderate
5,34,4.055851778656127,9.781972681497312,40.24107621333334,0,14.7648230602334,31.023508076246042,0.30677296999945325,25.317977802344327,47.92453472316594,Moderate
5,35,4.055851778656127,9.784224063569697,41.32751691985105,0,15.652475842498529,31.251661710210417,0.2942721950534854,25.495097567963924,47.62825769384481,Moderate
5,36,4.055851778656127,9.786475445642083,42.42610809741163,0,16.55294535724685,31.458346034131626,0.19717652531769295,25.709920264364882,48.93405160901117,Moderate
5,37,4.055851778656127,9.78872682771447,43.534653044139134,0,17.46424919657298,31.64823547059289,0.18256128780172481,25.96150997149434,48.9563656835358,Moderate
5,38,4.055851778656127,9.790978209786855,44.651037678417836,0,18.35755975068582,31.826735473551757,0.13700611606156768,26.248809496813376,49.41075601801251,Moderate
5,39,4.055851778656127,9.793229591859241,45.77318456267996,0,19.235384061671343,31.99881420615478,0.12436106185450506,26.570660511172846,49.352648840815995,Moderate
5,40,4.055851778656127,9.795480973931626,46.899577842501266,0,20.12461179749811,32.16524448227658,0.10806151375404675,26.92582403567252,49.33326640943969,Moderate
5,41,4.055851778656127,9.797732356004012,48.02887347870286,0,21.02379604162864,32.32052185311749,0.05584899181537799,27.313000567495326,49.82403649024731,Moderate
5,42,4.055851778656127,9.799983738076397,49.16032954659737,0,21.93171219946131,32.452952318479134,0.1654983751441978,27.730849247724095,47.8306411957041,Moderate
5,43,4.055851778656127,9.802235120148785,50.293604056287165,0,22.825424421026653,32.545446493363904,0.0908003178989825,28.178005607210743,48.505310498461974,Moderate
5,44,4.055851778656127,9.80448650222117,51.42884114304393,0,23.706539182259394,32.57915711133956,0.07609511031080851,28.653097563788805,48.13751422115228,Moderate
5,45,4.055851778656127,9.806737884293556,52.56688370273464,0,24.596747752497688,32.535614007705625,0.2194583448588744,29.154759474226502,45.21118777237684,Moderate
5,46,4.055851778656127,9.808989266365941,53.708952888814565,0,25.495097567963924,32.39989690791048,0.1442405639473584,29.68164415931166,45.3394592081898,Moderate
5,47,4.055851778656127,9.811240648438327,54.856638056245295,0,26.40075756488817,32.1637201096531,0.13622344962876376,30.23243291566195,44.2147331289853,Moderate
5,48,4.055851778656127,9.813492030510714,56.01209481199325,0,27.294688127912362,31.827369393878836,0.19663885802427092,30.805843601498726,41.81794799108427,Moderate
5,49,4.055851778656127,9.8157434125831,57.17779679056437,0,28.178005607210743,31.40019755442064,0.2796925544382128,31.400636936215164,38.85705855742433,Moderate
5,50,4.055851778656127,9.817994794655485,58.35632260409416,0,29.068883707497267,30.900829656295453,0.24229491219749424,32.01562118716424,37.521694844148534,Moderate
5,51,4.055851778656127,9.82024617672787,59.55034731693607,0,29.966648127543394,30.354984672834917,0.13082761408781463,32.64965543462902,37.17642614424403,Moderate
5,52,4.055851778656127,9.822497558800256,60.76258768146799,0,30.870698080866262,29.792559839221372,0.12427644486928166,33.301651610693426,35.20678727151441,Moderate
5,53,4.055851778656127,9.824748940872642,61.99558167766463,0,31.76476034853718,29.244609122313037,0.37911078647403723,33.97057550292606,29.338947254501207,Low
5,54,4.055851778656127,9.827000322945029,63.25193613268616,0,32.64965543462902,28.73886115040383,0.07078950169870092,34.655446902326915,32.006192549069986,Low
5,55,4.055851778656127,9.829251705017414,64.53366596909017,0,33.54101966249684,28.29851664514085,0.08120708447820994,35.35533905932738,30.03473142760334,Low
5,56,4.055851778656127,9.8315030870898,65.84269202110276,0,34.438350715445125,27.9378780083639,0.17743309024992604,36.069377593742864,26.95179505871335,Low
5,57,4.055851778656127,9.833754469162185,67.18053735908452,0,35.34119409414458,27.665143611701573,0.19391553815666615,36.796738985948195,25.259487773612438,Low
5,58,4.055851778656127,9.836005851234571,68.54840705715145,0,36.235341863986875,27.48336317662303,0.2290873350463911,37.53664875824692,23.48794202110153,Low
5,59,4.055851778656127,9.838257233306958,69.94703943446379,0,37.12142238654117,27.392884349808615,0.3443111756715702,38.28837943815329,20.71711831116354,Low
6,0,4.058097556593604,9.705425691036194,22.617718568897477,0,4.242640687119285,31.08028850694901,0.25377270002451924,38.41874542459709,76.78595133550859,Extreme
6,1,4.058097556593604,9.707677073108579,22.14972204268034,0,3.605551275463989,31.04563356810032,0.25921674679722345,37.64306044943742,77.95872389808056,Extreme
6,2,4.058097556593604,9.709928455180965,21.71172052431264,0,2.8284271247461903,30.985818689162315,0.25957654223054927,36.87817782917155,79.3629355997138,Extreme
6,3,4.058097556593604,9.712179837253352,21.31007107738531,0,2.23606797749979,30.91735249447769,0.2599216475774855,36.124783736376884,80.41717598893116,Extreme
6,4,4.058097556593604,9.714431219325737,20.9540661808071,0,1.4142135623730951,30.859367042286166,0.43985844187545725,35.38361202590826,79.15832915310284,Extreme
6,5,4.058097556593604,9.716682601398123,20.6591949874142,0,1.0,30.83058994296675,0.14153822323225654,34.655446902326915,84.42815079213219,Extreme
6,6,4.058097556593604,9.718933983470508,20.464834655314235,1,0.0,30.844222060463043,0.30337448449034615,33.94112549695428,83.81468645603769,Extreme
6,7,4.058097556593604,9.721185365542894,20.524609374866582,1,0.0,30.904613019373944,0.063358080024983,33.24154027718932,87.524964566652,Extreme
6,8,4.058097556593604,9.72343674761528,20.689486549219566,0,1.0,31.00789711804327,0.13329843951140374,32.55764119219941,84.960431463381,Extreme
6,9,4.058097556593604,9.725688129687667,20.924315017661243,0,1.4142135623730951,31.14243468157524,0.3492047022761896,31.89043743820395,81.21665525423847,Extreme
6,10,4.058097556593604,9.727939511760052,21.217657824989736,0,2.23606797749979,31.291404928815453,0.17857806372887186,31.240998703626616,82.59168474436997,Extreme
6,11,4.058097556593604,9.730190893832438,21.563158231720752,0,2.8284271247461903,31.436138429910635,0.17714178189800187,30.610455730027933,81.77040029033729,Extreme
6,12,4.058097556593604,9.732442275904823,21.956781611317417,0,3.605551275463989,31.560043925751078,0.2239073848298524,30.0,79.83966093261739,Extreme
6,13,4.058097556593604,9.734693657977209,22.395442064236473,0,4.123105625617661,31.650291140479442,0.25072341377972407,29.410882339705484,78.53325061118998,Extreme
6,14,4.058097556593604,9.736945040049594,22.876584103780836,0,3.1622776601683795,31.698205785828414,0.014162600626735165,28.844410203711913,83.51457184620715,Extreme
6,15,4.058097556593604,9.739196422121982,23.397904691459573,0,2.23606797749979,31.700563453995983,0.27135446132602903,28.30194339616981,80.89861543183325,Extreme
6,16,4.058097556593604,9.741447804194367,23.95731676496975,0,1.4142135623730951,31.657078723358545,0.11392075203119416,27.784887978899608,84.19537086195523,Extreme
6,17,4.058097556593604,9.743699186266753,24.55293692797087,0,1.0,31.57024623653418,0.24140023387918297,27.294688127912362,82.41339277641059,Extreme
6,18,4.058097556593604,9.745950568339138,25.183089596465525,1,0.0,31.443125014582996,0.30638743098527205,26.832815729997478,82.42782266915523,Extreme
6,19,4.058097556593604,9.748201950411524,25.84622076638108,0,1.0,31.28008566258931,0.08185712941466151,26.40075756488817,83.34582546804216,Extreme
6,20,4.058097556593604,9.75045333248391,26.54101690495266,0,2.0,31.087217146415338,0.2972757806849695,26.0,77.57416056093359,Extreme
6,21,4.058097556593604,9.752704714556296,27.266438648590395,0,2.8284271247461903,30.8718567903762,0.13026426188045848,25.632011235952593,77.75273390090884,Extreme
6,22,4.058097556593604,9.754956096628682,28.021678568506957,0,3.605551275463989,30.64477697881303,0.11956430128286073,25.298221281347036,75.626360984855,Extreme
6,23,4.058097556593604,9.757207478701067,28.805953911281268,0,4.47213595499958,30.42008781162815,0.3419639246698896,25.0,69.84302182742591,High
6,24,4.058097556593604,9.759458860773453,29.618780458718426,0,5.385164807134504,30.21427784433608,0.31226902790577593,24.73863375370596,67.7922739499735,High
6,25,4.058097556593604,9.761710242845838,30.45975246191702,0,6.324555320336759,30.044365766142388,0.09620276791066047,24.515301344262525,68.56292194999844,High
6,26,4.058097556593604,9.763961624918226,31.328411184167578,0,7.211102550927978,29.927920325886376,0.0579541553205031,24.331050121192877,66.86667453130681,High
6,27,4.058097556593604,9.766213006990611,32.22429828488485,0,8.06225774829855,29.87682667818807,0.29461561738313824,24.186773244895647,61.246922250584745,High
6,28,4.058097556593604,9.768464389062997,33.14669175876358,0,8.94427190999916,29.898376715462934,0.11318885707450192,24.08318915758459,62.00618910327338,High
6,29,4.058097556593604,9.770715771135382,34.094770455947994,0,9.848857801796104,29.991139272811317,0.27216524327274966,24.020824298928627,57.77795791167153,High
6,30,4.058097556593604,9.772967153207768,35.06744299282396,0,10.770329614269007,30.145861298171145,0.22420202905974224,24.0,56.760229793714444,High
6,31,4.058097556593604,9.775218535280155,36.06332892172638,0,11.661903789690601,30.3463139521727,0.11073925712671302,24.020824298928627,56.871149102115794,High
6,32,4.058097556593604,9.77746991735254,37.08077076128087,0,12.529964086141668,30.57390126333256,0.14775708858034825,24.08318915758459,54.81661498849626,Moderate
6,33,4.058097556593604,9.779721299424926,38.11797136848659,0,13.416407864998739,30.80971679959731,0.03783128548795806,24.186773244895647,54.943738738224845,Moderate
6,34,4.058097556593604,9.781972681497312,39.17272165674942,0,14.317821063276353,31.038451197200626,0.094060698870705,24.331050121192877,52.526200733021625,Moderate
6,35,4.058097556593604,9.784224063569697,40.24278432893268,0,15.231546211727817,31.250259087534708,0.20127771229516997,24.515301344262525,49.65948908634164,Moderate
6,36,4.058097556593604,9.786475445642083,41.32572924488141,0,16.1245154965971,31.442317341732085,0.19097129458539713,24.73863375370596,49.63748523207769,Moderate
6,37,4.058097556593604,9.78872682771447,42.41928895310115,0,17.0,31.617339030948102,0.17923002575971075,25.0,49.589759565659605,Moderate
6,38,4.058097556593604,9.790978209786855,43.52130309796921,0,17.88854381999832,31.779638862395906,0.24511741408958693,25.298221281347036,48.34201334877979,Moderate
6,39,4.058097556593604,9.793229591859241,44.629653675519165,0,18.788294228055936,31.93391201007718,0.14967668796711608,25.632011235952593,49.49114235376219,Moderate
6,40,4.058097556593604,9.795480973931626,45.742780333620985,0,19.697715603592208,32.081926713616944,0.05936570300836182,26.0,50.5454527670292,Moderate
6,41,4.058097556593604,9.797732356004012,46.859302398745925,0,20.591260281974,32.22012109479882,0.26582585951834353,26.40075756488817,47.12256899267977,Moderate
6,42,4.058097556593604,9.799983738076397,47.97845046910167,0,21.470910553583888,32.339149940782775,0.1534013806860474,26.832815729997478,48.43529965794161,Moderate
6,43,4.058097556593604,9.802235120148785,49.09984819065771,0,22.360679774997898,32.424247079020205,0.25125208744688254,27.294688127912362,46.51094644574291,Moderate
6,44,4.058097556593604,9.80448650222117,50.22361621728564,0,23.259406699226016,32.457708908368026,0.3970722977553642,27.784887978899608,43.74143392320533,Moderate
6,45,4.058097556593604,9.806737884293556,51.35054747001843,0,24.166091947189145,32.42102201153577,0.15555604672521164,28.30194339616981,46.611346277915096,Moderate
6,46,4.058097556593604,9.808989266365941,52.48182261055762,0,25.059928172283335,32.297507085796234,0.08524629795372864,28.844410203711913,46.701717436885616,Moderate
6,47,4.058097556593604,9.811240648438327,53.61898054413818,0,25.942243542145693,32.075860194981686,0.13961424265460545,29.410882339705484,44.68237815619962,Moderate
6,48,4.058097556593604,9.813492030510714,54.76411127368178,0,26.832815729997478,31.752422688587682,0.22900132261910813,30.0,41.88817268569285,Moderate
6,49,4.058097556593604,9.8157434125831,55.91961692929178,0,27.730849247724095,31.33260644064412,0.28204138461886785,30.610455730027933,39.40119607237851,Moderate
6,50,4.058097556593604,9.817994794655485,57.08799870537702,0,28.635642126552707,30.83172758285346,0.1176034870016152,31.240998703626616,39.9737834187843,Moderate
6,51,4.058097556593604,9.82024617672787,58.27186201216701,0,29.5296461204668,30.273432476239137,0.2841364639502237,31.89043743820395,35.43455174481788,Moderate
6,52,4.058097556593604,9.822497558800256,59.47383324919073,0,30.4138126514911,29.68698271643879,0.22254811407407651,32.55764119219941,34.23872978286491,Low
6,53,4.058097556593604,9.824748940872642,60.69638965270769,0,31.304951684997057,29.10466317033406,0.2956495344472119,33.24154027718932,31.02035782940529,Low
6,54,4.058097556593604,9.827000322945029,61.942052138065854,0,32.202484376209235,28.556914510542054,0.3272279535098777,33.94112549695428,28.49437187819853,Low
6,55,4.058097556593604,9.829251705017414,63.21278183608426,0,33.1058907144937,28.07079001235065,0.32955499126766746,34.655446902326915,26.54062311184657,Low
6,56,4.058097556593604,9.8315030870898,64.51044481265633,0,34.0,27.66530029297143,0.1547173278683687,35.38361202590826,27.422444668912014,Low
6,57,4.058097556593604,9.833754469162185,65.83651297299974,0,34.88552708502482,27.35357225947916,0.09655609140482141,36.124783736376884,26.76293098557492,Low
6,58,4.058097556593604,9.836005851234571,67.19215852489637,0,35.77708763999664,27.143030954735778,0.1256820721922309,36.87817782917155,25.02009134092805,Low
6,59,4.058097556593604,9.838257233306958,68.57809447607389,0,36.6742416417845,27.037286509113724,0.032089666471755304,37.64306044943742,25.352274198613365,Low
7,0,4.0603433345310815,9.705425691036194,23.092397505652087,0,5.0,31.119621418037383,0.08772221904021286,37.8021163428716,77.82913848679883,Extreme
7,1,4.0603433345310815,9.707677073108579,22.58481865486624,0,4.242640687119285,31.080621982933764,0.3549086513537131,37.013511046643494,75.28911604325243,Extreme
7,2,4.0603433345310815,9.709928455180965,22.103462698847412,0,3.605551275463989,31.01294279921513,0.15638639643113936,36.235341863986875,79.4498151052886,Extreme
7,3,4.0603433345310815,9.712179837253352,21.653315833297093,0,2.8284271247461903,30.93475096633286,0.2690341831682641,35.4682957019364,79.13265989594832,Extreme
7,4,4.0603433345310815,9.714431219325737,21.24121721750688,0,2.23606797749979,30.867183622298075,0.20874662648376713,34.713109915419565,81.10471466175103,Extreme
7,5,4.0603433345310815,9.716682601398123,20.87706098437429,0,1.4142135623730951,30.83109049000148,0.25906142640860874,33.97057550292606,81.84767104961513,Extreme
7,6,4.0603433345310815,9.718933983470508,20.576250854290727,0,1.0,30.841496225782045,0.33374101278417395,33.24154027718932,81.62025997684485,Extreme
7,7,4.0603433345310815,9.721185365542894,20.378507271112376,1,0.0,30.904115383683212,0.3075288358551465,32.526911934581186,83.94736539188291,Extreme
7,8,4.0603433345310815,9.72343674761528,20.437300045923585,1,0.0,31.015837825167335,0.08762820347559615,31.827660925679098,87.4799740203112,Extreme
7,9,4.0603433345310815,9.725688129687667,20.603523896586047,0,1.0,31.16535788234547,0.23173952966550446,31.144823004794873,83.9133119910869,Extreme
7,10,4.0603433345310815,9.727939511760052,20.841680745107126,0,1.4142135623730951,31.335802010943652,0.09553800243949692,30.479501308256342,85.5355701587066,Extreme
7,11,4.0603433345310815,9.730190893832438,21.139740301676568,0,2.23606797749979,31.508360571093956,0.15735427833023263,29.832867780352597,83.47792071999585,Extreme
7,12,4.0603433345310815,9.732442275904823,21.491058906099777,0,2.8284271247461903,31.666093792946477,0.1504700658763152,29.206163733020468,82.766197515725,Extreme
7,13,4.0603433345310815,9.734693657977209,21.891078357014216,0,3.605551275463989,31.795839749076787,0.12994195924150037,28.600699292150182,81.85514229228004,Extreme
7,14,4.0603433345310815,9.736945040049594,22.336278569393073,0,3.605551275463989,31.888308227203957,0.22258873801758192,28.0178514522438,80.4253483686262,Extreme
7,15,4.0603433345310815,9.739196422121982,22.823679139770874,0,2.8284271247461903,31.939118915285714,0.12010603157946446,27.459060435491963,83.09260120112768,Extreme
7,16,4.0603433345310815,9.741447804194367,23.35071412924482,0,2.0,31.946204547345737,0.12220465666365188,26.92582403567252,84.1480765460312,Extreme
7,17,4.0603433345310815,9.743699186266753,23.915128554494842,0,1.0,31.9093875053731,0.31785679257709387,26.419689627245813,82.45854406250339,Extreme
7,18,4.0603433345310815,9.745950568339138,24.514978144157425,1,0.0,31.8285657050707,0.05834239008260213,25.942243542145693,87.4697506886489,Extreme
7,19,4.0603433345310815,9.748201950411524,25.148537590399467,0,1.0,31.704626569139904,0.07163727654136583,25.495097567963924,84.93187799984864,Extreme
7,20,4.0603433345310815,9.75045333248391,25.814371514174745,0,1.4142135623730951,31.54031698161512,0.24368296967441797,25.079872407968907,80.87290193709295,Extreme
7,21,4.0603433345310815,9.752704714556296,26.511396620026275,0,2.23606797749979,31.340338123168927,0.04074930875357037,24.698178070456937,81.65501122087089,Extreme
7,22,4.0603433345310815,9.754956096628682,27.238789777733288,0,3.1622776601683795,31.1139703409797,0.20006383613851178,24.351591323771842,76.74807981678946,Extreme
7,23,4.0603433345310815,9.757207478701067,27.995812741198748,0,4.123105625617661,30.87505706043535,0.13772331939676974,24.041630560342615,75.0606229735599,Extreme
7,24,4.0603433345310815,9.759458860773453,28.782036650872843,0,5.0,30.641424462473736,0.3169606791567363,23.769728648009426,69.88487064668699,High
7,25,4.0603433345310815,9.761710242845838,29.597124223528787,0,5.830951894845301,30.432439186238245,0.0276597851273764,23.53720459187964,71.8560354521302,High
7,26,4.0603433345310815,9.763961624918226,30.44069053241845,0,6.708203932499369,30.268767763262428,0.15297438239975286,23.345235059857504,67.62301793481987,High
7,27,4.0603433345310815,9.766213006990611,31.312361253188058,0,7.615773105863909,30.165753104324622,0.01423740616304168,23.194827009486403,67.42959356293449,High
7,28,4.0603433345310815,9.768464389062997,32.21147722507355,0,8.54400374531753,30.134096840831738,0.18396609037108214,23.08679276123039,62.73023021958074,High
7,29,4.0603433345310815,9.770715771135382,33.13725515931304,0,9.433981132056603,30.17514847092629,0.05005550341791624,23.021728866442675,62.808401482357354,High
7,30,4.0603433345310815,9.772967153207768,34.08863042125823,0,10.295630140987,30.281881283688833,0.185112728669283,23.0,59.04218333697493,High
7,31,4.0603433345310815,9.775218535280155,35.064232765716795,0,11.180339887498949,30.439465951652004,0.24710537292267354,23.021728866442675,56.44154633857589,High
7,32,4.0603433345310815,9.77746991735254,36.062382283337,0,12.083045973594572,30.629848469256565,0.27124255499348016,23.08679276123039,54.44435256565397,Moderate
7,33,4.0603433345310815,9.779721299424926,37.08124011975577,0,13.0,30.833757759795812,0.24805307124920378,23.194827009486403,53.15364143006458,Moderate
7,34,4.0603433345310815,9.781972681497312,38.118563215571896,0,13.892443989449804,31.034825415714813,0.14538067871328936,23.345235059857504,53.07829854258765,Moderate
7,35,4.0603433345310815,9.784224063569697,39.17204373839149,0,14.7648230602334,31.221637398587156,0.08647615880871797,23.53720459187964,52.33605590081913,Moderate
7,36,4.0603433345310815,9.786475445642083,40.23921103171104,0,15.652475842498529,31.389603275176874,0.061314891603143004,23.769728648009426,52.09625862530866,Moderate
7,37,4.0603433345310815,9.78872682771447,41.317721920143725,0,16.55294535724685,31.53979308093274,0.314125331288229,24.041630560342615,48.029393916768235,Moderate
7,38,4.0603433345310815,9.790978209786855,42.40536561765616,0,17.46424919657298,31.67575116323262,0.26243400197611366,24.351591323771842,48.49043271998038,Moderate
7,39,4.0603433345310815,9.793229591859241,43.49997897759383,0,18.35755975068582,31.80220456666384,0.15789356152621942,24.698178070456937,49.717232657795115,Moderate
7,40,4.0603433345310815,9.795480973931626,44.5999531851717,0,19.235384061671343,31.922160207333093,0.3280569132401626,25.079872407968907,46.80468266183957,Moderate
7,41,4.0603433345310815,9.797732356004012,45.70386567454986,0,20.12461179749811,32.0342734402443,0.035131673359628884,25.495097567963924,50.81727259462898,Moderate
7,42,4.0603433345310815,9.799983738076397,46.81091594169282,0,21.02379604162864,32.131846120928216,0.17403120653604764,25.942243542145693,48.31566034921148,Moderate
7,43,4.0603433345310815,9.802235120148785,47.92068792323988,0,21.93171219946131,32.2027607310011,0.36161129155535027,26.419689627245813,45.0181035192263,Moderate
7,44,4.0603433345310815,9.80448650222117,49.03327477188142,0,22.825424421026653,32.23087303043248,0.1844949015818061,26.92582403567252,47.08636441299909,Moderate
7,45,4.0603433345310815,9.806737884293556,50.14941288526043,0,23.706539182259394,32.198062087257426,0.25456632579775895,27.459060435491963,45.298150941079854,Moderate
7,46,4.0603433345310815,9.808989266365941,51.27023605726592,0,24.596747752497688,32.08631055111368,0.1439233362382937,28.0178514522438,46.02798360475509,Moderate
7,47,4.0603433345310815,9.811240648438327,52.397226058219395,0,25.495097567963924,31.88161316373446,0.0573970410200172,28.600699292150182,46.16882953595116,Moderate
7,48,4.0603433345310815,9.813492030510714,53.532399152254065,0,26.40075756488817,31.57650377802046,0.1956335537139188,29.206163733020468,42.691846707452484,Moderate
7,49,4.0603433345310815,9.8157434125831,54.67807744406009,0,27.294688127912362,31.172352759032663,0.08879901868973686,29.832867780352597,42.64647024627627,Moderate
7,50,4.0603433345310815,9.817994794655485,55.8366755717352,0,28.178005607210743,30.680812372036918,0.16489570247437027,30.479501308256342,39.639274021389305,Moderate
7,51,4.0603433345310815,9.82024617672787,57.01072092148744,0,29.068883707497267,30.122887125235465,0.1392246509422345,31.144823004794873,37.98978239053859,Moderate
7,52,4.0603433345310815,9.822497558800256,58.202739932031626,0,29.966648127543394,29.526469202115685,0.2160520200146009,31.827660925679098,34.69961328373261,Low
7,53,4.0603433345310815,9.824748940872642,59.415141532997566,0,30.870698080866262,28.924260373689716,0.05264941890305729,32.526911934581186,34.98694254245421,Low
7,54,4.0603433345310815,9.827000322945029,60.65035181173953,0,31.76476034853718,28.348590873220367,0.31475858531557266,33.24154027718932,28.941990154999942,Low
7,55,4.0603433345310815,9.829251705017414,61.910271815190576,0,32.64965543462902,27.829603719237426,0.3104533289662531,33.97057550292606,27.015042879048444,Low
7,56,4.0603433345310815,9.8315030870898,63.196707050055146,0,33.54101966249684,27.390386263897142,0.12043999620848611,34.713109915419565,28.049981964692616,Low
7,57,4.0603433345310815,9.833754469162185,64.51107296483646,0,34.438350715445125,27.048457643878272,0.13118925945329266,35.4682957019364,26.291058353401876,Low
7,58,4.0603433345310815,9.836005851234571,65.8545051242544,0,35.34119409414458,26.815231031856886,0.09713385427159221,36.235341863986875,25.448567989076864,Low
7,59,4.0603433345310815,9.838257233306958,67.22768818689111,0,36.069377593742864,26.697320241608097,0.08045034615852217,37.013511046643494,24.60536946869244,Low
8,0,4.062589112468559,9.705425691036194,23.601006742301873,0,5.656854249492381,31.12857550094503,0.1874150816303639,37.20215047547655,74.96059227368013,High
8,1,4.062589112468559,9.707677073108579,23.05685421580688,0,5.0,31.085183813814336,0.21548228390819538,36.40054944640259,75.85085163713609,Extreme
8,2,4.062589112468559,9.709928455180965,22.536063861741255,0,4.242640687119285,31.009308756483204,0.3665826694767695,35.608987629529715,74.97119938414247,High
8,3,4.062589112468559,9.712179837253352,22.0427692474684,0,3.605551275463989,30.920273855110878,0.01917871204575316,34.828149534535996,81.3207890489675,Extreme
8,4,4.062589112468559,9.714431219325737,21.582474231065767,0,2.8284271247461903,30.840678057586786,0.30703133665158094,34.058772731852805,78.37816832406513,Extreme
8,5,4.062589112468559,9.716682601398123,21.16258704470622,0,2.23606797749979,30.792972255407623,0.1103277538991313,33.301651610693426,82.4488374207027,Extreme
8,6,4.062589112468559,9.718933983470508,20.792914831265822,0,1.4142135623730951,30.793635180751924,0.025429242330223097,32.55764119219941,85.31167032582599,Extreme
8,7,4.062589112468559,9.721185365542894,20.48918105597632,0,1.0,30.84968158617646,0.154864754153665,31.827660925679098,84.37444215465963,Extreme
8,8,4.062589112468559,9.72343674761528,20.29092534078131,1,0.0,30.958997511326615,0.21413773956809332,31.11269837220809,85.53191045197805,Extreme
8,9,4.062589112468559,9.725688129687667,20.351499279319803,1,0.0,31.111177720075116,0.06860032729826616,30.4138126514911,88.04534954640057,Extreme
8,10,4.062589112468559,9.727939511760052,20.52141593039248,0,1.0,31.29007370438481,0.17538957359746743,29.732137494637012,85.10701059620636,Extreme
8,11,4.062589112468559,9.730190893832438,20.764576552363707,0,1.4142135623730951,31.477661221884603,0.21852092595877698,29.068883707497267,84.0775665553404,Extreme
8,12,4.062589112468559,9.732442275904823,21.068600240561516,0,2.23606797749979,31.65756429862783,0.06129277715577103,28.42534080710379,85.31973500596321,Extreme
8,13,4.062589112468559,9.734693657977209,21.42632626862176,0,2.8284271247461903,31.81708295567839,0.2391866263480309,27.80287754891569,81.83685750877436,Extreme
8,14,4.062589112468559,9.736945040049594,21.832739913698266,0,3.605551275463989,31.94693090910596,0.20122239471834097,27.202941017470888,81.18381875112,Extreme
8,15,4.062589112468559,9.739196422121982,22.28389839705453,0,3.1622776601683795,32.04194161050963,0.2515030761790898,26.627053911388696,81.13090775537346,Extreme
8,16,4.062589112468559,9.741447804194367,22.776587207774497,0,2.23606797749979,32.098451468936396,0.03514226201320688,26.076809620810597,85.7653999902787,Extreme
8,17,4.062589112468559,9.743699186266753,23.30807391303385,0,1.4142135623730951,32.113606337963475,0.06883470652217404,25.553864678361276,86.35280040658077,Extreme
8,18,4.062589112468559,9.745950568339138,23.876075442065012,0,1.0,32.0840228416368,0.25119441878980814,25.059928172283335,83.90162988546037,Extreme
8,19,4.062589112468559,9.748201950411524,24.47865000540842,1,0.0,32.0068585099236,0.15246271268989384,24.596747752497688,86.50828785794418,Extreme
8,20,4.062589112468559,9.75045333248391,25.114210389534755,0,1.0,31.88116995298615,0.13566045853676165,24.166091947189145,84.41648370736085,Extreme
8,21,4.062589112468559,9.752704714556296,25.78160968048471,0,2.0,31.708576625945472,0.16943754795805274,23.769728648009426,81.43437467002892,Extreme
8,22,4.062589112468559,9.754956096628682,26.47999728703813,0,2.8284271247461903,31.49629967991063,0.2927972854623525,23.40939982143925,77.28073948722428,Extreme
8,23,4.062589112468559,9.757207478701067,27.208673818243177,0,3.605551275463989,31.257262084419672,0.20683304165827296,23.08679276123039,76.27022896660739,Extreme
8,24,4.062589112468559,9.759458860773453,27.96726289001353,0,4.47213595499958,31.009881432323386,0.18170177382257446,22.80350850198276,74.1604120318864,High
8,25,4.062589112468559,9.761710242845838,28.755495651420283,0,5.385164807134504,30.7751515508769,0.09161646329279245,22.561028345356956,72.96045123755634,High
8,26,4.062589112468559,9.763961624918226,29.573061421869994,0,6.324555320336759,30.576149298229538,0.09791251801215937,22.360679774997898,70.33948547485198,High
8,27,4.062589112468559,9.766213006990611,30.419672654001765,0,7.211102550927978,30.43114809471563,0.12436652998892901,22.20360331117452,67.61700399977843,High
8,28,4.062589112468559,9.768464389062997,31.294735428563165,0,8.06225774829855,30.353855772206604,0.06952487009256589,22.090722034374522,66.31905297851085,High
8,29,4.062589112468559,9.770715771135382,32.197505908390376,0,8.94427190999916,30.348208414240155,0.05747830261688888,22.02271554554524,64.48376029989224,High
8,30,4.062589112468559,9.772967153207768,33.1269485040695,0,9.848857801796104,30.40934009493396,0.11750141084747835,22.0,61.674724032988124,High
8,31,4.062589112468559,9.775218535280155,34.081703599897125,0,10.770329614269007,30.52389107559135,0.07392181999414307,22.02271554554524,60.505168449262825,High
8,32,4.062589112468559,9.77746991735254,35.06006945547428,0,11.661903789690601,30.67448326543977,0.26977643140916374,22.090722034374522,55.86670974285306,High
8,33,4.062589112468559,9.779721299424926,36.06016416827999,0,12.529964086141668,30.841697841106416,0.052384767621132096,22.20360331117452,57.49330945682384,High
8,34,4.062589112468559,9.781972681497312,37.07970989751365,0,13.416407864998739,31.008404841722786,0.2665538660025037,22.360679774997898,52.603166876588915,Moderate
8,35,4.062589112468559,9.784224063569697,38.116326545721016,0,14.317821063276353,31.16196743729809,0.14206365367130858,22.561028345356956,52.72627639913762,Moderate
8,36,4.062589112468559,9.786475445642083,39.16750036690704,0,15.231546211727817,31.296426483048727,0.10936549296203475,22.80350850198276,51.78335356330959,Moderate
8,37,4.062589112468559,9.78872682771447,40.230809487054,0,16.1245154965971,31.41162533086534,0.3357317802666227,23.08679276123039,48.03793826125183,Moderate
8,38,4.062589112468559,9.790978209786855,41.30398941281136,0,17.0,31.510740421671187,0.12404894537968593,23.40939982143925,50.8187461248325,Moderate
8,39,4.062589112468559,9.793229591859241,42.38482787017861,0,17.88854381999832,31.59890647219961,0.06802233617425317,23.769728648009426,51.233854133994406,Moderate
8,40,4.062589112468559,9.795480973931626,43.47166444468106,0,18.788294228055936,31.6806444241248,0.2873783322627857,24.166091947189145,47.49922179280903,Moderate
8,41,4.062589112468559,9.797732356004012,44.563029528797856,0,19.697715603592208,31.75710372101002,0.16614137233304302,24.596747752497688,48.85811439148981,Moderate
8,42,4.062589112468559,9.799983738076397,45.65808788336831,0,20.591260281974,31.824519284588582,0.2877519699821397,25.059928172283335,46.55035914334976,Moderate
8,43,4.062589112468559,9.802235120148785,46.7563783112061,0,21.470910553583888,31.87372581565275,0.19036280020476934,25.553864678361276,47.48188896193098,Moderate
8,44,4.062589112468559,9.80448650222117,47.85796216945661,0,22.360679774997898,31.89057644621632,0.33281783712931085,26.076809620810597,44.7359749647861,Moderate
8,45,4.062589112468559,9.806737884293556,48.96351325036852,0,23.259406699226016,31.85782873929635,0.419476244567233,26.627053911388696,42.705352255986355,Moderate
8,46,4.062589112468559,9.808989266365941,50.074112119582864,0,24.166091947189145,31.756652894892902,0.2073491068818222,27.202941017470888,44.988918533474845,Moderate
8,47,4.062589112468559,9.811240648438327,51.191177314370314,0,25.059928172283335,31.570792218221374,0.21998045802420663,27.80287754891569,43.693568055923535,Moderate
8,48,4.062589112468559,9.813492030510714,52.316644273658255,0,25.942243542145693,31.28925795399573,0.2697333269673654,28.42534080710379,41.606278399105655,Moderate
8,49,4.062589112468559,9.8157434125831,53.45274792022532,0,26.832815729997478,30.909403119144407,0.2627155744654124,29.068883707497267,40.12774583224518,Moderate
8,50,4.062589112468559,9.817994794655485,54.60180878815609,0,27.730849247724095,30.43894044424945,0.15867495010861216,29.732137494637012,39.87894014406258,Moderate
8,51,4.062589112468559,9.82024617672787,55.76626931997473,0,28.635642126552707,29.895678439416955,0.09521368778472568,30.4138126514911,38.83722935999743,Moderate
8,52,4.062589112468559,9.822497558800256,56.94854872303394,0,29.5296461204668,29.305361809622514,0.3670521011774874,31.11269837220809,32.6423160960964,Low
8,53,4.062589112468559,9.824748940872642,58.15098136686932,0,30.4138126514911,28.700173918416148,0.324960586439424,31.827660925679098,31.10869122769203,Low
8,54,4.062589112468559,9.827000322945029,59.37589198228184,0,31.304951684997057,28.11334127890188,0.19259087427256,32.55764119219941,30.96014079845316,Low
8,55,4.062589112468559,9.829251705017414,60.625116560785465,0,32.202484376209235,27.577129531074327,0.16747770975043977,33.301651610693426,29.310182285602448,Low
8,56,4.062589112468559,9.8315030870898,61.90039577812116,0,33.1058907144937,27.117848598114985,0.04731691360016829,34.058772731852805,29.255645587263114,Low
8,57,4.062589112468559,9.833754469162185,63.20308483681285,0,33.94112549695428,26.756648303175947,0.3355496375356003,34.828149534535996,23.294994317513623,Low
8,58,4.062589112468559,9.836005851234571,64.53427966040682,0,34.655446902326915,26.50835312857262,0.316910179409778,35.608987629529715,22.192230942776852,Low
8,59,4.062589112468559,9.838257233306958,65.89463408162102,0,35.35533905932738,26.382182562922537,0.38002368705164313,36.40054944640259,20.13977196947774,Low
9,0,4.064834890406037,9.705425691036194,24.14118099557598,0,6.4031242374328485,31.09240900491384,0.18494688435439666,36.61966684720111,73.34827473766701,High
9,1,4.064834890406037,9.707677073108579,23.56289662307332,0,5.656854249492381,31.044961266733736,0.05082208793026766,35.805027579936315,76.83081091008476,Extreme
9,2,4.064834890406037,9.709928455180965,23.005753351087066,0,5.0,30.961265792731478,0.31186615671235246,35.0,74.1371194524775,High
9,3,4.064834890406037,9.712179837253352,22.47330822000628,0,4.242640687119285,30.861184098431185,0.20069772454463844,34.20526275297414,77.1401386703821,Extreme
9,4,4.064834890406037,9.714431219325737,21.970244320799576,0,3.605551275463989,30.768093449137748,0.08946527358679802,33.421549934136806,79.94315997700335,Extreme
9,5,4.064834890406037,9.716682601398123,21.502596040464653,0,2.8284271247461903,30.70538416983731,0.1241843369403644,32.64965543462902,80.84250289435371,Extreme
9,6,4.064834890406037,9.718933983470508,21.07768125505403,0,2.23606797749979,30.69051327925141,0.37402713136852744,31.89043743820395,78.29693207816011,Extreme
9,7,4.064834890406037,9.721185365542894,20.70559886897007,0,1.4142135623730951,30.731657008712336,0.2924792559831196,31.144823004794873,81.20831134250047,Extreme
9,8,4.064834890406037,9.72343674761528,20.401862158433484,0,1.0,30.827907370988978,0.177669509424894,30.4138126514911,84.03148234232637,Extreme
9,9,4.064834890406037,9.725688129687667,20.205846068470585,1,0.0,30.970317561485462,0.14233207186150185,29.698484809834994,86.68640102884302,Extreme
9,10,4.064834890406037,9.727939511760052,20.27048543390277,1,0.0,31.144240816995,0.14518574084771185,29.0,87.0238836375003,Extreme
9,11,4.064834890406037,9.730190893832438,20.44568625561459,0,1.0,31.333350972486947,0.14011600917038747,28.319604517012593,85.78488538372011,Extreme
9,12,4.064834890406037,9.732442275904823,20.694937077069863,0,1.4142135623730951,31.522727403546547,0.28822656674136315,27.65863337187866,83.18146533777863,Extreme
9,13,4.064834890406037,9.734693657977209,21.005351701950694,0,2.23606797749979,31.70089377059473,0.018381888325509448,27.018512172212592,86.10493487138191,Extreme
9,14,4.064834890406037,9.736945040049594,21.36929235005001,0,2.8284271247461903,31.859165936133188,0.20432202574032177,26.40075756488817,82.49469948381093,Extreme
9,15,4.064834890406037,9.739196422121982,21.781330622335012,0,3.605551275463989,31.991975566170197,0.23848387965894785,25.80697580112788,80.76357738656108,Extreme
9,16,4.064834890406037,9.741447804194367,22.237321281926654,0,2.8284271247461903,32.0943204449299,0.2821346038538022,25.238858928247925,81.38132749135468,Extreme
9,17,4.064834890406037,9.743699186266753,22.73389025789286,0,2.0,32.16081020825176,0.1531172769728907,24.698178070456937,84.5644169100001,Extreme
9,18,4.064834890406037,9.745950568339138,23.268312044081025,0,1.0,32.184855506868054,0.0685834530472864,24.186773244895647,87.24177747071731,Extreme
9,19,4.064834890406037,9.748201950411524,23.838361995778246,1,0.0,32.159875250068026,0.04175565115991638,23.706539182259394,88.91459639809648,Extreme
9,20,4.064834890406037,9.75045333248391,24.44225733381589,0,1.0,32.081125464461415,0.1743268444586916,23.259406699226016,84.71378453639805,Extreme
9,21,4.064834890406037,9.752704714556296,25.07875681700775,0,1.4142135623730951,31.946895914185163,0.22169537059555863,22.847319317591726,82.61462855784367,Extreme
9,22,4.064834890406037,9.754956096628682,25.74696248033112,0,2.23606797749979,31.76190396891306,0.0232614371567497,22.47220505424423,83.38229131099587,Extreme
9,23,4.064834890406037,9.757207478701067,26.446200428780923,0,3.1622776601683795,31.537537818826657,0.09052293555879752,22.135943621178654,79.87757435157403,Extreme
9,24,4.064834890406037,9.759458860773453,27.17613736306921,0,4.123105625617661,31.291996550796117,0.22872073323465608,21.840329667841555,75.18207102966821,Extreme
9,25,4.064834890406037,9.761710242845838,27.93656705151961,0,5.0,31.04704285780976,0.07798665057560078,21.587033144922902,74.9438665740107,High
9,26,4.064834890406037,9.763961624918226,28.727248134856985,0,5.830951894845301,30.827293923130956,0.09045901258710992,21.37755832643195,72.37693142446757,High
9,27,4.064834890406037,9.766213006990611,29.547977666187684,0,6.708203932499369,30.653227512917653,0.04022944361176501,21.213203435596427,70.76553650762827,High
9,28,4.064834890406037,9.768464389062997,30.39822549563764,0,7.615773105863909,30.54096017500517,0.21015668305445584,21.095023109728988,65.93252325869744,High
9,29,4.064834890406037,9.770715771135382,31.277285941627206,0,8.54400374531753,30.49666995051998,0.006499848702648656,21.02379604162864,66.81537634704816,High
9,30,4.064834890406037,9.772967153207768,32.18415261276007,0,9.433981132056603,30.5174697532939,0.10141379145817664,21.0,63.4236122398378,High
9,31,4.064834890406037,9.775218535280155,33.11747524794036,0,10.295630140987,30.591463820606513,0.2383348689054205,21.02379604162864,59.56132278266059,High
9,32,4.064834890406037,9.77746991735254,34.075530559902894,0,11.180339887498949,30.70204097969878,0.10907232412914936,21.095023109728988,59.72677560127862,High
9,33,4.064834890406037,9.779721299424926,35.05639251051748,0,12.083045973594572,30.829838829252907,0.18523625920766804,21.213203435596427,56.80881556769584,High
9,34,4.064834890406037,9.781972681497312,36.05774788031414,0,13.0,30.95727376247228,0.121876494914404,21.37755832643195,55.94700601262822,High
9,35,4.064834890406037,9.784224063569697,37.07714412577442,0,13.892443989449804,31.070854031398774,0.213410422198695,21.587033144922902,52.75867194814384,Moderate
9,36,4.064834890406037,9.786475445642083,38.11202229559797,0,14.7648230602334,31.16368021503548,0.23901572780451094,21.840329667841555,50.533650686365384,Moderate
9,37,4.064834890406037,9.78872682771447,39.15988070507007,0,15.652475842498529,31.234828498368373,0.20551003931106668,22.135943621178654,50.197492707943155,Moderate
9,38,4.064834890406037,9.790978209786855,40.218398893820904,0,16.55294535724685,31.28753726148379,0.05043035468696061,22.47220505424423,52.02626004302356,Moderate
9,39,4.064834890406037,9.793229591859241,41.28531238171247,0,17.46424919657298,31.327748229505442,0.14957893749869614,22.847319317591726,50.006586575053525,Moderate
9,40,4.064834890406037,9.795480973931626,42.35890722729519,0,18.35755975068582,31.361774453170273,0.19992182797753938,23.259406699226016,48.70017973729753,Moderate
9,41,4.064834890406037,9.797732356004012,43.43766242652255,0,19.235384061671343,31.393513189753435,0.09191242929533752,23.706539182259394,49.760511071237545,Moderate
9,42,4.064834890406037,9.799983738076397,44.52070507880015,0,20.12461179749811,31.422386341254118,0.11857987837155089,24.186773244895647,48.79126756096802,Moderate
9,43,4.064834890406037,9.802235120148785,45.60752423179477,0,21.02379604162864,31.44244020236969,0.23601236979747495,24.698178070456937,46.437104791576445,Moderate
9,44,4.064834890406037,9.80448650222117,46.69814565557104,0,21.93171219946131,31.441944870887895,0.15525767045240044,25.238858928247925,47.004072464631776,Moderate
9,45,4.064834890406037,9.806737884293556,47.79317575959626,0,22.825424421026653,31.40501927197961,0.16233651068436816,25.80697580112788,46.16329694885292,Moderate
9,46,4.064834890406037,9.808989266365941,48.893636296892694,0,23.706539182259394,31.312585665355126,0.33535147166390716,26.40075756488817,42.69674170367724,Moderate
9,47,4.064834890406037,9.811240648438327,50.000877718449175,0,24.596747752497688,31.14665447942791,0.25394424446307634,27.018512172212592,42.86570750516035,Moderate
9,48,4.064834890406037,9.813492030510714,51.11674907184826,0,25.495097567963924,30.893098461808844,0.18233677130326337,27.65863337187866,42.67178890196017,Moderate
9,49,4.064834890406037,9.8157434125831,52.24339267211785,0,26.40075756488817,30.54538475709622,0.21228153305752762,28.319604517012593,40.72171924024263,Moderate
9,50,4.064834890406037,9.817994794655485,53.383029180756246,0,27.294688127912362,30.10711237707252,0.3994219687666709,29.0,36.1881955001999,Moderate
9,51,4.064834890406037,9.82024617672787,54.53801071660452,0,28.178005607210743,29.592416495426885,0.2899848363866957,29.698484809834994,35.91043417515956,Moderate
9,52,4.064834890406037,9.822497558800256,55.7106443034706,0,29.068883707497267,29.024167711794664,0.20674489734480916,30.4138126514911,35.10047309344266,Moderate
9,53,4.064834890406037,9.824748940872642,56.90318474971023,0,29.966648127543394,28.43309576889278,0.36267740003886356,31.144823004794873,30.636280293301976,Low
9,54,4.064834890406037,9.827000322945029,58.11785101911137,0,30.870698080866262,27.85229345462646,0.02937037991503224,31.89043743820395,33.52233791776481,Low
9,55,4.064834890406037,9.829251705017414,59.35641030322958,0,31.76476034853718,27.31511084784799,0.0677480487345931,32.64965543462902,30.923970848450477,Low
9,56,4.064834890406037,9.8315030870898,60.62053548079402,0,32.526911934581186,26.85012357642623,0.2566525489287439,33.421549934136806,26.22630473959966,Low
9,57,4.064834890406037,9.833754469162185,61.911519016379316,0,33.24154027718932,26.481233058423555,0.3224810662500283,34.20526275297414,23.590119197924057,Low
9,58,4.064834890406037,9.836005851234571,63.23041488924014,0,33.94112549695428,26.225991328507025,0.3614092135904297,35.0,21.614383365914787,Low
9,59,4.064834890406037,9.838257233306958,64.57784411368381,0,34.655446902326915,26.09574287393061,0.25440152111880254,35.805027579936315,22.11155447278316,Low
10,0,4.067080668343515,9.705425691036194,24.71077099858109,0,7.0710678118654755,31.001708637336186,0.3131496658690515,36.05551275463989,69.75789748185716,High
10,1,4.067080668343515,9.707677073108579,24.100399201110317,0,6.4031242374328485,30.950864604497554,0.28359863242699623,35.22782990761707,71.55203532326128,High
10,2,4.067080668343515,9.709928455180965,23.509431973622014,0,5.656854249492381,30.860344289684218,0.30397740352683,34.40930106817051,72.62087771914264,High
10,3,4.067080668343515,9.712179837253352,22.94101020787007,0,5.0,30.749887038668977,0.1636449333447666,33.60059523282288,75.89010475473216,Extreme
10,4,4.067080668343515,9.714431219325737,22.39926654194233,0,4.242640687119285,30.64290775821856,0.08767180727735122,32.802438933713454,78.35408440578045,Extreme
10,5,4.067080668343515,9.716682601398123,21.889369911819745,0,3.605551275463989,30.56301770077445,0.09650984747259121,32.01562118716424,79.39183437547962,Extreme
10,6,4.067080668343515,9.718933983470508,21.41725834169731,0,2.8284271247461903,30.528136773405375,0.33851356541939953,31.240998703626616,77.25148616559997,Extreme
10,7,4.067080668343515,9.721185365542894,20.990508662175436,0,2.23606797749979,30.547417102266586,0.13191792074194744,30.479501308256342,81.63573151780999,Extreme
10,8,4.067080668343515,9.72343674761528,20.618977242635573,0,1.4142135623730951,30.62131913073121,0.17896692303828018,29.732137494637012,82.69663926371436,Extreme
10,9,4.067080668343515,9.725688129687667,20.317965903550125,0,1.0,30.742841362249006,0.25397051377609103,29.0,82.73179947451649,Extreme
10,10,4.067080668343515,9.727939511760052,20.126397854010175,1,0.0,30.899516235625722,0.24922175197233498,28.284271247461902,84.95958144051502,Extreme
10,11,4.067080668343515,9.730190893832438,20.19659529778747,1,0.0,31.077494742034308,0.14115744670394478,27.586228448267445,86.96731166090466,Extreme
10,12,4.067080668343515,9.732442275904823,20.377992847666334,0,1.0,31.26405895521064,0.26485091090664364,26.90724809414742,83.78708636733698,Extreme
10,13,4.067080668343515,9.734693657977209,20.63359088363095,0,1.4142135623730951,31.449578727216355,0.08529994535539666,26.248809496813376,86.08556813367542,Extreme
10,14,4.067080668343515,9.736945040049594,20.950008248804977,0,2.23606797749979,31.626467928343338,0.12906260168082057,25.612496949731394,84.29831523547277,Extreme
10,15,4.067080668343515,9.739196422121982,21.319209952738927,0,2.8284271247461903,31.789110714633445,0.11933318182463645,25.0,83.63053504948832,Extreme
10,16,4.067080668343515,9.741447804194367,21.735599150280756,0,3.1622776601683795,31.93148139997615,0.04296247613312404,24.413111231467404,84.31662588606676,Extreme
10,17,4.067080668343515,9.743699186266753,22.194884325708166,0,2.23606797749979,32.04594742376779,0.176033205806674,23.853720883753127,83.8687687636378,Extreme
10,18,4.067080668343515,9.745950568339138,22.693735154652504,0,1.4142135623730951,32.12300866009455,0.10202596324955283,23.323807579381203,86.23983851490054,Extreme
10,19,4.067080668343515,9.748201950411524,23.229543417595075,0,1.0,32.15260971012457,0.2460614417342078,22.825424421026653,84.52489663518755,Extreme
10,20,4.067080668343515,9.75045333248391,23.80026592325268,1,0.0,32.12637291378964,0.1706358722510407,22.360679774997898,86.92326260382411,Extreme
10,21,4.067080668343515,9.752704714556296,24.40452111334693,0,1.0,32.03925060045205,0.20541314648916473,21.93171219946131,84.1690055458628,Extreme
10,22,4.067080668343515,9.754956096628682,25.04133281752095,0,2.0,31.89318354044982,0.1684340233502769,21.540659228538015,82.33009198486506,Extreme
10,23,4.067080668343515,9.757207478701067,25.710029769772632,0,2.8284271247461903,31.697503940840043,0.23147052977439098,21.18962010041709,79.13874263630014,Extreme
10,24,4.067080668343515,9.759458860773453,26.410304531855168,0,3.605551275463989,31.469383418382606,0.19712109187968305,20.8806130178211,77.39702229347311,Extreme
10,25,4.067080668343515,9.761710242845838,27.14200083985365,0,4.47213595499958,31.230419577695578,0.2243576727093979,20.615528128088304,74.53779513115843,High
10,26,4.067080668343515,9.763961624918226,27.90493564373827,0,5.385164807134504,31.005780763262713,0.13290154134650234,20.396078054371138,73.39759141543202,High
10,27,4.067080668343515,9.766213006990611,28.698982743911056,0,6.324555320336759,30.81727807016021,0.1401681895277896,20.223748416156685,70.80119494526049,High
10,28,4.067080668343515,9.768464389062997,29.523669882960796,0,7.211102550927978,30.682693622357483,0.1230868923056908,20.09975124224178,68.76973174767811,High
10,29,4.067080668343515,9.770715771135382,30.37832482373033,0,8.06225774829855,30.609987030175123,0.10589742261371053,20.024984394500787,66.93006466048523,High
10,30,4.067080668343515,9.772967153207768,31.261967927923926,0,8.94427190999916,30.597981706580406,0.0844307251636103,20.0,65.23205838333715,High
10,31,4.067080668343515,9.775218535280155,32.17325504421571,0,9.848857801796104,30.636186774091588,0.14327440687166199,20.024984394500787,62.39626566313841,High
10,32,4.067080668343515,9.77746991735254,33.110440957918,0,10.770329614269007,30.708822811110707,0.16373664171484253,20.09975124224178,60.17560890979949,High
10,33,4.067080668343515,9.779721299424926,34.07155443322973,0,11.661903789690601,30.796780658771095,0.15531095046814078,20.223748416156685,58.4608495264923,High
10,34,4.067080668343515,9.781972681497312,35.054246275305914,0,12.529964086141668,30.882329917941057,0.2541212499313899,20.396078054371138,55.15822055203346,High
10,35,4.067080668343515,9.784224063569697,36.05599260174844,0,13.416407864998739,30.951487017812727,0.17755430053871413,20.615528128088304,54.40493978470472,Moderate
10,36,4.067080668343515,9.786475445642083,37.07418749848507,0,14.317821063276353,30.99682576465942,0.17243836321855946,20.8806130178211,52.48794499828753,Moderate
10,37,4.067080668343515,9.78872682771447,38.10624994299944,0,15.231546211727817,31.017101672472876,0.2183454580499512,21.18962010041709,50.10252358326935,Moderate
10,38,4.067080668343515,9.790978209786855,39.14980199253466,0,16.1245154965971,31.016012204035032,0.2601121391792172,21.540659228538015,48.85799898383328,Moderate
10,39,4.067080668343515,9.793229591859241,40.20252464082632,0,17.0,31.000669403580968,0.16272415016717734,21.93171219946131,49.66109714432304,Moderate
10,40,4.067080668343515,9.795480973931626,41.26264931748961,0,17.88854381999832,30.979413958867138,0.17485752114502878,22.360679774997898,48.802785746877994,Moderate
10,41,4.067080668343515,9.797732356004012,42.328599851212424,0,18.788294228055936,30.95907839029146,0.17853711966409358,22.825424421026653,48.070058256104495,Moderate
10,42,4.067080668343515,9.799983738076397,43.39946308108344,0,19.697715603592208,30.94245251546966,0.08973202983997793,23.323807579381203,48.73062837713164,Moderate
10,43,4.067080668343515,9.802235120148785,44.47467424544526,0,20.591260281974,30.9269694980852,0.10629205208856843,23.853720883753127,47.81090712285098,Moderate
10,44,4.067080668343515,9.80448650222117,45.55422006509667,0,21.470910553583888,30.90366051403361,0.06786381224573447,24.413111231467404,47.69462665771332,Moderate
10,45,4.067080668343515,9.806737884293556,46.63863589349342,0,22.360679774997898,30.858423294416127,0.16742876530893183,25.0,45.452823653079584,Moderate
10,46,4.067080668343515,9.808989266365941,47.728879911415035,0,23.259406699226016,30.772467740421977,0.0647150751734363,25.612496949731394,46.14380729576335,Moderate
10,47,4.067080668343515,9.811240648438327,48.82623100829113,0,24.166091947189145,30.626599717314118,0.1840687596360023,26.248809496813376,43.35545784749443,Moderate
10,48,4.067080668343515,9.813492030510714,49.93244808587065,0,25.059928172283335,30.40399964467838,0.25174119901756514,26.90724809414742,41.152504519045266,Moderate
10,49,4.067080668343515,9.8157434125831,51.049577597474425,0,25.942243542145693,30.094484022983593,0.25164697392044166,27.586228448267445,39.750523346220305,Moderate
10,50,4.067080668343515,9.817994794655485,52.17973698379265,0,26.832815729997478,29.697500711283354,0.22147888935093826,28.284271247461902,38.581545272756465,Moderate
10,51,4.067080668343515,9.82024617672787,53.32518495972739,0,27.730849247724095,29.223182800585587,0.2528615164001569,29.0,36.29424687624125,Moderate
10,52,4.067080668343515,9.822497558800256,54.48811463047696,0,28.635642126552707,28.69094881626548,0.33145757025365236,29.732137494637012,33.14910921178014,Low
10,53,4.067080668343515,9.824748940872642,55.67069852488915,0,29.5296461204668,28.12925673172146,0.09190952981825035,30.479501308256342,34.69367519175963,Low
10,54,4.067080668343515,9.827000322945029,56.87504855172929,0,30.4138126514911,27.57012032840147,0.08021166804919662,31.240998703626616,32.81380076575983,Low
10,55,4.067080668343515,9.829251705017414,58.102861627843225,0,31.11269837220809,27.04698026985843,0.32147148598410985,32.01562118716424,27.212320838053337,Low
10,56,4.067080668343515,9.8315030870898,59.35574208456975,0,31.827660925679098,26.58971878175968,0.2235906998103271,32.802438933713454,26.841651159547563,Low
10,57,4.067080668343515,9.833754469162185,60.63491935619894,0,32.526911934581186,26.22408107029444,0.005963009369909885,33.60059523282288,28.472096392580482,Low
10,58,4.067080668343515,9.836005851234571,61.94140450241239,0,33.24154027718932,25.96962254306974,0.11991094947186828,34.40930106817051,25.380266670978273,Low
10,59,4.067080668343515,9.838257233306958,63.275784736139904,0,33.94112549695428,25.83929355743864,0.14604200200236317,35.22782990761707,23.887858119453494,Low
11,0,4.069326446280992,9.705425691036194,25.308120353436106,0,7.810249675906654,30.855900090355146,0.23859783438597987,35.510561809129406,68.94116507768042,High
11,1,4.069326446280992,9.707677073108579,24.66740677368152,0,7.0710678118654755,30.80252795996492,0.14950025129787609,34.66987164671943,71.75904296212471,High
11,2,4.069326446280992,9.709928455180965,24.04474415218168,0,6.4031242374328485,30.706602344873332,0.22166262439271522,33.83784863137726,71.92627519323983,High
11,3,4.069326446280992,9.712179837253352,23.442956307723193,0,5.656854249492381,30.587112830539297,0.14896125928328222,33.015148038438355,74.32800963079197,High
11,4,4.069326446280992,9.714431219325737,22.86577948654095,0,5.0,30.46679752476874,0.13674926759838799,32.202484376209235,75.65687702057402,Extreme
11,5,4.069326446280992,9.716682601398123,22.317783115174493,0,4.242640687119285,30.36879693174184,0.28376507754485236,31.400636936215164,74.8013099836674,High
11,6,4.069326446280992,9.718933983470508,21.804032293635295,0,3.605551275463989,30.311004479728446,0.32803819984230664,30.610455730027933,75.36296677269083,Extreme
11,7,4.069326446280992,9.721185365542894,21.330688354419276,0,2.8284271247461903,30.303345903508138,0.08555846870638478,29.832867780352597,80.55608579771145,Extreme
11,8,4.069326446280992,9.72343674761528,20.905052373628287,0,2.23606797749979,30.347754874317474,0.24341441243716957,29.068883707497267,79.53335246819128,Extreme
11,9,4.069326446280992,9.725688129687667,20.536724732347338,0,1.4142135623730951,30.439541031583204,0.332981214628286,28.319604517012593,79.9976276902834,Extreme
11,10,4.069326446280992,9.727939511760052,20.240522860666754,0,1.0,30.568915328064545,0.18823421949500405,27.586228448267445,83.34510014451426,Extreme
11,11,4.069326446280992,9.730190893832438,20.054753815789965,1,0.0,30.72505624498081,0.13515114562286343,26.870057685088806,86.29319246506408,Extreme
11,12,4.069326446280992,9.732442275904823,20.131215774152512,1,0.0,30.897955597710926,0.23429461881340768,26.1725046566048,85.17689279137184,Extreme
11,13,4.069326446280992,9.734693657977209,20.31887800813415,0,1.0,31.08023119477399,0.10497770376905194,25.495097567963924,85.77781166370268,Extreme
11,14,4.069326446280992,9.736945040049594,20.580231436919647,0,1.4142135623730951,31.265726476283383,0.09425521544841477,24.839484696748443,85.54041328495025,Extreme
11,15,4.069326446280992,9.739196422121982,20.90152149250714,0,2.23606797749979,31.44906730971039,0.09926419556364313,24.20743687382041,84.34711268383435,Extreme
11,16,4.069326446280992,9.741447804194367,21.27457992777691,0,2.8284271247461903,31.62356038849337,0.16912797396524237,23.600847442411894,82.51166835335083,Extreme
11,17,4.069326446280992,9.743699186266753,21.693682752760175,0,2.8284271247461903,31.779775836563815,0.06099992431775844,23.021728866442675,84.262242941178,Extreme
11,18,4.069326446280992,9.745950568339138,22.15461922972581,0,2.0,31.905824591681156,0.09420381691952384,22.47220505424423,85.1763081889786,Extreme
11,19,4.069326446280992,9.748201950411524,22.654235887169886,0,1.0,31.988728446334267,0.10445884298670112,21.95449840010015,86.59395716780767,Extreme
11,20,4.069326446280992,9.75045333248391,23.19012872022413,1,0.0,32.01694105214938,0.13953121620128067,21.470910553583888,87.48638254686576,Extreme
11,21,4.069326446280992,9.752704714556296,23.76070625555642,0,1.0,31.982340239788385,0.13733946508976022,21.02379604162864,85.43287210483427,Extreme
11,22,4.069326446280992,9.754956096628682,24.364867164966753,0,1.4142135623730951,31.88403418658195,0.10521709992154721,20.615528128088304,84.6315712698876,Extreme
11,23,4.069326446280992,9.757207478701067,25.001907105364243,0,2.23606797749979,31.728926829556908,0.27740739396786185,20.248456731316587,79.93014294253007,Extreme
11,24,4.069326446280992,9.759458860773453,25.671517267413847,0,3.1622776601683795,31.532424898718407,0.025619867043942667,19.924858845171276,81.29566634598895,Extreme
11,25,4.069326446280992,9.761710242845838,26.373570395348473,0,4.123105625617661,31.315019658304458,0.10986215095585777,19.6468827043885,77.49362614247934,Extreme
11,26,4.069326446280992,9.763961624918226,27.1079237395738,0,5.0,31.101386405558515,0.18137959790953226,19.4164878389476,74.01237399205988,High
11,27,4.069326446280992,9.766213006990611,27.87451372822003,0,5.830951894845301,30.913701428179053,0.22842763270409083,19.235384061671343,71.01814693620341,High
11,28,4.069326446280992,9.768464389062997,28.672915317993873,0,6.708203932499369,30.770558421332957,0.05797959187526198,19.1049731745428,71.29758868813244,High
11,29,4.069326446280992,9.770715771135382,29.502481317071222,0,7.615773105863909,30.681136848450443,0.11428223856876059,19.026297590440446,68.23610082129865,High
11,30,4.069326446280992,9.772967153207768,30.362253562893954,0,8.54400374531753,30.645623367925253,0.24158693001622691,19.0,64.18701985115308,High
11,31,4.069326446280992,9.775218535280155,31.250888714554126,0,9.433981132056603,30.65482193129545,0.08993107865987604,19.026297590440446,64.47664507186424,High
11,32,4.069326446280992,9.77746991735254,32.166618393590376,0,10.295630140987,30.69382731288291,0.21853169071405218,19.1049731745428,60.66536531377592,High
11,33,4.069326446280992,9.779721299424926,33.1074249767343,0,11.180339887498949,30.743975501540696,0.10354518874082169,19.235384061671343,60.48147557782654,High
11,34,4.069326446280992,9.781972681497312,34.0709225909863,0,12.083045973594572,30.787690687119266,0.1617465571225377,19.4164878389476,57.64091667341534,High
11,35,4.069326446280992,9.784224063569697,35.054518198590735,0,13.0,30.81084493851229,0.04368482113474843,19.6468827043885,57.3592421890166,High
11,36,4.069326446280992,9.786475445642083,36.05555755641309,0,13.892443989449804,30.80585922384893,0.07293819947883409,19.924858845171276,54.83070787386605,Moderate
11,37,4.069326446280992,9.78872682771447,37.07138220585819,0,14.7648230602334,30.77156369173125,0.07063338863605687,20.248456731316587,52.72975818755026,Moderate
11,38,4.069326446280992,9.790978209786855,38.09955599871364,0,15.652475842498529,30.712432659400324,0.09806812582749998,20.615528128088304,51.17768959195953,Moderate
11,39,4.069326446280992,9.793229591859241,39.137704012804654,0,16.55294535724685,30.637022941439437,0.3010550278152283,21.02379604162864,47.3392564978916,Moderate
11,40,4.069326446280992,9.795480973931626,40.18400281955078,0,17.46424919657298,30.555849587133167,0.029945581508232746,21.470910553583888,50.59359637691922,Moderate
11,41,4.069326446280992,9.797732356004012,41.23681821117594,0,18.35755975068582,30.478755786404395,0.14767187634391402,21.95449840010015,48.02137135120179,Moderate
11,42,4.069326446280992,9.799983738076397,42.295194732602596,0,19.235384061671343,30.411965984561967,0.11494310045458762,22.47220505424423,47.72748118308144,Moderate
11,43,4.069326446280992,9.802235120148785,43.35851068095167,0,20.12461179749811,30.35635536647864,0.0466721542900057,23.021728866442675,47.99070442658253,Moderate
11,44,4.069326446280992,9.80448650222117,44.426710857522856,0,21.02379604162864,30.305939576535984,0.16569804964137483,23.600847442411894,45.4540919063968,Moderate
11,45,4.069326446280992,9.806737884293556,45.50025731324387,0,21.93171219946131,30.248703891030683,0.34774189666381294,24.20743687382041,41.95265069704177,Moderate
11,46,4.069326446280992,9.808989266365941,46.58004097437433,0,22.825424421026653,30.166607202788736,0.144283939457398,24.839484696748443,44.17025029100662,Moderate
11,47,4.069326446280992,9.811240648438327,47.66726726230672,0,23.706539182259394,30.03975135470861,0.2813035837317451,25.495097567963924,41.16861979195075,Moderate
11,48,4.069326446280992,9.813492030510714,48.76360307593049,0,24.596747752497688,29.849111559166673,0.1528296471312932,26.1725046566048,41.9905760449256,Moderate
11,49,4.069326446280992,9.8157434125831,49.87099792494815,0,25.495097567963924,29.581196153657412,0.26653812382672926,26.870057685088806,38.987372611920144,Moderate
11,50,4.069326446280992,9.817994794655485,50.9914650299531,0,26.40075756488817,29.23143269101781,0.10252143377632049,27.586228448267445,39.94543603186603,Moderate
11,51,4.069326446280992,9.82024617672787,52.12716877501692,0,27.294688127912362,28.80583044971199,0.3756035149916131,28.319604517012593,34.15558736119325,Low
11,52,4.069326446280992,9.822497558800256,53.28018953133472,0,28.178005607210743,28.320001861375143,0.338363694383539,29.068883707497267,32.865468649871524,Low
11,53,4.069326446280992,9.824748940872642,54.45261688492822,0,29.0,27.79952307052293,0.20447647928912085,29.832867780352597,32.93025848791798,Low
11,54,4.069326446280992,9.827000322945029,55.64645713092118,0,29.698484809834994,27.27456089194809,0.09604434993413337,30.610455730027933,32.58980875499336,Low
11,55,4.069326446280992,9.829251705017414,56.86333736831283,0,30.4138126514911,26.777784862147143,0.17530221233808974,31.400636936215164,29.488229355075006,Low
11,56,4.069326446280992,9.8315030870898,58.10479448441261,0,31.11269837220809,26.339496752644205,0.32446987437710145,32.202484376209235,25.464213737306935,Low
11,57,4.069326446280992,9.833754469162185,59.37199643802172,0,31.827660925679098,25.986415812309613,0.2384348685277086,33.015148038438355,25.158038580014942,Low
11,58,4.069326446280992,9.836005851234571,60.665911528596176,0,32.526911934581186,25.739384449219994,0.44983003604184174,33.83784863137726,20.62978077093705,Low
11,59,4.069326446280992,9.838257233306958,61.98709302679163,0,33.24154027718932,25.612433385649005,0.2605128069153927,34.66987164671943,22.38500626092022,Low
12,0,4.071572224218469,9.705425691036194,25.931604438609742,0,8.48528137423857,30.666143622691056,0.19077182564527015,34.9857113690718,67.70932469438935,High
12,1,4.071572224218469,9.707677073108579,25.26206620935534,0,7.810249675906654,30.611119799378784,0.1995571944636097,34.132096331752024,68.96506635415693,High
12,2,4.071572224218469,9.709928455180965,24.609540804365928,0,7.0710678118654755,30.511267525509066,0.3223885669277719,33.28663395418648,68.49915840249382,High
12,3,4.071572224218469,9.712179837253352,23.97659866008751,0,6.4031242374328485,30.38430484069455,0.41950746784850684,32.449961479175904,68.22343895024432,High
12,4,4.071572224218469,9.714431219325737,23.366671716536242,0,5.656854249492381,30.251690972023496,0.08942466726888837,31.622776601683793,74.45912148055609,High
12,5,4.071572224218469,9.716682601398123,22.783880670635252,0,5.0,30.135516932648116,0.2650695601282869,30.805843601498726,72.9834090572432,High
12,6,4.071572224218469,9.718933983470508,22.232682381839837,0,4.242640687119285,30.053254452677486,0.25651687164639403,30.0,74.50111887281867,High
12,7,4.071572224218469,9.721185365542894,21.71832773988696,0,3.605551275463989,30.015422676579284,0.15529161183011458,29.206163733020468,77.29362682951474,Extreme
12,8,4.071572224218469,9.72343674761528,21.24666914346791,0,2.8284271247461903,30.025478369363807,0.18962854918442565,28.42534080710379,78.37611712214739,Extreme
12,9,4.071572224218469,9.725688129687667,20.824710491572645,0,2.23606797749979,30.08125847377405,0.1657751122927819,27.65863337187866,80.10421141710965,Extreme
12,10,4.071572224218469,9.727939511760052,20.461538262059953,0,1.4142135623730951,30.17592369534532,0.1942155817098193,26.90724809414742,81.48926753991805,Extreme
12,11,4.071572224218469,9.730190893832438,20.17135235090612,0,1.0,30.30194319315399,0.1407049427947893,26.1725046566048,83.45657628773697,Extreme
12,12,4.071572224218469,9.732442275904823,19.991890497875556,1,0.0,30.45222884857578,0.1519720812400434,25.45584412271571,85.42160995795153,Extreme
12,13,4.071572224218469,9.734693657977209,20.074513398798135,1,0.0,30.621784631769152,0.258827432352653,24.758836806279895,84.17795526740021,Extreme
12,14,4.071572224218469,9.736945040049594,20.267670031062586,0,1.0,30.806023938935056,0.12678051589832975,24.08318915758459,84.82130809742978,Extreme
12,15,4.071572224218469,9.739196422121982,20.533508364285186,0,1.4142135623730951,31.00002827214236,0.09567752881618159,23.430749027719962,84.9074425681551,Extreme
12,16,4.071572224218469,9.741447804194367,20.858175899914208,0,2.23606797749979,31.196828589702648,0.15670220137893093,22.80350850198276,82.90429426227672,Extreme
12,17,4.071572224218469,9.743699186266753,21.23340173529432,0,2.8284271247461903,31.38578864628939,0.13792839992864317,22.20360331117452,82.43193864493465,Extreme
12,18,4.071572224218469,9.745950568339138,21.653579009907872,0,2.23606797749979,31.553372635834595,0.1925522869723455,21.633307652783937,82.75521507688016,Extreme
12,19,4.071572224218469,9.748201950411524,22.114732538161263,0,1.4142135623730951,31.684505934736464,0.09815353681140618,21.095023109728988,85.58446932562182,Extreme
12,20,4.071572224218469,9.75045333248391,22.613935725923305,0,1.0,31.76522256101295,0.20656995620896057,20.591260281974,84.54836869627933,Extreme
12,21,4.071572224218469,9.752704714556296,23.149280554679486,1,0.0,31.784848699284666,0.2217956601680912,20.12461179749811,85.71816083848768,Extreme
12,22,4.071572224218469,9.754956096628682,23.71946986321091,0,1.0,31.73982040975169,0.04270119620976658,19.697715603592208,86.29333467697417,Extreme
12,23,4.071572224218469,9.757207478701067,24.32371328517369,0,2.0,31.634398742779787,0.17778659087748078,19.313207915827967,81.9904400405392,Extreme
12,24,4.071572224218469,9.759458860773453,24.9616606447644,0,2.8284271247461903,31.481583809665647,0.04898338799101049,18.973665961010276,81.79793940675214,Extreme
12,25,4.071572224218469,9.761710242845838,25.63318258842942,0,3.605551275463989,31.299841225524595,0.018393128357856055,18.681541692269406,80.12835879727939,Extreme
12,26,4.071572224218469,9.763961624918226,26.338150448358075,0,4.47213595499958,31.112284665411828,0.18252590113942999,18.439088914585774,75.35512142822922,Extreme
12,27,4.071572224218469,9.766213006990611,27.076541920489955,0,5.385164807134504,30.940416799271265,0.16616185392897073,18.24828759089466,73.22996108831478,High
12,28,4.071572224218469,9.768464389062997,27.847962903828765,0,6.324555320336759,30.802703077084665,0.07151023836286292,18.110770276274835,72.29786455428243,High
12,29,4.071572224218469,9.770715771135382,28.651778460912315,0,7.211102550927978,30.708897448152,0.18264400208424983,18.027756377319946,68.45358533908458,High
12,30,4.071572224218469,9.772967153207768,29.48704308869668,0,8.06225774829855,30.660144867342197,0.15530858034886771,18.0,66.8351684954629,High
12,31,4.071572224218469,9.775218535280155,30.352406409772918,0,8.94427190999916,30.648409024011286,0.10283642573470003,18.027756377319946,65.61367231639389,High
12,32,4.071572224218469,9.77746991735254,31.24607415811425,0,9.848857801796104,30.659712747684313,0.11309349395197636,18.110770276274835,63.452352791645296,High
12,33,4.071572224218469,9.779721299424926,32.16598057340494,0,10.770329614269007,30.676060877385996,0.1968958747265285,18.24828759089466,60.1563722280424,High
12,34,4.071572224218469,9.781972681497312,33.109701994091424,0,11.661903789690601,30.680358880433527,0.11915018201272666,18.439088914585774,59.290409017018234,High
12,35,4.071572224218469,9.784224063569697,34.074579110165104,0,12.529964086141668,30.65869023396325,0.10862070041682356,18.681541692269406,57.38044859454246,High
12,36,4.071572224218469,9.786475445642083,35.057908392248464,0,13.416407864998739,30.603665830844275,0.13465311957690163,18.973665961010276,54.8002950479767,Moderate
12,37,4.071572224218469,9.78872682771447,36.056957162349704,0,14.317821063276353,30.514523428704535,0.12253167629329487,19.313207915827967,52.67615272031101,Moderate
12,38,4.071572224218469,9.790978209786855,37.0692312358986,0,15.231546211727817,30.396727742233132,0.1030267206862241,19.697715603592208,50.9514231496599,Moderate
12,39,4.071572224218469,9.793229591859241,38.09229958977064,0,16.1245154965971,30.26042828122893,0.15049584243266903,20.12461179749811,49.30816722410783,Moderate
12,40,4.071572224218469,9.795480973931626,39.12428468674361,0,17.0,30.118332837502702,0.22924361372716412,20.591260281974,47.17652979215754,Moderate
12,41,4.071572224218469,9.797732356004012,40.16349264040586,0,17.88854381999832,29.983217480733167,0.21801826384575465,21.095023109728988,46.4070216939899,Moderate
12,42,4.071572224218469,9.799983738076397,41.20892444789244,0,18.788294228055936,29.86465367282525,0.20162111167408278,21.633307652783937,45.75123832158655,Moderate
12,43,4.071572224218469,9.802235120148785,42.25989950235113,0,19.697715603592208,29.766858289225244,0.19257239001592,22.20360331117452,45.03192207764997,Moderate
12,44,4.071572224218469,9.80448650222117,43.316318612481204,0,20.591260281974,29.686891713612308,0.24514090112090167,22.80350850198276,43.42802759546502,Moderate
12,45,4.071572224218469,9.806737884293556,44.37856977505806,0,21.470910553583888,29.61498617388509,0.12000717001155943,23.430749027719962,44.505619883924076,Moderate
12,46,4.071572224218469,9.808989266365941,45.44747420837509,0,22.360679774997898,29.53419417278306,0.09743155680868003,24.08318915758459,44.01953869817594,Moderate
12,47,4.071572224218469,9.811240648438327,46.52416359327729,0,23.259406699226016,29.424347250176424,0.15445448444389706,24.758836806279895,42.26499110246256,Moderate
12,48,4.071572224218469,9.813492030510714,47.61021286984298,0,24.166091947189145,29.26471400493839,0.22977109578822325,25.45584412271571,40.110747697296816,Moderate
12,49,4.071572224218469,9.8157434125831,48.707475732785646,0,25.059928172283335,29.038930717199417,0.18542093750485245,26.1725046566048,39.58575595965441,Moderate
12,50,4.071572224218469,9.817994794655485,49.817862582060435,0,25.942243542145693,28.738709541847662,0.13137985482568273,26.90724809414742,39.019313560649664,Moderate
12,51,4.071572224218469,9.82024617672787,50.94344485972425,0,26.832815729997478,28.366047319722504,0.21361984368974177,27.65863337187866,36.22542278581751,Moderate
12,52,4.071572224218469,9.822497558800256,52.0861943640122,0,27.586228448267445,27.932659826942484,0.18421958858543874,28.42534080710379,34.949925174107506,Low
12,53,4.071572224218469,9.824748940872642,53.2481194762643,0,28.284271247461902,27.46089618542161,0.23405926417622316,29.206163733020468,32.382198952989185,Low
12,54,4.071572224218469,9.827000322945029,54.43112520119724,0,29.0,26.97854889036465,0.13177587556918097,30.0,32.05842596683652,Low
12,55,4.071572224218469,9.829251705017414,55.636771623012706,0,29.698484809834994,26.516852167438053,0.297240172199783,30.805843601498726,27.75476506446696,Low
12,56,4.071572224218469,9.8315030870898,56.86653139901644,0,30.4138126514911,26.10577454676944,0.3182847197221745,31.622776601683793,25.7249545280253,Low
12,57,4.071572224218469,9.833754469162185,58.12151468388367,0,31.11269837220809,25.772238847057142,0.07844378094836796,32.449961479175904,27.780093896506575,Low
12,58,4.071572224218469,9.836005851234571,59.40264862308551,0,31.827660925679098,25.537713432273474,0.06529547901722915,33.28663395418648,26.657610959293947,Low
12,59,4.071572224218469,9.838257233306958,60.71045345387724,0,32.526911934581186,25.416811515395757,0.1448046989634539,34.132096331752024,24.402880618620856,Low
13,0,4.073818002155947,9.705425691036194,26.579910142516095,0,9.219544457292887,30.455413701485988,0.04642157727211601,34.48187929913333,67.76153533978845,High
13,1,4.073818002155947,9.707677073108579,25.88288256143891,0,8.48528137423857,30.399455343165652,0.26234123648609703,33.61547262794322,66.02294442836732,High
13,2,4.073818002155947,9.709928455180965,25.20209605299228,0,7.810249675906654,30.29689876456453,0.36016004365655985,32.7566787083184,65.83546840994167,High
13,3,4.073818002155947,9.712179837253352,24.539909702289748,0,7.0710678118654755,30.163814708072238,0.41166609718510466,31.906112267087632,66.36519187345465,High
13,4,4.073818002155947,9.714431219325737,23.899507402065915,0,6.4031242374328485,30.019941227534765,0.17232659173636503,31.064449134018133,71.10006565802007,High
13,5,4.073818002155947,9.716682601398123,23.284650956676273,0,5.656854249492381,29.885901495282624,0.24437498890252501,30.23243291566195,71.30325705100964,High
13,6,4.073818002155947,9.718933983470508,22.69933874275837,0,5.0,29.778480350667042,0.22672360205540046,29.410882339705484,72.74953242464845,High
13,7,4.073818002155947,9.721185365542894,22.14817511303106,0,4.242640687119285,29.708657999138214,0.11482928546579295,28.600699292150182,75.84727341038423,Extreme
13,8,4.073818002155947,9.72343674761528,21.636070018547397,0,3.605551275463989,29.681421579905617,0.2727902214406623,27.80287754891569,74.77615105226995,High
13,9,4.073818002155947,9.725688129687667,21.168542058524594,0,2.8284271247461903,29.697207230049695,0.23352139599290683,27.018512172212592,76.97407641321279,Extreme
13,10,4.073818002155947,9.727939511760052,20.752056144983936,0,2.23606797749979,29.752174870588497,0.1427747864408638,26.248809496813376,79.70038637273154,Extreme
13,11,4.073818002155947,9.730190893832438,20.39508266111526,0,1.4142135623730951,29.84207295250053,0.09928718776928543,25.495097567963924,82.14923969631839,Extreme
13,12,4.073818002155947,9.732442275904823,20.111215944673237,0,1.0,29.962664349084932,0.13812386487422101,24.758836806279895,82.71455377839014,Extreme
13,13,4.073818002155947,9.734693657977209,19.937789023864177,1,0.0,30.111235515197524,0.2184979697286148,24.041630560342615,83.63529948971454,Extreme
13,14,4.073818002155947,9.736945040049594,20.025636014233843,1,0.0,30.284736989354315,0.05306758238585857,23.345235059857504,86.4823422657405,Extreme
13,15,4.073818002155947,9.739196422121982,20.222899553591148,0,1.0,30.478851124499087,0.15509584186558392,22.67156809750927,83.635901382167,Extreme
13,16,4.073818002155947,9.741447804194367,20.49166457185353,0,1.4142135623730951,30.68674355262433,0.26443486024097246,22.02271554554524,81.64709040373546,Extreme
13,17,4.073818002155947,9.743699186266753,20.818005055390543,0,2.23606797749979,30.89726468457571,0.07290598779543446,21.400934559032695,83.46426683310288,Extreme
13,18,4.073818002155947,9.745950568339138,21.193801994387158,0,2.8284271247461903,31.096130020264333,0.20544993711883272,20.808652046684813,80.74563726956795,Extreme
13,19,4.073818002155947,9.748201950411524,21.61373994031858,0,2.0,31.267188680385466,0.09472746211096156,20.248456731316587,83.95105590516866,Extreme
13,20,4.073818002155947,9.75045333248391,22.074092153239253,0,1.0,31.395005920193586,0.11752821154768771,19.72308292331602,85.31172208414611,Extreme
13,21,4.073818002155947,9.752704714556296,22.572464094290233,1,0.0,31.467071377327148,0.029737823264666143,19.235384061671343,88.17471240492186,Extreme
13,22,4.073818002155947,9.754956096628682,23.10725413107516,0,1.0,31.477485538871697,0.15689089630883535,18.788294228055936,84.3104266186961,Extreme
13,23,4.073818002155947,9.757207478701067,23.677507532182574,0,1.4142135623730951,31.427799069807534,0.17771763032349525,18.384776310850235,82.85184924877078,Extreme
13,24,4.073818002155947,9.759458860773453,24.282774932788783,0,2.23606797749979,31.32808435990075,0.06409791292615175,18.027756377319946,82.58956595397893,Extreme
13,25,4.073818002155947,9.761710242845838,24.922880374906867,0,3.1622776601683795,31.193932822863506,0.08725753441586756,17.72004514666935,79.99827784836049,Extreme
13,26,4.073818002155947,9.763961624918226,25.597672799085736,0,4.123105625617661,31.0458645073663,0.23925773699285652,17.46424919657298,75.36274872236687,Extreme
13,27,4.073818002155947,9.766213006990611,26.307141241373124,0,5.0,30.90366062344943,0.09782484009913402,17.26267650163207,75.2622643168386,Extreme
13,28,4.073818002155947,9.768464389062997,27.05089976411908,0,5.830951894845301,30.784689392830725,0.054971055344790694,17.11724276862369,73.79533322360857,High
13,29,4.073818002155947,9.770715771135382,27.828307966685294,0,6.708203932499369,30.698589391410454,0.171809169095665,17.029386365926403,69.91509109964322,High
13,30,4.073818002155947,9.772967153207768,28.638420271197425,0,7.615773105863909,30.647029121184573,0.018876231600433845,17.0,70.09469207382375,High
13,31,4.073818002155947,9.775218535280155,29.479868878300948,0,8.54400374531753,30.622989450668914,0.08258475757586303,17.029386365926403,67.03796191857569,High
13,32,4.073818002155947,9.77746991735254,30.350829408020665,0,9.433981132056603,30.613498998220674,0.24224440799909855,17.11724276862369,62.62331756823302,High
13,33,4.073818002155947,9.779721299424926,31.249185751396745,0,10.295630140987,30.601495784534723,0.18065824801592678,17.26267650163207,61.55237353565618,High
13,34,4.073818002155947,9.781972681497312,32.17247521380606,0,11.180339887498949,30.57072338588923,0.07260748644733177,17.46424919657298,61.08010742274915,High
13,35,4.073818002155947,9.784224063569697,33.11797596530586,0,12.083045973594572,30.50784540819707,0.10091402956919449,17.72004514666935,58.44215308425109,High
13,36,4.073818002155947,9.786475445642083,34.082935147660656,0,13.0,30.405976124862047,0.12227995533776378,18.027756377319946,55.779285122079436,High
13,37,4.073818002155947,9.78872682771447,35.06455061999641,0,13.892443989449804,30.265024824546913,0.07285931286489625,18.384776310850235,54.11522368262661,Moderate
13,38,4.073818002155947,9.790978209786855,36.06027172664564,0,14.7648230602334,30.091547644977723,0.045971320567597916,18.788294228055936,52.06004821674319,Moderate
13,39,4.073818002155947,9.793229591859241,37.06761289814044,0,15.652475842498529,29.89729221486397,0.17551903597859522,19.235384061671343,48.66350191461092,Moderate
13,40,4.073818002155947,9.795480973931626,38.08464463153382,0,16.55294535724685,29.69703150236296,0.16289658595292367,19.72308292331602,47.771308049043235,Moderate
13,41,4.073818002155947,9.797732356004012,39.1096135004552,0,17.46424919657298,29.506225340208296,0.03758845840218639,20.248456731316587,48.58746344877009,Moderate
13,42,4.073818002155947,9.799983738076397,40.14147690870273,0,18.35755975068582,29.337529293985714,0.1021441261707801,20.808652046684813,46.60478632521172,Moderate
13,43,4.073818002155947,9.802235120148785,41.17949498127825,0,19.235384061671343,29.198227585894017,0.12137881185747378,21.400934559032695,45.36900829461,Moderate
13,44,4.073818002155947,9.80448650222117,42.22352362749094,0,20.12461179749811,29.08829808031949,0.038068018040097476,22.02271554554524,45.73852853985709,Moderate
13,45,4.073818002155947,9.806737884293556,43.27387773883504,0,21.02379604162864,29.00020957895124,0.12296890735315633,22.67156809750927,43.63368613760687,Moderate
13,46,4.073818002155947,9.808989266365941,44.33130775808351,0,21.93171219946131,28.918315742925092,0.1307874311115316,23.345235059857504,42.69580890652137,Moderate
13,47,4.073818002155947,9.811240648438327,45.396873002144474,0,22.825424421026653,28.822531265298093,0.11644076536212464,24.041630560342615,42.052195329995655,Moderate
13,48,4.073818002155947,9.813492030510714,46.472058199819344,0,23.706539182259394,28.690923926632315,0.09416287925074938,24.758836806279895,41.43569800802687,Moderate
13,49,4.073818002155947,9.8157434125831,47.55862422424133,0,24.596747752497688,28.504794753011502,0.11891820670020128,25.495097567963924,39.97582793227416,Moderate
13,50,4.073818002155947,9.817994794655485,48.658381987330614,0,25.45584412271571,28.252637869601458,0.28749170871246377,26.248809496813376,36.19206310085584,Moderate
13,51,4.073818002155947,9.82024617672787,49.77331311415011,0,26.1725046566048,27.932808915029373,0.2456268696564449,27.018512172212592,35.39312680814634,Moderate
13,52,4.073818002155947,9.822497558800256,50.90528718109529,0,26.870057685088806,27.553325198389167,0.225006992621914,27.80287754891569,34.12195420292292,Low
13,53,4.073818002155947,9.824748940872642,52.056234812953164,0,27.586228448267445,27.133254409056264,0.22075548842224432,28.600699292150182,32.496426690467686,Low
13,54,4.073818002155947,9.827000322945029,53.2279659805351,0,28.284271247461902,26.697744058033887,0.12540620093855467,29.410882339705484,32.187966544669905,Low
13,55,4.073818002155947,9.829251705017414,54.42197809759091,0,29.0,26.276132187906402,0.26899286077889306,30.23243291566195,28.315763211599553,Low
13,56,4.073818002155947,9.8315030870898,55.63968409127928,0,29.698484809834994,25.897430447001973,0.1631941533694035,31.064449134018133,28.273596432589223,Low
13,57,4.073818002155947,9.833754469162185,56.88214138719444,0,30.4138126514911,25.588085490293366,0.08280484504847618,31.906112267087632,28.002543783175764,Low
13,58,4.073818002155947,9.836005851234571,58.150238438427905,0,31.11269837220809,25.36957195337632,0.23753405928542265,32.7566787083184,24.4081059530831,Low
13,59,4.073818002155947,9.838257233306958,59.44446406077206,0,31.827660925679098,25.25660329215828,0.15131079320468208,33.61547262794322,24.666455847242556,Low
14,0,4.076063780093425,9.705425691036194,27.25174872068128,0,9.899494936611665,30.25736564124464,0.18435870036822935,34.0,63.686587337252135,High
14,1,4.076063780093425,9.707677073108579,26.52841833037667,0,9.219544457292887,30.20083901565143,0.12153820849346035,33.12099032335839,66.05272189774591,High
14,2,4.076063780093425,9.709928455180965,25.820785640237812,0,8.48528137423857,30.096174822417026,0.28088009668625175,32.2490309931942,65.05188008359012,High
14,3,4.076063780093425,9.712179837253352,25.1310267664046,0,7.810249675906654,29.95759258637328,0.26329102937352544,31.38470965295043,66.5141465259328,High
14,4,4.076063780093425,9.714431219325737,24.462112348060693,0,7.0710678118654755,29.802861049893806,0.18250209248833144,30.528675044947494,68.9801852296782,High
14,5,4.076063780093425,9.716682601398123,23.817500747578492,0,6.4031242374328485,29.650913050503274,0.08980415808310929,29.68164415931166,71.4984929058976,High
14,6,4.076063780093425,9.718933983470508,23.200821091126738,0,5.656854249492381,29.517741156792006,0.08471372345378429,28.844410203711913,72.861929716869,High
14,7,4.076063780093425,9.721185365542894,22.61618147327086,0,5.0,29.414731404504256,0.2347164562390657,28.0178514522438,71.80360912884461,High
14,8,4.076063780093425,9.72343674761528,22.067815553820434,0,4.242640687119285,29.348394222306187,0.21452986969480706,27.202941017470888,73.53246856201598,High
14,9,4.076063780093425,9.725688129687667,21.560268227920123,0,3.605551275463989,29.321723581662667,0.08158853101326075,26.40075756488817,76.82355360895664,Extreme
14,10,4.076063780093425,9.727939511760052,21.0984991522605,0,2.8284271247461903,29.33374624894928,0.1908350298437058,25.612496949731394,76.78130037779593,Extreme
14,11,4.076063780093425,9.730190893832438,20.688361453845246,0,2.23606797749979,29.38325148777558,0.11185986028830248,24.839484696748443,79.31415418139713,Extreme
14,12,4.076063780093425,9.732442275904823,20.337693386353763,0,1.4142135623730951,29.468554236137507,0.10153852695111189,24.08318915758459,81.25074011211117,Extreme
14,13,4.076063780093425,9.734693657977209,20.059721151664533,0,1.0,29.58892187488247,0.21527029224717426,23.345235059857504,80.68861348418996,Extreme
14,14,4.076063780093425,9.736945040049594,19.891249567562575,1,0.0,29.74266408022286,0.18058600259900132,22.627416997969522,83.34475280908218,Extreme
14,15,4.076063780093425,9.739196422121982,19.982847725093176,1,0.0,29.926142415775793,0.137220679307405,21.93171219946131,84.38260879823089,Extreme
14,16,4.076063780093425,9.741447804194367,20.182628885378023,0,1.0,30.13305240375161,0.07840212291270846,21.2602916254693,83.97816841452764,Extreme
14,17,4.076063780093425,9.743699186266753,20.452637208669834,0,1.4142135623730951,30.352460493767282,0.20184487975206786,20.615528128088304,81.80477135805378,Extreme
14,18,4.076063780093425,9.745950568339138,20.77913121920976,0,2.23606797749979,30.570300557299152,0.034250276240909025,20.0,83.28045035193325,Extreme
14,19,4.076063780093425,9.748201950411524,21.154334959629928,0,2.23606797749979,30.770459952183828,0.13150798178919515,19.4164878389476,82.0818426266235,Extreme
14,20,4.076063780093425,9.75045333248391,21.573201687795333,0,1.4142135623730951,30.937094987471056,0.10172087209785413,18.867962264113206,84.05226608107674,Extreme
14,21,4.076063780093425,9.752704714556296,22.032564035678945,0,1.0,31.056696149280455,0.15502358252041498,18.35755975068582,83.95991045955013,Extreme
14,22,4.076063780093425,9.754956096628682,22.530344237594058,1,0.0,31.121502551358486,0.11704267736000008,17.88854381999832,86.05864440220635,Extreme
14,23,4.076063780093425,9.757207478701067,23.065306752589198,0,1.0,31.130427247981174,0.05333480123737935,17.46424919657298,85.05358793738897,Extreme
14,24,4.076063780093425,9.759458860773453,23.636820620833426,0,2.0,31.09023827018601,0.0545197401004926,17.08800749063506,82.93543153512908,Extreme
14,25,4.076063780093425,9.761710242845838,24.24460158256001,0,2.8284271247461903,31.01292102933713,0.08525815380536408,16.76305461424021,80.54922099921377,Extreme
14,26,4.076063780093425,9.763961624918226,24.888427329209243,0,3.605551275463989,30.91545767481893,0.07477776306370494,16.492422502470642,78.79707570015233,Extreme
14,27,4.076063780093425,9.766213006990611,25.568258434315666,0,4.47213595499958,30.81489940664468,0.1033471061471825,16.278820596099706,76.28140500807118,Extreme
14,28,4.076063780093425,9.768464389062997,26.283686893336103,0,5.385164807134504,30.726560188718295,0.10426744538765824,16.1245154965971,74.11146529032702,High
14,29,4.076063780093425,9.770715771135382,27.03404338378715,0,6.324555320336759,30.65925375913711,0.15060955017153724,16.0312195418814,71.24626376047,High
14,30,4.076063780093425,9.772967153207768,27.818364765613026,0,7.211102550927978,30.614721012198032,0.017933098866886998,16.0,71.18916953064702,High
14,31,4.076063780093425,9.775218535280155,28.63525214836385,0,8.06225774829855,30.586815669389612,0.09710193189773733,16.0312195418814,68.0341784447009,High
14,32,4.076063780093425,9.77746991735254,29.482844202279708,0,8.94427190999916,30.563676686046545,0.13298244332921705,16.1245154965971,65.47043983846467,High
14,33,4.076063780093425,9.779721299424926,30.358970789651472,0,9.848857801796104,30.52948406016124,0.03892307365485907,16.278820596099706,64.77476079350504,High
14,34,4.076063780093425,9.781972681497312,31.26112774447131,0,10.770329614269007,30.46921059220474,0.12374865910637756,16.492422502470642,61.28957097349694,High
14,35,4.076063780093425,9.784224063569697,32.18653409528021,0,11.661903789690601,30.370490592251212,0.12705359619798004,16.76305461424021,58.970818910132564,High
14,36,4.076063780093425,9.786475445642083,33.13238767377899,0,12.529964086141668,30.22723608655994,0.11019812892531658,17.08800749063506,56.87446801710687,High
14,37,4.076063780093425,9.78872682771447,34.095822082826686,0,13.416407864998739,30.040228052383654,0.11343797544206348,17.46424919657298,54.33042275317106,Moderate
14,38,4.076063780093425,9.790978209786855,35.07423233582611,0,14.317821063276353,29.817108265082087,0.061390471374766706,17.88854381999832,52.495033202421226,Moderate
14,39,4.076063780093425,9.793229591859241,36.06508099273258,0,15.231546211727817,29.571085614180877,0.08664645288026147,18.35755975068582,49.80304926420029,Moderate
14,40,4.076063780093425,9.795480973931626,37.06638954415091,0,16.1245154965971,29.318723628919987,0.05910716778311636,18.867962264113206,49.018540289470444,Moderate
14,41,4.076063780093425,9.797732356004012,38.07634668669922,0,17.0,29.07775046748928,0.12900528084364868,19.4164878389476,46.794768162403535,Moderate
14,42,4.076063780093425,9.799983738076397,39.09386725008673,0,17.88854381999832,28.863476391648277,0.13734910637063208,20.0,45.55407997557504,Moderate
14,43,4.076063780093425,9.802235120148785,40.11815333476754,0,18.788294228055936,28.68582468806469,0.2179695959536154,20.615528128088304,43.31335441977412,Moderate
14,44,4.076063780093425,9.80448650222117,41.14901634389091,0,19.697715603592208,28.547398892902486,0.14633103325568075,21.2602916254693,43.44700178019447,Moderate
14,45,4.076063780093425,9.806737884293556,42.18670089754474,0,20.591260281974,28.442752587214095,0.2255781205134319,21.93171219946131,41.39460482871136,Moderate
14,46,4.076063780093425,9.808989266365941,43.23188734787744,0,21.470910553583888,28.357635481703092,0.2758296360108343,22.627416997969522,39.81969878644593,Moderate
14,47,4.076063780093425,9.811240648438327,44.28556597622773,0,22.360679774997898,28.272334004379303,0.16499859081944201,23.345235059857504,40.655579604975436,Moderate
14,48,4.076063780093425,9.813492030510714,45.34913511720822,0,23.259406699226016,28.164228323965727,0.169362955251714,24.08318915758459,39.70283662899161,Moderate
14,49,4.076063780093425,9.8157434125831,46.42426800413307,0,24.041630560342615,28.012904266083737,0.19904561817888464,24.839484696748443,38.259529455163765,Moderate
14,50,4.076063780093425,9.817994794655485,47.51268176528586,0,24.758836806279895,27.804294674316306,0.2183868807751496,25.612496949731394,36.82569961603714,Moderate
14,51,4.076063780093425,9.82024617672787,48.616273458461976,0,25.45584412271571,27.533699020958963,0.22146155985702845,26.40075756488817,35.47779807813091,Moderate
14,52,4.076063780093425,9.822497558800256,49.73681921631548,0,26.1725046566048,27.205869048651273,0.2535229003763388,27.202941017470888,33.54741000240228,Low
14,53,4.076063780093425,9.824748940872642,50.87617759022765,0,26.870057685088806,26.836776981247706,0.08865623056639836,28.0178514522438,34.460583781846665,Low
14,54,4.076063780093425,9.827000322945029,52.036071977804056,0,27.586228448267445,26.4488662177682,0.14571929126857702,28.844410203711913,31.98742901406687,Low
14,55,4.076063780093425,9.829251705017414,53.21794340384967,0,28.284271247461902,26.06928747382529,0.11959449989053113,29.68164415931166,30.76917604948024,Low
14,56,4.076063780093425,9.8315030870898,54.423151161564135,0,29.0,25.725581344475252,0.11450910811627792,30.528675044947494,29.30786885517539,Low
14,57,4.076063780093425,9.833754469162185,55.65270662629292,0,29.698484809834994,25.443122716628935,0.28086996890764787,31.38470965295043,25.407852514185603,Low
14,58,4.076063780093425,9.836005851234571,56.9074631635697,0,30.4138126514911,25.242812815263722,0.22738678922536207,32.2490309931942,24.988260203122273,Low
14,59,4.076063780093425,9.838257233306958,58.187880680499106,0,31.11269837220809,25.139002415596806,0.3959268152490193,33.12099032335839,21.455335639036708,Low
15,0,4.078309558030902,9.705425691036194,27.946078599775273,0,10.63014581273465,30.110316474469702,0.4413198690657275,33.54101966249684,57.8512023386239,High
15,1,4.078309558030902,9.707677073108579,27.19750593151513,0,9.899494936611665,30.05312145379588,0.45789691519697434,32.64965543462902,59.12415240850931,High
15,2,4.078309558030902,9.709928455180965,26.464283330041347,0,9.219544457292887,29.94608648090075,0.07535686620725333,31.76476034853718,66.17040614776788,High
15,3,4.078309558030902,9.712179837253352,25.748423431116912,0,8.48528137423857,29.801536740370594,0.3237231349942642,30.886890422961002,63.74309780658691,High
15,4,4.078309558030902,9.714431219325737,25.052705117629195,0,7.810249675906654,29.635209418738466,0.24050794374607476,30.01666203960727,66.12652422130735,High
15,5,4.078309558030902,9.716682601398123,24.38031844613899,0,7.0710678118654755,29.4643138237171,0.08728057802009871,29.154759474226502,69.64230117701989,High
15,6,4.078309558030902,9.718933983470508,23.734578462385212,0,6.4031242374328485,29.304101364469073,0.060834448280991334,28.30194339616981,71.14761542175032,High
15,7,4.078309558030902,9.721185365542894,23.11918803406664,0,5.656854249492381,29.166401943360203,0.06630180920383379,27.459060435491963,72.34103315390811,High
15,8,4.078309558030902,9.72343674761528,22.537858111259034,0,5.0,29.05926429877493,0.11306064981600814,26.627053911388696,72.81948869454244,High
15,9,4.078309558030902,9.725688129687667,21.994432307371497,0,4.242640687119285,28.98814810335099,0.26988903961479094,25.80697580112788,71.87871333706065,High
15,10,4.078309558030902,9.727939511760052,21.49288278510142,0,3.605551275463989,28.954720974768946,0.3401847371694039,25.0,72.10145174895088,High
15,11,4.078309558030902,9.730190893832438,21.037565271480847,0,2.8284271247461903,28.960452851987085,0.1996807026074743,24.20743687382041,75.78651816505567,Extreme
15,12,4.078309558030902,9.732442275904823,20.633684883650425,0,2.23606797749979,29.00578734466921,0.11128421962553986,23.430749027719962,78.44696805506504,Extreme
15,13,4.078309558030902,9.734693657977209,20.28875177218768,0,1.4142135623730951,29.091562927029813,0.07241527826849928,22.67156809750927,80.80952358379503,Extreme
15,14,4.078309558030902,9.736945040049594,20.015467802509814,0,1.0,29.217182467671833,0.0805888575439287,21.93171219946131,81.8406394708497,Extreme
15,15,4.078309558030902,9.739196422121982,19.8504178189311,1,0.0,29.37970791303332,0.0906744320561703,21.213203435596427,83.84434286711307,Extreme
15,16,4.078309558030902,9.741447804194367,19.944173894597178,1,0.0,29.573701575639767,0.11885125351905879,20.518284528683193,83.83309081511602,Extreme
15,17,4.078309558030902,9.743699186266753,20.14484387765407,0,1.0,29.789121112385487,0.2086964636329044,19.849433241279208,81.21864117870427,Extreme
15,18,4.078309558030902,9.745950568339138,20.41468656020878,0,1.4142135623730951,30.013031525677015,0.046354828244185665,19.209372712298546,83.34293891579586,Extreme
15,19,4.078309558030902,9.748201950411524,20.740349321978762,0,2.23606797749979,30.230423940283572,0.18924871221994607,18.601075237738275,80.16070389338019,Extreme
15,20,4.078309558030902,9.75045333248391,21.114343109438927,0,2.0,30.42607550377748,0.14856854249654106,18.027756377319946,81.41447998033973,Extreme
15,21,4.078309558030902,9.752704714556296,21.532198011085704,0,1.0,30.586321789411176,0.16551969005951078,17.4928556845359,82.9659661783812,Extreme
15,22,4.078309558030902,9.754956096628682,21.991071324586095,1,0.0,30.702073603996663,0.16225495130932305,17.0,84.68946105160164,Extreme
15,23,4.078309558030902,9.757207478701067,22.48926617724893,0,1.0,30.769782571293092,0.1473118978948717,16.55294535724685,83.11603205123001,Extreme
15,24,4.078309558030902,9.759458860773453,23.025849176728745,0,1.4142135623730951,30.792686837888297,0.14109755445693326,16.15549442140351,82.25755831206158,Extreme
15,25,4.078309558030902,9.761710242845838,23.600341021616604,0,2.23606797749979,30.778596372950503,0.15083302455843922,15.811388300841896,80.36908220804632,Extreme
15,26,4.078309558030902,9.763961624918226,24.21238225123487,0,3.1622776601683795,30.740166698224115,0.0876278089339515,15.524174696260024,79.32009454349638,Extreme
15,27,4.078309558030902,9.766213006990611,24.861852488365138,0,4.123105625617661,30.690827762010606,0.05923565300786455,15.297058540778355,77.64289682881986,Extreme
15,28,4.078309558030902,9.768464389062997,25.54828208785551,0,5.0,30.642969560916548,0.11364469789129607,15.132745950421556,74.84533694852318,High
15,29,4.078309558030902,9.770715771135382,26.270942419323934,0,5.830951894845301,30.6039094289994,0.05455725651422488,15.033296378372908,73.82659467060962,High
15,30,4.078309558030902,9.772967153207768,27.028829771786995,0,6.708203932499369,30.575027309475857,0.07077916649209005,15.0,71.60475636146349,High
15,31,4.078309558030902,9.775218535280155,27.820496804220536,0,7.615773105863909,30.550913440688,0.0754227991479957,15.033296378372908,69.4976140713852,High
15,32,4.078309558030902,9.77746991735254,28.644035559752552,0,8.54400374531753,30.52093903448142,0.15146800572790564,15.132745950421556,66.25211832397193,High
15,33,4.078309558030902,9.779721299424926,29.497216553201234,0,9.433981132056603,30.47085570574533,0.13259251159710897,15.297058540778355,64.4283319021184,High
15,34,4.078309558030902,9.781972681497312,30.377490556427624,0,10.295630140987,30.38726576542117,0.1880540984592551,15.524174696260024,61.440119163747454,High
15,35,4.078309558030902,9.784224063569697,31.282020456642563,0,11.180339887498949,30.25916726925881,0.08507862986372593,15.811388300841896,60.668649380582465,High
15,36,4.078309558030902,9.786475445642083,32.20795502271594,0,12.083045973594572,30.081540031429608,0.07720819846688867,16.15549442140351,58.30883620473316,High
15,37,4.078309558030902,9.78872682771447,33.15236926803776,0,13.0,29.856177498430515,0.22402939237848676,16.55294535724685,53.47916755961434,Moderate
15,38,4.078309558030902,9.790978209786855,34.11260671167627,0,13.892443989449804,29.591714836316147,0.11656962735265397,17.0,52.40116901609867,Moderate
15,39,4.078309558030902,9.793229591859241,35.08608192874841,0,14.7648230602334,29.302569904521174,0.1111029897128154,17.4928556845359,49.759530435935226,Moderate
15,40,4.078309558030902,9.795480973931626,36.070771153835395,0,15.652475842498529,29.0067044024567,0.014414690052704848,18.027756377319946,49.52543955358387,Moderate
15,41,4.078309558030902,9.797732356004012,37.064808394356355,0,16.55294535724685,28.723569785662733,0.11511745958654368,18.601075237738275,46.747558149216836,Moderate
15,42,4.078309558030902,9.799983738076397,38.067067877171695,0,17.46424919657298,28.470568427604896,0.07081917895477384,19.209372712298546,46.21233518666958,Moderate
15,43,4.078309558030902,9.802235120148785,39.07669639358955,0,18.35755975068582,28.259715023666946,0.034145074537195674,19.849433241279208,45.659799148805234,Moderate
15,44,4.078309558030902,9.80448650222117,40.093462416164115,0,19.235384061671343,28.095813642224254,0.1400759557167272,20.518284528683193,43.076931567205236,Moderate
15,45,4.078309558030902,9.806737884293556,41.11754471501635,0,20.12461179749811,27.97523838024563,0.09812129858656068,21.213203435596427,42.81226204978606,Moderate
15,46,4.078309558030902,9.808989266365941,42.14955582974334,0,21.02379604162864,27.885137395748036,0.2980535178665669,21.93171219946131,38.98792550295147,Moderate
15,47,4.078309558030902,9.811240648438327,43.19042206104487,0,21.93171219946131,27.80640540482315,0.26703310299372346,22.67156809750927,38.65000679066147,Moderate
15,48,4.078309558030902,9.813492030510714,44.241460985112425,0,22.627416997969522,27.716252376952305,0.13801270047560668,23.430749027719962,39.74861329161746,Moderate
15,49,4.078309558030902,9.8157434125831,45.30426532273617,0,23.345235059857504,27.59323490783402,0.3086587751213196,24.20743687382041,36.266222427260516,Moderate
15,50,4.078309558030902,9.817994794655485,46.38046623458549,0,24.041630560342615,27.421507873547064,0.21197963164618944,25.0,36.66862912159845,Moderate
15,51,4.078309558030902,9.82024617672787,47.47188346248032,0,24.758836806279895,27.19406714729831,0.14861096251326333,25.80697580112788,36.42837503832368,Moderate
15,52,4.078309558030902,9.822497558800256,48.580210588992124,0,25.45584412271571,26.913011007771726,0.11174493806094846,26.627053911388696,35.651626707036854,Moderate
15,53,4.078309558030902,9.824748940872642,49.70724188386042,0,26.1725046566048,26.59158445017539,0.25085199486244025,27.459060435491963,32.12713291627075,Low
15,54,4.078309558030902,9.827000322945029,50.85462454438732,0,26.870057685088806,26.249620988511907,0.15042114689269365,28.30194339616981,32.13430050922443,Low
15,55,4.078309558030902,9.829251705017414,52.02375128738156,0,27.586228448267445,25.911910558004205,0.2879582220580865,29.154759474226502,28.569357843200855,Low
15,56,4.078309558030902,9.8315030870898,53.215935210007274,0,28.284271247461902,25.604076561490107,0.08702193548875908,30.01666203960727,30.13979199151629,Low
15,57,4.078309558030902,9.833754469162185,54.4321497236004,0,29.0,25.34987800334767,0.33288343661931874,30.886890422961002,25.12311865344301,Low
15,58,4.078309558030902,9.836005851234571,55.67321773535585,0,29.698484809834994,25.1690793500864,0.15850515491018566,31.76476034853718,26.571963432818222,Low
15,59,4.078309558030902,9.838257233306958,56.93957352318695,0,30.4138126514911,25.0752113791797,0.4217906390317089,32.64965543462902,21.65006795673647,Low
16,0,4.08055533596838,9.705425691036194,28.661854456343924,0,11.313708498984761,30.049927662774238,0.18452968259060978,33.1058907144937,59.99639947558973,High
16,1,4.08055533596838,9.707677073108579,27.88899244631417,0,10.63014581273465,29.99154878811629,0.30194373894436616,32.202484376209235,59.68978999008498,High
16,2,4.08055533596838,9.709928455180965,27.131300534716146,0,9.899494936611665,29.881104630667988,0.19320030552410097,31.304951684997057,62.71982372996353,High
16,3,4.08055533596838,9.712179837253352,26.390641639949582,0,9.219544457292887,29.729102510694723,0.39415237203456654,30.4138126514911,60.90990370734526,High
16,4,4.08055533596838,9.714431219325737,25.669616225301418,0,8.48528137423857,29.54932649811408,0.22731483758349158,29.5296461204668,64.62895486266049,High
16,5,4.08055533596838,9.716682601398123,24.971169032688657,0,7.810249675906654,29.35737320513018,0.3046218605566987,28.653097563788805,64.54450899957507,High
16,6,4.08055533596838,9.718933983470508,24.29833629367495,0,7.0710678118654755,29.167921134479155,0.21317061844693164,27.784887978899608,67.08926588624706,High
16,7,4.08055533596838,9.721185365542894,23.654473791769156,0,6.4031242374328485,28.99336225561017,0.17434087912648918,26.92582403567252,68.74471393832961,High
16,8,4.08055533596838,9.72343674761528,23.042864902264206,0,5.656854249492381,28.843338231651,0.10628333330924103,26.076809620810597,71.00912595470604,High
16,9,4.08055533596838,9.725688129687667,22.466812240934804,0,5.0,28.725682947626545,0.029872315210203535,25.238858928247925,73.30671500926914,High
16,10,4.08055533596838,9.727939511760052,21.92957951515745,0,4.242640687119285,28.644471472797317,0.16793096777340322,24.413111231467404,72.61954733879206,High
16,11,4.08055533596838,9.730190893832438,21.43454642558788,0,3.605551275463989,28.60347819875151,0.14954280061072064,23.600847442411894,74.1504989928289,High
16,12,4.08055533596838,9.732442275904823,20.985415556080326,0,2.8284271247461903,28.604837498695545,0.20522208846583667,22.80350850198276,74.87864808644183,High
16,13,4.08055533596838,9.734693657977209,20.587106160876935,0,2.23606797749979,28.650534041349093,0.05508878518379783,22.02271554554524,78.4627359382848,Extreme
16,14,4.08055533596838,9.736945040049594,20.246613411343574,0,1.4142135623730951,28.740769446295545,0.12884492267116904,21.2602916254693,79.14402569907222,Extreme
16,15,4.08055533596838,9.739196422121982,19.976466077955312,0,1.0,28.87327827333786,0.0759283318910377,20.518284528683193,81.10621794006394,Extreme
16,16,4.08055533596838,9.741447804194367,19.813282344675137,1,0.0,29.043721779790097,0.09349014689570068,19.79898987322333,83.01572562484307,Extreme
16,17,4.08055533596838,9.743699186266753,19.90766511767903,1,0.0,29.24347561667563,0.12089973613963885,19.1049731745428,83.02946971790891,Extreme
16,18,4.08055533596838,9.745950568339138,20.107963675556228,0,1.0,29.461466440961438,0.20824656367607675,18.439088914585774,80.45890059737073,Extreme
16,19,4.08055533596838,9.748201950411524,20.376863918482613,0,1.4142135623730951,29.68465983423045,0.07370757304984102,17.804493814764857,82.16498950508596,Extreme
16,20,4.08055533596838,9.75045333248391,20.70131543105041,0,2.23606797749979,29.89931537734771,0.01234697471835123,17.204650534085253,82.0407019297897,Extreme
16,21,4.08055533596838,9.752704714556296,21.074412956555022,0,1.4142135623730951,30.092353701488484,0.125366821028381,16.64331697709324,81.95953038541552,Extreme
16,22,4.08055533596838,9.754956096628682,21.492016200062544,0,1.0,30.25387788058356,0.16881756210005006,16.1245154965971,82.14043458456062,Extreme
16,23,4.08055533596838,9.757207478701067,21.951668989048095,1,0.0,30.378131136242036,0.018312177559712702,15.652475842498529,86.09253136916091,Extreme
16,24,4.08055533596838,9.759458860773453,22.451950934272354,0,1.0,30.464764222730242,0.11131042565639059,15.231546211727817,82.94427775498609,Extreme
16,25,4.08055533596838,9.761710242845838,22.992062907024454,0,2.0,30.51706308240235,0.045441742274252676,14.866068747318506,82.07294178302244,Extreme
16,26,4.08055533596838,9.763961624918226,23.57141838495853,0,2.8284271247461903,30.54280254015455,0.16691429485578377,14.560219778561036,78.59040549558254,Extreme
16,27,4.08055533596838,9.766213006990611,24.189747007209633,0,3.605551275463989,30.551104240078594,0.08505557364370553,14.317821063276353,78.17841005854686,Extreme
16,28,4.08055533596838,9.768464389062997,24.846466398358558,0,4.47213595499958,30.5507319148696,0.017915032857005634,14.142135623730951,77.35303415005079,Extreme
16,29,4.08055533596838,9.770715771135382,25.540750126426808,0,5.385164807134504,30.546929557362656,0.10271396738405976,14.035668847618199,74.14075509842574,High
16,30,4.08055533596838,9.772967153207768,26.271524662828917,0,6.324555320336759,30.540326623957018,0.10904069217051751,14.0,72.03336639502902,High
16,31,4.08055533596838,9.775218535280155,27.037272968666713,0,7.211102550927978,30.52611643182966,0.059045513511740644,14.035668847618199,70.81995288743582,High
16,32,4.08055533596838,9.77746991735254,27.836027718122864,0,8.06225774829855,30.495011351579734,0.10755433836470754,14.142135623730951,68.12785749873012,High
16,33,4.08055533596838,9.779721299424926,28.665493046261048,0,8.94427190999916,30.434641568994955,0.0874561957226901,14.317821063276353,66.32492234917973,High
16,34,4.08055533596838,9.781972681497312,29.523070001625573,0,9.848857801796104,30.33360614710476,0.19180004120916067,14.560219778561036,62.50333060776858,High
16,35,4.08055533596838,9.784224063569697,30.405867883356763,0,10.770329614269007,30.182633958196313,0.20523684266554634,14.866068747318506,59.882195279744025,High
16,36,4.08055533596838,9.786475445642083,31.310987138186157,0,11.661903789690601,29.978014078856454,0.014731613213534705,15.231546211727817,60.22779632915554,High
16,37,4.08055533596838,9.78872682771447,32.23545027057578,0,12.529964086141668,29.72264955619112,0.1721140684848859,15.652475842498529,55.26078816679626,High
16,38,4.08055533596838,9.790978209786855,33.1765530297708,0,13.416407864998739,29.426029282249708,0.09369265057227984,16.1245154965971,53.69113738148915,Moderate
16,39,4.08055533596838,9.793229591859241,34.13166726388121,0,14.317821063276353,29.103463429325828,0.06924161527029624,16.64331697709324,51.21630176028482,Moderate
16,40,4.08055533596838,9.795480973931626,35.0987286080595,0,15.231546211727817,28.773855070211706,0.11355471048800785,17.204650534085253,48.0514070276373,Moderate
16,41,4.08055533596838,9.797732356004012,36.075821215207,0,16.1245154965971,28.457764854850673,0.1476809520864069,17.804493814764857,46.20288492461712,Moderate
16,42,4.08055533596838,9.799983738076397,37.0617817178787,0,17.0,28.174047950144526,0.07640347356750618,18.439088914585774,46.00806944573311,Moderate
16,43,4.08055533596838,9.802235120148785,38.055705773478266,0,17.88854381999832,27.936199933806733,0.1082957693551719,19.1049731745428,44.371357763002585,Moderate
16,44,4.08055533596838,9.80448650222117,39.05732153308473,0,18.788294228055936,27.750722887774398,0.09711761177748547,19.79898987322333,43.50215564943298,Moderate
16,45,4.08055533596838,9.806737884293556,40.06674760918741,0,19.697715603592208,27.615488154062028,0.09964741071389802,20.518284528683193,42.543596101181215,Moderate
16,46,4.08055533596838,9.808989266365941,41.08453223061644,0,20.518284528683193,27.518996098084255,0.19053614331004812,21.2602916254693,40.347926515757365,Moderate
16,47,4.08055533596838,9.811240648438327,42.11154386636095,0,21.213203435596427,27.44296620379428,0.20311527417523395,22.02271554554524,39.37068537615114,Moderate
16,48,4.08055533596838,9.813492030510714,43.149026000316695,0,21.93171219946131,27.364965859334937,0.09656060373801781,22.80350850198276,40.16953628718524,Moderate
16,49,4.08055533596838,9.8157434125831,44.19849889514151,0,22.627416997969522,27.26325136068484,0.12976962073087786,23.600847442411894,38.80781161112673,Moderate
16,50,4.08055533596838,9.817994794655485,45.26151666951226,0,23.345235059857504,27.12105607765962,0.06316529587254895,24.413111231467404,38.83791484968492,Moderate
16,51,4.08055533596838,9.82024617672787,46.33982982534247,0,24.041630560342615,26.92991019463978,0.24114564638539612,25.238858928247925,35.072467623158836,Moderate
16,52,4.08055533596838,9.822497558800256,47.43506101269734,0,24.758836806279895,26.689949990155753,0.14660495507188637,26.076809620810597,35.267426625353906,Moderate
16,53,4.08055533596838,9.824748940872642,48.54894899419404,0,25.45584412271571,26.412134801493522,0.2331496596876742,26.92582403567252,32.644034758843766,Low
16,54,4.08055533596838,9.827000322945029,49.68307573879069,0,26.1725046566048,26.113829478097706,0.09503158812231105,27.784887978899608,33.32935626405168,Low
16,55,4.08055533596838,9.829251705017414,50.83879439184673,0,26.870057685088806,25.81731340795927,0.16869444462896716,28.653097563788805,30.82953507158937,Low
16,56,4.08055533596838,9.8315030870898,52.01737961903722,0,27.586228448267445,25.545843305030672,0.04459116856136005,29.5296461204668,31.342974017358355,Low
16,57,4.08055533596838,9.833754469162185,53.21977543125994,0,28.284271247461902,25.321014581946446,0.18200767619687544,30.4138126514911,28.03177968845304,Low
16,58,4.08055533596838,9.836005851234571,54.44677923098106,0,29.0,25.16087168071558,0.41060112518482395,31.304951684997057,23.494033947635195,Low
16,59,4.08055533596838,9.838257233306958,55.698803275014406,0,29.698484809834994,25.077654213670424,0.1998041059269927,32.202484376209235,25.71744962937092,Low
17,0,4.082801113905857,9.705425691036194,29.398444650279963,0,12.041594578792296,30.102269981330714,0.3702885580366849,32.69556544854363,55.68841074587676,High
17,1,4.082801113905857,9.707677073108579,28.60214952789067,0,11.313708498984761,30.04189386740587,0.3113704659094767,31.78049716414141,58.1096700299704,High
17,2,4.082801113905857,9.709928455180965,27.820983997609535,0,10.63014581273465,29.926443312386024,0.18931588082065684,30.870698080866262,61.26268971055231,High
17,3,4.082801113905857,9.712179837253352,27.05667135970025,0,9.899494936611665,29.764758658052983,0.08386935576330096,29.966648127543394,64.12390505665061,High
17,4,4.082801113905857,9.714431219325737,26.3116422626834,0,9.219544457292887,29.56883753536269,0.13405865612686,29.068883707497267,64.47234788026029,High
17,5,4.082801113905857,9.716682601398123,25.588612061451197,0,8.48528137423857,29.352862227722543,0.23489798685571242,28.178005607210743,64.09034376164583,High
17,6,4.082801113905857,9.718933983470508,24.890361902968337,0,7.810249675906654,29.131170063262857,0.11368053261674652,27.294688127912362,66.91210612873239,High
17,7,4.082801113905857,9.721185365542894,24.219939860267445,0,7.0710678118654755,28.91688406491096,0.3284598702421407,26.419689627245813,64.80223976232432,High
17,8,4.082801113905857,9.72343674761528,23.58026481274654,0,6.4031242374328485,28.721331965673045,0.1484845287563922,25.553864678361276,68.52189908075337,High
17,9,4.082801113905857,9.725688129687667,22.974200743414315,0,5.656854249492381,28.554665463004095,0.1135675140648605,24.698178070456937,70.24589646740222,High
17,10,4.082801113905857,9.727939511760052,22.404470395934105,0,5.0,28.42319512707055,0.1760187064504196,23.853720883753127,70.42358913232523,High
17,11,4.082801113905857,9.730190893832438,21.87376047418138,0,4.242640687119285,28.332697965851175,0.1317178497535016,23.021728866442675,72.44562891928422,High
17,12,4.082801113905857,9.732442275904823,21.384803323600565,0,3.605551275463989,28.28664284638757,0.026591142895908963,22.20360331117452,75.26189829677803,Extreme
17,13,4.082801113905857,9.734693657977209,20.94105938218391,0,2.8284271247461903,28.287803715589114,0.10934726219938917,21.400934559032695,75.58024077539133,Extreme
17,14,4.082801113905857,9.736945040049594,20.546948294661355,0,2.23606797749979,28.336911357822324,0.29726722198319716,20.615528128088304,74.09925992972127,High
17,15,4.082801113905857,9.739196422121982,20.209339491123487,0,1.4142135623730951,28.432302912499555,0.16340110062617103,19.849433241279208,77.9055869899799,Extreme
17,16,4.082801113905857,9.741447804194367,19.940823642078527,0,1.0,28.570828370071585,0.04601134706173722,19.1049731745428,80.84838874778137,Extreme
17,17,4.082801113905857,9.743699186266753,19.77808583107071,1,0.0,28.74558312117642,0.044719652090795405,18.384776310850235,83.05080766404444,Extreme
17,18,4.082801113905857,9.745950568339138,19.871993933212813,1,0.0,28.94779984558843,0.054406138839530785,17.69180601295413,83.33660318013071,Extreme
17,19,4.082801113905857,9.748201950411524,20.071354180733337,0,1.0,29.166978956905254,0.06302576769664708,17.029386365926403,81.95035403941986,Extreme
17,20,4.082801113905857,9.75045333248391,20.33916691457106,0,1.4142135623730951,29.3914483356723,0.14327839831747333,16.401219466856727,80.43827958952929,Extreme
17,21,4.082801113905857,9.752704714556296,20.662962123562902,0,2.0,29.60926513149074,0.10745242433239564,15.811388300841896,80.33241133168437,Extreme
17,22,4.082801113905857,9.754956096628682,21.03616610949458,0,1.0,29.810180752445387,0.0945380612163771,15.264337522473747,82.45604984937567,Extreme
17,23,4.082801113905857,9.757207478701067,21.455021707075915,1,0.0,29.986544443644835,0.17532304674094604,14.7648230602334,83.08821195225072,Extreme
17,24,4.082801113905857,9.759458860773453,21.917319970225705,0,1.0,30.134550213370794,0.1428029233109888,14.317821063276353,81.99277776513964,Extreme
17,25,4.082801113905857,9.761710242845838,22.421753776316514,0,1.4142135623730951,30.25288706165618,0.14305944084026637,13.92838827718412,81.28578206879081,Extreme
17,26,4.082801113905857,9.763961624918226,22.967382393974393,0,2.23606797749979,30.344203583198777,0.042350963409380576,13.601470508735444,81.32456373743477,Extreme
17,27,4.082801113905857,9.766213006990611,23.553692632875133,0,3.1622776601683795,30.41291164383688,0.03779308790645244,13.341664064126334,79.66878104692361,Extreme
17,28,4.082801113905857,9.768464389062997,24.179922299768734,0,4.123105625617661,30.46368786974999,0.08929001437551337,13.152946437965905,77.04779933367259,Extreme
17,29,4.082801113905857,9.770715771135382,24.845097696896893,0,5.0,30.499273194459626,0.17464369511868524,13.038404810405298,73.99934383586123,High
17,30,4.082801113905857,9.772967153207768,25.548038040380177,0,5.830951894845301,30.519221098606387,0.08309373555080754,13.0,73.62112409427647,High
17,31,4.082801113905857,9.775218535280155,26.287130002761067,0,6.708203932499369,30.51918360230355,0.15414158424913535,13.038404810405298,70.65737216274819,High
17,32,4.082801113905857,9.77746991735254,27.06032983768351,0,7.615773105863909,30.49126892570128,0.09774401120641167,13.152946437965905,69.46759483833056,High
17,33,4.082801113905857,9.779721299424926,27.86526549403836,0,8.54400374531753,30.425210338511175,0.014611061534500378,13.341664064126334,68.53393442401274,High
17,34,4.082801113905857,9.781972681497312,28.699281638100025,0,9.433981132056603,30.311880287047202,0.1091577834511325,13.601470508735444,64.86796416337577,High
17,35,4.082801113905857,9.784224063569697,29.559435206123915,0,10.295630140987,30.14403353498225,0.07830972925071382,13.92838827718412,62.98356504923357,High
17,36,4.082801113905857,9.786475445642083,30.442778803728864,0,11.180339887498949,29.919461914437782,0.12140844195452599,14.317821063276353,59.80139136358701,High
17,37,4.082801113905857,9.78872682771447,31.346288195113203,0,12.083045973594572,29.642236173525877,0.10583877039283887,14.7648230602334,57.33068747860791,High
17,38,4.082801113905857,9.790978209786855,32.26721534315109,0,13.0,29.322544219087796,0.009457395480252645,15.264337522473747,55.93598010847531,High
17,39,4.082801113905857,9.793229591859241,33.20289544967074,0,13.892443989449804,28.976257965624324,0.0787920336568102,15.811388300841896,52.023704647305415,Moderate
17,40,4.082801113905857,9.795480973931626,34.15122864196175,0,14.7648230602334,28.622756995167823,0.20407671134116723,16.401219466856727,47.28080191998654,Moderate
17,41,4.082801113905857,9.797732356004012,35.11025529025792,0,15.652475842498529,28.28309430598153,0.0414551800118348,17.029386365926403,47.94548045600038,Moderate
17,42,4.082801113905857,9.799983738076397,36.07877823260873,0,16.55294535724685,27.976923985486543,0.05987376767231733,17.69180601295413,46.361491131960506,Moderate
17,43,4.082801113905857,9.802235120148785,37.0558473332686,0,17.46424919657298,27.718609504335642,0.0965393918013605,18.384776310850235,44.61388310091624,Moderate
17,44,4.082801113905857,9.80448650222117,38.041153973784944,0,18.35755975068582,27.515827670669424,0.08599431249893295,19.1049731745428,43.70317253908317,Moderate
17,45,4.082801113905857,9.806737884293556,39.034763430554506,0,19.1049731745428,27.36761511271416,0.07143758082233843,19.849433241279208,42.9790176046023,Moderate
17,46,4.082801113905857,9.808989266365941,40.03716432462642,0,19.79898987322333,27.26376582368138,0.12179167710581822,20.615528128088304,41.382740376395375,Moderate
17,47,4.082801113905857,9.811240648438327,41.04917452306881,0,20.518284528683193,27.187043214796482,0.06726607256341195,21.400934559032695,41.41925045272232,Moderate
17,48,4.082801113905857,9.813492030510714,42.071971182501585,0,21.213203435596427,27.115904853327994,0.11376757511687254,22.20360331117452,39.9474269423508,Moderate
17,49,4.082801113905857,9.8157434125831,43.1070111448105,0,21.93171219946131,27.029049038664933,0.20337444480354033,23.021728866442675,37.783991365032,Moderate
17,50,4.082801113905857,9.817994794655485,44.15578158474481,0,22.627416997969522,26.909660018424223,0.09170772996741725,23.853720883753127,38.5532973631074,Moderate
17,51,4.082801113905857,9.82024617672787,45.219972885168545,0,23.345235059857504,26.74864575534505,0.09319177377408963,24.698178070456937,37.5161102439931,Moderate
17,52,4.082801113905857,9.822497558800256,46.301149091687975,0,24.041630560342615,26.54486254071144,0.045520400729822975,25.553864678361276,37.10334887385196,Moderate
17,53,4.082801113905857,9.824748940872642,47.401003445564875,0,24.758836806279895,26.30740555054499,0.24146657868833066,26.419689627245813,32.94430044027523,Low
17,54,4.082801113905857,9.827000322945029,48.521064293917895,0,25.45584412271571,26.051274157832584,0.292654702596494,27.294688127912362,30.899781678551918,Low
17,55,4.082801113905857,9.829251705017414,49.66265475784446,0,26.1725046566048,25.79604154747901,0.3026290385411877,28.178005607210743,29.462935491304528,Low
17,56,4.082801113905857,9.8315030870898,50.827019230966165,0,26.870057685088806,25.56209907012068,0.09598356041700894,29.068883707497267,31.31317385057521,Low
17,57,4.082801113905857,9.833754469162185,52.01508134873451,0,27.586228448267445,25.368294050703124,0.17993347969597154,29.966648127543394,28.887064863265937,Low
17,58,4.082801113905857,9.836005851234571,53.227618368839565,0,28.284271247461902,25.23033106280682,0.30137010216271076,30.870698080866262,26.018561033918143,Low
17,59,4.082801113905857,9.838257233306958,54.46502449902671,0,29.0,25.158667987365614,0.22879369057780063,31.78049716414141,26.205084448483362,Low
18,0,4.0850468918433345,9.705425691036194,30.155299402680484,0,12.727922061357855,30.279041300032336,0.34563451217323826,32.31098884280702,54.893268302905305,Moderate
18,1,4.0850468918433345,9.707677073108579,29.336342089530056,0,12.041594578792296,30.21567312429898,0.09327815928941054,31.38470965295043,60.153003519317004,High
18,2,4.0850468918433345,9.709928455180965,28.53258734631447,0,11.313708498984761,30.093277876023343,0.1740743278018561,30.463092423455635,60.33374869553975,High
18,3,4.0850468918433345,9.712179837253352,27.74562661930629,0,10.63014581273465,29.919214360803693,0.10396571454306516,29.546573405388315,62.56999128144846,High
18,4,4.0850468918433345,9.714431219325737,26.97772663063865,0,9.899494936611665,29.703903947202562,0.10663073681289748,28.635642126552707,63.682641587159964,High
18,5,4.0850468918433345,9.716682601398123,26.231385152994406,0,9.219544457292887,29.460355248500075,0.22005406003915948,27.730849247724095,62.96877045743279,High
18,6,4.0850468918433345,9.718933983470508,25.509145151056472,0,8.48528137423857,29.20281952327263,0.02677878558854132,26.832815729997478,66.89803762154203,High
18,7,4.0850468918433345,9.721185365542894,24.813775367783823,0,7.810249675906654,28.94535268033969,0.13068194132601255,25.942243542145693,66.25522916455797,High
18,8,4.0850468918433345,9.72343674761528,24.14787476779452,0,7.0710678118654755,28.701107699723572,0.10812610915945207,25.059928172283335,67.63065170704901,High
18,9,4.0850468918433345,9.725688129687667,23.51393886066439,0,6.4031242374328485,28.482569146879317,0.1923427842487286,24.186773244895647,67.32874783403915,High
18,10,4.0850468918433345,9.727939511760052,22.914258914497786,0,5.656854249492381,28.29823518648823,0.06265161025512062,23.323807579381203,70.42809020407212,High
18,11,4.0850468918433345,9.730190893832438,22.35099997436606,0,5.0,28.155733542330236,0.24857550301708645,22.47220505424423,68.7233380531933,High
18,12,4.0850468918433345,9.732442275904823,21.82621756383949,0,4.242640687119285,28.059670760248764,0.2790896918865395,21.633307652783937,69.60626738410144,High
18,13,4.0850468918433345,9.734693657977209,21.342445928758924,0,3.605551275463989,28.013383290631396,0.2210188399094434,20.808652046684813,71.7130819722865,High
18,14,4.0850468918433345,9.736945040049594,20.9026672551539,0,2.8284271247461903,28.01792264536918,0.1402445709038781,20.0,74.49016949274014,High
18,15,4.0850468918433345,9.739196422121982,20.511221570954977,0,2.23606797749979,28.07211140779186,0.14470350338018573,19.209372712298546,75.77175585406815,Extreme
18,16,4.0850468918433345,9.741447804194367,20.17506690437441,0,1.4142135623730951,28.173895590019093,0.034330223318927634,18.439088914585774,79.24021149037107,Extreme
18,17,4.0850468918433345,9.743699186266753,19.90689535130547,0,1.0,28.31809441790555,0.08966872249118546,17.69180601295413,79.60553483252133,Extreme
18,18,4.0850468918433345,9.745950568339138,19.743677113517066,1,0.0,28.498308728384032,0.224240316941289,16.97056274847714,79.78342177384488,Extreme
18,19,4.0850468918433345,9.748201950411524,19.836757609040173,1,0.0,28.706716810231043,0.1690606111891559,16.278820596099706,81.05759276756575,Extreme
18,20,4.0850468918433345,9.75045333248391,20.035266365554783,0,1.0,28.933923581173328,0.09012875823547987,15.620499351813308,81.00443011709153,Extreme
18,21,4.0850468918433345,9.752704714556296,20.302770672028544,0,1.4142135623730951,29.169400985312294,0.19023239130419758,15.0,79.22125449695518,Extreme
18,22,4.0850468918433345,9.754956096628682,20.627130924515384,0,1.4142135623730951,29.402881993116743,0.07883460706448929,14.422205101855956,81.26262426276827,Extreme
18,23,4.0850468918433345,9.757207478701067,21.002144393948196,0,1.0,29.62517321811051,0.0633553755168238,13.892443989449804,82.49878122934038,Extreme
18,24,4.0850468918433345,9.759458860773453,21.424268897969558,1,0.0,29.82933930483452,0.16728368666493876,13.416407864998739,82.84874986597761,Extreme
18,25,4.0850468918433345,9.761710242845838,21.89138474755047,0,1.0,30.00971964191609,0.052772904401299225,13.0,83.05821795502109,Extreme
18,26,4.0850468918433345,9.763961624918226,22.402007561160904,0,2.0,30.163969230146304,0.1615053242841205,12.649110640673518,79.8305184067431,Extreme
18,27,4.0850468918433345,9.766213006990611,22.9552518681794,0,2.8284271247461903,30.29175660796706,0.06988635702780942,12.36931687685298,79.80524963590845,Extreme
18,28,4.0850468918433345,9.768464389062997,23.550085520470105,0,3.605551275463989,30.39353117688391,0.12969255000685434,12.165525060596439,77.50700339900293,Extreme
18,29,4.0850468918433345,9.770715771135382,24.185323190591554,0,4.47213595499958,30.469309220908706,0.1599438014844245,12.041594578792296,75.41661356963732,Extreme
18,30,4.0850468918433345,9.772967153207768,24.859628879115125,0,5.385164807134504,30.517335848680624,0.03710029165911726,12.0,75.4554374993519,Extreme
18,31,4.0850468918433345,9.775218535280155,25.571259643463975,0,6.324555320336759,30.533559179977622,0.038162134713234534,12.041594578792296,73.49322457724988,High
18,32,4.0850468918433345,9.77746991735254,26.31807305191925,0,7.211102550927978,30.511444241950173,0.1780272137395899,12.165525060596439,69.42405706231513,High
18,33,4.0850468918433345,9.779721299424926,27.097607651064777,0,8.06225774829855,30.442908690470865,0.10472126447670352,12.36931687685298,68.48047139474892,High
18,34,4.0850468918433345,9.781972681497312,27.90714268375633,0,8.94427190999916,30.321223879058852,0.038383291284173775,12.649110640673518,67.23538157565413,High
18,35,4.0850468918433345,9.784224063569697,28.74368218826483,0,9.848857801796104,30.1413451994675,0.1555783127531515,13.0,63.04375535941163,High
18,36,4.0850468918433345,9.786475445642083,29.604230958945273,0,10.770329614269007,29.902691701519636,0.07555855451739178,13.416407864998739,61.62665445256614,High
18,37,4.0850468918433345,9.78872682771447,30.485723098867823,0,11.661903789690601,29.610528546199877,0.04747426075530731,13.892443989449804,59.339272194581525,High
18,38,4.0850468918433345,9.790978209786855,31.385370822378583,0,12.529964086141668,29.275609748269048,0.15690479211901845,14.422205101855956,54.91479349963767,Moderate
18,39,4.0850468918433345,9.793229591859241,32.30047917397684,0,13.416407864998739,28.914082224746554,0.08002390282876752,15.0,53.18121698803393,Moderate
18,40,4.0850468918433345,9.795480973931626,33.22891806785855,0,14.317821063276353,28.54539289056691,0.04708874277663617,15.620499351813308,50.73841506788319,Moderate
18,41,4.0850468918433345,9.797732356004012,34.16869103371448,0,15.231546211727817,28.19053821400976,0.22798631936463346,16.278820596099706,45.48011060907533,Moderate
18,42,4.0850468918433345,9.799983738076397,35.11857135412082,0,16.1245154965971,27.86936903082194,0.18806237116940686,16.97056274847714,44.746170520095866,Moderate
18,43,4.0850468918433345,9.802235120148785,36.07756918386221,0,16.97056274847714,27.59656163621971,0.11120486392457644,17.69180601295413,44.67720088069083,Moderate
18,44,4.0850468918433345,9.80448650222117,37.045343196895516,0,17.69180601295413,27.38048178792277,0.11502435460404678,18.439088914585774,43.52937010666458,Moderate
18,45,4.0850468918433345,9.806737884293556,38.02191270904358,0,18.384776310850235,27.221041161227674,0.12887045993288732,19.209372712298546,42.3622100736842,Moderate
18,46,4.0850468918433345,9.808989266365941,39.007712150986535,0,19.1049731745428,27.10929452813101,0.02966253326121639,20.0,43.00015477512763,Moderate
18,47,4.0850468918433345,9.811240648438327,40.00351646422882,0,19.79898987322333,27.02929628225809,0.08990778779165795,20.808652046684813,41.316778706805245,Moderate
18,48,4.0850468918433345,9.813492030510714,41.01044464566551,0,20.518284528683193,26.96092882590618,0.09979828176254929,21.633307652783937,40.410144242957536,Moderate
18,49,4.0850468918433345,9.8157434125831,42.02989937364203,0,21.213203435596427,26.884058805956272,0.14412210386338578,22.47220505424423,38.95916810568234,Moderate
18,50,4.0850468918433345,9.817994794655485,43.06331143128853,0,21.93171219946131,26.782649938551632,0.22782381942960536,23.323807579381203,36.85025960330941,Moderate
18,51,4.0850468918433345,9.82024617672787,44.11232043596773,0,22.627416997969522,26.64775414855768,0.07043989370014808,24.186773244895647,38.26787847893087,Moderate
18,52,4.0850468918433345,9.822497558800256,45.17844397813738,0,23.345235059857504,26.477526754166156,0.33606477433130566,25.059928172283335,33.24527531766963,Low
18,53,4.0850468918433345,9.824748940872642,46.26334021445592,0,24.041630560342615,26.279501486039123,0.05154682605493945,25.942243542145693,36.39687067861161,Moderate
18,54,4.0850468918433345,9.827000322945029,47.36849530395327,0,24.758836806279895,26.06628962068744,0.16471102399138132,26.832815729997478,33.534752435534266,Low
18,55,4.0850468918433345,9.829251705017414,48.49521192708538,0,25.45584412271571,25.854445789961492,0.2916366968472486,27.730849247724095,30.45678788004541,Low
18,56,4.0850468918433345,9.8315030870898,49.644712140635875,0,26.1725046566048,25.660903422164566,0.06173695128973111,28.635642126552707,32.76179644946582,Low
18,57,4.0850468918433345,9.833754469162185,50.81790808620675,0,26.870057685088806,25.501108675715376,0.2918904765337541,29.546573405388315,28.23321868440433,Low
18,58,4.0850468918433345,9.836005851234571,52.015562174551235,0,27.586228448267445,25.387757279504072,0.03884910907349606,30.463092423455635,31.049869513710128,Low
18,59,4.0850468918433345,9.838257233306958,53.23805460581026,0,28.284271247461902,25.32901168280006,0.06437239311365865,31.38470965295043,29.80476794768852,Low
19,0,4.087292669780813,9.705425691036194,30.931891929883882,0,13.45362404707371,30.5738811566375,0.029989940548629423,31.953090617340916,58.66975701859315,High
19,1,4.087292669780813,9.707677073108579,30.09096732102256,0,12.727922061357855,30.50658928300851,0.32565381501414103,31.016124838541646,55.77832831818057,High
19,2,4.087292669780813,9.709928455180965,29.265407612844474,0,12.041594578792296,30.37544960410299,0.022734200451467887,30.083217912982647,61.6373682782302,High
19,3,4.087292669780813,9.712179837253352,28.456678793467535,0,11.313708498984761,30.18652876788672,0.18948047810364027,29.154759474226502,60.37175467904758,High
19,4,4.087292669780813,9.714431219325737,27.666888289938974,0,10.63014581273465,29.94888610107933,0.3546428720350688,28.231188426986208,58.92764871753382,High
19,5,4.087292669780813,9.716682601398123,26.89832593523392,0,9.899494936611665,29.6745897751143,0.15721247344429606,27.313000567495326,62.90021867618858,High
19,6,4.087292669780813,9.718933983470508,26.153309706776852,0,9.219544457292887,29.378025736189922,0.16677835629390053,26.40075756488817,63.615888747154294,High
19,7,4.087292669780813,9.721185365542894,25.434351025726915,0,8.48528137423857,29.07436098443609,0.0360439415951657,25.495097567963924,66.49413546418023,High
19,8,4.087292669780813,9.72343674761528,24.743762632788968,0,7.810249675906654,28.778708367509214,0.09667480079933653,24.596747752497688,66.40572834743415,High
19,9,4.087292669780813,9.725688129687667,24.08372292542277,0,7.0710678118654755,28.505935718244203,0.2706803185941254,23.706539182259394,64.76064540999758,High
19,10,4.087292669780813,9.727939511760052,23.456168731312058,0,6.4031242374328485,28.26678475535627,0.11922005315784008,22.825424421026653,67.94054499517267,High
19,11,4.087292669780813,9.730190893832438,22.862856399043466,0,5.656854249492381,28.070727665169596,0.2097135867854875,21.95449840010015,67.7051593362743,High
19,12,4.087292669780813,9.732442275904823,22.305345429172434,0,5.0,27.923482502422676,0.2554099499897605,21.095023109728988,68.08901896459483,High
19,13,4.087292669780813,9.734693657977209,21.785536308712956,0,4.242640687119285,27.828872821279084,0.15036263829019536,20.248456731316587,71.00593367722726,High
19,14,4.087292669780813,9.736945040049594,21.305512044647617,0,3.605551275463989,27.78814958983166,0.1331560687205077,19.4164878389476,72.51096000455338,High
19,15,4.087292669780813,9.739196422121982,20.86821829562332,0,2.8284271247461903,27.80047639234488,0.15017890394770717,18.601075237738275,73.83835979671278,High
19,16,4.087292669780813,9.741447804194367,20.478108423028015,0,2.23606797749979,27.864637317878216,0.20201958625431213,17.804493814764857,74.43242216515371,High
19,17,4.087292669780813,9.743699186266753,20.142273520022528,0,1.4142135623730951,27.976890787018093,0.10072751826782585,17.029386365926403,77.7896569882431,Extreme
19,18,4.087292669780813,9.745950568339138,19.873707410192353,0,1.0,28.13288241514194,0.08127786406650246,16.278820596099706,79.30540522073781,Extreme
19,19,4.087292669780813,9.748201950411524,19.70986868744943,1,0.0,28.327181211624595,0.07913162067784109,15.556349186104045,81.56830865679467,Extreme
19,20,4.087292669780813,9.75045333248391,19.80243141172335,1,0.0,28.552480717392342,0.1080739108278864,14.866068747318506,81.62159071074849,Extreme
19,21,4.087292669780813,9.752704714556296,20.001069338846612,0,1.0,28.799646401774925,0.1709762956759007,14.212670403551895,79.488853429813,Extreme
19,22,4.087292669780813,9.754956096628682,20.269676091379857,0,1.4142135623730951,29.05857611272197,0.036893932465707394,13.601470508735444,81.2742367786808,Extreme
19,23,4.087292669780813,9.757207478701067,20.596462925694055,0,1.0,29.318901231443398,0.02934656243310453,13.038404810405298,82.51135407938715,Extreme
19,24,4.087292669780813,9.759458860773453,20.975407831542295,1,0.0,29.571071324241732,0.1361319603225282,12.529964086141668,82.95941340923251,Extreme
19,25,4.087292669780813,9.761710242845838,21.40303174508058,0,1.0,29.805652413923063,0.016241638567940923,12.083045973594572,83.40325439560085,Extreme
19,26,4.087292669780813,9.763961624918226,21.877002131897854,0,1.4142135623730951,30.01584426656943,0.07816892330427035,11.704699910719626,82.01013744451244,Extreme
19,27,4.087292669780813,9.766213006990611,22.395870362124207,0,2.23606797749979,30.19694880256605,0.013199308526074538,11.40175425099138,81.74462012227069,Extreme
19,28,4.087292669780813,9.768464389062997,22.958208353630155,0,3.1622776601683795,30.345414731095232,0.03762649407144559,11.180339887498949,79.86007174320848,Extreme
19,29,4.087292669780813,9.770715771135382,23.56253278526065,0,4.123105625617661,30.45856101427212,0.11579534452695452,11.045361017187261,77.00197262399946,Extreme
19,30,4.087292669780813,9.772967153207768,24.207289832898425,0,5.0,30.533206526796498,0.143751853849545,11.0,74.92048280712436,High
19,31,4.087292669780813,9.775218535280155,24.890564242649027,0,5.830951894845301,30.565409278143512,0.05445774143511977,11.045361017187261,74.54950420851796,High
19,32,4.087292669780813,9.77746991735254,25.61008558937076,0,6.708203932499369,30.54982704146306,0.03034870418905424,11.180339887498949,72.98725080311662,High
19,33,4.087292669780813,9.779721299424926,26.36328496013612,0,7.615773105863909,30.480448410169302,0.03719746565887998,11.40175425099138,70.76082339538287,High
19,34,4.087292669780813,9.781972681497312,27.147363613433274,0,8.54400374531753,30.352865391960563,0.08370567655029547,11.704699910719626,67.74683618441021,High
19,35,4.087292669780813,9.784224063569697,27.95926938116324,0,9.433981132056603,30.16424271417896,0.03570733046472864,12.083045973594572,66.05094957981377,High
19,36,4.087292669780813,9.786475445642083,28.79595787670079,0,10.295630140987,29.91565992602317,0.11848472255476526,12.529964086141668,62.281780100587,High
19,37,4.087292669780813,9.78872682771447,29.65432507805669,0,11.180339887498949,29.613577988686203,0.0769880152614762,13.038404810405298,60.19680040724356,High
19,38,4.087292669780813,9.790978209786855,30.53154674288532,0,12.083045973594572,29.269240983720437,0.11872944025763506,13.601470508735444,56.720483060548666,High
19,39,4.087292669780813,9.793229591859241,31.42490396469087,0,13.0,28.898887692158283,0.11415758002977484,14.212670403551895,53.84301564597705,Moderate
19,40,4.087292669780813,9.795480973931626,32.33224134888571,0,13.892443989449804,28.52174784169794,0.06324936548254935,14.866068747318506,51.67687281852448,Moderate
19,41,4.087292669780813,9.797732356004012,33.25153281910511,0,14.7648230602334,28.158355295006935,0.06461781477828935,15.556349186104045,48.78604385795266,Moderate
19,42,4.087292669780813,9.799983738076397,34.18152641988853,0,15.556349186104045,27.828274023337755,0.183152930543529,16.278820596099706,45.27354404810253,Moderate
19,43,4.087292669780813,9.802235120148785,35.12119907858579,0,16.278820596099706,27.546046504271658,0.19926729695312662,17.029386365926403,43.798730771335144,Moderate
19,44,4.087292669780813,9.80448650222117,36.07018110528479,0,16.97056274847714,27.32031482164541,0.03842266141505602,17.804493814764857,45.10872450449415,Moderate
19,45,4.087292669780813,9.806737884293556,37.028453559756876,0,17.69180601295413,27.15163094551921,0.04317160156448815,18.601075237738275,44.06657562555603,Moderate
19,46,4.087292669780813,9.808989266365941,37.99640263889472,0,18.384776310850235,27.03229388181165,0.10233902648298894,19.4164878389476,42.321156486968434,Moderate
19,47,4.087292669780813,9.811240648438327,38.97476831651032,0,19.1049731745428,26.94789615577754,0.12769916685461383,20.248456731316587,41.160757223103516,Moderate
19,48,4.087292669780813,9.813492030510714,39.96461985637994,0,19.79898987322333,26.880231179636123,0.19991949613163956,21.095023109728988,39.33093562067217,Moderate
19,49,4.087292669780813,9.8157434125831,40.96731499249353,0,20.518284528683193,26.810981566256753,0.05603855285359068,21.95449840010015,40.73124682370476,Moderate
19,50,4.087292669780813,9.817994794655485,41.98423884807091,0,21.213203435596427,26.725602631007604,0.028619989509700693,22.825424421026653,40.337429096525376,Moderate
19,51,4.087292669780813,9.82024617672787,43.01698961870547,0,21.93171219946131,26.615908268139936,0.21285941832994396,23.706539182259394,36.70091247256049,Moderate
19,52,4.087292669780813,9.822497558800256,44.06704994037551,0,22.627416997969522,26.479771897097507,0.11432104954935148,24.596747752497688,37.232243548451436,Moderate
19,53,4.087292669780813,9.824748940872642,45.136053379941245,0,23.345235059857504,26.323305238666748,0.16216839235629008,25.495097567963924,35.5077092917228,Moderate
19,54,4.087292669780813,9.827000322945029,46.225454674341776,0,24.041630560342615,26.15656167755579,0.21846376768607279,26.40075756488817,33.61970240487638,Low
19,55,4.087292669780813,9.829251705017414,47.336545237062545,0,24.758836806279895,25.99264667858532,0.29225708277651236,27.313000567495326,31.46324049291085,Low
19,56,4.087292669780813,9.8315030870898,48.47053204905602,0,25.45584412271571,25.844369967604816,0.08949000890537655,28.231188426986208,33.47930303322732,Low
19,57,4.087292669780813,9.833754469162185,49.62832404080221,0,26.1725046566048,25.72307918550726,0.14150140882359305,29.154759474226502,31.72457006310021,Low
19,58,4.087292669780813,9.836005851234571,50.81067365711789,0,26.870057685088806,25.637773212009712,0.1666853082859913,30.083217912982647,30.44433604823305,Low
19,59,4.087292669780813,9.838257233306958,52.017950927252215,0,27.586228448267445,25.59380729799723,0.3299309369468699,31.016124838541646,27.177927444624373,Low
20,0,4.08953844771829,9.705425691036194,31.728343093003474,0,14.142135623730951,30.964679666639793,0.24035848468218274,31.622776601683793,54.837169485882534,Moderate
20,1,4.08953844771829,9.707677073108579,30.866072873989175,0,13.45362404707371,30.892761991048797,0.2011900135101295,30.675723300355934,56.90770160596662,High
20,2,4.08953844771829,9.709928455180965,30.019391746920288,0,12.727922061357855,30.751552195976533,0.3107854513935124,29.732137494637012,56.632870018358474,High
20,3,4.08953844771829,9.712179837253352,29.189646029897872,0,12.041594578792296,30.546013981990278,0.15547358575709502,28.792360097775937,60.10128193680557,High
20,4,4.08953844771829,9.714431219325737,28.37878830844886,0,11.313708498984761,30.28405324620995,0.18211776111315509,27.85677655436824,60.762743413738065,High
20,5,4.08953844771829,9.716682601398123,27.58890937825712,0,10.63014581273465,29.977003178105885,0.11813377576717042,26.92582403567252,62.58891206655057,High
20,6,4.08953844771829,9.718933983470508,26.822113938556043,0,9.899494936611665,29.63953634952457,0.16303627449277677,26.0,62.77347745111381,High
20,7,4.08953844771829,9.721185365542894,26.080674847253857,0,9.219544457292887,29.28803853239716,0.0783233165240623,25.079872407968907,64.76906656443062,High
20,8,4.08953844771829,9.72343674761528,25.366646253405992,0,8.48528137423857,28.939655023683486,0.04291104613744878,24.166091947189145,66.10699393777388,High
20,9,4.08953844771829,9.725688129687667,24.68192999044976,0,7.810249675906654,28.611664708211055,0.16877774551785893,23.259406699226016,64.95879158103504,High
20,10,4.08953844771829,9.727939511760052,24.02816678434999,0,7.0710678118654755,28.31715624659495,0.15884630370377192,22.360679774997898,66.01677186721705,High
20,11,4.08953844771829,9.730190893832438,23.406784965793264,0,6.4031242374328485,28.06754092529185,0.15953564490490463,21.470910553583888,66.88561329750736,High
20,12,4.08953844771829,9.732442275904823,22.818970058114502,0,5.656854249492381,27.869766537103214,0.24898794510421948,20.591260281974,66.65847289938303,High
20,13,4.08953844771829,9.734693657977209,22.2661681564358,0,5.0,27.72821552333218,0.15665138426008068,19.72308292331602,69.12374775780124,High
20,14,4.08953844771829,9.736945040049594,21.749861586586235,0,4.242640687119285,27.644323097507424,0.10786815493162949,18.867962264113206,71.22041818681014,High
20,15,4.08953844771829,9.739196422121982,21.272136090660897,0,3.605551275463989,27.617458038110748,0.23115657968195044,18.027756377319946,70.65000254178693,High
20,16,4.08953844771829,9.741447804194367,20.836074229816973,0,2.8284271247461903,27.6468758525354,0.07241193356858688,17.204650534085253,74.65430389212761,High
20,17,4.08953844771829,9.743699186266753,20.446290756452733,0,2.23606797749979,27.729764116465084,0.1718510534839341,16.401219466856727,74.57924952616827,High
20,18,4.08953844771829,9.745950568339138,20.110192165852837,0,1.4142135623730951,27.863164196550965,0.11380009675841586,15.620499351813308,77.33889553431442,Extreme
20,19,4.08953844771829,9.748201950411524,19.841262219164967,0,1.0,28.043367970606614,0.15002896477776698,14.866068747318506,78.0779275977818,Extreme
20,20,4.08953844771829,9.75045333248391,19.677290351865675,1,0.0,28.264602687190305,0.0982982256852093,14.142135623730951,81.14947666693277,Extreme
20,21,4.08953844771829,9.752704714556296,19.77046415704636,1,0.0,28.518811967394967,0.11476215120728687,13.45362404707371,81.45912199997333,Extreme
20,22,4.08953844771829,9.754956096628682,19.970777050971073,0,1.0,28.796073775298026,0.17351920755459233,12.806248474865697,79.45997905868664,Extreme
20,23,4.08953844771829,9.757207478701067,20.2424463129885,0,1.4142135623730951,29.085194218332322,0.08949032192771898,12.206555615733702,80.56538399396302,Extreme
20,24,4.08953844771829,9.759458860773453,20.573828340510424,0,1.0,29.374666838220993,0.03577422091758893,11.661903789690601,82.56244245717212,Extreme
20,25,4.08953844771829,9.761710242845838,20.95893653573557,1,0.0,29.652149804402537,0.020615249328754557,11.180339887498949,84.89692783442713,Extreme
20,26,4.08953844771829,9.763961624918226,21.394044212170936,0,1.0,29.90730573900911,0.04825100646398703,10.770329614269007,83.17296116922009,Extreme
20,27,4.08953844771829,9.766213006990611,21.876834021369124,0,2.0,30.13184809644498,0.05919204682123913,10.44030650891055,81.59764914078009,Extreme
20,28,4.08953844771829,9.768464389062997,22.405294495344815,0,2.8284271247461903,30.31882016994342,0.10187223539697106,10.198039027185569,79.71488903594597,Extreme
20,29,4.08953844771829,9.770715771135382,22.977522514986966,0,3.605551275463989,30.463131254419338,0.05778954773596452,10.04987562112089,79.09063699622469,Extreme
20,30,4.08953844771829,9.772967153207768,23.591661581524207,0,4.47213595499958,30.5601806180851,0.08959426005765303,10.0,77.0405598849658,Extreme
20,31,4.08953844771829,9.775218535280155,24.245567362762174,0,5.385164807134504,30.605926918451907,0.09103100560008921,10.04987562112089,75.22172443797447,Extreme
20,32,4.08953844771829,9.77746991735254,24.93680213952134,0,6.324555320336759,30.595919296595646,0.019984479835206008,10.198039027185569,74.29006122650131,High
20,33,4.08953844771829,9.779721299424926,25.662664561571138,0,7.211102550927978,30.525886296259625,0.10335910304127861,10.44030650891055,70.9653293936742,High
20,34,4.08953844771829,9.781972681497312,26.420260370693732,0,8.06225774829855,30.393435858242647,0.12526757648888756,10.770329614269007,68.4527052353775,High
20,35,4.08953844771829,9.784224063569697,27.206474040935703,0,8.94427190999916,30.197765038117588,0.10608518476593985,11.180339887498949,66.33604679979933,High
20,36,4.08953844771829,9.786475445642083,28.018208393842123,0,9.848857801796104,29.94154781105027,0.08442889349848887,11.661903789690601,64.05817090325164,High
20,37,4.08953844771829,9.78872682771447,28.852322569872037,0,10.770329614269007,29.632426123623734,0.10246203425079185,12.206555615733702,61.01634036169421,High
20,38,4.08953844771829,9.790978209786855,29.705957872560703,0,11.661903789690601,29.28213820682533,0.07428977554020029,12.806248474865697,58.60687470851862,High
20,39,4.08953844771829,9.793229591859241,30.576376692674266,0,12.529964086141668,28.906972170349505,0.16575532194630574,13.45362404707371,54.37228496810287,Moderate
20,40,4.08953844771829,9.795480973931626,31.46140242709363,0,13.416407864998739,28.52581969593591,0.11113694213609836,14.142135623730951,52.275299435332144,Moderate
20,41,4.08953844771829,9.797732356004012,32.35898628331452,0,14.142135623730951,28.158526141985448,0.05792308490390359,14.866068747318506,50.45104069492344,Moderate
20,42,4.08953844771829,9.799983738076397,33.2678549709633,0,14.866068747318506,27.82403577862985,0.08176390184658634,15.620499351813308,47.5462125687083,Moderate
20,43,4.08953844771829,9.802235120148785,34.186958432078434,0,15.556349186104045,27.536436248610727,0.14281451912482995,16.401219466856727,45.17334340628723,Moderate
20,44,4.08953844771829,9.80448650222117,35.1159026450931,0,16.278820596099706,27.30431655887835,0.19931872354255123,17.204650534085253,43.21955362472261,Moderate
20,45,4.08953844771829,9.806737884293556,36.05463770784222,0,16.97056274847714,27.128686067079723,0.07323399868585669,18.027756377319946,44.134719853369106,Moderate
20,46,4.08953844771829,9.808989266365941,37.00350747434972,0,17.69180601295413,27.003073180381385,0.20480004877471855,18.867962264113206,41.29947505571843,Moderate
20,47,4.08953844771829,9.811240648438327,37.9632244205646,0,18.384776310850235,26.914832254268987,0.06576129548569261,19.72308292331602,42.60681114812942,Moderate
20,48,4.08953844771829,9.813492030510714,38.93481611219443,0,19.1049731745428,26.848071061398468,0.03763917692853455,20.591260281974,42.29506868908409,Moderate
20,49,4.08953844771829,9.8157434125831,39.919603815667195,0,19.79898987322333,26.786819796964657,0.08768140971740379,21.470910553583888,40.816334230412075,Moderate
20,50,4.08953844771829,9.817994794655485,40.91893725203208,0,20.518284528683193,26.718579791798447,0.21264696911791053,22.360679774997898,38.18835916673671,Moderate
20,51,4.08953844771829,9.82024617672787,41.934381932312974,0,21.213203435596427,26.63636303801261,0.05124901474108226,23.259406699226016,39.81271185671417,Moderate
20,52,4.08953844771829,9.822497558800256,42.967395782199034,0,21.93171219946131,26.537999660368563,0.08866748560399533,24.166091947189145,38.40561338348999,Moderate
20,53,4.08953844771829,9.824748940872642,44.01959784045396,0,22.627416997969522,26.428148390635325,0.26956331699333885,25.079872407968907,34.80740243836561,Low
20,54,4.08953844771829,9.827000322945029,45.09242106470873,0,23.345235059857504,26.314001217794324,0.05152578599868647,26.0,37.17069657226184,Moderate
20,55,4.08953844771829,9.829251705017414,46.187153925576595,0,24.041630560342615,26.20469556572222,0.306272933265531,26.92582403567252,32.44094721778076,Low
20,56,4.08953844771829,9.8315030870898,47.304994636802924,0,24.758836806279895,26.10822392956794,0.15674029358447733,27.85677655436824,33.79264226927905,Low
20,57,4.08953844771829,9.833754469162185,48.44685629359739,0,25.45584412271571,26.031139727539603,0.2091183934070151,28.792360097775937,32.148150902278985,Low
20,58,4.08953844771829,9.836005851234571,49.6134856067046,0,26.1725046566048,25.97808571036869,0.36106752472644393,29.732137494637012,29.05329744116457,Low
20,59,4.08953844771829,9.838257233306958,50.80524594108866,0,26.870057685088806,25.951135853797425,0.2656313529362589,30.675723300355934,29.71720198002651,Low
21,0,4.0917842256557675,9.705425691036194,32.544614195376994,0,14.866068747318506,31.41501421750033,0.12655599948030583,31.32091952673165,55.9396489815358,High
21,1,4.0917842256557675,9.707677073108579,31.66155865561171,0,14.142135623730951,31.338211459804786,0.10346414538703334,30.364452901377952,57.82857324455954,High
21,2,4.0917842256557675,9.709928455180965,30.79435717569409,0,13.45362404707371,31.186510431848024,0.08780867724399535,29.410882339705484,59.35738375924045,High
21,3,4.0917842256557675,9.712179837253352,29.944241702388197,0,12.727922061357855,30.963960812572495,0.2842871338898711,28.460498941515414,57.585653169168424,High
21,4,4.0917842256557675,9.714431219325737,29.113014363542256,0,12.041594578792296,30.67751087129572,0.2875750583470859,27.51363298439521,58.481292826397436,High
21,5,4.0917842256557675,9.716682601398123,28.30257525486976,0,11.313708498984761,30.337915914891923,0.15355143290420903,26.570660511172846,61.36575998933653,High
21,6,4.0917842256557675,9.718933983470508,27.51482658860578,0,10.63014581273465,29.960180911316844,0.21301556583074074,25.632011235952593,61.16890402619295,High
21,7,4.0917842256557675,9.721185365542894,26.75181910650672,0,9.899494936611665,29.561887907094608,0.176070462137918,24.698178070456937,62.43262022545171,High
21,8,4.0917842256557675,9.72343674761528,26.01537183436102,0,9.219544457292887,29.16214628630261,0.07822843659399788,23.769728648009426,64.50614157227749,High
21,9,4.0917842256557675,9.725688129687667,25.307143260470497,0,8.48528137423857,28.78056244205152,0.25976088019154914,22.847319317591726,62.506607879448985,High
21,10,4.0917842256557675,9.727939511760052,24.62852428656832,0,7.810249675906654,28.43262642949108,0.2367926767170491,21.93171219946131,63.53935005610569,High
21,11,4.0917842256557675,9.730190893832438,23.980676082009026,0,7.0710678118654755,28.131796841759318,0.019617209160827768,21.02379604162864,67.68729581586673,High
21,12,4.0917842256557675,9.732442275904823,23.3644981562536,0,6.4031242374328485,27.886448559538056,0.10048370665213721,20.12461179749811,67.36067626832744,High
21,13,4.0917842256557675,9.734693657977209,22.781101290480905,0,5.656854249492381,27.701709322637562,0.21717127125806357,19.235384061671343,66.75376012944912,High
21,14,4.0917842256557675,9.736945040049594,22.23155163765511,0,5.0,27.579296754132365,0.20448646592460856,18.35755975068582,68.06838205190537,High
21,15,4.0917842256557675,9.739196422121982,21.717367982716112,0,4.242640687119285,27.518704329865024,0.11925981388704955,17.4928556845359,70.76650465516012,High
21,16,4.0917842256557675,9.741447804194367,21.240795141121612,0,3.605551275463989,27.51927201726873,0.19701325068250874,16.64331697709324,70.94442898057468,High
21,17,4.0917842256557675,9.743699186266753,20.80510097679978,0,2.8284271247461903,27.578494981511163,0.01478442184146142,15.811388300841896,75.37247841256685,Extreme
21,18,4.0917842256557675,9.745950568339138,20.415226164638533,0,2.23606797749979,27.693959509563342,0.1627009929739087,15.0,74.64868478452267,High
21,19,4.0917842256557675,9.748201950411524,20.07905951202966,0,1.4142135623730951,27.86274957260888,0.057234526065456856,14.212670403551895,78.20474118157699,Extreme
21,20,4.0917842256557675,9.75045333248391,19.810414665664062,0,1.0,28.07979743432709,0.11567237090553908,13.45362404707371,78.6991061982876,Extreme
21,21,4.0917842256557675,9.752704714556296,19.64755721405662,1,0.0,28.337566810642166,0.06883699275160098,12.727922061357855,81.78445900505933,Extreme
21,22,4.0917842256557675,9.754956096628682,19.742985555022855,1,0.0,28.626168490185403,0.12052872725784088,12.041594578792296,81.64709537270491,Extreme
21,23,4.0917842256557675,9.757207478701067,19.94698376114527,0,1.0,28.933880482287407,0.024597605883162996,11.40175425099138,82.03935573156217,Extreme
21,24,4.0917842256557675,9.759458860773453,20.223878650325176,0,1.0,29.247974589030253,0.10137770836294271,10.816653826391969,81.47997920995151,Extreme
21,25,4.0917842256557675,9.761710242845838,20.56203409080262,1,0.0,29.554268337106553,0.10918701817969895,10.295630140987,83.56693937191817,Extreme
21,26,4.0917842256557675,9.763961624918226,20.95518352972303,0,1.0,29.840099504709496,0.07382257306604947,9.848857801796104,82.88651468546597,Extreme
21,27,4.0917842256557675,9.766213006990611,21.399595382550814,0,1.4142135623730951,30.094705941518068,0.03561567186104022,9.486832980505138,83.11968984084925,Extreme
21,28,4.0917842256557675,9.768464389062997,21.89237359776044,0,2.23606797749979,30.308645231822826,0.07069472661536738,9.219544457292887,81.44781876877258,Extreme
21,29,4.0917842256557675,9.770715771135382,22.431013547139045,0,3.1622776601683795,30.47495129963352,0.016179627821262258,9.055385138137417,80.80429784380163,Extreme
21,30,4.0917842256557675,9.772967153207768,23.01323652020235,0,4.123105625617661,30.587745115602484,0.011411029895515516,9.0,79.20244619157441,Extreme
21,31,4.0917842256557675,9.775218535280155,23.636591392723403,0,5.0,30.64267779724747,0.10533791072405041,9.055385138137417,76.0965989807009,Extreme
21,32,4.0917842256557675,9.77746991735254,24.298419874731565,0,5.830951894845301,30.63577853716098,0.022132333981722534,9.219544457292887,75.5528718214142,Extreme
21,33,4.0917842256557675,9.779721299424926,24.99585361032126,0,6.708203932499369,30.5639919208804,0.07935382768312331,9.486832980505138,72.64847521287973,High
21,34,4.0917842256557675,9.781972681497312,25.72587845231336,0,7.615773105863909,30.426430047612385,0.028096430820490414,9.848857801796104,71.14327839722094,High
21,35,4.0917842256557675,9.784224063569697,26.485302996115507,0,8.54400374531753,30.223969395906472,0.07660652566099775,10.295630140987,67.93366900043554,High
21,36,4.0917842256557675,9.786475445642083,27.270969925948133,0,9.433981132056603,29.96071724123813,0.07749261229788972,10.816653826391969,65.34045351413556,High
21,37,4.0917842256557675,9.78872682771447,28.079699298167238,0,10.295630140987,29.64547092434649,0.12640099811483407,11.40175425099138,61.93543488745363,High
21,38,4.0917842256557675,9.790978209786855,28.908597415830776,0,11.180339887498949,29.290553858768305,0.08551376308551761,12.041594578792296,59.731586272833795,High
21,39,4.0917842256557675,9.793229591859241,29.754910919525113,0,12.041594578792296,28.912413787528763,0.10538116707644268,12.727922061357855,56.589372101208056,High
21,40,4.0917842256557675,9.795480973931626,30.61644419479599,0,12.727922061357855,28.529661268533197,0.064422319038852,13.45362404707371,54.63102550042478,Moderate
21,41,4.0917842256557675,9.797732356004012,31.49113114773389,0,13.45362404707371,28.16141878134562,0.14522158278089098,14.212670403551895,50.80783281438062,Moderate
21,42,4.0917842256557675,9.799983738076397,32.37767972633519,0,14.142135623730951,27.825836731092043,0.03719536708564073,15.0,49.95058243402881,Moderate
21,43,4.0917842256557675,9.802235120148785,33.275018037439644,0,14.866068747318506,27.53634469990922,0.1395419141563148,15.811388300841896,45.98322043055314,Moderate
21,44,4.0917842256557675,9.80448650222117,34.18273078040903,0,15.556349186104045,27.301214229201264,0.10737182582088799,16.64331697709324,45.14160387833279,Moderate
21,45,4.0917842256557675,9.806737884293556,35.100743365787,0,16.278820596099706,27.121744028414955,0.06611143045705503,17.4928556845359,44.78738844380785,Moderate
21,46,4.0917842256557675,9.808989266365941,36.02936263441705,0,16.97056274847714,26.992628097438875,0.1147933295112222,18.35755975068582,43.19892076868054,Moderate
21,47,4.0917842256557675,9.811240648438327,36.969280187400244,0,17.69180601295413,26.903120274278344,0.25870661559230484,19.235384061671343,40.27060459626148,Moderate
21,48,4.0917842256557675,9.813492030510714,37.92148921352109,0,18.384776310850235,26.839898162200175,0.29133998786845344,20.12461179749811,39.06747407736072,Moderate
21,49,4.0917842256557675,9.8157434125831,38.8872819364295,0,19.1049731745428,26.789697646662667,0.23679435620379227,21.02379604162864,39.19534406485697,Moderate
21,50,4.0917842256557675,9.817994794655485,39.86798217925432,0,19.79898987322333,26.74241990866063,0.12584844963153724,21.93171219946131,40.167458233265656,Moderate
21,51,4.0917842256557675,9.82024617672787,40.86513069820066,0,20.518284528683193,26.692515992475084,0.25686993512676953,22.847319317591726,37.49404385360364,Moderate
21,52,4.0917842256557675,9.822497558800256,41.88016944269441,0,21.213203435596427,26.637851227181724,0.1773767536057888,23.769728648009426,37.95634609298505,Moderate
21,53,4.0917842256557675,9.824748940872642,42.91471224015999,0,21.93171219946131,26.58148149876593,0.013813490239867419,24.698178070456937,39.66409600534724,Moderate
21,54,4.0917842256557675,9.827000322945029,43.97017854679741,0,22.627416997969522,26.52738386630816,0.016795311896492682,25.632011235952593,38.866796607715806,Moderate
21,55,4.0917842256557675,9.829251705017414,45.04786108717659,0,23.345235059857504,26.48022319874171,0.19433258956532878,26.570660511172846,35.45475225399561,Moderate
21,56,4.0917842256557675,9.8315030870898,46.148954489102515,0,24.041630560342615,26.44256748646454,0.1978024954785898,27.51363298439521,34.66277867331844,Low
21,57,4.0917842256557675,9.833754469162185,47.27438222823742,0,24.758836806279895,26.41558754150673,0.09538853211716536,28.460498941515414,35.47039535620267,Moderate
21,58,4.0917842256557675,9.836005851234571,48.42488865439928,0,25.45584412271571,26.399033061775853,0.2947028613998272,29.410882339705484,31.76237876478344,Low
21,59,4.0917842256557675,9.838257233306958,49.60083352184153,0,26.1725046566048,26.39132642687538,0.17570129426442435,30.364452901377952,32.83538430306505,Low
22,0,4.094030003593245,9.705425691036194,33.38105889028843,0,15.556349186104045,31.881175212241235,0.2323699207299055,31.04834939252005,54.75739570093086,Moderate
22,1,4.094030003593245,9.707677073108579,32.47771938737599,0,14.866068747318506,31.799774257293038,0.2538910263250771,30.083217912982647,54.99468910232564,Moderate
22,2,4.094030003593245,9.709928455180965,31.590516663141017,0,14.142135623730951,31.638280592938383,0.061400405650255396,29.120439557122072,59.22329982679504,High
22,3,4.094030003593245,9.712179837253352,30.72057347334364,0,13.45362404707371,31.40003145441363,0.30652915994451,28.160255680657446,56.633755260181,High
22,4,4.094030003593245,9.714431219325737,29.869546215156774,0,12.727922061357855,31.091211024091056,0.23255317649457954,27.202941017470888,58.711837482356486,High
22,5,4.094030003593245,9.716682601398123,29.039152629478814,0,12.041594578792296,30.722106843690593,0.22095664902004722,26.248809496813376,59.63141112933731,High
22,6,4.094030003593245,9.718933983470508,28.231103201195165,0,11.313708498984761,30.30798489049699,0.2741039436895966,25.298221281347036,59.52761582779795,High
22,7,4.094030003593245,9.721185365542894,27.44724191975371,0,10.63014581273465,29.867434016521944,0.16701473211299786,24.351591323771842,61.67565157241116,High
22,8,4.094030003593245,9.72343674761528,26.68917382680322,0,9.899494936611665,29.421256856162593,0.05067559382092073,23.40939982143925,64.01217063277032,High
22,9,4.094030003593245,9.725688129687667,25.95834289190712,0,9.219544457292887,28.99111084462795,0.2608020601303311,22.47220505424423,61.38970876454859,High
22,10,4.094030003593245,9.727939511760052,25.2559289370733,0,8.48528137423857,28.59479063705117,0.08950814964077405,21.540659228538015,64.64369015169292,High
22,11,4.094030003593245,9.730190893832438,24.582874764366757,0,7.810249675906654,28.247821842437293,0.24665053881681037,20.615528128088304,62.97381859830642,High
22,12,4.094030003593245,9.732442275904823,23.939861383067637,0,7.0710678118654755,27.960196329471074,0.12739561201053487,19.697715603592208,65.68187006670047,High
22,13,4.094030003593245,9.734693657977209,23.327749177224085,0,6.4031242374328485,27.738035425192063,0.10879540664093419,18.788294228055936,66.90063524647182,High
22,14,4.094030003593245,9.736945040049594,22.747312558578628,0,5.656854249492381,27.583544414669177,0.09395707435172154,17.88854381999832,68.33762993120874,High
22,15,4.094030003593245,9.739196422121982,22.199682162641484,0,5.0,27.496365100853673,0.05161116992876168,17.0,70.18079707376307,High
22,16,4.094030003593245,9.741447804194367,21.68655759070912,0,4.242640687119285,27.4756216576399,0.05261127213097249,16.1245154965971,71.68075840090651,High
22,17,4.094030003593245,9.743699186266753,21.210388654903287,0,3.605551275463989,27.51853106968736,0.06277964883814738,15.264337522473747,72.97408182358242,High
22,18,4.094030003593245,9.745950568339138,20.774777224120037,0,2.8284271247461903,27.622341936566674,0.17142349267490017,14.422205101855956,73.14625738813127,High
22,19,4.094030003593245,9.748201950411524,20.3851307367082,0,2.23606797749979,27.783905356408372,0.08520671199776733,13.601470508735444,76.0452293849597,Extreme
22,20,4.094030003593245,9.75045333248391,20.049664325877487,0,1.4142135623730951,27.997895393708923,0.07651590061935959,12.806248474865697,78.25797547411567,Extreme
22,21,4.094030003593245,9.752704714556296,19.782625400599795,0,1.0,28.25658185087898,0.053115347893531055,12.041594578792296,80.0791392816226,Extreme
22,22,4.094030003593245,9.754956096628682,19.62257970549794,1,0.0,28.549820782893015,0.1066335864563118,11.313708498984761,81.74285871536088,Extreme
22,23,4.094030003593245,9.757207478701067,19.722278489129863,1,0.0,28.865566590515172,0.05687112501069585,10.63014581273465,83.19009022207457,Extreme
22,24,4.094030003593245,9.759458860773453,19.932080277213004,0,1.0,29.19058431532902,0.09205854697158773,10.0,81.65378230331827,Extreme
22,25,4.094030003593245,9.761710242845838,20.216291435483868,0,1.0,29.509988164679704,0.055605051312695226,9.433981132056603,82.80136883931061,Extreme
22,26,4.094030003593245,9.763961624918226,20.562966203364777,1,0.0,29.8101577976867,0.0395900723420454,8.94427190999916,85.22593654665685,Extreme
22,27,4.094030003593245,9.766213006990611,20.96581348670275,0,1.0,30.07918129537816,0.0820140999361031,8.54400374531753,83.3325315854587,Extreme
22,28,4.094030003593245,9.768464389062997,21.420510662151273,0,2.0,30.306281021598004,0.02592962989837136,8.246211251235321,82.78532125525996,Extreme
22,29,4.094030003593245,9.770715771135382,21.923655800427603,0,2.8284271247461903,30.483349711892863,0.09102208123749217,8.06225774829855,80.55748162155153,Extreme
22,30,4.094030003593245,9.772967153207768,22.47236757576284,0,3.605551275463989,30.603503422817575,0.06277793270390059,8.0,79.65140415642745,Extreme
22,31,4.094030003593245,9.775218535280155,23.063775215819398,0,4.47213595499958,30.661910969024408,0.006050057591910142,8.06225774829855,78.84976050287284,Extreme
22,32,4.094030003593245,9.77746991735254,23.69492438028281,0,5.385164807134504,30.654611433129645,0.07414487510638276,8.246211251235321,75.91686176361559,Extreme
22,33,4.094030003593245,9.779721299424926,24.36273041853734,0,6.324555320336759,30.57910734958144,0.03488357291807001,8.54400374531753,74.36467190912529,High
22,34,4.094030003593245,9.781972681497312,25.064024728131358,0,7.211102550927978,30.43534802667863,0.08892526451068418,8.94427190999916,71.31705911574817,High
22,35,4.094030003593245,9.784224063569697,25.795519894929683,0,8.06225774829855,30.225394610729104,0.0825997868342709,9.433981132056603,69.05688756206324,High
22,36,4.094030003593245,9.786475445642083,26.553985816393002,0,8.94427190999916,29.954543117899508,0.04068706232504536,10.0,67.11668555176477,High
22,37,4.094030003593245,9.78872682771447,27.336196735883174,0,9.848857801796104,29.632707147467503,0.12472918697256297,10.63014581273465,63.112885117502515,High
22,38,4.094030003593245,9.790978209786855,28.13922021507768,0,10.63014581273465,29.272954472075085,0.12585727280118725,11.313708498984761,60.454802024379184,High
22,39,4.094030003593245,9.793229591859241,28.960287442751582,0,11.313708498984761,28.892132238936497,0.08192435037815825,12.041594578792296,58.57418185249019,High
22,40,4.094030003593245,9.795480973931626,29.797184042367704,0,12.041594578792296,28.508781113995227,0.0869656874762748,12.806248474865697,55.86965681988186,High
22,41,4.094030003593245,9.797732356004012,30.64783047976801,0,12.727922061357855,28.141433131041232,0.024481070419427056,13.601470508735444,54.27767559581862,Moderate
22,42,4.094030003593245,9.799983738076397,31.510917376702217,0,13.45362404707371,27.807412147400775,0.10325578123061337,14.422205101855956,50.57401857852458,Moderate
22,43,4.094030003593245,9.802235120148785,32.38535515725462,0,14.142135623730951,27.51938109653394,0.09722733783028842,15.264337522473747,48.308336920045946,Moderate
22,44,4.094030003593245,9.80448650222117,33.27070948137676,0,14.866068747318506,27.285074461293704,0.10293804276156049,16.1245154965971,45.93033912175451,Moderate
22,45,4.094030003593245,9.806737884293556,34.16688635209317,0,15.556349186104045,27.105897393709128,0.022200900858250758,17.0,45.95863827702049,Moderate
22,46,4.094030003593245,9.808989266365941,35.07416040920289,0,16.278820596099706,26.977562740381387,0.07143099023399738,17.88854381999832,44.3764149617003,Moderate
22,47,4.094030003593245,9.811240648438327,35.993207916307675,0,16.97056274847714,26.891231813801387,0.06716607915858606,18.788294228055936,43.69072188142813,Moderate
22,48,4.094030003593245,9.813492030510714,36.92499411112219,0,17.69180601295413,26.836218638245377,0.1309187939043721,19.697715603592208,42.05259319556616,Moderate
22,49,4.094030003593245,9.8157434125831,37.87078817159508,0,18.384776310850235,26.802115216671776,0.16952832040890464,20.615528128088304,40.833654161543315,Moderate
22,50,4.094030003593245,9.817994794655485,38.831896275031426,0,19.1049731745428,26.78135696999127,0.0661279773430386,21.540659228538015,41.767936630400484,Moderate
22,51,4.094030003593245,9.82024617672787,39.80984097519295,0,19.79898987322333,26.769889328006684,0.30423795866881687,22.47220505424423,37.59198574242346,Moderate
22,52,4.094030003593245,9.822497558800256,40.806054842967285,0,20.518284528683193,26.765571018091446,0.16000048270100678,23.40939982143925,39.15767215276079,Moderate
22,53,4.094030003593245,9.824748940872642,41.82215433484854,0,21.213203435596427,26.769657371661268,0.20729078934765438,24.351591323771842,37.85893395399659,Moderate
22,54,4.094030003593245,9.827000322945029,42.85955166940568,0,21.93171219946131,26.78260670870556,0.10982807432825151,25.298221281347036,38.74025297620925,Moderate
22,55,4.094030003593245,9.829251705017414,43.919549174285805,0,22.627416997969522,26.80423832804455,0.2935214056191051,26.248809496813376,35.41179047877122,Moderate
22,56,4.094030003593245,9.8315030870898,45.0033414013122,0,23.345235059857504,26.831297822959424,0.23168984639497775,27.202941017470888,35.76522694445562,Moderate
22,57,4.094030003593245,9.833754469162185,46.111866708266724,0,24.041630560342615,26.85920822391115,0.21269282083502175,28.160255680657446,35.463606837442995,Moderate
22,58,4.094030003593245,9.836005851234571,47.24586915944415,0,24.758836806279895,26.88251176951654,0.23335362495666492,29.120439557122072,34.54101220421846,Low
22,59,4.094030003593245,9.838257233306958,48.40570720178983,0,25.45584412271571,26.89578267211671,0.20187496117116782,30.083217912982647,34.361138320712556,Low
23,0,4.096275781530722,9.705425691036194,34.23800657420838,0,16.278820596099706,32.32017949456128,0.1479256676415862,30.805843601498726,56.57481192933971,High
23,1,4.096275781530722,9.707677073108579,33.31483319204045,0,15.556349186104045,32.23506769609884,0.2531848563879796,29.832867780352597,55.33558459555794,High
23,2,4.096275781530722,9.709928455180965,32.40807783407897,0,14.866068747318506,32.065713635157614,0.0829565720680007,28.861739379323623,58.239544663608086,High
23,3,4.096275781530722,9.712179837253352,31.518759259899937,0,14.142135623730951,31.81496724152954,0.200071100589594,27.892651361962706,57.61061082846416,High
23,4,4.096275781530722,9.714431219325737,30.648393249121508,0,13.45362404707371,31.488447912776344,0.28496146131908395,26.92582403567252,57.21254012258393,High
23,5,4.096275781530722,9.716682601398123,29.798523570674778,0,12.727922061357855,31.09603884583799,0.15292258452176105,25.96150997149434,59.959794110913954,High
23,6,4.096275781530722,9.718933983470508,28.97067993655181,0,12.041594578792296,30.653070104181047,0.20338295616920293,25.0,59.76931471277287,High
23,7,4.096275781530722,9.721185365542894,28.166514143078444,0,11.313708498984761,30.178749342967173,0.19982511254188762,24.041630560342615,60.36898609815531,High
23,8,4.096275781530722,9.72343674761528,27.387436614644656,0,10.63014581273465,29.695045625521026,0.1665499625990866,23.08679276123039,61.30317714984403,High
23,9,4.096275781530722,9.725688129687667,26.634702278081676,0,9.899494936611665,29.225124993079852,0.10137282851465748,22.135943621178654,62.812001109741345,High
23,10,4.096275781530722,9.727939511760052,25.90931314217333,0,9.219544457292887,28.788744333920583,0.14692558437078654,21.18962010041709,62.63993708384847,High
23,11,4.096275781530722,9.730190893832438,25.21203399522224,0,8.48528137423857,28.40333327283152,0.12788860262099702,20.248456731316587,63.63328054931328,High
23,12,4.096275781530722,9.732442275904823,24.54338106711635,0,7.810249675906654,28.080601982993443,0.09250936759219097,19.313207915827967,64.90694596544719,High
23,13,4.096275781530722,9.734693657977209,23.904027782175156,0,7.0710678118654755,27.82792808955529,0.20944896555430473,18.384776310850235,64.15400415928063,High
23,14,4.096275781530722,9.736945040049594,23.294546021761093,0,6.4031242374328485,27.648315084041563,0.12673656918948895,17.46424919657298,66.43525835769495,High
23,15,4.096275781530722,9.739196422121982,22.715795938243502,0,5.656854249492381,27.541737809152377,0.08878143889310106,16.55294535724685,68.33327639009404,High
23,16,4.096275781530722,9.741447804194367,22.16911009388147,0,5.0,27.50700811489606,0.04602817980299198,15.652475842498529,70.30817475798017,High
23,17,4.096275781530722,9.743699186266753,21.656407921450274,0,4.242640687119285,27.540676831784268,0.20664142474504896,14.7648230602334,69.5445890520004,High
23,18,4.096275781530722,9.745950568339138,21.18047867654695,0,3.605551275463989,27.638932218845326,0.14857896106481644,13.892443989449804,71.99437941169869,High
23,19,4.096275781530722,9.748201950411524,20.745368297451144,0,2.8284271247461903,27.797468238037027,0.06597736467294651,13.038404810405298,75.16659326951216,Extreme
23,20,4.096275781530722,9.75045333248391,20.356804479670107,0,2.23606797749979,28.009770719895535,0.05226008542618073,12.206555615733702,77.09949711498804,Extreme
23,21,4.096275781530722,9.752704714556296,20.023390259251354,0,1.4142135623730951,28.26715948480764,0.07081462637772018,11.40175425099138,79.00675691837435,Extreme
23,22,4.096275781530722,9.754956096628682,19.7596612850568,0,1.0,28.558850341938196,0.03371723962412751,10.63014581273465,81.11081989938627,Extreme
23,23,4.096275781530722,9.757207478701067,19.604395034305007,1,0.0,28.8725540554554,0.08748165135874474,9.899494936611665,82.81726027857185,Extreme
23,24,4.096275781530722,9.759458860773453,19.71038393224666,1,0.0,29.195121349304888,0.05682719564725257,9.219544457292887,83.99057272679578,Extreme
23,25,4.096275781530722,9.761710242845838,19.927939403986798,0,1.0,29.51201278184399,0.046326851016497715,8.602325267042627,83.11545940287925,Extreme
23,26,4.096275781530722,9.763961624918226,20.22103260193744,1,0.0,29.809988272691953,0.042063221281658764,8.06225774829855,85.39007654920788,Extreme
23,27,4.096275781530722,9.766213006990611,20.577675537042264,0,1.0,30.07735238222538,0.056663350611548945,7.615773105863909,83.93728570120417,Extreme
23,28,4.096275781530722,9.768464389062997,20.990977969582243,0,1.4142135623730951,30.303229095103575,0.03827285373758529,7.280109889280518,83.82244560786896,Extreme
23,29,4.096275781530722,9.770715771135382,21.456105453354134,0,2.23606797749979,30.47921418216083,0.034072103552528064,7.0710678118654755,82.66477146018927,Extreme
23,30,4.096275781530722,9.772967153207768,21.969280401965893,0,3.1622776601683795,30.59779453434138,0.07420370708543834,7.0,80.50175357734084,Extreme
23,31,4.096275781530722,9.775218535280155,22.52703960418046,0,4.123105625617661,30.653539483861337,0.012848238617376658,7.0710678118654755,79.62588943306699,Extreme
23,32,4.096275781530722,9.77746991735254,23.12602231955895,0,5.0,30.64202842487976,0.00677430791296591,7.280109889280518,77.87458359189897,Extreme
23,33,4.096275781530722,9.779721299424926,23.762856528932815,0,5.830951894845301,30.560609383601154,0.02880308503686676,7.615773105863909,75.5878086834755,Extreme
23,34,4.096275781530722,9.781972681497312,24.434170229213716,0,6.708203932499369,30.409322397643432,0.06156535336805402,8.06225774829855,72.87445010906046,High
23,35,4.096275781530722,9.784224063569697,25.136549478192983,0,7.615773105863909,30.19083240678453,0.05846656223901472,8.602325267042627,70.4684887829671,High
23,36,4.096275781530722,9.786475445642083,25.866671293495386,0,8.48528137423857,29.911321238571553,0.018479610717485263,9.219544457292887,68.5161258572777,High
23,37,4.096275781530722,9.78872682771447,26.621251261277948,0,9.219544457292887,29.581767735877335,0.06436683372794098,9.899494936611665,65.36624876944367,High
23,38,4.096275781530722,9.790978209786855,27.39730979132267,0,9.899494936611665,29.216188861408448,0.08183637937141375,10.63014581273465,62.63382535990046,High
23,39,4.096275781530722,9.793229591859241,28.192058653044725,0,10.63014581273465,28.83216626369027,0.04672336096318433,11.40175425099138,60.55024766696428,High
23,40,4.096275781530722,9.795480973931626,29.003261599465407,0,11.313708498984761,28.448501890269274,0.07440551143927362,12.206555615733702,57.59438123474363,High
23,41,4.096275781530722,9.797732356004012,29.828826398548678,0,12.041594578792296,28.08340022305063,0.03834627843731115,13.038404810405298,55.556950019808205,High
23,42,4.096275781530722,9.799983738076397,30.667425153255664,0,12.727922061357855,27.753440380371636,0.15542990407512883,13.892443989449804,51.36849447501319,Moderate
23,43,4.096275781530722,9.802235120148785,31.517952276094128,0,13.45362404707371,27.47047484426584,0.053824711228319395,14.7648230602334,50.5007667316673,Moderate
23,44,4.096275781530722,9.80448650222117,32.379954394251925,0,14.142135623730951,27.241500573223618,0.16105580862190383,15.652475842498529,46.68559827545518,Moderate
23,45,4.096275781530722,9.806737884293556,33.25332100177481,0,14.866068747318506,27.067797570844498,0.08661115038203011,16.55294535724685,45.662794337045156,Moderate
23,46,4.096275781530722,9.808989266365941,34.13829750153921,0,15.556349186104045,26.945833152822914,0.1074512903235385,17.46424919657298,44.311675682993744,Moderate
23,47,4.096275781530722,9.811240648438327,35.03554820150252,0,16.278820596099706,26.868511002596243,0.17179415057394978,18.384776310850235,42.63139243666079,Moderate
23,48,4.096275781530722,9.813492030510714,35.94601490063846,0,16.97056274847714,26.827624569617782,0.20029546078290703,19.313207915827967,41.568592021880654,Moderate
23,49,4.096275781530722,9.8157434125831,36.87094751252506,0,17.69180601295413,26.815540369804996,0.16476679075354084,20.248456731316587,41.52699993797187,Moderate
23,50,4.096275781530722,9.817994794655485,37.8116408521811,0,18.384776310850235,26.82714034227063,0.15057898000766978,21.18962010041709,41.212977506853264,Moderate
23,51,4.096275781530722,9.82024617672787,38.76960400451613,0,19.1049731745428,26.859762657994008,0.09885841414923842,22.135943621178654,41.50233545120029,Moderate
23,52,4.096275781530722,9.822497558800256,39.746264339508855,0,19.79898987322333,26.91115669025448,0.039285864130463435,23.08679276123039,41.94360613079294,Moderate
23,53,4.096275781530722,9.824748940872642,40.74324704601434,0,20.518284528683193,26.9806235639011,0.09739010306278735,24.041630560342615,40.65121826038299,Moderate
23,54,4.096275781530722,9.827000322945029,41.761961320547684,0,21.213203435596427,27.064966032952682,0.1945163993985739,25.0,38.79647017477686,Moderate
23,55,4.096275781530722,9.829251705017414,42.80372261135844,0,21.93171219946131,27.15904725557994,0.08017850274153589,25.96150997149434,40.123522195569315,Moderate
23,56,4.096275781530722,9.8315030870898,43.86972735722041,0,22.627416997969522,27.253733220103786,0.19445149877988352,26.92582403567252,38.00856880325667,Moderate
23,57,4.096275781530722,9.833754469162185,44.960931698359836,0,23.345235059857504,27.33867960851347,0.21606823663626462,27.892651361962706,37.245168104572336,Moderate
23,58,4.096275781530722,9.836005851234571,46.0780802781036,0,24.041630560342615,27.403231804270316,0.13914519649914142,28.861739379323623,37.895501979763445,Moderate
23,59,4.096275781530722,9.838257233306958,47.22153182414712,0,24.758836806279895,27.438163840996044,0.03932789422679265,29.832867780352597,38.80248125649792,Moderate
24,0,4.0985215594682,9.705425691036194,35.11607551079909,0,16.97056274847714,32.693798825551625,0.06780921523515782,30.59411708155671,58.15755910029551,High
24,1,4.0985215594682,9.707677073108579,34.17347142055807,0,16.278820596099706,32.60652137895627,0.06191910515228863,29.614185789921695,58.59182003031756,High
24,2,4.0985215594682,9.709928455180965,33.24754693482927,0,15.556349186104045,32.432573653567104,0.22748724738994228,28.635642126552707,56.235868394647426,High
24,3,4.0985215594682,9.712179837253352,32.339222023476836,0,14.866068747318506,32.17454669559115,0.25841718462691143,27.65863337187866,55.91006055675709,High
24,4,4.0985215594682,9.714431219325737,31.449877254230927,0,14.142135623730951,31.83767607372155,0.4029139954977643,26.68332812825267,54.66321908112358,Moderate
24,5,4.0985215594682,9.716682601398123,30.580890815127198,0,13.45362404707371,31.431435448852348,0.20517835255357297,25.709920264364882,58.31193953515245,High
24,6,4.0985215594682,9.718933983470508,29.733622799258626,0,12.727922061357855,30.970887077498354,0.23751737961183986,24.73863375370596,58.42806814923031,High
24,7,4.0985215594682,9.721185365542894,28.90954668131895,0,12.041594578792296,30.47526077217466,0.11804748509349965,23.769728648009426,60.65764278729131,High
24,8,4.0985215594682,9.72343674761528,28.10989624663629,0,11.313708498984761,29.966900108900486,0.29914294192685426,22.80350850198276,58.40296215645265,High
24,9,4.0985215594682,9.725688129687667,27.335760343344603,0,10.63014581273465,29.469653945715415,0.16684316574475724,21.840329667841555,60.787029397041024,High
24,10,4.0985215594682,9.727939511760052,26.587992388715268,0,9.899494936611665,29.004616705462645,0.028364520719493018,20.8806130178211,63.4041952116848,High
24,11,4.0985215594682,9.730190893832438,25.867213625207455,0,9.219544457292887,28.590728994438273,0.2705552268341095,19.924858845171276,60.33395433572758,High
24,12,4.0985215594682,9.732442275904823,25.173819809300543,0,8.48528137423857,28.241377758818338,0.056637004592656144,18.973665961010276,64.33497418856903,High
24,13,4.0985215594682,9.734693657977209,24.508347108590314,0,7.810249675906654,27.965428238387418,0.28289544619768264,18.027756377319946,61.79474180415249,High
24,14,4.0985215594682,9.736945040049594,23.871232439913207,0,7.0710678118654755,27.76707512768656,0.14472928033221993,17.08800749063506,64.9977456778247,High
24,15,4.0985215594682,9.739196422121982,23.26314825719691,0,6.4031242374328485,27.646991180437833,0.17518966155976118,16.15549442140351,65.72379294815893,High
24,16,4.0985215594682,9.741447804194367,22.685178033786592,0,5.656854249492381,27.60385174907333,0.1042343848929453,15.231546211727817,68.26896554779096,High
24,17,4.0985215594682,9.743699186266753,22.138884815361756,0,5.0,27.633466442206146,0.13318568305993456,14.317821063276353,69.3228571586475,High
24,18,4.0985215594682,9.745950568339138,21.62653105756538,0,4.242640687119285,27.730555480870713,0.05652131055610675,13.416407864998739,72.27080036600151,High
24,19,4.0985215594682,9.748201950411524,21.151322156914667,0,3.605551275463989,27.889003948922777,0.1079347413865669,12.529964086141668,73.2228338598183,High
24,20,4.0985215594682,9.75045333248391,20.717616492527014,0,2.8284271247461903,28.100371451023577,0.05751097185793495,11.661903789690601,76.03864850039443,Extreme
24,21,4.0985215594682,9.752704714556296,20.331482312738927,0,2.23606797749979,28.35434911412846,0.04355287892437035,10.816653826391969,78.07398963055682,Extreme
24,22,4.0985215594682,9.754956096628682,20.00179837970708,0,1.4142135623730951,28.639084968942417,0.06067444048392942,10.0,80.06633312973041,Extreme
24,23,4.0985215594682,9.757207478701067,19.74326896596656,0,1.0,28.94198350925782,0.06272243100209082,9.219544457292887,81.60711146422962,Extreme
24,24,4.0985215594682,9.759458860773453,19.594681929782908,1,0.0,29.250357843844565,0.060443071731196646,8.48528137423857,84.1374486681522,Extreme
24,25,4.0985215594682,9.761710242845838,19.708757639637614,1,0.0,29.550822363595575,0.0598688393030106,7.810249675906654,84.80161622131688,Extreme
24,26,4.0985215594682,9.763961624918226,19.935450944966295,0,1.0,29.831638865303496,0.08599315877270743,7.211102550927978,83.28495879710707,Extreme
24,27,4.0985215594682,9.766213006990611,20.238675152170355,1,0.0,30.082551685547237,0.022600662451390623,6.708203932499369,86.32731592826501,Extreme
24,28,4.0985215594682,9.768464389062997,20.605838314778808,0,1.0,30.29375682614819,0.05462905401469906,6.324555320336759,84.47179565956871,Extreme
24,29,4.0985215594682,9.770715771135382,21.029538669438892,0,2.0,30.457416386077345,0.0587946335814817,6.082762530298219,82.88649616995826,Extreme
24,30,4.0985215594682,9.772967153207768,21.50456823862794,0,2.8284271247461903,30.565846448363775,0.024661556132988344,6.0,81.9984959940343,Extreme
24,31,4.0985215594682,9.775218535280155,22.026584176723585,0,3.605551275463989,30.613005475163483,0.049583099561995414,6.082762530298219,80.13507307732468,Extreme
24,32,4.0985215594682,9.77746991735254,22.591647626479862,0,4.47213595499958,30.593637876313082,0.015360371997154117,6.324555320336759,78.82428442160105,Extreme
24,33,4.0985215594682,9.779721299424926,23.195991828930964,0,5.385164807134504,30.504289841112474,0.012591657785611991,6.708203932499369,76.77276219728864,Extreme
24,34,4.0985215594682,9.781972681497312,23.83596946337162,0,6.324555320336759,30.34437520318062,0.024554929519098247,7.211102550927978,74.26554842672608,High
24,35,4.0985215594682,9.784224063569697,24.507993699905676,0,7.0710678118654755,30.116572937810098,0.03318357269790474,7.810249675906654,71.94760182830147,High
24,36,4.0985215594682,9.786475445642083,25.208617351004982,0,7.810249675906654,29.827617560260613,0.05233789553237055,8.48528137423857,69.32000620459765,High
24,37,4.0985215594682,9.78872682771447,25.93447580454684,0,8.48528137423857,29.48947398188154,0.04933278941241968,9.219544457292887,66.99850555303885,High
24,38,4.0985215594682,9.790978209786855,26.68252741724781,0,9.219544457292887,29.11730013383027,0.01718901142621351,10.0,64.92041171688653,High
24,39,4.0985215594682,9.793229591859241,27.449955034592072,0,9.899494936611665,28.72976085508192,0.10617310577820331,10.816653826391969,61.06752980518102,High
24,40,4.0985215594682,9.795480973931626,28.23449333224631,0,10.63014581273465,28.346286100011692,0.14929171166158045,11.661903789690601,57.817817064856136,High
24,41,4.0985215594682,9.797732356004012,29.034034508739186,0,11.313708498984761,27.98506740551399,0.11502106036301091,12.529964086141668,55.85211735441619,High
24,42,4.0985215594682,9.799983738076397,29.84722830682278,0,12.041594578792296,27.66208061326258,0.06408201173906311,13.416407864998739,54.146494455265284,Moderate
24,43,4.0985215594682,9.802235120148785,30.672952412770357,0,12.727922061357855,27.388351933495674,0.09801660073789602,14.317821063276353,51.34814207329206,Moderate
24,44,4.0985215594682,9.80448650222117,31.510732572331975,0,13.45362404707371,27.169946200320624,0.09485438751578852,15.231546211727817,49.16659813981138,Moderate
24,45,4.0985215594682,9.806737884293556,32.3604427136509,0,14.142135623730951,27.00773367783812,0.07884904669783539,16.15549442140351,47.36783366184635,Moderate
24,46,4.0985215594682,9.808989266365941,33.222300658595636,0,14.866068747318506,26.898559898457123,0.2085867997607091,17.08800749063506,43.44431824144666,Moderate
24,47,4.0985215594682,9.811240648438327,34.09696041549254,0,15.556349186104045,26.836730903110823,0.09362597699373593,18.027756377319946,44.28096566166866,Moderate
24,48,4.0985215594682,9.813492030510714,34.9853434624375,0,16.278820596099706,26.816143457506303,0.16584181356979716,18.973665961010276,42.624303747510304,Moderate
24,49,4.0985215594682,9.8157434125831,35.88868240587408,0,16.97056274847714,26.831626550141436,0.1498863940135655,19.924858845171276,42.36816569384613,Moderate
24,50,4.0985215594682,9.817994794655485,36.8082652681278,0,17.69180601295413,26.88021074508518,0.07882569833263837,20.8806130178211,43.008658663090706,Moderate
24,51,4.0985215594682,9.82024617672787,37.745590732209855,0,18.384776310850235,26.96039591674989,0.09711379959575075,21.840329667841555,42.374478907366836,Moderate
24,52,4.0985215594682,9.822497558800256,38.702082934293614,0,19.1049731745428,27.069703771100745,0.13094776248566234,22.80350850198276,41.56586858881441,Moderate
24,53,4.0985215594682,9.824748940872642,39.679380037523785,0,19.79898987322333,27.205443132154716,0.13161727924879077,23.769728648009426,41.30604211054469,Moderate
24,54,4.0985215594682,9.827000322945029,40.67889035340745,0,20.518284528683193,27.360883086794225,0.11582054279386833,24.73863375370596,41.327503527719394,Moderate
24,55,4.0985215594682,9.829251705017414,41.70194398702524,0,21.213203435596427,27.526188339742536,0.1595660089229391,25.709920264364882,40.46568086714214,Moderate
24,56,4.0985215594682,9.8315030870898,42.749739586344134,0,21.93171219946131,27.686738086170987,0.1411172256570708,26.68332812825267,40.510740806155965,Moderate
24,57,4.0985215594682,9.833754469162185,43.82325222999738,0,22.627416997969522,27.82685314987878,0.28414228473500197,27.65863337187866,38.06936758811589,Moderate
24,58,4.0985215594682,9.836005851234571,44.9232266608579,0,23.345235059857504,27.931107925713487,0.18277517523604359,28.635642126552707,39.19200284513258,Moderate
24,59,4.0985215594682,9.838257233306958,46.050022662857806,0,24.041630560342615,27.986832729421685,0.057356812478959913,29.614185789921695,40.54284124610273,Moderate
25,0,4.100767337405678,9.705425691036194,36.01582941991289,0,17.69180601295413,32.97401429871785,0.15461599521402103,30.4138126514911,56.998968284058925,High
25,1,4.100767337405678,9.707677073108579,35.05416063906762,0,16.97056274847714,32.886702781682565,0.18697639354145476,29.427877939124322,56.87063245292674,High
25,2,4.100767337405678,9.709928455180965,34.109401964753566,0,16.278820596099706,32.71260140939147,0.1054125559772691,28.442925306655784,58.23239778283502,High
25,3,4.100767337405678,9.712179837253352,33.1823795558294,0,15.556349186104045,32.45425010746675,0.11978126607506592,27.459060435491963,57.94203561121433,High
25,4,4.100767337405678,9.714431219325737,32.274344011104496,0,14.866068747318506,32.11663825680206,0.017137496333652708,26.476404589747453,59.428205543861026,High
25,5,4.100767337405678,9.716682601398123,31.386515778387327,0,14.142135623730951,31.708741838141997,0.18552623738564078,25.495097567963924,57.65122419165309,High
25,6,4.100767337405678,9.718933983470508,30.52009606084253,0,13.45362404707371,31.244897931230778,0.21104038877814427,24.515301344262525,57.81110800383422,High
25,7,4.100767337405678,9.721185365542894,29.676392562540492,0,12.727922061357855,30.743577334631084,0.08768954948597524,23.53720459187964,60.162396899857896,High
25,8,4.100767337405678,9.72343674761528,28.856478486604182,0,12.041594578792296,30.226479265267415,0.23013986106391687,22.561028345356956,58.40905943514747,High
25,9,4.100767337405678,9.725688129687667,28.061296666167436,0,11.313708498984761,29.71706412218174,0.17286029405580539,21.587033144922902,59.72483217141239,High
25,10,4.100767337405678,9.727939511760052,27.29157710365037,0,10.63014581273465,29.236880588257186,0.05789282728452494,20.615528128088304,61.88735789364574,High
25,11,4.100767337405678,9.730190893832438,26.547826712585703,0,9.899494936611665,28.80576590401244,0.057435627591468086,19.6468827043885,62.51344020404627,High
25,12,4.100767337405678,9.732442275904823,25.83035729381315,0,9.219544457292887,28.43858855766981,0.1278497908338837,18.681541692269406,62.130266898879704,High
25,13,4.100767337405678,9.734693657977209,25.13960732977946,0,8.48528137423857,28.14588100840238,0.04281018440794981,17.72004514666935,64.33281596515009,High
25,14,4.100767337405678,9.736945040049594,24.47593135758955,0,7.810249675906654,27.93348451203447,0.030504661623402346,16.76305461424021,65.52287284022503,High
25,15,4.100767337405678,9.739196422121982,23.839874955415947,0,7.0710678118654755,27.803314031297223,0.12146544227596007,15.811388300841896,65.4523752275597,High
25,16,4.100767337405678,9.741447804194367,23.232355432064356,0,6.4031242374328485,27.754384909806912,0.0885389842380535,14.866068747318506,67.30006909270227,High
25,17,4.100767337405678,9.743699186266753,22.654693215419513,0,5.656854249492381,27.7820637643473,0.13143986865271423,13.92838827718412,68.30758502196106,High
25,18,4.100767337405678,9.745950568339138,22.1087961262943,0,5.0,27.879606590051335,0.09636837352431232,13.0,70.4849994754152,High
25,19,4.100767337405678,9.748201950411524,21.59731105698119,0,4.242640687119285,28.03882776380203,0.15954741960480776,12.083045973594572,71.48425025210156,High
25,20,4.100767337405678,9.75045333248391,21.123746604372283,0,3.605551275463989,28.248932289854196,0.028087556525218393,11.180339887498949,75.30268224781877,Extreme
25,21,4.100767337405678,9.752704714556296,20.692754604189872,0,2.8284271247461903,28.49748055725579,0.018684095399504875,10.295630140987,77.591037639962,Extreme
25,22,4.100767337405678,9.754956096628682,20.310666549927845,0,2.23606797749979,28.771140202953273,0.040024993178553424,9.433981132056603,79.14185672769692,Extreme
25,23,4.100767337405678,9.757207478701067,19.986486306916504,0,1.4142135623730951,29.05680613655849,0.045155839880080824,8.602325267042627,81.31305280235583,Extreme
25,24,4.100767337405678,9.759458860773453,19.73490132621021,0,1.0,29.34235352967245,0.027473396542953634,7.810249675906654,83.10395076011041,Extreme
25,25,4.100767337405678,9.761710242845838,19.594605163125806,1,0.0,29.615997378899515,0.0462724695632936,7.0710678118654755,85.2296711396697,Extreme
25,26,4.100767337405678,9.763961624918226,19.717945304191673,1,0.0,29.868246948531286,0.04171062707969723,6.4031242374328485,85.83219883193287,Extreme
25,27,4.100767337405678,9.766213006990611,19.95480630043174,1,0.0,30.091199484462024,0.03488042808756924,5.830951894845301,86.3313265550904,Extreme
25,28,4.100767337405678,9.768464389062997,20.26849610097009,0,1.0,30.277074836321926,0.013773795031400164,5.385164807134504,85.24343015038977,Extreme
25,29,4.100767337405678,9.770715771135382,20.645918333223428,0,1.4142135623730951,30.419377373009468,0.04173059145449629,5.0990195135927845,84.25348572832564,Extreme
25,30,4.100767337405678,9.772967153207768,21.079301197006107,0,2.23606797749979,30.510747676810798,0.031249413344883403,5.0,83.00518085011552,Extreme
25,31,4.100767337405678,9.775218535280155,21.56289440793452,0,3.1622776601683795,30.544646619670665,0.04735216003235462,5.0990195135927845,81.01632289356169,Extreme
25,32,4.100767337405678,9.77746991735254,22.091894763469284,0,4.123105625617661,30.514770131770288,0.014279392446687206,5.385164807134504,79.5271986110477,Extreme
25,33,4.100767337405678,9.779721299424926,22.661971720066184,0,5.0,30.416380258929664,0.0383768027823187,5.830951894845301,77.13136479873377,Extreme
25,34,4.100767337405678,9.781972681497312,23.26909446827893,0,5.656854249492381,30.24767529700125,0.019256477546042577,6.4031242374328485,75.55952707533301,Extreme
25,35,4.100767337405678,9.784224063569697,23.90943351306,0,6.4031242374328485,30.010823417108835,0.07221577317682444,7.0710678118654755,72.5739396157812,High
25,36,4.100767337405678,9.786475445642083,24.57937016107408,0,7.0710678118654755,29.712777079947127,0.05564997525654568,7.810249675906654,70.59710292353829,High
25,37,4.100767337405678,9.78872682771447,25.27542644609443,0,7.810249675906654,29.36636334812778,0.11021373144199845,8.602325267042627,67.30283183889803,High
25,38,4.100767337405678,9.790978209786855,25.994475165616983,0,8.48528137423857,28.98799787421655,0.03542167737750607,9.433981132056603,65.96538952310296,High
25,39,4.100767337405678,9.793229591859241,26.733653574134163,0,9.219544457292887,28.597699776735055,0.03720890350160055,10.295630140987,63.339961866564565,High
25,40,4.100767337405678,9.795480973931626,27.490654725687627,0,9.899494936611665,28.2158340527033,0.14293468765716855,11.180339887498949,59.25575215979089,High
25,41,4.100767337405678,9.797732356004012,28.26334764981343,0,10.63014581273465,27.86085663211947,0.049284296847759486,12.083045973594572,58.13311579325548,High
25,42,4.100767337405678,9.799983738076397,29.0503522856447,0,11.313708498984761,27.548280769857026,0.030110332121160262,13.0,56.06537877915226,High
25,43,4.100767337405678,9.802235120148785,29.850525618233945,0,12.041594578792296,27.28828944652855,0.10124947904038548,13.92838827718412,52.6878094261629,Moderate
25,44,4.100767337405678,9.80448650222117,30.66336797796329,0,12.727922061357855,27.085834432041437,0.03377074506376538,14.866068747318506,51.5897164000829,Moderate
25,45,4.100767337405678,9.806737884293556,31.488735895265208,0,13.45362404707371,26.941071873779528,0.021673802113630496,15.811388300841896,49.72667637168162,Moderate
25,46,4.100767337405678,9.808989266365941,32.32681917099748,0,14.142135623730951,26.85079512938648,0.12046555200121886,16.76305461424021,46.38586785949209,Moderate
25,47,4.100767337405678,9.811240648438327,33.178260717642374,0,14.866068747318506,26.810257989735966,0.21129633590458866,17.72004514666935,43.217218736770576,Moderate
25,48,4.100767337405678,9.813492030510714,34.043962688575974,0,15.556349186104045,26.814932908645567,0.15778012975889483,18.681541692269406,43.29746780253082,Moderate
25,49,4.100767337405678,9.8157434125831,34.92513992239949,0,16.278820596099706,26.861626399407555,0.1414350021974421,19.6468827043885,43.13532735223653,Moderate
25,50,4.100767337405678,9.817994794655485,35.82307583179163,0,16.97056274847714,26.949062489602888,0.11718747880250442,20.615528128088304,43.17985428979527,Moderate
25,51,4.100767337405678,9.82024617672787,36.739259569430985,0,17.69180601295413,27.076585511574347,0.030640708742667513,21.587033144922902,44.24454585651322,Moderate
25,52,4.100767337405678,9.822497558800256,37.67511138251988,0,18.384776310850235,27.241388807986674,0.2051796483322058,22.561028345356956,41.47103819064297,Moderate
25,53,4.100767337405678,9.824748940872642,38.63228423865196,0,19.1049731745428,27.43889919646496,0.11266600283467458,23.53720459187964,42.769429231216364,Moderate
25,54,4.100767337405678,9.827000322945029,39.61218532651023,0,19.79898987322333,27.659261515654396,0.13361769576776733,24.515301344262525,42.40741173978771,Moderate
25,55,4.100767337405678,9.829251705017414,40.61615859348301,0,20.518284528683193,27.888595998892466,0.02391541272733079,25.495097567963924,44.01259235788323,Moderate
25,56,4.100767337405678,9.8315030870898,41.64540340739954,0,21.213203435596427,28.107662410090256,0.16865798555385686,26.476404589747453,41.76149512613636,Moderate
25,57,4.100767337405678,9.833754469162185,42.70091297718189,0,21.93171219946131,28.296357385117847,0.25557181826959613,27.459060435491963,40.28927565337728,Moderate
25,58,4.100767337405678,9.836005851234571,43.783430184685244,0,22.627416997969522,28.43534718286315,0.38815203769310586,28.442925306655784,37.99655780963519,Moderate
25,59,4.100767337405678,9.838257233306958,44.89331569612013,0,23.345235059857504,28.509197774288424,0.1702473493525075,29.427877939124322,40.78826871263339,Moderate
26,0,4.103013115343155,9.705425691036194,36.93805866259179,0,18.384776310850235,33.14351049724117,0.23907018600276042,30.265491900843113,55.59605505514356,High
26,1,4.103013115343155,9.707677073108579,35.95765720151096,0,17.69180601295413,33.05881363558066,0.14167631040386874,29.274562336608895,57.43137043822528,High
26,2,4.103013115343155,9.709928455180965,34.9943545208192,0,16.97056274847714,32.89000523568136,0.19971150105587593,28.284271247461902,56.7228194064125,High
26,3,4.103013115343155,9.712179837253352,34.04888775244363,0,16.278820596099706,32.6397206892978,0.11979393987001623,27.294688127912362,57.87703448537762,High
26,4,4.103013115343155,9.714431219325737,33.12238253274148,0,15.556349186104045,32.31275774307569,0.20166821435830756,26.30589287593181,56.40872498004046,High
26,5,4.103013115343155,9.716682601398123,32.21590887837723,0,14.866068747318506,31.91740160308554,0.21260279558130724,25.317977802344327,56.05138326952683,High
26,6,4.103013115343155,9.718933983470508,31.33051935469888,0,14.142135623730951,31.46669568745779,0.10212761539682041,24.331050121192877,58.352935874508894,High
26,7,4.103013115343155,9.721185365542894,30.467367210165218,0,13.45362404707371,30.97743272026494,0.13210131995261565,23.345235059857504,58.382848862842664,High
26,8,4.103013115343155,9.72343674761528,29.62737941365739,0,12.727922061357855,30.4694975864111,0.11738936094159393,22.360679774997898,59.08645075452337,High
26,9,4.103013115343155,9.725688129687667,28.811370370658206,0,12.041594578792296,29.96472940064672,0.03969571211163711,21.37755832643195,60.66263179207668,High
26,10,4.103013115343155,9.727939511760052,28.01996843625905,0,11.313708498984761,29.484061751654977,0.043349014700256025,20.396078054371138,61.131340189051016,High
26,11,4.103013115343155,9.730190893832438,27.25359119473658,0,10.63014581273465,29.04744147342646,0.04792554502225001,19.4164878389476,61.6035349431618,High
26,12,4.103013115343155,9.732442275904823,26.512497000247922,0,9.899494936611665,28.670881040672185,0.07625026543685294,18.439088914585774,61.92756307416608,High
26,13,4.103013115343155,9.734693657977209,25.797058985584485,0,9.219544457292887,28.366686300707546,0.14616981303026128,17.46424919657298,61.702128152027505,High
26,14,4.103013115343155,9.736945040049594,25.10759146530673,0,8.48528137423857,28.142815186248196,0.02200889968077391,16.492422502470642,64.65634018856255,High
26,15,4.103013115343155,9.739196422121982,24.444559855529533,0,7.810249675906654,28.00309742712851,0.09075739608712183,15.524174696260024,64.80504984940536,High
26,16,4.103013115343155,9.741447804194367,23.808776857339303,0,7.0710678118654755,27.947622963421413,0.051153401233249955,14.560219778561036,66.87255866976943,High
26,17,4.103013115343155,9.743699186266753,23.201399844923078,0,6.4031242374328485,27.971970179196553,0.04758675215596996,13.601470508735444,68.45605207091016,High
26,18,4.103013115343155,9.745950568339138,22.624094447723294,0,5.656854249492381,28.068366916581056,0.06903096507994799,12.649110640673518,69.95052209787212,High
26,19,4.103013115343155,9.748201950411524,22.07911923711417,0,5.0,28.226739446145665,0.14026123933944298,11.704699910719626,70.67920423565084,High
26,20,4.103013115343155,9.75045333248391,21.569414044790292,0,4.242640687119285,28.43389590652638,0.11394858591993134,10.770329614269007,73.13509868201615,High
26,21,4.103013115343155,9.752704714556296,21.09873553373236,0,3.605551275463989,28.67502676004003,0.059675612762668674,9.848857801796104,75.86866539451105,Extreme
26,22,4.103013115343155,9.754956096628682,20.671986622854725,0,2.8284271247461903,28.93499396244938,0.06506822209300928,8.94427190999916,77.9600480004975,Extreme
26,23,4.103013115343155,9.757207478701067,20.295580986798065,0,2.23606797749979,29.19987848946655,0.037824132767606725,8.06225774829855,80.21518057714427,Extreme
26,24,4.103013115343155,9.759458860773453,19.978482317831556,0,1.4142135623730951,29.45793492996721,0.04062533333173296,7.211102550927978,82.3507251059276,Extreme
26,25,4.103013115343155,9.761710242845838,19.73526430357955,0,1.0,29.69900933195488,0.06675381726267857,6.4031242374328485,83.37253641772462,Extreme
26,26,4.103013115343155,9.763961624918226,19.604236199119015,1,0.0,29.91612807476762,0.05463756948111337,5.656854249492381,85.82053873499875,Extreme
26,27,4.103013115343155,9.766213006990611,19.737665905861476,1,0.0,30.104221385073334,0.07959917717235963,5.0,85.81992409465305,Extreme
26,28,4.103013115343155,9.768464389062997,19.984833808992953,1,0.0,30.25814275453547,0.047703520650941404,4.47213595499958,86.52288737768646,Extreme
26,29,4.103013115343155,9.770715771135382,20.308556757472765,0,1.0,30.373329091276098,0.023723692441614815,4.123105625617661,85.3021157557373,Extreme
26,30,4.103013115343155,9.772967153207768,20.69537256052858,0,2.0,30.44322297012363,0.007117379559099211,4.0,83.82457433028215,Extreme
26,31,4.103013115343155,9.775218535280155,21.13699520481306,0,2.8284271247461903,30.461023541480667,0.02535422916447679,4.123105625617661,81.95269882542273,Extreme
26,32,4.103013115343155,9.77746991735254,21.62722952511067,0,3.605551275463989,30.419369146744213,0.05183043917256387,4.47213595499958,79.87103992475333,Extreme
26,33,4.103013115343155,9.779721299424926,22.160896589210246,0,4.242640687119285,30.311996938372964,0.04587726211749716,5.0,78.32550271732852,Extreme
26,34,4.103013115343155,9.781972681497312,22.733411689249813,0,5.0,30.135508412732356,0.009102713280803068,5.656854249492381,76.8526538282308,Extreme
26,35,4.103013115343155,9.784224063569697,23.34059568440569,0,5.656854249492381,29.8911670616083,0.03695603564677797,6.4031242374328485,74.39421698893604,High
26,36,4.103013115343155,9.786475445642083,23.97858711777235,0,6.4031242374328485,29.58583956582116,0.008060277401549897,7.211102550927978,72.47310814292935,High
26,37,4.103013115343155,9.78872682771447,24.643745133517207,0,7.0710678118654755,29.233041974427127,0.062374308772526234,8.06225774829855,69.30417710271414,High
26,38,4.103013115343155,9.790978209786855,25.33282182942755,0,7.810249675906654,28.85044857858637,0.017578600874827845,8.94427190999916,67.41737664967388,High
26,39,4.103013115343155,9.793229591859241,26.042883066141933,0,8.48528137423857,28.459561461927592,0.03083538978573301,9.848857801796104,64.73437850059851,High
26,40,4.103013115343155,9.795480973931626,26.771561085997845,0,9.219544457292887,28.08186005687637,0.1038984273682267,10.770329614269007,61.07630979404974,High
26,41,4.103013115343155,9.797732356004012,27.516688572256882,0,9.899494936611665,27.73624546171919,0.1332358219946085,11.704699910719626,58.23213732272463,High
26,42,4.103013115343155,9.799983738076397,28.276844101376046,0,10.63014581273465,27.437871978712117,0.08482512314745291,12.649110640673518,56.574471087862634,High
26,43,4.103013115343155,9.802235120148785,29.050856375329616,0,11.313708498984761,27.196054142570954,0.11523280174993027,13.601470508735444,53.94089369543569,Moderate
26,44,4.103013115343155,9.80448650222117,29.838192974198602,0,12.041594578792296,27.014483539873087,0.17240837392382302,14.560219778561036,50.969004584341825,Moderate
26,45,4.103013115343155,9.806737884293556,30.638688366616115,0,12.727922061357855,26.892318026414035,0.02143277249770113,15.524174696260024,51.32379808630346,Moderate
26,46,4.103013115343155,9.808989266365941,31.452501677071453,0,13.45362404707371,26.82586983983393,0.1635952486443508,16.492422502470642,47.34208145296876,Moderate
26,47,4.103013115343155,9.811240648438327,32.28026141483163,0,14.142135623730951,26.810823127296427,0.1142796055400206,17.46424919657298,46.40995254226051,Moderate
26,48,4.103013115343155,9.813492030510714,33.12284918041211,0,14.866068747318506,26.843600763437667,0.14312560233437863,18.439088914585774,44.35266966082194,Moderate
26,49,4.103013115343155,9.8157434125831,33.98145913131448,0,15.556349186104045,26.9223676868856,0.029058648261246003,19.4164878389476,45.52360521189751,Moderate
26,50,4.103013115343155,9.817994794655485,34.85736967706006,0,16.278820596099706,27.046960718847284,0.07531462965129412,20.396078054371138,44.612956741063684,Moderate
26,51,4.103013115343155,9.82024617672787,35.75205891074462,0,16.97056274847714,27.217182390267833,0.04483063091884118,21.37755832643195,44.9521025158263,Moderate
26,52,4.103013115343155,9.822497558800256,36.66693991515473,0,17.69180601295413,27.429819126445004,0.13693579535256425,22.360679774997898,43.54254117466951,Moderate
26,53,4.103013115343155,9.824748940872642,37.60367963490768,0,18.384776310850235,27.67867613231904,0.090989505051724,23.345235059857504,44.27799615174399,Moderate
26,54,4.103013115343155,9.827000322945029,38.56368141751863,0,19.1049731745428,27.951465352762565,0.24420140271411664,24.331050121192877,42.06993387929816,Moderate
26,55,4.103013115343155,9.829251705017414,39.54829988247233,0,19.79898987322333,28.23130696788371,0.024194209405531415,25.317977802344327,45.46260695227418,Moderate
26,56,4.103013115343155,9.8315030870898,40.55873174846406,0,20.518284528683193,28.495675132627056,0.19147935405794797,26.30589287593181,42.99344783542924,Moderate
26,57,4.103013115343155,9.833754469162185,41.59598561156401,0,21.213203435596427,28.721429734566044,0.05942831277751203,27.294688127912362,44.905621484003284,Moderate
26,58,4.103013115343155,9.836005851234571,42.6607990913192,0,21.93171219946131,28.88662612530969,0.13624218829923715,28.284271247461902,43.52288417907619,Moderate
26,59,4.103013115343155,9.838257233306958,43.75353258898477,0,22.627416997969522,28.974067234596593,0.1373697190329086,29.274562336608895,43.07192135727711,Moderate
27,0,4.105258893280633,9.705425691036194,37.883252333432644,0,19.1049731745428,33.19632652486165,0.16870885530400298,30.14962686336267,56.2211348550834,High
27,1,4.105258893280633,9.707677073108579,36.8844238133681,0,18.384776310850235,33.117211844428326,0.1665245879813734,29.154759474226502,56.65260195834699,High
27,2,4.105258893280633,9.709928455180965,35.902835623604986,0,17.69180601295413,32.959722683368746,0.1905858980440714,28.160255680657446,56.49167313087813,High
27,3,4.105258893280633,9.712179837253352,34.93914038841884,0,16.97056274847714,32.72663337808872,0.19153557487948494,27.16615541441225,56.48499588087422,High
27,4,4.105258893280633,9.714431219325737,33.994343478498905,0,16.278820596099706,32.422486129598724,0.2822462069410597,26.1725046566048,54.949815656663404,Moderate
27,5,4.105258893280633,9.716682601398123,33.06937111968284,0,15.556349186104045,32.054571179311004,0.09379500073792667,25.179356624028344,57.436966263356695,High
27,6,4.105258893280633,9.718933983470508,32.16513683524825,0,14.866068747318506,31.634002303781088,0.20722364098566162,24.186773244895647,55.480238847877885,High
27,7,4.105258893280633,9.721185365542894,31.282649358365497,0,14.142135623730951,31.174930997441066,0.20325579624263998,23.194827009486403,56.162345425648354,High
27,8,4.105258893280633,9.72343674761528,30.42270190467714,0,13.45362404707371,30.694244777313344,0.09317682882845855,22.20360331117452,58.31179168365338,High
27,9,4.105258893280633,9.725688129687667,29.5859954565027,0,12.727922061357855,30.210921271117556,0.11725255997281467,21.213203435596427,58.49085128114601,High
27,10,4.105258893280633,9.727939511760052,28.773075099635577,0,12.041594578792296,29.744170550848622,0.14879450294422264,20.223748416156685,58.51813550906927,High
27,11,4.105258893280633,9.730190893832438,27.98429014358878,0,11.313708498984761,29.313203171874473,0.030932806558384113,19.235384061671343,60.92758942885247,High
27,12,4.105258893280633,9.732442275904823,27.219870537525747,0,10.63014581273465,28.934754549062625,0.12016088120852604,18.24828759089466,60.26879997578263,High
27,13,4.105258893280633,9.734693657977209,26.480150436331574,0,9.899494936611665,28.62293390341877,0.21419448782408623,17.26267650163207,59.76212883690758,High
27,14,4.105258893280633,9.736945040049594,25.765437816843967,0,9.219544457292887,28.388242844355563,0.1803176497261037,16.278820596099706,61.26041676156082,High
27,15,4.105258893280633,9.739196422121982,25.076154565389196,0,8.48528137423857,28.237131107413738,0.021599492991058063,15.297058540778355,64.90791584498004,High
27,16,4.105258893280633,9.741447804194367,24.413056007624725,0,7.810249675906654,28.171640310801394,0.11267756314980897,14.317821063276353,64.9002890089525,High
27,17,4.105258893280633,9.743699186266753,23.777194876713775,0,7.0710678118654755,28.188461325295943,0.06874286206513941,13.341664064126334,67.20672556081021,High
27,18,4.105258893280633,9.745950568339138,23.170072621778296,0,6.4031242374328485,28.279579249647895,0.12555602062229257,12.36931687685298,68.04500174820468,High
27,19,4.105258893280633,9.748201950411524,22.59367118687253,0,5.656854249492381,28.433612740840015,0.06563066009936389,11.40175425099138,70.89813889514566,High
27,20,4.105258893280633,9.75045333248391,22.050530578609315,0,5.0,28.63530835191857,0.07710600780834763,10.44030650891055,72.62628526474381,High
27,21,4.105258893280633,9.752704714556296,21.543795856944964,0,4.242640687119285,28.8675393780411,0.036363408836711804,9.486832980505138,75.357198972354,Extreme
27,22,4.105258893280633,9.754956096628682,21.077462833497645,0,3.605551275463989,29.11317355259102,0.0764242553536556,8.54400374531753,76.68402939785659,Extreme
27,23,4.105258893280633,9.757207478701067,20.656474933851207,0,2.8284271247461903,29.357124253376842,0.015645584675614624,7.615773105863909,79.72605296055094,Extreme
27,24,4.105258893280633,9.759458860773453,20.287186149538318,0,2.23606797749979,29.587598263260276,0.0759226228393865,6.708203932499369,80.58139037547473,Extreme
27,25,4.105258893280633,9.761710242845838,19.978429710315947,0,1.4142135623730951,29.79569761966074,0.06944753559403288,5.830951894845301,82.73097800264615,Extreme
27,26,4.105258893280633,9.763961624918226,19.74438811381399,0,1.0,29.97673531446903,0.055160467841566085,5.0,84.20918090814266,Extreme
27,27,4.105258893280633,9.766213006990611,19.623284896289213,1,0.0,30.128468923880153,0.030642860581133552,4.242640687119285,86.68005385248178,Extreme
27,28,4.105258893280633,9.768464389062997,19.766786938701447,1,0.0,30.248587303662177,0.03122329865042205,3.605551275463989,86.87568976905301,Extreme
27,29,4.105258893280633,9.770715771135382,20.02370257496966,0,1.0,30.334800459153996,0.06357766641369421,3.1622776601683795,84.77960209770708,Extreme
27,30,4.105258893280633,9.772967153207768,20.356487430732187,0,1.4142135623730951,30.38176823598943,0.04396777906061254,3.0,84.30013487601747,Extreme
27,31,4.105258893280633,9.775218535280155,20.751197368221717,0,2.23606797749979,30.382775253804787,0.04360461474130545,3.1622776601683795,82.70547924244755,Extreme
27,32,4.105258893280633,9.77746991735254,21.19911685644036,0,2.8284271247461903,30.3296193609328,0.027693124472254527,3.605551275463989,81.5648622916024,Extreme
27,33,4.105258893280633,9.779721299424926,21.69369198829812,0,3.605551275463989,30.214562460664688,0.03490865930939695,4.242640687119285,79.59296942072093,Extreme
27,34,4.105258893280633,9.781972681497312,22.229498222686274,0,4.242640687119285,30.032492261472424,0.034303630729022976,5.0,77.78624769424657,Extreme
27,35,4.105258893280633,9.784224063569697,22.801837155934734,0,5.0,29.78355357967037,0.050278316434645726,5.830951894845301,75.34797100607148,Extreme
27,36,4.105258893280633,9.786475445642083,23.406496144935026,0,5.656854249492381,29.474277312683718,0.03858330746262896,6.708203932499369,73.32803440919416,High
27,37,4.105258893280633,9.78872682771447,24.03959819579965,0,6.4031242374328485,29.118635935921453,0.04210195407177134,7.615773105863909,70.80255287178102,High
27,38,4.105258893280633,9.790978209786855,24.69772371929634,0,7.0710678118654755,28.73540371724335,0.09262303494086126,8.54400374531753,67.62144677882812,High
27,39,4.105258893280633,9.793229591859241,25.377829674697168,0,7.810249675906654,28.347483241730487,0.046662508401609154,9.486832980505138,65.74459348693732,High
27,40,4.105258893280633,9.795480973931626,26.077460087106164,0,8.48528137423857,27.977446208783277,0.05178907915306197,10.44030650891055,63.23985887259516,High
27,41,4.105258893280633,9.797732356004012,26.794391434975502,0,9.219544457292887,27.64466011453424,0.042608518437015824,11.40175425099138,60.93042404460317,High
27,42,4.105258893280633,9.799983738076397,27.527144585500224,0,9.899494936611665,27.363950150244406,0.1562416728619558,12.36931687685298,56.985253486398626,High
27,43,4.105258893280633,9.802235120148785,28.27450825100641,0,10.63014581273465,27.143734591902895,0.019001699136711063,13.341664064126334,56.85559432699251,High
27,44,4.105258893280633,9.80448650222117,29.035906706048635,0,11.313708498984761,26.98637779956567,0.09041122232005329,14.317821063276353,53.81761562048995,Moderate
27,45,4.105258893280633,9.806737884293556,29.81114451068809,0,12.041594578792296,26.889859603543087,0.12595241262914728,15.297058540778355,51.38198751194813,Moderate
27,46,4.105258893280633,9.808989266365941,30.600344913849675,0,12.727922061357855,26.849698214185555,0.09193012017680165,16.278820596099706,50.18641938785622,Moderate
27,47,4.105258893280633,9.811240648438327,31.404115867386295,0,13.45362404707371,26.86155074247862,0.19661273762620166,17.26267650163207,46.961190658411276,Moderate
27,48,4.105258893280633,9.813492030510714,32.223314695582516,0,14.142135623730951,26.92219039388899,0.10861066488380532,18.24828759089466,46.79648523879902,Moderate
27,49,4.105258893280633,9.8157434125831,33.05910926883129,0,14.866068747318506,27.03048414215491,0.1888137983691197,19.235384061671343,44.15452032101298,Moderate
27,50,4.105258893280633,9.817994794655485,33.9127697260485,0,15.556349186104045,27.18674252703255,0.1368337187104435,20.223748416156685,44.5834925972054,Moderate
27,51,4.105258893280633,9.82024617672787,34.78575902557631,0,16.278820596099706,27.390791324539816,0.1713325339836522,21.213203435596427,44.04207088326979,Moderate
27,52,4.105258893280633,9.822497558800256,35.679477115063946,0,16.97056274847714,27.638925602677112,0.2462200771809589,22.20360331117452,42.98865040662772,Moderate
27,53,4.105258893280633,9.824748940872642,36.59560125004906,0,17.69180601295413,27.923672315021324,0.11241535622183556,23.194827009486403,45.14047904727765,Moderate
27,54,4.105258893280633,9.827000322945029,37.535525784307794,0,18.384776310850235,28.231180170106832,0.11106961801312747,24.186773244895647,45.34614380414295,Moderate
27,55,4.105258893280633,9.829251705017414,38.50061042407803,0,19.1049731745428,28.542879321553713,0.192834326625679,25.179356624028344,44.300397434588966,Moderate
27,56,4.105258893280633,9.8315030870898,39.49204409885071,0,19.79898987322333,28.834625407497494,0.2548016445499541,26.1725046566048,43.48807233136986,Moderate
27,57,4.105258893280633,9.833754469162185,40.51084617586042,0,20.518284528683193,29.081983104208046,0.07631800538892253,27.16615541441225,46.15958684852078,Moderate
27,58,4.105258893280633,9.836005851234571,41.55774426911943,0,21.213203435596427,29.262023496992395,0.043601682931994346,28.160255680657446,46.46607775464492,Moderate
27,59,4.105258893280633,9.838257233306958,42.63309636944499,0,21.93171219946131,29.35703406874252,0.1400352861057786,29.154759474226502,44.61398384083761,Moderate
28,0,4.10750467121811,9.705425691036194,38.852015308759114,0,19.79898987322333,33.135082888146684,0.19116650309697178,30.066592756745816,55.165637623037725,High
28,1,4.10750467121811,9.707677073108579,37.83504648845173,0,19.1049731745428,33.064679680758495,0.2063256930815318,29.068883707497267,55.36860773362715,High
28,2,4.10750467121811,9.709928455180965,36.835412542375266,0,18.384776310850235,32.92477104526507,0.33962186458939475,28.071337695236398,53.62209135573177,Moderate
28,3,4.10750467121811,9.712179837253352,35.85368550443207,0,17.69180601295413,32.71816769054919,0.14406849070286565,27.073972741361768,56.63731076905742,High
28,4,4.10750467121811,9.714431219325737,34.8907542388405,0,16.97056274847714,32.44893434514235,0.20720713328519283,26.076809620810597,55.6103968725561,High
28,5,4.10750467121811,9.716682601398123,33.9474065306139,0,16.278820596099706,32.12293807570621,0.2614457185386184,25.079872407968907,54.56888058911159,Moderate
28,6,4.10750467121811,9.718933983470508,33.02442485797952,0,15.556349186104045,31.74869041447469,0.10533364989789999,24.08318915758459,56.554535597235336,High
28,7,4.10750467121811,9.721185365542894,32.12268118626528,0,14.866068747318506,31.336777753428553,0.05013437734928337,23.08679276123039,57.14658234451344,High
28,8,4.10750467121811,9.72343674761528,31.24284481920137,0,14.142135623730951,30.900021636864995,0.17253449637794593,22.090722034374522,55.98528965286732,High
28,9,4.10750467121811,9.725688129687667,30.385515013482703,0,13.45362404707371,30.453440653364957,0.04699106389248467,21.095023109728988,58.44720609515686,High
28,10,4.10750467121811,9.727939511760052,29.5511680088539,0,12.727922061357855,30.01352469665143,0.1086626829139306,20.09975124224178,58.16536140312707,High
28,11,4.10750467121811,9.730190893832438,28.74010162328643,0,12.041594578792296,29.59796868220824,0.19783229064156352,19.1049731745428,57.45029631907476,High
28,12,4.10750467121811,9.732442275904823,27.952537097517833,0,11.313708498984761,29.22380030669912,0.11591758227972404,18.110770276274835,59.456466935267386,High
28,13,4.10750467121811,9.734693657977209,27.18879074456854,0,10.63014581273465,28.906898075996168,0.17283901842805102,17.11724276862369,59.42994203945561,High
28,14,4.10750467121811,9.736945040049594,26.44919120955324,0,9.899494936611665,28.660641216694152,0.05028394385260241,16.1245154965971,62.32975666452466,High
28,15,4.10750467121811,9.739196422121982,25.73414611739298,0,9.219544457292887,28.494737340392373,0.14931763863842934,15.132745950421556,62.00006382521703,High
28,16,4.10750467121811,9.741447804194367,25.044390826398384,0,8.48528137423857,28.414062847556377,0.1198322607086384,14.142135623730951,63.878800309907376,High
28,17,4.10750467121811,9.743699186266753,24.380918428985602,0,7.810249675906654,28.41742219232146,0.014618790790313833,13.152946437965905,66.98139965865681,High
28,18,4.10750467121811,9.745950568339138,23.745123671679124,0,7.0710678118654755,28.497560612835258,0.06579412999580496,12.165525060596439,68.01346899883234,High
28,19,4.10750467121811,9.748201950411524,23.138791167590348,0,6.4031242374328485,28.642668926861305,0.05328118626618157,11.180339887498949,70.02105554196508,High
28,20,4.10750467121811,9.75045333248391,22.56417221957326,0,5.656854249492381,28.83609081374339,0.04273137517915901,10.198039027185569,72.22726485003538,High
28,21,4.10750467121811,9.752704714556296,22.02397343966857,0,5.0,29.05872653219205,0.0436011037619342,9.219544457292887,74.16313621866009,High
28,22,4.10750467121811,9.754956096628682,21.521568067361684,0,4.242640687119285,29.291443137884162,0.02425154153853506,8.246211251235321,76.57176942903506,Extreme
28,23,4.10750467121811,9.757207478701067,21.060953417845024,0,3.605551275463989,29.51765872662684,0.021203930149629995,7.280109889280518,78.49513923786714,Extreme
28,24,4.10750467121811,9.759458860773453,20.64699818750676,0,2.8284271247461903,29.72494957607155,0.029584840863907502,6.324555320336759,80.40742925634802,Extreme
28,25,4.10750467121811,9.761710242845838,20.28591251314478,0,2.23606797749979,29.904973196919386,0.031181290032607265,5.385164807134504,82.01676958663869,Extreme
28,26,4.10750467121811,9.763961624918226,19.986136164181083,0,1.4142135623730951,30.05465111491401,0.04008780148808997,4.47213595499958,83.7897931782656,Extreme
28,27,4.10750467121811,9.766213006990611,19.76176325990595,0,1.0,30.174089571425238,0.0472847489932659,3.605551275463989,84.7918448918424,Extreme
28,28,4.10750467121811,9.768464389062997,19.650421145697926,1,0.0,30.263585768084756,0.02033172920960706,2.8284271247461903,87.14376830953053,Extreme
28,29,4.10750467121811,9.770715771135382,19.803328918259712,1,0.0,30.323164007275587,0.024614725993241483,2.23606797749979,87.13267782516778,Extreme
28,30,4.10750467121811,9.772967153207768,20.068938392766043,0,1.0,30.348993146714253,0.032500656749797144,2.0,85.25322409399168,Extreme
28,31,4.10750467121811,9.775218535280155,20.409258559413857,0,1.4142135623730951,30.334846755035876,0.053763399349490905,2.23606797749979,84.00920148870452,Extreme
28,32,4.10750467121811,9.77746991735254,20.80993058323004,0,2.23606797749979,30.272091183060336,0.03555775108109012,2.8284271247461903,82.52527364112807,Extreme
28,33,4.10750467121811,9.779721299424926,21.26189735823319,0,2.8284271247461903,30.15184221762681,0.05669516214163685,3.605551275463989,80.66513075800896,Extreme
28,34,4.10750467121811,9.781972681497312,21.758366334555063,0,3.605551275463989,29.96743176728103,0.038281903841875874,4.47213595499958,78.90970927428884,Extreme
28,35,4.10750467121811,9.784224063569697,22.2938338229741,0,4.242640687119285,29.71787529712225,0.011812586363631203,5.385164807134504,77.3288000834432,Extreme
28,36,4.10750467121811,9.786475445642083,22.863564477952877,0,5.0,29.40919759347417,0.0350105275205566,6.324555320336759,74.63999869306825,High
28,37,4.10750467121811,9.78872682771447,23.463334617745264,0,5.656854249492381,29.055552292812592,0.04926761030554941,7.280109889280518,72.12692529189697,High
28,38,4.10750467121811,9.790978209786855,24.08947832316056,0,6.4031242374328485,28.67649971477948,0.06940188525245165,8.246211251235321,69.29999253272116,High
28,39,4.10750467121811,9.793229591859241,24.73878982137809,0,7.0710678118654755,28.296039300078842,0.03977615955484716,9.219544457292887,67.33295446701658,High
28,40,4.10750467121811,9.795480973931626,25.408686230970133,0,7.810249675906654,27.937595524408586,0.04846936380772173,10.198039027185569,64.71322801334915,High
28,41,4.10750467121811,9.797732356004012,26.0968593725403,0,8.48528137423857,27.620850665321765,0.11637172955829701,11.180339887498949,61.40181791219802,High
28,42,4.10750467121811,9.799983738076397,26.801749903102987,0,9.219544457292887,27.360250422750013,0.06254240250199596,12.165525060596439,59.94287262269265,High
28,43,4.10750467121811,9.802235120148785,27.522089705152208,0,9.899494936611665,27.16330234558117,0.05314402006874825,13.152946437965905,58.05200129099989,High
28,44,4.10750467121811,9.80448650222117,28.2572453488755,0,10.63014581273465,27.031087572745527,0.07142228904576554,14.142135623730951,55.808471087313464,High
28,45,4.10750467121811,9.806737884293556,29.006979936832245,0,11.313708498984761,26.960385399596042,0.017135245883307053,15.132745950421556,54.87128410423618,Moderate
28,46,4.10750467121811,9.808989266365941,29.771372644899373,0,12.041594578792296,26.94579127146194,0.10944776667959301,16.1245154965971,51.7875661452106,Moderate
28,47,4.10750467121811,9.811240648438327,30.551001574834036,0,12.727922061357855,26.982614725826974,0.0841652641010851,17.11724276862369,50.65174791881289,Moderate
28,48,4.10750467121811,9.813492030510714,31.346693193366768,0,13.45362404707371,27.0674831815219,0.12340081819337491,18.110770276274835,48.588643929221305,Moderate
28,49,4.10750467121811,9.8157434125831,32.15958063881062,0,14.142135623730951,27.199339863351295,0.188776767591991,19.1049731745428,46.29831676806282,Moderate
28,50,4.10750467121811,9.817994794655485,32.990919392535154,0,14.866068747318506,27.378322766683077,0.13766259544911622,20.09975124224178,45.79879585414152,Moderate
28,51,4.10750467121811,9.82024617672787,33.84215038374689,0,15.556349186104045,27.603815089064998,0.13189568844746127,21.095023109728988,45.70255916538739,Moderate
28,52,4.10750467121811,9.822497558800256,34.71465176569936,0,16.278820596099706,27.871508745654438,0.21227674456614873,22.090722034374522,44.626301861062615,Moderate
28,53,4.10750467121811,9.824748940872642,35.610104349087976,0,16.97056274847714,28.173019973590687,0.07940107275793594,23.08679276123039,46.816715546261165,Moderate
28,54,4.10750467121811,9.827000322945029,36.52988581457296,0,17.69180601295413,28.49388189280147,0.25564166339128797,24.08318915758459,44.4025899803901,Moderate
28,55,4.10750467121811,9.829251705017414,37.47535295051773,0,18.384776310850235,28.81528140382151,0.23355650454460633,25.079872407968907,44.94949658805572,Moderate
28,56,4.10750467121811,9.8315030870898,38.44767989094494,0,19.1049731745428,29.113308881557824,0.33399510940726423,26.076809620810597,43.586480932409444,Moderate
28,57,4.10750467121811,9.833754469162185,39.447890290913826,0,19.79898987322333,29.36418591749456,0.329737382090186,27.073972741361768,43.66403712063495,Moderate
28,58,4.10750467121811,9.836005851234571,40.47669568399125,0,20.518284528683193,29.545826256039273,0.18746573946817283,28.071337695236398,45.62837644102697,Moderate
28,59,4.10750467121811,9.838257233306958,41.53444849260956,0,21.213203435596427,29.64140102392508,0.37488582415753396,29.068883707497267,42.423221243030056,Moderate
29,0,4.109750449155587,9.705425691036194,39.84487970643752,0,20.518284528683193,32.969451368955276,0.07642675707464411,30.01666203960727,55.90276252593136,High
29,1,4.109750449155587,9.707677073108579,38.81004141528746,0,19.79898987322333,32.91079475672747,0.05389230685883356,29.017236257093817,56.70993397908575,High
29,2,4.109750449155587,9.709928455180965,37.79258704808727,0,19.1049731745428,32.79443639824917,0.10433082893981463,28.0178514522438,56.2734462461886,High
29,3,4.109750449155587,9.712179837253352,36.79301158647375,0,18.384776310850235,32.622959666399964,0.26628952799670064,27.018512172212592,54.021014170563596,Moderate
29,4,4.109750449155587,9.714431219325737,35.81209061717766,0,17.69180601295413,32.399568032856,0.2094249026999643,26.019223662515376,54.91503947745932,Moderate
29,5,4.109750449155587,9.716682601398123,34.85047799811964,0,16.97056274847714,32.12817735041301,0.12755680580608053,25.019992006393608,56.05725914032204,High
29,6,4.109750449155587,9.718933983470508,33.90883191732325,0,16.278820596099706,31.814049875465336,0.1395766880908527,24.020824298928627,55.67657264872565,High
29,7,4.109750449155587,9.721185365542894,32.98789370237877,0,15.556349186104045,31.46342986576061,0.07742642189747445,23.021728866442675,56.30843653801537,High
29,8,4.109750449155587,9.72343674761528,32.08821639439046,0,14.866068747318506,31.084261146819582,0.0915393678273703,22.02271554554524,55.938353456615374,High
29,9,4.109750449155587,9.725688129687667,31.210306415319213,0,14.142135623730951,30.68680627988522,0.060240097310147026,21.02379604162864,57.175962502402115,High
29,10,4.109750449155587,9.727939511760052,30.354582010877863,0,13.45362404707371,30.284104912598632,0.16763063012873788,20.024984394500787,56.24848381734837,High
29,11,4.109750449155587,9.730190893832438,29.521302388337325,0,12.727922061357855,29.891749249737988,0.2059090089802623,19.026297590440446,56.43132395825505,High
29,12,4.109750449155587,9.732442275904823,28.710694875804002,0,12.041594578792296,29.526694220910482,0.11023247997345013,18.027756377319946,58.610170420775844,High
29,13,4.109750449155587,9.734693657977209,27.92307439290134,0,11.313708498984761,29.206499178824092,0.13017248912396823,17.029386365926403,59.2183967943947,High
29,14,4.109750449155587,9.736945040049594,27.15881111903768,0,10.63014581273465,28.94760692012864,0.15495008831207369,16.0312195418814,59.81388874456472,High
29,15,4.109750449155587,9.739196422121982,26.418321623621168,0,9.899494936611665,28.763439855756246,0.1822692136832223,15.033296378372908,60.6154844712299,High
29,16,4.109750449155587,9.741447804194367,25.70235098630611,0,9.219544457292887,28.66243713447857,0.07509051230950778,14.035668847618199,63.53565594250593,High
29,17,4.109750449155587,9.743699186266753,25.011868009481766,0,8.48528137423857,28.6464348438208,0.09476153584123251,13.038404810405298,64.83305730055302,High
29,18,4.109750449155587,9.745950568339138,24.348204588515614,0,7.810249675906654,28.7099745305079,0.10778814743482747,12.041594578792296,66.3069437838211,High
29,19,4.109750449155587,9.748201950411524,23.713007587320284,0,7.0710678118654755,28.841838392209432,0.10877685171985292,11.045361017187261,68.21589591112568,High
29,20,4.109750449155587,9.75045333248391,23.108317888290927,0,6.4031242374328485,29.02483393503716,0.12241781663985055,10.04987562112089,69.92135024669489,High
29,21,4.109750449155587,9.752704714556296,22.536519304230637,0,5.656854249492381,29.2384698313134,0.06579104142042214,9.055385138137417,72.86567958667392,High
29,22,4.109750449155587,9.754956096628682,22.000536203841733,0,5.0,29.461798994267486,0.06275312589625653,8.06225774829855,74.85934776444967,High
29,23,4.109750449155587,9.757207478701067,21.50370736111497,0,4.242640687119285,29.676509518396443,0.04559865987584984,7.0710678118654755,77.18844875309591,Extreme
29,24,4.109750449155587,9.759458860773453,21.049944349158082,0,3.605551275463989,29.868919095643953,0.008364137814635339,6.082762530298219,79.53925463251035,Extreme
29,25,4.109750449155587,9.761710242845838,20.643961646732574,0,2.8284271247461903,30.0303441507576,0.015715381967626497,5.0990195135927845,81.35194885735785,Extreme
29,26,4.109750449155587,9.763961624918226,20.291577653826614,0,2.23606797749979,30.158310621623897,0.03945998910839976,4.123105625617661,82.49870149992799,Extreme
29,27,4.109750449155587,9.766213006990611,20.001144294931056,0,1.4142135623730951,30.254408355060516,0.0532458725895743,3.1622776601683795,84.06412703986169,Extreme
29,28,4.109750449155587,9.768464389062997,19.786165534098384,0,1.0,30.320933776876515,0.03970652522023681,2.23606797749979,85.24439049993686,Extreme
29,29,4.109750449155587,9.770715771135382,19.68384958769264,1,0.0,30.35996551375932,0.0388186429864544,1.4142135623730951,87.0786117112431,Extreme
29,30,4.109750449155587,9.772967153207768,19.84506360669873,1,0.0,30.369309554730496,0.020519094327352952,1.0,87.28051275705225,Extreme
29,31,4.109750449155587,9.775218535280155,20.117850024873306,0,1.0,30.34362717249081,0.04883275125832767,1.4142135623730951,84.96648960011908,Extreme
29,32,4.109750449155587,9.77746991735254,20.463817238930044,0,1.4142135623730951,30.27439258872463,0.033570658750388234,2.23606797749979,84.13448381105546,Extreme
29,33,4.109750449155587,9.779721299424926,20.8682816446996,0,2.23606797749979,30.15213397639308,0.05767298853684791,3.1622776601683795,81.87055352538508,Extreme
29,34,4.109750449155587,9.781972681497312,21.32195298604654,0,2.8284271247461903,29.969033840545652,0.02565734799665272,4.123105625617661,80.65550028690636,Extreme
29,35,4.109750449155587,9.784224063569697,21.817993487073238,0,3.605551275463989,29.723168113955182,0.02430983692245224,5.0990195135927845,78.4965024619317,Extreme
29,36,4.109750449155587,9.786475445642083,22.35085724940844,0,4.242640687119285,29.4199833950926,0.030466178396808544,6.082762530298219,76.29873050440551,Extreme
29,37,4.109750449155587,9.78872682771447,22.915800635590728,0,5.0,29.073523720700653,0.027008057535904698,7.0710678118654755,73.92170119414172,High
29,38,4.109750449155587,9.790978209786855,23.508799954182102,0,5.656854249492381,28.703698177165055,0.041184713622051054,8.06225774829855,71.37490230955041,High
29,39,4.109750449155587,9.793229591859241,24.126409318885187,0,6.4031242374328485,28.335104775557227,0.0101889259853081,9.055385138137417,69.3451149761006,High
29,40,4.109750449155587,9.795480973931626,24.765864699573676,0,7.0710678118654755,27.991583755762647,0.048848011266603285,10.04987562112089,66.44848211004908,High
29,41,4.109750449155587,9.797732356004012,25.424733681643524,0,7.810249675906654,27.692825127004348,0.0658849665251544,11.045361017187261,63.85368690251067,High
29,42,4.109750449155587,9.799983738076397,26.101346486270867,0,8.48528137423857,27.452777384919187,0.04355834498712531,12.041594578792296,62.08703904558458,High
29,43,4.109750449155587,9.802235120148785,26.794355234169153,0,9.219544457292887,27.278062112723212,0.05991840092318445,13.038404810405298,59.78887320626001,High
29,44,4.109750449155587,9.80448650222117,27.503049953587308,0,9.899494936611665,27.16866293737563,0.07008746856469934,14.035668847618199,57.82197364774163,High
29,45,4.109750449155587,9.806737884293556,28.22713668816199,0,10.63014581273465,27.120343938996832,0.0945154321637077,15.033296378372908,55.69455344813515,High
29,46,4.109750449155587,9.808989266365941,28.96663909950582,0,11.313708498984761,27.126899143547895,0.04063447616559873,16.0312195418814,54.943167167703635,Moderate
29,47,4.109750449155587,9.811240648438327,29.722092849910883,0,12.041594578792296,27.183189019672305,0.009668778700744146,17.029386365926403,53.88441944622934,Moderate
29,48,4.109750449155587,9.813492030510714,30.494284009269464,0,12.727922061357855,27.285391736682612,0.04275490904383082,18.027756377319946,52.034740665753496,Moderate
29,49,4.109750449155587,9.8157434125831,31.28429973561633,0,13.45362404707371,27.432013646724403,0.1505995071435588,19.026297590440446,49.094408342497154,Moderate
29,50,4.109750449155587,9.817994794655485,32.09337130389438,0,14.142135623730951,27.622428450251263,0.11227770528440693,20.024984394500787,48.502670884480466,Moderate
29,51,4.109750449155587,9.82024617672787,32.92290790524374,0,14.866068747318506,27.855100084633534,0.18465752147370681,21.02379604162864,46.28096176458247,Moderate
29,52,4.109750449155587,9.822497558800256,33.77425466904088,0,15.556349186104045,28.124944275648648,0.2272803488641767,22.02271554554524,45.565507972438816,Moderate
29,53,4.109750449155587,9.824748940872642,34.649086107770515,0,16.278820596099706,28.422964353439912,0.12453622206035186,23.021728866442675,47.307710531059,Moderate
29,54,4.109750449155587,9.827000322945029,35.54875315631686,0,16.97056274847714,28.734948428965495,0.015590145635583686,24.020824298928627,49.161889436146275,Moderate
29,55,4.109750449155587,9.829251705017414,36.47459937284545,0,17.69180601295413,29.04322097475319,0.20440148081009438,25.019992006393608,46.525339971555205,Moderate
29,56,4.109750449155587,9.8315030870898,37.427775277055964,0,18.384776310850235,29.32591568607461,0.04874457236465829,26.019223662515376,48.97816476339102,Moderate
29,57,4.109750449155587,9.833754469162185,38.409300598762414,0,19.1049731745428,29.561843472696374,0.04945154283589493,27.018512172212592,48.95630607414006,Moderate
29,58,4.109750449155587,9.836005851234571,39.419863540366435,0,19.79898987322333,29.73158194741206,0.18235516750594838,28.0178514522438,46.775142036741414,Moderate
29,59,4.109750449155587,9.838257233306958,40.459806772454726,0,20.518284528683193,29.820584022651264,0.2578387714219413,29.017236257093817,45.2437248015102,Moderate
30,0,4.111996227093066,9.705425691036194,40.862127464232316,0,21.213203435596427,32.71300860804234,0.3599253025408664,30.0,50.43346931256796,Moderate
30,1,4.111996227093066,9.707677073108579,39.80967997779539,0,20.518284528683193,32.66883084964722,0.10827027471086324,29.0,54.72266566806157,Moderate
30,2,4.111996227093066,9.709928455180965,38.774625415488885,0,19.79898987322333,32.58128092945378,0.04494772040020141,28.0,56.07227765914089,High
30,3,4.111996227093066,9.712179837253352,37.75738484707381,0,19.1049731745428,32.45229263319206,0.255064062590722,27.0,53.21011273162003,Moderate
30,4,4.111996227093066,9.714431219325737,36.758623277341066,0,18.384776310850235,32.28367396200206,0.18368558106086666,26.0,54.46413402632131,Moderate
30,5,4.111996227093066,9.716682601398123,35.77886432732072,0,17.69180601295413,32.07679272259865,0.3495707940079392,25.0,52.05594550991519,Moderate
30,6,4.111996227093066,9.718933983470508,34.81864739930911,0,16.97056274847714,31.833089913908328,0.11004095690954699,24.0,55.62887686167145,High
30,7,4.111996227093066,9.721185365542894,33.878587737951506,0,16.278820596099706,31.553917032733068,0.23554920199044263,23.0,53.62901956885702,Moderate
30,8,4.111996227093066,9.72343674761528,32.95912770831153,0,15.556349186104045,31.241882034793953,0.17718192524880785,22.0,54.29609077293577,Moderate
30,9,4.111996227093066,9.725688129687667,32.06068708770056,0,14.866068747318506,30.902101067814144,0.22741631469174614,21.0,53.478211761745754,Moderate
30,10,4.111996227093066,9.727939511760052,31.183633621345777,0,14.142135623730951,30.54380519136565,0.08924046977432637,20.0,56.41266901207646,High
30,11,4.111996227093066,9.730190893832438,30.328197140228475,0,13.45362404707371,30.180177610629364,0.07951082745860358,19.0,57.33582287617309,High
30,12,4.111996227093066,9.732442275904823,29.494621265197175,0,12.727922061357855,29.827857077086595,0.17137356057771097,18.0,56.81138482535888,High
30,13,4.111996227093066,9.734693657977209,28.683231745430675,0,12.041594578792296,29.505952687729618,0.0750193183021445,17.0,59.10466554389606,High
30,14,4.111996227093066,9.736945040049594,27.89445564179244,0,11.313708498984761,29.23397609219792,0.17443041174660845,16.0,58.63750614898711,High
30,15,4.111996227093066,9.739196422121982,27.12873654208385,0,10.63014581273465,29.02926083817593,0.07547450031807688,15.0,61.22019278045698,High
30,16,4.111996227093066,9.741447804194367,26.38685262121421,0,9.899494936611665,28.90426088721781,0.14197762428108038,14.0,61.57718903410223,High
30,17,4.111996227093066,9.743699186266753,25.66977640200343,0,9.219544457292887,28.864531716052525,0.05773458524297423,13.0,64.30138318919973,High
30,18,4.111996227093066,9.745950568339138,24.978811077807457,0,8.48528137423857,28.907318733013323,0.029858199072980453,12.0,66.45370944148728,High
30,19,4.111996227093066,9.748201950411524,24.315512492705544,0,7.810249675906654,29.02300069796234,0.039199720441556514,11.0,68.10809568313393,High
30,20,4.111996227093066,9.75045333248391,23.681769280511233,0,7.0710678118654755,29.194799734421874,0.07194524679570899,10.0,69.63591010688368,High
30,21,4.111996227093066,9.752704714556296,23.079725339178715,0,6.4031242374328485,29.40157454823704,0.005799893167442526,9.0,72.59380470080899,High
30,22,4.111996227093066,9.754956096628682,22.51197182536024,0,5.656854249492381,29.620927871452185,0.04727309868873697,8.0,74.07800327162033,High
30,23,4.111996227093066,9.757207478701067,21.981365733864667,0,5.0,29.83272318378787,0.07765429131943095,7.0,75.53946694045418,Extreme
30,24,4.111996227093066,9.759458860773453,21.491152280755575,0,4.242640687119285,30.021449969190392,0.021641162573965377,6.0,78.38503762376932,Extreme
30,25,4.111996227093066,9.761710242845838,21.045080860752762,0,3.605551275463989,30.177131191035684,0.009178482954514993,5.0,80.2713726633477,Extreme
30,26,4.111996227093066,9.763961624918226,20.647478842094596,0,2.8284271247461903,30.29671966920595,0.050633500773521634,4.0,81.46692187228493,Extreme
30,27,4.111996227093066,9.766213006990611,20.30407971366646,0,2.23606797749979,30.382165528016554,0.0628276905455506,3.0,82.67934048539614,Extreme
30,28,4.111996227093066,9.768464389062997,20.022651769099973,0,1.4142135623730951,30.436863610147157,0.047820900393924115,2.0,84.5717504138097,Extreme
30,29,4.111996227093066,9.770715771135382,19.81631164240576,0,1.0,30.46441989022981,0.017381099554660436,1.0,85.90667832866679,Extreme
30,30,4.111996227093066,9.772967153207768,19.721919566253113,1,0.0,30.46422060414308,0.017024227819575036,0.0,87.63388353866733,Extreme
30,31,4.111996227093066,9.775218535280155,19.889971309343707,1,0.0,30.432145202350444,0.060823622965138914,1.0,86.80062542928944,Extreme
30,32,4.111996227093066,9.77746991735254,20.168121924990203,0,1.0,30.360363505667745,0.05859692389820399,2.0,84.8306432259571,Extreme
30,33,4.111996227093066,9.779721299424926,20.517671133467005,0,1.4142135623730951,30.239518378323737,0.044948293924539494,3.0,83.8481637622391,Extreme
30,34,4.111996227093066,9.781972681497312,20.923706595659056,0,2.23606797749979,30.06123524616815,0.031430938251917555,4.0,82.01282421978982,Extreme
30,35,4.111996227093066,9.784224063569697,21.37692590676856,0,2.8284271247461903,29.82300868579761,0.022812959248298903,5.0,80.31445511988859,Extreme
30,36,4.111996227093066,9.786475445642083,21.870442587892416,0,3.605551275463989,29.529738819839686,0.020513909145793624,6.0,78.05717870084754,Extreme
30,37,4.111996227093066,9.78872682771447,22.39870427973169,0,4.242640687119285,29.195087001316388,0.01938551401099089,7.0,75.89569139766124,Extreme
30,38,4.111996227093066,9.790978209786855,22.957156459195765,0,5.0,28.838806584274096,0.06987832778793283,8.0,72.6896003243988,High
30,39,4.111996227093066,9.793229591859241,23.541999623162,0,5.656854249492381,28.48546483829761,0.09884612031640595,9.0,69.96539927313763,High
30,40,4.111996227093066,9.795480973931626,24.150211926001987,0,6.4031242374328485,28.158742406468715,0.043465572789307516,10.0,68.40765386615519,High
30,41,4.111996227093066,9.797732356004012,24.779182215698953,0,7.0710678118654755,27.87792397553643,0.06457494311158499,11.0,65.93129346202932,High
30,42,4.111996227093066,9.799983738076397,25.42709008780856,0,7.810249675906654,27.656304321976325,0.02245684156813985,12.0,64.41586114253987,High
30,43,4.111996227093066,9.802235120148785,26.092477481961065,0,8.48528137423857,27.499700355136117,0.007261672689514015,13.0,62.749601837645784,High
30,44,4.111996227093066,9.80448650222117,26.774533662674298,0,9.219544457292887,27.407325428389356,0.02351311103341319,14.0,60.65761018453814,High
30,45,4.111996227093066,9.806737884293556,27.472887358711503,0,9.899494936611665,27.374323014338998,0.10313028456548022,15.0,57.83887485402771,High
30,46,4.111996227093066,9.808989266365941,28.187491423143136,0,10.63014581273465,27.394062235193825,0.09785635742853485,16.0,56.32630263280788,High
30,47,4.111996227093066,9.811240648438327,28.91882277629881,0,11.313708498984761,27.461099068757377,0.19261048359861166,17.0,53.49570926823173,Moderate
30,48,4.111996227093066,9.813492030510714,29.667614143543943,0,12.041594578792296,27.571094249657506,0.11192039713169523,18.0,53.31595504716724,Moderate
30,49,4.111996227093066,9.8157434125831,30.434892354048834,0,12.727922061357855,27.721777694183107,0.09951974702931954,19.0,52.26810520925185,Moderate
30,50,4.111996227093066,9.817994794655485,31.221851456823703,0,13.45362404707371,27.911284131722866,0.1174663755366786,20.0,50.781212188528855,Moderate
30,51,4.111996227093066,9.82024617672787,32.02985615920479,0,14.142135623730951,28.136714839200067,0.1606056012520405,21.0,49.05242614663483,Moderate
30,52,4.111996227093066,9.822497558800256,32.860204710082094,0,14.866068747318506,28.39197995920762,0.13467889832503321,22.0,48.35918908580234,Moderate
30,53,4.111996227093066,9.824748940872642,33.7145522998913,0,15.556349186104045,28.66764585424514,0.2921070598823949,23.0,45.9338908938759,Moderate
30,54,4.111996227093066,9.827000322945029,34.594210724457724,0,16.278820596099706,28.950429705992935,0.19474950871858943,24.0,47.55579449500139,Moderate
30,55,4.111996227093066,9.829251705017414,35.50049782599697,0,16.97056274847714,29.2249275865406,0.2907733107892627,25.0,46.24134079445605,Moderate
30,56,4.111996227093066,9.8315030870898,36.434530063877475,0,17.69180601295413,29.472853756962976,0.07139980294536101,26.0,49.57756138206738,Moderate
30,57,4.111996227093066,9.833754469162185,37.397313497315984,0,18.384776310850235,29.67727914627462,0.18548920252641185,27.0,47.79023347837159,Moderate
30,58,4.111996227093066,9.836005851234571,38.38950477828492,0,19.1049731745428,29.823035839529755,0.24793547575908176,28.0,46.61907093195257,Moderate
30,59,4.111996227093066,9.838257233306958,39.41143170101535,0,19.79898987322333,29.89908372362348,0.21608418606651794,29.0,46.67713781057919,Moderate
31,0,4.114242005030543,9.705425691036194,41.90412124298166,0,21.93171219946131,32.38590142493878,0.11463041407647,30.01666203960727,52.711487152194834,Moderate
31,1,4.114242005030543,9.707677073108579,40.83431608745875,0,21.213203435596427,32.358328982221146,0.12241001795273677,29.017236257093817,53.15934756445579,Moderate
31,2,4.114242005030543,9.709928455180965,39.78187873808803,0,20.518284528683193,32.30355135368509,0.20406079879738206,28.0178514522438,52.42345072917091,Moderate
31,3,4.114242005030543,9.712179837253352,38.74715912949384,0,19.79898987322333,32.22231811158928,0.13917523249239694,27.018512172212592,53.81150638890206,Moderate
31,4,4.114242005030543,9.714431219325737,37.73071396278031,0,19.1049731745428,32.11441853787172,0.0729510828191463,26.019223662515376,55.14471286524226,High
31,5,4.114242005030543,9.716682601398123,36.732939650121715,0,18.384776310850235,31.978079056270406,0.03127123262990269,25.019992006393608,56.03032645500865,High
31,6,4.114242005030543,9.718933983470508,35.75426105028352,0,17.69180601295413,31.81049530412962,0.06597614205325562,24.020824298928627,55.68374325995239,High
31,7,4.114242005030543,9.721185365542894,34.795170519651705,0,16.97056274847714,31.607877580619903,0.15484552416685937,23.021728866442675,54.428860357172525,Moderate
31,8,4.114242005030543,9.72343674761528,33.85600348316895,0,16.278820596099706,31.367462932563846,0.2842772833204993,22.02271554554524,52.462864544695165,Moderate
31,9,4.114242005030543,9.725688129687667,32.93709681087479,0,15.556349186104045,31.089300130419627,0.01658827895753699,21.02379604162864,56.350921598867146,High
31,10,4.114242005030543,9.727939511760052,32.03877209863354,0,14.866068747318506,30.77888047322005,0.16901168718879425,20.024984394500787,54.070773386149604,Moderate
31,11,4.114242005030543,9.730190893832438,31.16123560125504,0,14.142135623730951,30.446996567092917,0.20527815736040947,19.026297590440446,54.45241997795585,Moderate
31,12,4.114242005030543,9.732442275904823,30.304753230328856,0,13.45362404707371,30.109876758025653,0.20668300454516644,18.027756377319946,55.27294296548113,High
31,13,4.114242005030543,9.734693657977209,29.469669975373638,0,12.727922061357855,29.788008843337913,0.030693773313301864,17.029386365926403,58.840433105372504,High
31,14,4.114242005030543,9.736945040049594,28.656480127853968,0,12.041594578792296,29.503775737286503,0.0974136123465026,16.0312195418814,58.77929001095935,High
31,15,4.114242005030543,9.739196422121982,27.865667972527056,0,11.313708498984761,29.278303213236427,0.15856853255344736,15.033296378372908,58.99904865010753,High
31,16,4.114242005030543,9.741447804194367,27.09806286170427,0,10.63014581273465,29.128148146915805,0.05473771568275576,14.035668847618199,61.78722639659837,High
31,17,4.114242005030543,9.743699186266753,26.35466328158607,0,9.899494936611665,29.062926827923413,0.06805178971728136,13.038404810405298,63.08676152775385,High
31,18,4.114242005030543,9.745950568339138,25.636770933568982,0,9.219544457292887,29.083228006214586,0.10547619026786235,12.041594578792296,64.13084024672897,High
31,19,4.114242005030543,9.748201950411524,24.945888719960376,0,8.48528137423857,29.18187523829888,0.08446270203983652,11.045361017187261,66.31455680585316,High
31,20,4.114242005030543,9.75045333248391,24.283798537168042,0,7.810249675906654,29.343415055607462,0.15450897876571154,10.04987562112089,67.16797922560154,High
31,21,4.114242005030543,9.752704714556296,23.65246778429198,0,7.0710678118654755,29.546868668114733,0.039381532062695145,9.055385138137417,70.98861690887878,High
31,22,4.114242005030543,9.754956096628682,23.0542375968318,0,6.4031242374328485,29.768897164235305,0.07269858428450915,8.06225774829855,72.48902211594257,High
31,23,4.114242005030543,9.757207478701067,22.4916026649387,0,5.656854249492381,29.987615852268128,0.0820395220040995,7.0710678118654755,74.45065943359627,High
31,24,4.114242005030543,9.759458860773453,21.967321818490113,0,5.0,30.18526825305297,0.04498141606591587,6.082762530298219,76.88595888883853,Extreme
31,25,4.114242005030543,9.761710242845838,21.484472750479334,0,4.242640687119285,30.349717438072403,0.05119601442341673,5.0990195135927845,78.73536617482675,Extreme
31,26,4.114242005030543,9.763961624918226,21.04642495174507,0,3.605551275463989,30.47615857611547,0.07525612127107804,4.123105625617661,79.99878492723035,Extreme
31,27,4.114242005030543,9.766213006990611,20.65742607595841,0,2.8284271247461903,30.565673652628625,0.03624457303410025,3.1622776601683795,82.32391167059447,Extreme
31,28,4.114242005030543,9.768464389062997,20.322632966993826,0,2.23606797749979,30.621684283324377,0.0015230990238254273,2.23606797749979,84.16417784023098,Extreme
31,29,4.114242005030543,9.770715771135382,20.04946052823015,0,1.4142135623730951,30.648595577248518,0.03229410252890959,1.4142135623730951,85.29820581648372,Extreme
31,30,4.114242005030543,9.772967153207768,19.850680515161457,0,1.0,30.647136214591843,0.010207463368240834,1.0,86.433575093029,Extreme
31,31,4.114242005030543,9.775218535280155,19.762819340595055,1,0.0,30.61461709136936,0.010923957851334815,1.4142135623730951,88.06307665080884,Extreme
31,32,4.114242005030543,9.77746991735254,19.935997230258604,1,0.0,30.54445897302924,0.018838633482471553,2.23606797749979,87.67345084181424,Extreme
31,33,4.114242005030543,9.779721299424926,20.217575174073446,0,1.0,30.42816964259555,0.02857588613811279,3.1622776601683795,85.4149162892141,Extreme
31,34,4.114242005030543,9.781972681497312,20.56862719360955,0,1.4142135623730951,30.257515250699146,0.022230182037979027,4.123105625617661,84.20218066934557,Extreme
31,35,4.114242005030543,9.784224063569697,20.9742599425701,0,2.23606797749979,30.029882751834332,0.03361538989715244,5.0990195135927845,81.87482050669804,Extreme
31,36,4.114242005030543,9.786475445642083,21.425114242827338,0,2.8284271247461903,29.74974952310622,0.05896111509419051,6.082762530298219,79.56757576449091,Extreme
31,37,4.114242005030543,9.78872682771447,21.914297833713935,0,3.605551275463989,29.430162386649318,0.08020490585239005,7.0710678118654755,76.89640064660338,Extreme
31,38,4.114242005030543,9.790978209786855,22.436436851762558,0,4.242640687119285,29.090202172276076,0.05687535878826278,8.06225774829855,75.05877088977878,Extreme
31,39,4.114242005030543,9.793229591859241,22.987202801278958,0,5.0,28.753716930597022,0.022537185497548427,9.055385138137417,73.1772985523272,High
31,40,4.114242005030543,9.795480973931626,23.563203292764214,0,5.656854249492381,28.44358435639544,0.05894102458370478,10.04987562112089,70.4507197057297,High
31,41,4.114242005030543,9.797732356004012,24.161571486990084,0,6.4031242374328485,28.17822482303737,0.06959008333467631,11.045361017187261,68.05595605200922,High
31,42,4.114242005030543,9.799983738076397,24.78028176137127,0,7.0710678118654755,27.970119392376795,0.014828127458562636,12.041594578792296,66.89864156993269,High
31,43,4.114242005030543,9.802235120148785,25.417725329233498,0,7.810249675906654,27.82443264489329,0.06436148446840763,13.038404810405298,64.19727999428352,High
31,44,4.114242005030543,9.80448650222117,26.072959631752664,0,8.48528137423857,27.740062758450378,0.15760452001764916,14.035668847618199,61.0842084606037,High
31,45,4.114242005030543,9.806737884293556,26.7455103956162,0,9.219544457292887,27.712115186600283,0.1800888232941783,15.033296378372908,59.05932210325796,High
31,46,4.114242005030543,9.808989266365941,27.435240157803406,0,9.899494936611665,27.734139778857344,0.17133818282130944,16.0312195418814,57.703568028014814,High
31,47,4.114242005030543,9.811240648438327,28.142547018704143,0,10.63014581273465,27.800771433219573,0.08291294283156732,17.029386365926403,57.55537782283455,High
31,48,4.114242005030543,9.813492030510714,28.86809407831425,0,11.313708498984761,27.90732952419039,0.11605566855433554,18.027756377319946,55.74744277405128,High
31,49,4.114242005030543,9.8157434125831,29.612830737378488,0,12.041594578792296,28.050634717346473,0.10202939172579542,19.026297590440446,54.65025636868977,Moderate
31,50,4.114242005030543,9.817994794655485,30.377897608587496,0,12.727922061357855,28.227268093410512,0.12734702234557177,20.024984394500787,53.10036407999007,Moderate
31,51,4.114242005030543,9.82024617672787,31.164599367715002,0,13.45362404707371,28.432596074252036,0.23342478315250811,21.02379604162864,50.32971768490477,Moderate
31,52,4.114242005030543,9.822497558800256,31.974171254696923,0,14.142135623730951,28.65925027903267,0.02816067780423333,22.02271554554524,52.32900077353908,Moderate
31,53,4.114242005030543,9.824748940872642,32.80823315352986,0,14.866068747318506,28.897381357761713,0.15919913176940526,23.021728866442675,49.2378772012523,Moderate
31,54,4.114242005030543,9.827000322945029,33.66804319086119,0,15.556349186104045,29.135024398200112,0.12128626205272054,24.020824298928627,49.64800167247645,Moderate
31,55,4.114242005030543,9.829251705017414,34.55487904846148,0,16.278820596099706,29.359790829798346,0.03284238492128691,25.019992006393608,50.992395116760214,Moderate
31,56,4.114242005030543,9.8315030870898,35.469810999078454,0,16.97056274847714,29.55805531438796,0.07451574172475971,26.019223662515376,50.30470555427469,Moderate
31,57,4.114242005030543,9.833754469162185,36.41382025822503,0,17.69180601295413,29.718353356057513,0.28768296933780624,27.018512172212592,46.9361246787395,Moderate
31,58,4.114242005030543,9.836005851234571,37.387522816084214,0,18.384776310850235,29.83093863426887,0.28346995333289304,28.0178514522438,46.69595424451473,Moderate
31,59,4.114242005030543,9.838257233306958,38.39122550185117,0,19.1049731745428,29.889181729607127,0.20965607627572563,29.017236257093817,47.35137419115061,Moderate
32,0,4.11648778296802,9.705425691036194,42.97102309453254,0,22.627416997969522,32.01332243163722,0.17199923076703286,30.066592756745816,50.32546920064922,Moderate
32,1,4.11648778296802,9.707677073108579,41.88410449369835,0,21.93171219946131,32.003616982029435,0.14678917496537144,29.068883707497267,51.321249231238,Moderate
32,2,4.11648778296802,9.709928455180965,40.81450084324447,0,21.213203435596427,31.983802324362813,0.12626894873575611,28.071337695236398,52.21215114875296,Moderate
32,3,4.11648778296802,9.712179837253352,39.76249366345465,0,20.518284528683193,31.95286753528196,0.08247118671391189,27.073972741361768,53.415087439598985,Moderate
32,4,4.11648778296802,9.714431219325737,38.728533673698905,0,19.79898987322333,31.907955215583687,0.16601916794505459,26.076809620810597,52.663569081366376,Moderate
32,5,4.11648778296802,9.716682601398123,37.71289305830452,0,19.1049731745428,31.843645106881585,0.022566024657517274,25.079872407968907,55.25959907527322,High
32,6,4.11648778296802,9.718933983470508,36.71588571125689,0,18.384776310850235,31.752673834360728,0.18800593754136824,24.08318915758459,53.1471061177442,Moderate
32,7,4.11648778296802,9.721185365542894,35.737883775277766,0,17.69180601295413,31.626207449336476,0.08044701411536102,23.08679276123039,55.03299732647373,High
32,8,4.11648778296802,9.72343674761528,34.779118396183314,0,16.97056274847714,31.45651376964647,0.2965312438182512,22.090722034374522,51.94890525617007,Moderate
32,9,4.11648778296802,9.725688129687667,33.839845644374094,0,16.278820596099706,31.239119478787508,0.03236268898954899,21.095023109728988,55.942356514945345,High
32,10,4.11648778296802,9.727939511760052,32.92034300083412,0,15.556349186104045,30.976260393944326,0.15993475575352553,20.09975124224178,53.93866507500111,Moderate
32,11,4.11648778296802,9.730190893832438,32.02079620766787,0,14.866068747318506,30.676668811997235,0.19096783550645396,19.1049731745428,53.50614155007485,Moderate
32,12,4.11648778296802,9.732442275904823,31.141495909838557,0,14.142135623730951,30.356211406502837,0.20445378310493845,18.110770276274835,54.25802483442763,Moderate
32,13,4.11648778296802,9.734693657977209,30.28281140188365,0,13.45362404707371,30.036537695468972,0.17035808356340998,17.11724276862369,55.65432470390353,High
32,14,4.11648778296802,9.736945040049594,29.445309945962304,0,12.727922061357855,29.742497436927835,0.14746347949284608,16.1245154965971,56.993766424541526,High
32,15,4.11648778296802,9.739196422121982,28.629526029529934,0,12.041594578792296,29.498558489747474,0.10196385163551457,15.132745950421556,58.71438067072494,High
32,16,4.11648778296802,9.741447804194367,27.836353203571818,0,11.313708498984761,29.325070276998098,0.08297604834637944,14.142135623730951,60.262730832094945,High
32,17,4.11648778296802,9.743699186266753,27.066832689911344,0,10.63014581273465,29.235646977145503,0.11223059298889249,13.152946437965905,61.201859974662675,High
32,18,4.11648778296802,9.745950568339138,26.322285698902085,0,9.899494936611665,29.234504253351044,0.05232193471875124,12.165525060596439,63.75456646699094,High
32,19,4.11648778296802,9.748201950411524,25.604192975658435,0,9.219544457292887,29.317497758726873,0.10360148727629492,11.180339887498949,64.74175485471567,High
32,20,4.11648778296802,9.75045333248391,24.914265557619622,0,8.48528137423857,29.47126403975067,0.1436352226932081,10.198039027185569,66.1417997633745,High
32,21,4.11648778296802,9.752704714556296,24.254344183120065,0,7.810249675906654,29.675782838462847,0.06184542581695653,9.219544457292887,69.37487873198104,High
32,22,4.11648778296802,9.754956096628682,23.626582480126405,0,7.0710678118654755,29.90737988402585,0.04996642142996736,8.246211251235321,71.71238963124615,High
32,23,4.11648778296802,9.757207478701067,23.033199084440742,0,6.4031242374328485,30.14267936429283,0.09233488795678917,7.280109889280518,73.10609134928544,High
32,24,4.11648778296802,9.759458860773453,22.476587704752212,0,5.656854249492381,30.36148378083162,0.031820860157452016,6.324555320336759,76.11220717775014,Extreme
32,25,4.11648778296802,9.761710242845838,21.95933589567028,0,5.0,30.5488423052186,0.024370571021748944,5.385164807134504,78.07448026326733,Extreme
32,26,4.11648778296802,9.763961624918226,21.4841499309871,0,4.242640687119285,30.69716637382717,0.04845347120826671,4.47213595499958,79.61255178242969,Extreme
32,27,4.11648778296802,9.766213006990611,21.054326062813015,0,3.605551275463989,30.80550459641275,0.02844043310481977,3.605551275463989,81.4886677522005,Extreme
32,28,4.11648778296802,9.768464389062997,20.673542422887497,0,2.8284271247461903,30.87620895095611,0.0054406822256211525,2.8284271247461903,83.52351993727657,Extreme
32,29,4.11648778296802,9.770715771135382,20.34663745348692,0,2.23606797749979,30.91365097359054,0.026557694359546743,2.23606797749979,84.47688656489638,Extreme
32,30,4.11648778296802,9.772967153207768,20.080683525033876,0,1.4142135623730951,30.91951344620166,0.06338674989347225,2.0,85.46514976140797,Extreme
32,31,4.11648778296802,9.775218535280155,19.88815527396782,0,1.0,30.892600207169806,0.053488978892251515,2.23606797749979,86.35276489641973,Extreme
32,32,4.11648778296802,9.77746991735254,19.80521457070652,1,0.0,30.828021903363243,0.0789326800906065,2.8284271247461903,87.53133195822188,Extreme
32,33,4.11648778296802,9.779721299424926,19.981701331169283,1,0.0,30.718834689538337,0.03929392491500591,3.605551275463989,87.75916410117328,Extreme
32,34,4.11648778296802,9.781972681497312,20.2647537239394,0,1.0,30.557639845774258,0.04729353288030261,4.47213595499958,85.41779561934239,Extreme
32,35,4.11648778296802,9.784224063569697,20.615494449493205,0,1.4142135623730951,30.34222251652639,0.03793844142285606,5.385164807134504,84.1426982931602,Extreme
32,36,4.11648778296802,9.786475445642083,21.018965131470175,0,2.23606797749979,30.076817501565408,0.021170715657520156,6.324555320336759,82.14803789589513,Extreme
32,37,4.11648778296802,9.78872682771447,21.46580167845365,0,2.8284271247461903,29.773680186952973,0.04325976751374653,7.280109889280518,79.83667172779226,Extreme
32,38,4.11648778296802,9.790978209786855,21.949281402436398,0,3.605551275463989,29.450750150317333,0.042374759912697645,8.246211251235321,77.49275026224987,Extreme
32,39,4.11648778296802,9.793229591859241,22.464257070230268,0,4.242640687119285,29.130498819640547,0.09185796364855714,9.219544457292887,74.61456722898146,High
32,40,4.11648778296802,9.795480973931626,23.006792009102192,0,5.0,28.834384871466945,0.03359326682072126,10.198039027185569,73.19396786136693,High
32,41,4.11648778296802,9.797732356004012,23.57365140863206,0,5.656854249492381,28.579540763227612,0.10771283636864525,11.180339887498949,70.04005107435817,High
32,42,4.11648778296802,9.799983738076397,24.162528135410668,0,6.4031242374328485,28.377516941277072,0.06063870971384416,12.165525060596439,68.66909908106459,High
32,43,4.11648778296802,9.802235120148785,24.771607605660243,0,7.0710678118654755,28.233055263896034,0.0738270360603173,13.152946437965905,66.65131747021637,High
32,44,4.11648778296802,9.80448650222117,25.399774629360632,0,7.810249675906654,28.14528341880491,0.14984642400534454,14.142135623730951,63.69746173785469,High
32,45,4.11648778296802,9.806737884293556,26.046418826888527,0,8.48528137423857,28.10997600602285,0.18876120293620047,15.132745950421556,61.52240928695378,High
32,46,4.11648778296802,9.808989266365941,26.71128712924427,0,9.219544457292887,28.12162012884356,0.052039300213398774,16.1245154965971,61.98539216693485,High
32,47,4.11648778296802,9.811240648438327,27.39467388973955,0,9.899494936611665,28.175493641543113,0.1336071431377149,17.11724276862369,59.355220308188095,High
32,48,4.11648778296802,9.813492030510714,28.097152066591605,0,10.63014581273465,28.26695823538039,0.13924147974304651,18.110770276274835,57.858724569341604,High
32,49,4.11648778296802,9.8157434125831,28.819573096770327,0,11.313708498984761,28.39200420998793,0.09682987874700784,19.1049731745428,57.23042416133983,High
32,50,4.11648778296802,9.817994794655485,29.56300432808855,0,12.041594578792296,28.545536299518876,0.1485362470381697,20.09975124224178,55.172620736471586,High
32,51,4.11648778296802,9.82024617672787,30.32867176543481,0,12.727922061357855,28.72093460463453,0.16994153835579975,21.095023109728988,53.67808816420718,Moderate
32,52,4.11648778296802,9.822497558800256,31.117729111231984,0,13.45362404707371,28.90927924542695,0.2352868188865394,22.090722034374522,51.47618305568835,Moderate
32,53,4.11648778296802,9.824748940872642,31.931742003678025,0,14.142135623730951,29.10018092167269,0.11410089549949315,23.08679276123039,52.12566469175678,Moderate
32,54,4.11648778296802,9.827000322945029,32.771898381828066,0,14.866068747318506,29.283059144925293,0.2996510866450683,24.08318915758459,48.08034936152928,Moderate
32,55,4.11648778296802,9.829251705017414,33.63941955299017,0,15.556349186104045,29.448802591850548,0.2267237788185338,25.079872407968907,48.83817431228418,Moderate
32,56,4.11648778296802,9.8315030870898,34.53531604545345,0,16.278820596099706,29.588930430545442,0.11559270412866088,26.076809620810597,50.31391761933672,Moderate
32,57,4.11648778296802,9.833754469162185,35.46053188102314,0,16.97056274847714,29.698015562602023,0.08696974752722003,27.073972741361768,50.46006958760414,Moderate
32,58,4.11648778296802,9.836005851234571,36.41563259912691,0,17.69180601295413,29.772314618691695,0.23302602718327858,28.071337695236398,47.88472451989792,Moderate
32,59,4.11648778296802,9.838257233306958,37.40089715923949,0,18.384776310850235,29.810062322957762,0.2983097702693713,29.068883707497267,46.41524778069554,Moderate
33,0,4.118733560905498,9.705425691036194,44.062988751677196,0,23.345235059857504,31.626965487391384,0.13279554134445953,30.14962686336267,49.34011263076755,Moderate
33,1,4.118733560905498,9.707677073108579,42.95919447355038,0,22.627416997969522,31.63530447197843,0.22287287231894182,29.154759474226502,48.6599432359318,Moderate
33,2,4.118733560905498,9.709928455180965,41.872640836394766,0,21.93171219946131,31.650488495581882,0.09889602571479951,28.160255680657446,51.19688644927349,Moderate
33,3,4.118733560905498,9.712179837253352,40.80354381571968,0,21.213203435596427,31.669225182323082,0.14537480614825268,27.16615541441225,51.175247375589485,Moderate
33,4,4.118733560905498,9.714431219325737,39.75225090486562,0,20.518284528683193,31.685487909898043,0.08084802765061228,26.1725046566048,52.80224064957838,Moderate
33,5,4.118733560905498,9.716682601398123,38.71891342474464,0,19.79898987322333,31.689887455503374,0.3243526039283067,25.179356624028344,49.76963569750418,Moderate
33,6,4.118733560905498,9.718933983470508,37.703737645843,0,19.1049731745428,31.67074975749757,0.2194232450516129,24.186773244895647,51.89620596390294,Moderate
33,7,4.118733560905498,9.721185365542894,36.706978136771376,0,18.384776310850235,31.614639820390934,0.13727009214476973,23.194827009486403,53.58132867072389,Moderate
33,8,4.118733560905498,9.72343674761528,35.728763853302844,0,17.69180601295413,31.509642186003166,0.12154875550053322,22.20360331117452,54.14142862610911,Moderate
33,9,4.118733560905498,9.725688129687667,34.769270999024066,0,16.97056274847714,31.347687920338426,0.06533265594738115,21.213203435596427,55.16088919135671,High
33,10,4.118733560905498,9.727939511760052,33.828733051801706,0,16.278820596099706,31.12856193900815,0.06820783382490161,20.223748416156685,55.145264646812684,High
33,11,4.118733560905498,9.730190893832438,32.9073159010699,0,15.556349186104045,30.859495157486947,0.12355069167790969,19.235384061671343,54.21120652232181,Moderate
33,12,4.118733560905498,9.732442275904823,32.00533414205572,0,14.866068747318506,30.556133236887757,0.1777725916421269,18.24828759089466,53.42321634732331,Moderate
33,13,4.118733560905498,9.734693657977209,31.12318329207578,0,14.142135623730951,30.2410100074134,0.13331159424887584,17.26267650163207,55.05881724867816,High
33,14,4.118733560905498,9.736945040049594,30.261504933613402,0,13.45362404707371,29.940853970523488,0.11161807597306794,16.278820596099706,56.31780355521817,High
33,15,4.118733560905498,9.739196422121982,29.42088931846088,0,12.727922061357855,29.682738046053572,0.05810966017774137,15.297058540778355,58.20471201936975,High
33,16,4.118733560905498,9.741447804194367,28.602302460464372,0,12.041594578792296,29.49014629881583,0.1297724297831273,14.317821063276353,58.293069092087215,High
33,17,4.118733560905498,9.743699186266753,27.80684003645444,0,11.313708498984761,29.380261657598616,0.12675331301449275,13.341664064126334,59.756250139481345,High
33,18,4.118733560905498,9.745950568339138,27.03585849092834,0,10.63014581273465,29.360863876256772,0.16579207110876262,12.36931687685298,60.71793790482235,High
33,19,4.118733560905498,9.748201950411524,26.29084118009129,0,9.899494936611665,29.431145409753352,0.1382604152509291,11.40175425099138,62.957091885462106,High
33,20,4.118733560905498,9.75045333248391,25.573456887173514,0,9.219544457292887,29.58040982606812,0.012442311888560185,10.44030650891055,66.75975511083318,High
33,21,4.118733560905498,9.752704714556296,24.885459968402607,0,8.48528137423857,29.790313774194523,0.07469085044442515,9.486832980505138,67.96048977200671,High
33,22,4.118733560905498,9.754956096628682,24.228865526402487,0,7.810249675906654,30.037497754247465,0.07056521140738756,8.54400374531753,70.12928394084308,High
33,23,4.118733560905498,9.757207478701067,23.605682101314216,0,7.0710678118654755,30.29750551137495,0.002696904106286854,7.615773105863909,73.37228206393902,High
33,24,4.118733560905498,9.759458860773453,23.01802602037474,0,6.4031242374328485,30.547737959006184,0.028987956024484122,6.708203932499369,75.0396916938174,Extreme
33,25,4.118733560905498,9.761710242845838,22.46811755666176,0,5.656854249492381,30.77004904248664,0.09420339215189155,5.830951894845301,76.16434870058286,Extreme
33,26,4.118733560905498,9.763961624918226,21.95818212460434,0,5.0,30.953301702080104,0.06499120588915024,5.0,78.43885816033225,Extreme
33,27,4.118733560905498,9.766213006990611,21.490860003317874,0,4.242640687119285,31.093533641857633,0.06163486881998753,4.242640687119285,80.36441355781595,Extreme
33,28,4.118733560905498,9.768464389062997,21.068885229821912,0,3.605551275463989,31.19102970584443,0.010912554698320328,3.605551275463989,82.67045694482545,Extreme
33,29,4.118733560905498,9.770715771135382,20.695652328794328,0,2.8284271247461903,31.24929095581909,0.03829619142552183,3.1622776601683795,83.91517114717475,Extreme
33,30,4.118733560905498,9.772967153207768,20.37565849083031,0,2.23606797749979,31.270469022880235,0.04442703318738851,3.0,85.05012853875643,Extreme
33,31,4.118733560905498,9.775218535280155,20.11571378628289,0,1.4142135623730951,31.254770703341737,0.02907433750630109,3.1622776601683795,86.76570549745392,Extreme
33,32,4.118733560905498,9.77746991735254,19.927937945385633,0,1.0,31.199270073320854,0.06018864265965601,3.605551275463989,86.96656427995188,Extreme
33,33,4.118733560905498,9.779721299424926,19.848224933035784,1,0.0,31.09910180046512,0.015517470775939441,4.242640687119285,89.10933229959333,Extreme
33,34,4.118733560905498,9.781972681497312,20.026194380655998,1,0.0,30.948297348915602,0.04898765204886303,5.0,88.1395375348777,Extreme
33,35,4.118733560905498,9.784224063569697,20.309060402403638,0,1.0,30.74549348727937,0.014614742528484714,5.830951894845301,86.33376800576028,Extreme
33,36,4.118733560905498,9.786475445642083,20.657872352157963,0,1.4142135623730951,30.494868606947627,0.049549718801446256,6.708203932499369,84.31075837846195,Extreme
33,37,4.118733560905498,9.78872682771447,21.057667872191317,0,2.23606797749979,30.207757023729854,0.07087372936582814,7.615773105863909,81.69466981240505,Extreme
33,38,4.118733560905498,9.790978209786855,21.49924552930015,0,2.8284271247461903,29.90057111152575,0.07235403190571499,8.54400374531753,79.68579645457329,Extreme
33,39,4.118733560905498,9.793229591859241,21.97610891779626,0,3.605551275463989,29.593848374690126,0.07632790802922797,9.486832980505138,77.31188338107162,Extreme
33,40,4.118733560905498,9.795480973931626,22.48348900128143,0,4.242640687119285,29.307117961812974,0.028742127877952075,10.44030650891055,75.97485556661205,Extreme
33,41,4.118733560905498,9.797732356004012,23.01761019630503,0,5.0,29.05590495746861,0.110706283850881,11.40175425099138,72.56380325429386,High
33,42,4.118733560905498,9.799983738076397,23.57577288461124,0,5.656854249492381,28.850794536930568,0.13972012115017501,12.36931687685298,70.21124529037446,High
33,43,4.118733560905498,9.802235120148785,24.155880110380473,0,6.4031242374328485,28.696408579709296,0.13168341049670534,13.341664064126334,68.374505905622,High
33,44,4.118733560905498,9.80448650222117,24.75658964239086,0,7.0710678118654755,28.592689300086676,0.1264403148489261,14.317821063276353,66.73614543446766,High
33,45,4.118733560905498,9.806737884293556,25.377112424902684,0,7.810249675906654,28.53682987529438,0.06869630989299667,15.297058540778355,65.8700201914057,High
33,46,4.118733560905498,9.808989266365941,26.017047668540783,0,8.48528137423857,28.525058687908928,0.13693209362443604,16.278820596099706,63.315730114367696,High
33,47,4.118733560905498,9.811240648438327,26.676555803027988,0,9.219544457292887,28.553949792463715,0.0679403463603902,17.26267650163207,62.8074126836653,High
33,48,4.118733560905498,9.813492030510714,27.356094780461746,0,9.899494936611665,28.619426347242744,0.05048400433776515,18.24828759089466,61.692786124512565,High
33,49,4.118733560905498,9.8157434125831,28.05639439387631,0,10.63014581273465,28.71690984155509,0.02568002281518351,19.235384061671343,60.66862955457649,High
33,50,4.118733560905498,9.817994794655485,28.778425575347477,0,11.313708498984761,28.83970543494216,0.0645362551560046,20.223748416156685,58.816127811276786,High
33,51,4.118733560905498,9.82024617672787,29.5233142415434,0,12.041594578792296,28.97911783500729,0.045160028440404405,21.213203435596427,57.789736129415836,High
33,52,4.118733560905498,9.822497558800256,30.292112004890637,0,12.727922061357855,29.12446126892173,0.06158859404319674,22.20360331117452,56.29570549436549,High
33,53,4.118733560905498,9.824748940872642,31.086308671505616,0,13.45362404707371,29.264587716964932,0.2086507032207534,23.194827009486403,52.749018803473334,Moderate
33,54,4.118733560905498,9.827000322945029,31.90700374202492,0,14.142135623730951,29.39007559396215,0.04673905818903868,24.186773244895647,53.84807982780549,Moderate
33,55,4.118733560905498,9.829251705017414,32.755344395178355,0,14.866068747318506,29.494868919183602,0.05786753794101446,25.179356624028344,52.22641508307293,Moderate
33,56,4.118733560905498,9.8315030870898,33.63226644910737,0,15.556349186104045,29.575484303052257,0.24832057226298143,26.1725046566048,48.82319863282469,Moderate
33,57,4.118733560905498,9.833754469162185,34.538663298209805,0,16.278820596099706,29.632411496447755,0.32224643942963005,27.16615541441225,47.31673994594731,Moderate
33,58,4.118733560905498,9.836005851234571,35.4750396544935,0,16.97056274847714,29.667836621259724,0.2289043694400627,28.160255680657446,48.24989332753088,Moderate
33,59,4.118733560905498,9.838257233306958,36.4416388494501,0,17.69180601295413,29.68480257348602,0.2878944211125952,29.154759474226502,46.835834685602386,Moderate
34,0,4.120979338842975,9.705425691036194,45.17986755455093,0,24.041630560342615,31.261869053871372,0.23977673066530725,30.265491900843113,46.198437461529785,Moderate
34,1,4.120979338842975,9.707677073108579,44.0594277452762,0,23.345235059857504,31.287209626335923,0.17441995552395048,29.274562336608895,47.90049653994984,Moderate
34,2,4.120979338842975,9.709928455180965,42.95613716717397,0,22.627416997969522,31.335056716839233,0.10878795380406549,28.284271247461902,49.650714650918225,Moderate
34,3,4.120979338842975,9.712179837253352,41.87014968135479,0,21.93171219946131,31.39946381782509,0.14409937576473533,27.294688127912362,49.91641580636378,Moderate
34,4,4.120979338842975,9.714431219325737,40.80171330144313,0,21.213203435596427,31.470920924707983,0.2649064907558831,26.30589287593181,48.90629151182886,Moderate
34,5,4.120979338842975,9.716682601398123,39.75086293773735,0,20.518284528683193,31.536012877490016,0.20575006658217532,25.317977802344327,50.56993684413867,Moderate
34,6,4.120979338842975,9.718933983470508,38.717701150107246,0,19.79898987322333,31.57899989685565,0.11838642104908621,24.331050121192877,52.593081404588624,Moderate
34,7,4.120979338842975,9.721185365542894,37.702368469453475,0,19.1049731745428,31.582612232433384,0.054044126459891886,23.345235059857504,54.165667936967864,Moderate
34,8,4.120979338842975,9.72343674761528,36.70489412795075,0,18.384776310850235,31.531840918766953,0.18912037880136492,22.360679774997898,52.605614229835915,Moderate
34,9,4.120979338842975,9.725688129687667,35.72537518298904,0,17.69180601295413,31.416215145222772,0.09129301975836038,21.37755832643195,54.372505816766,Moderate
34,10,4.120979338842975,9.727939511760052,34.76400025272689,0,16.97056274847714,31.234071416890814,0.09228420721845375,20.396078054371138,54.486397231769104,Moderate
34,11,4.120979338842975,9.730190893832438,33.82091438441161,0,16.278820596099706,30.991819750724332,0.19658109495272985,19.4164878389476,52.89531619370994,Moderate
34,12,4.120979338842975,9.732442275904823,32.89645281844139,0,15.556349186104045,30.70505134073431,0.15415392485547708,18.439088914585774,53.38701907493224,Moderate
34,13,4.120979338842975,9.734693657977209,31.99103650945309,0,14.866068747318506,30.396827703682284,0.08354831179366484,17.46424919657298,54.46177119810673,Moderate
34,14,4.120979338842975,9.736945040049594,31.10537867805031,0,14.142135623730951,30.095010576418225,0.06797344441159997,16.492422502470642,55.69815874490711,High
34,15,4.120979338842975,9.739196422121982,30.24012697678163,0,13.45362404707371,29.82831077983757,0.10133184295660268,15.524174696260024,56.21395916913768,High
34,16,4.120979338842975,9.741447804194367,29.3963233603004,0,12.727922061357855,29.622412319041057,0.16432610946072432,14.560219778561036,56.48082685610031,High
34,17,4.120979338842975,9.743699186266753,28.575124498685778,0,12.041594578792296,29.4973340850386,0.12517046503159784,13.601470508735444,58.395417589702745,High
34,18,4.120979338842975,9.745950568339138,27.777932487915194,0,11.313708498984761,29.46404801570526,0.10421967650228306,12.649110640673518,60.31286668924905,High
34,19,4.120979338842975,9.748201950411524,27.006252067955465,0,10.63014581273465,29.525111928198683,0.044749863982670286,11.704699910719626,62.946161661308174,High
34,20,4.120979338842975,9.75045333248391,26.261731780320183,0,9.899494936611665,29.67286437738305,0.10311567521531272,10.770329614269007,64.082932130476,High
34,21,4.120979338842975,9.752704714556296,25.546071819372596,0,9.219544457292887,29.891237785429677,0.04567586249659063,9.848857801796104,67.02515946186254,High
34,22,4.120979338842975,9.754956096628682,24.861187545729983,0,8.48528137423857,30.15783749827608,0.021849818586317703,8.94427190999916,69.65157013876613,High
34,23,4.120979338842975,9.757207478701067,24.20892945429767,0,7.810249675906654,30.447664201130923,0.043983855536856936,8.06225774829855,71.52649743319127,High
34,24,4.120979338842975,9.759458860773453,23.591203168591136,0,7.0710678118654755,30.735994561324656,0.08048588989848142,7.211102550927978,73.26885786692276,High
34,25,4.120979338842975,9.761710242845838,23.00995064316075,0,6.4031242374328485,31.001423272243812,0.029431856029394972,6.4031242374328485,76.12922509404211,Extreme
34,26,4.120979338842975,9.763961624918226,22.467039505696555,0,5.656854249492381,31.228846394128723,0.0486483365693251,5.656854249492381,77.9520379905597,Extreme
34,27,4.120979338842975,9.766213006990611,21.96463678206843,0,5.0,31.41061397809761,0.04754077306401328,5.0,79.79696327766155,Extreme
34,28,4.120979338842975,9.768464389062997,21.504828440221203,0,4.242640687119285,31.544163935401095,0.04307795298942141,4.47213595499958,81.71861006517769,Extreme
34,29,4.120979338842975,9.770715771135382,21.090098863266597,0,3.605551275463989,31.63139211957054,0.07064595979194652,4.123105625617661,82.82132458717363,Extreme
34,30,4.120979338842975,9.772967153207768,20.723502045819842,0,2.8284271247461903,31.674407023762853,0.018116941295929032,4.0,85.22413708893384,Extreme
34,31,4.120979338842975,9.775218535280155,20.40930589216073,0,2.23606797749979,31.674599279381482,0.022985805896856244,4.123105625617661,86.3241196107434,Extreme
34,32,4.120979338842975,9.77746991735254,20.153974354546968,0,1.4142135623730951,31.63108767462997,0.03528899424143951,4.47213595499958,87.55522747781461,Extreme
34,33,4.120979338842975,9.779721299424926,19.969371048860914,0,1.0,31.541395957188314,0.04995790049034297,5.0,87.91864291814193,Extreme
34,34,4.120979338842975,9.781972681497312,19.891172763649063,1,0.0,31.401396821627692,0.02857508076249568,5.656854249492381,89.61537137806772,Extreme
34,35,4.120979338842975,9.784224063569697,20.069100069717837,1,0.0,31.210897743916917,0.05594318586523083,6.4031242374328485,88.64163933896775,Extreme
34,36,4.120979338842975,9.786475445642083,20.35028642531563,0,1.0,30.97415394378214,0.07017084625202515,7.211102550927978,86.02620256376586,Extreme
34,37,4.120979338842975,9.78872682771447,20.695778701685455,0,1.4142135623730951,30.70147333608636,0.031172882492769016,8.06225774829855,85.06108530317157,Extreme
34,38,4.120979338842975,9.790978209786855,21.090773102805898,0,2.23606797749979,30.407449358164527,0.057332766524084325,8.94427190999916,82.35866081900589,Extreme
34,39,4.120979338842975,9.793229591859241,21.526293674080346,0,2.8284271247461903,30.1102708840867,0.059240354544447774,9.848857801796104,80.37102503358146,Extreme
34,40,4.120979338842975,9.795480973931626,21.996210093748545,0,3.605551275463989,29.8271835878635,0.13632503477296168,10.770329614269007,76.96140638834216,Extreme
34,41,4.120979338842975,9.797732356004012,22.49591912199015,0,4.242640687119285,29.57193145847946,0.03968395389665636,11.704699910719626,76.44045909143541,Extreme
34,42,4.120979338842975,9.799983738076397,23.022157121902545,0,5.0,29.35419923386972,0.04024260935195308,12.649110640673518,74.33568279715996,High
34,43,4.120979338842975,9.802235120148785,23.572432959154597,0,5.656854249492381,29.178840685497978,0.11767479150592722,13.601470508735444,71.33307470252788,High
34,44,4.120979338842975,9.80448650222117,24.145101384821444,0,6.4031242374328485,29.047176040913975,0.13154456130800882,14.560219778561036,69.22678552797217,High
34,45,4.120979338842975,9.806737884293556,24.739137803391095,0,7.0710678118654755,28.958514502132807,0.15409757095073476,15.524174696260024,67.2116431171823,High
34,46,4.120979338842975,9.808989266365941,25.353951540010602,0,7.810249675906654,28.911563173833102,0.01944104289497926,16.492422502470642,67.52400264556032,High
34,47,4.120979338842975,9.811240648438327,25.989531663293732,0,8.48528137423857,28.90482828094521,0.05439634811859232,17.46424919657298,65.48360384925829,High
34,48,4.120979338842975,9.813492030510714,26.646190493989828,0,9.219544457292887,28.935356873284817,0.19265074822799105,18.439088914585774,61.87221379971831,High
34,49,4.120979338842975,9.8157434125831,27.32450843936926,0,9.899494936611665,28.998391603516907,0.06642215018885374,19.4164878389476,62.38401685620114,High
34,50,4.120979338842975,9.817994794655485,28.02533306211586,0,10.63014581273465,29.085895777680964,0.09511805911025847,20.396078054371138,60.53304509416092,High
34,51,4.120979338842975,9.82024617672787,28.749665716225902,0,11.313708498984761,29.187195086284174,0.11038876704576439,21.37755832643195,58.98125543096982,High
34,52,4.120979338842975,9.822497558800256,29.498433239845767,0,12.041594578792296,29.289738460259493,0.10614130480998016,22.360679774997898,57.63694911313423,High
34,53,4.120979338842975,9.824748940872642,30.27302549838236,0,12.727922061357855,29.3813782954919,0.23211538821238922,23.345235059857504,54.36712396089727,Moderate
34,54,4.120979338842975,9.827000322945029,31.074433762516804,0,13.45362404707371,29.45341621529745,0.1378493835716472,24.331050121192877,54.272305742441375,Moderate
34,55,4.120979338842975,9.829251705017414,31.903712037764755,0,14.142135623730951,29.50222417513942,0.15837242995740777,25.317977802344327,52.44531601247271,Moderate
34,56,4.120979338842975,9.8315030870898,32.76170525127542,0,14.866068747318506,29.528603495521406,0.18872213238133884,26.30589287593181,50.34100023362915,Moderate
34,57,4.120979338842975,9.833754469162185,33.64924192134894,0,15.556349186104045,29.53819543565186,0.14476132570290864,27.294688127912362,50.27687081630708,Moderate
34,58,4.120979338842975,9.836005851234571,34.56675512868773,0,16.278820596099706,29.538421161610362,0.2534901555443,28.284271247461902,48.105405564563576,Moderate
34,59,4.120979338842975,9.838257233306958,35.51444411093367,0,16.97056274847714,29.536587102934728,0.0507980118146067,29.274562336608895,50.58250444121097,Moderate
35,0,4.123225116780453,9.705425691036194,46.32164338555488,0,24.758836806279895,30.955631623787706,0.28799339430826754,30.4138126514911,44.0651448694706,Moderate
35,1,4.123225116780453,9.707677073108579,45.184777664442784,0,24.041630560342615,30.995664729216024,0.17826932621979455,29.427877939124322,46.477745821762525,Moderate
35,2,4.123225116780453,9.709928455180965,44.064953395659565,0,23.345235059857504,31.07143253015533,0.04674721388067028,28.442925306655784,49.29323462640196,Moderate
35,3,4.123225116780453,9.712179837253352,42.962266559454115,0,22.627416997969522,31.174200119578728,0.2225822886705798,27.459060435491963,47.553212665968715,Moderate
35,4,4.123225116780453,9.714431219325737,41.87687080893659,0,21.93171219946131,31.290964426888436,0.07191254016592391,26.476404589747453,50.73423802820738,Moderate
35,5,4.123225116780453,9.716682601398123,40.80869070624706,0,21.213203435596427,31.404559519305717,0.14226788424275413,25.495097567963924,50.58211041813808,Moderate
35,6,4.123225116780453,9.718933983470508,39.75773018691345,0,20.518284528683193,31.495832598843265,0.30600957471151996,24.515301344262525,48.965332866743616,Moderate
35,7,4.123225116780453,9.721185365542894,38.72402095242383,0,19.79898987322333,31.544710353882422,0.16512848730158197,23.53720459187964,51.80573322460823,Moderate
35,8,4.123225116780453,9.72343674761528,37.707496228874206,0,19.1049731745428,31.534363919870728,0.06527881258597237,22.561028345356956,53.87805285122774,Moderate
35,9,4.123225116780453,9.725688129687667,36.708175444852714,0,18.384776310850235,31.45322631176297,0.23135029622914463,21.587033144922902,51.78110743553378,Moderate
35,10,4.123225116780453,9.727939511760052,35.72620157982913,0,17.69180601295413,31.29922749973914,0.21198217325688232,20.615528128088304,52.28024426843368,Moderate
35,11,4.123225116780453,9.730190893832438,34.76169730928585,0,16.97056274847714,31.078624417942127,0.04774849663520776,19.6468827043885,54.78183250298761,Moderate
35,12,4.123225116780453,9.732442275904823,33.81501385770227,0,16.278820596099706,30.80706645945013,0.09163074190955824,18.681541692269406,54.0285905899996,Moderate
35,13,4.123225116780453,9.734693657977209,32.88659514705506,0,15.556349186104045,30.507691974789832,0.0735672539375799,17.72004514666935,54.12684544232067,Moderate
35,14,4.123225116780453,9.736945040049594,31.97722039118475,0,14.866068747318506,30.208638155932306,0.04429903736927529,16.76305461424021,54.6059308031756,Moderate
35,15,4.123225116780453,9.739196422121982,31.08759317428866,0,14.142135623730951,29.939147700845933,0.022356003183015023,15.811388300841896,56.01794987691752,High
35,16,4.123225116780453,9.741447804194367,30.218830836527705,0,13.45362404707371,29.726009685723163,0.035861301431041166,14.866068747318506,56.96247054942186,High
35,17,4.123225116780453,9.743699186266753,29.372152966016287,0,12.727922061357855,29.591159342458795,0.11481061278911103,13.92838827718412,57.16262785747026,High
35,18,4.123225116780453,9.745950568339138,28.549012980102574,0,12.041594578792296,29.54817693799098,0.03931893586058995,13.0,59.82090154199078,High
35,19,4.123225116780453,9.748201950411524,27.750950115173016,0,11.313708498984761,29.602800022767564,0.0821201827234518,12.083045973594572,60.994066515676714,High
35,20,4.123225116780453,9.75045333248391,26.979608643472787,0,10.63014581273465,29.75058423058029,0.1379160772188582,11.180339887498949,62.10679880813248,High
35,21,4.123225116780453,9.752704714556296,26.23665958567259,0,9.899494936611665,29.978201809288947,0.05538382722281232,10.295630140987,65.54824496413234,High
35,22,4.123225116780453,9.754956096628682,25.52394879697183,0,9.219544457292887,30.264830758464754,0.021693804054668395,9.433981132056603,68.2966884610929,High
35,23,4.123225116780453,9.757207478701067,24.843209970884196,0,8.48528137423857,30.585540457954934,0.0312808509274731,8.602325267042627,70.54963039057756,High
35,24,4.123225116780453,9.759458860773453,24.196189702627983,0,7.810249675906654,30.913953241628622,0.030692916152403903,7.810249675906654,72.85512485585508,High
35,25,4.123225116780453,9.761710242845838,23.5846186208872,0,7.0710678118654755,31.22563914188582,0.01576483386661156,7.0710678118654755,75.4214935605052,Extreme
35,26,4.123225116780453,9.763961624918226,23.010094590722467,0,6.4031242374328485,31.501472619083433,0.048916994072706034,6.4031242374328485,77.03983067040652,Extreme
35,27,4.123225116780453,9.766213006990611,22.474433564001302,0,5.656854249492381,31.729796965429962,0.02674240576823267,5.830951894845301,79.48140213829045,Extreme
35,28,4.123225116780453,9.768464389062997,21.979256323767515,0,5.0,31.90472242826199,0.04284682965156722,5.385164807134504,81.04742652823568,Extreme
35,29,4.123225116780453,9.770715771135382,21.526430772000666,0,4.242640687119285,32.026002107160075,0.006563403665066457,5.0990195135927845,83.41274593403557,Extreme
35,30,4.123225116780453,9.772967153207768,21.118100503704106,0,3.605551275463989,32.09524599176557,0.030359579836255854,5.0,84.5249993284944,Extreme
35,31,4.123225116780453,9.775218535280155,20.75712076662198,0,2.8284271247461903,32.11473467438794,0.037001192008130526,5.0990195135927845,85.98034289013528,Extreme
35,32,4.123225116780453,9.77746991735254,20.447420962491677,0,2.23606797749979,32.085533432574685,0.032009235171041685,5.385164807134504,87.15487427901414,Extreme
35,33,4.123225116780453,9.779721299424926,20.195220243034598,0,1.4142135623730951,32.007618104772305,0.05057073171624733,5.830951894845301,88.20749626168303,Extreme
35,34,4.123225116780453,9.781972681497312,20.01216901617511,0,1.0,31.878871043310593,0.05627665325401,6.4031242374328485,88.61048583173762,Extreme
35,35,4.123225116780453,9.784224063569697,19.93406747869909,1,0.0,31.700385201385913,0.03638552059652054,7.0710678118654755,90.19219455269958,Extreme
35,36,4.123225116780453,9.786475445642083,20.110550043046842,1,0.0,31.476508188668998,0.0827727459609611,7.810249675906654,88.85373048305516,Extreme
35,37,4.123225116780453,9.78872682771447,20.388750087306075,0,1.0,31.216398585671975,0.023851989666277454,8.602325267042627,87.28106998851088,Extreme
35,38,4.123225116780453,9.790978209786855,20.72987247621029,0,1.4142135623730951,30.932617370070005,0.022061590062533613,9.433981132056603,85.73371156906191,Extreme
35,39,4.123225116780453,9.793229591859241,21.119338395017788,0,2.23606797749979,30.640744802074376,0.05598078792337679,10.295630140987,82.9233332754964,Extreme
35,40,4.123225116780453,9.795480973931626,21.548527475301995,0,2.8284271247461903,30.355570537386576,0.08108770256594479,11.180339887498949,80.62031989547064,Extreme
35,41,4.123225116780453,9.797732356004012,22.011481859309924,0,3.605551275463989,30.08905294805646,0.04980261088975537,12.083045973594572,78.88021518488637,Extreme
35,42,4.123225116780453,9.799983738076397,22.50408875406273,0,4.242640687119285,29.85015054138267,0.030288835594182772,13.0,77.24587906340555,Extreme
35,43,4.123225116780453,9.802235120148785,23.023290696857647,0,5.0,29.64433071235348,0.09267371728720945,13.92838827718412,74.24651630072418,High
35,44,4.123225116780453,9.80448650222117,23.567028901136688,0,5.656854249492381,29.474787361622734,0.09686457916137702,14.866068747318506,72.36037299007279,High
35,45,4.123225116780453,9.806737884293556,24.1339650564793,0,6.4031242374328485,29.343515376431952,0.09269581211704693,15.811388300841896,70.52898692209565,High
35,46,4.123225116780453,9.808989266365941,24.723262413054783,0,7.0710678118654755,29.252275995141282,0.18496075634637282,16.76305461424021,67.46475870220357,High
35,47,4.123225116780453,9.811240648438327,25.33469177885405,0,7.810249675906654,29.202027334078892,0.06166459521555546,17.72004514666935,67.60077617200078,High
35,48,4.123225116780453,9.813492030510714,25.968382268619266,0,8.48528137423857,29.191448455029423,0.18304122106804263,18.681541692269406,64.25592445237439,High
35,49,4.123225116780453,9.8157434125831,26.624732498876178,0,9.219544457292887,29.216044899933223,0.23447389270510235,19.6468827043885,61.932771364639216,High
35,50,4.123225116780453,9.817994794655485,27.30443578854755,0,9.899494936611665,29.26682488599842,0.1258394115519176,20.615528128088304,62.15036449350696,High
35,51,4.123225116780453,9.82024617672787,28.008341464792384,0,10.63014581273465,29.33140363298364,0.15398676774559455,21.587033144922902,60.25065241754176,High
35,52,4.123225116780453,9.822497558800256,28.737226952688214,0,11.313708498984761,29.39541062692341,0.01160363889065923,22.561028345356956,60.97127137580651,High
35,53,4.123225116780453,9.824748940872642,29.492355940554706,0,12.041594578792296,29.44550428187489,0.23657583160503945,23.53720459187964,56.05874058590836,High
35,54,4.123225116780453,9.827000322945029,30.27459046424759,0,12.727922061357855,29.473171872575406,0.2069497972334351,24.515301344262525,54.9645125261654,Moderate
35,55,4.123225116780453,9.829251705017414,31.08487132084874,0,13.45362404707371,29.476319663865418,0.04760882120731953,25.495097567963924,55.67485771391293,High
35,56,4.123225116780453,9.8315030870898,31.923935448959902,0,14.142135623730951,29.458909978675948,0.2823142445506197,26.476404589747453,50.47006178436111,Moderate
35,57,4.123225116780453,9.833754469162185,32.79253163998772,0,14.866068747318506,29.430479113235172,0.2730900066302981,27.459060435491963,48.821245588506905,Moderate
35,58,4.123225116780453,9.836005851234571,33.691010277411145,0,15.556349186104045,29.402504304166555,0.10525596956631489,28.442925306655784,50.51838769059671,Moderate
35,59,4.123225116780453,9.838257233306958,34.61951747436419,0,16.278820596099706,29.385624247377923,0.2575347448756582,29.427877939124322,47.64603854069096,Moderate
36,0,4.125470894717931,9.705425691036194,47.48801141968259,0,25.45584412271571,30.7421175169205,0.10685657496018638,30.59411708155671,45.580716289994704,Moderate
36,1,4.125470894717931,9.707677073108579,46.334930571164975,0,24.758836806279895,30.793368821281604,0.1506476062606553,29.614185789921695,45.72714073014127,Moderate
36,2,4.125470894717931,9.709928455180965,45.19876867486778,0,24.041630560342615,30.890145694879127,0.17364067458732435,28.635642126552707,46.28507792609666,Moderate
36,3,4.125470894717931,9.712179837253352,44.079568866044966,0,23.345235059857504,31.02108236762807,0.1460303639467293,27.65863337187866,47.67424107372354,Moderate
36,4,4.125470894717931,9.714431219325737,42.97739697856016,0,22.627416997969522,31.170029478825676,0.15343137606342142,26.68332812825267,48.57152034461091,Moderate
36,5,4.125470894717931,9.716682601398123,41.8920749063014,0,21.93171219946131,31.31670059965652,0.19255591719233775,25.709920264364882,48.97753466364618,Moderate
36,6,4.125470894717931,9.718933983470508,40.82351431899854,0,21.213203435596427,31.43946930973216,0.10007108848952595,24.73863375370596,51.29030297502549,Moderate
36,7,4.125470894717931,9.721185365542894,39.7716449215287,0,20.518284528683193,31.516677367564824,0.08948237363344703,23.769728648009426,52.25518129747916,Moderate
36,8,4.125470894717931,9.72343674761528,38.736308929945565,0,19.79898987322333,31.53101185961406,0.18327633016992345,22.80350850198276,51.49331468083753,Moderate
36,9,4.125470894717931,9.725688129687667,37.71745047007823,0,19.1049731745428,31.471083511671615,0.1816019022142411,21.840329667841555,51.97510276335009,Moderate
36,10,4.125470894717931,9.727939511760052,36.7151662295044,0,18.384776310850235,31.335359868800012,0.056748033603447844,20.8806130178211,54.11246774563553,Moderate
36,11,4.125470894717931,9.730190893832438,35.72955441480204,0,17.69180601295413,31.13048919453466,0.0843403156511074,19.924858845171276,53.786961555539506,Moderate
36,12,4.125470894717931,9.732442275904823,34.76097625598715,0,16.97056274847714,30.872179248882258,0.06377769625787999,18.973665961010276,54.045175071255635,Moderate
36,13,4.125470894717931,9.734693657977209,33.80989442164221,0,16.278820596099706,30.583101610554547,0.1034796771014142,18.027756377319946,53.31508388623203,Moderate
36,14,4.125470894717931,9.736945040049594,32.87714556493289,0,15.556349186104045,30.29074910615944,0.18208930332159318,17.08800749063506,51.98268836052452,Moderate
36,15,4.125470894717931,9.739196422121982,31.96348462821596,0,14.866068747318506,30.02374016806483,0.11102529464327436,16.15549442140351,53.16832854350194,Moderate
36,16,4.125470894717931,9.741447804194367,31.070099843573466,0,14.142135623730951,29.808819692359922,0.11184749430997919,15.231546211727817,54.372363892922394,Moderate
36,17,4.125470894717931,9.743699186266753,30.198271264019134,0,13.45362404707371,29.668833743757702,0.037008258232796985,14.317821063276353,56.81984255833712,High
36,18,4.125470894717931,9.745950568339138,29.34950492396772,0,12.727922061357855,29.619258581638203,0.14005163568958762,13.416407864998739,56.86496678943767,High
36,19,4.125470894717931,9.748201950411524,28.52538248561264,0,12.041594578792296,29.66866316316252,0.12249425238343646,12.529964086141668,58.877060595988105,High
36,20,4.125470894717931,9.75045333248391,27.72755476792618,0,11.313708498984761,29.815833944247604,0.02322008646616597,11.661903789690601,62.40385986535952,High
36,21,4.125470894717931,9.752704714556296,26.957682649982218,0,10.63014581273465,30.050498938814027,0.020852977406425798,10.816653826391969,64.59717960796966,High
36,22,4.125470894717931,9.754956096628682,26.21756617593781,0,9.899494936611665,30.353938146422422,0.1164492287528149,10.0,65.54743172675023,High
36,23,4.125470894717931,9.757207478701067,25.5088555550748,0,9.219544457292887,30.701928633835504,0.0628157415118087,9.219544457292887,68.74028551406343,High
36,24,4.125470894717931,9.759458860773453,24.8331797838939,0,8.48528137423857,31.067057791653585,0.040756988992819314,8.48528137423857,71.57178843625867,High
36,25,4.125470894717931,9.761710242845838,24.192110881027016,0,7.810249675906654,31.4223788038137,0.06980752423853727,7.810249675906654,73.49392927427488,High
36,26,4.125470894717931,9.763961624918226,23.58704360974832,0,7.0710678118654755,31.745054759748665,0.05028546919631532,7.211102550927978,76.15181089461893,Extreme
36,27,4.125470894717931,9.766213006990611,23.019530306622293,0,6.4031242374328485,32.0194962921157,0.05784566159551899,6.708203932499369,78.14654455770301,Extreme
36,28,4.125470894717931,9.768464389062997,22.490849886803513,0,5.656854249492381,32.236362662469254,0.049940039655595514,6.324555320336759,80.3424005011875,Extreme
36,29,4.125470894717931,9.770715771135382,22.002434052003366,0,5.0,32.39299836244791,0.020385125521449325,6.082762530298219,82.54532798638358,Extreme
36,30,4.125470894717931,9.772967153207768,21.555809128033342,0,4.242640687119285,32.49019054692041,0.053306970228762456,6.0,83.81096446933265,Extreme
36,31,4.125470894717931,9.775218535280155,21.152947991553987,0,3.605551275463989,32.53079960828877,0.059648214022534424,6.082762530298219,85.11292986656332,Extreme
36,32,4.125470894717931,9.77746991735254,20.79637362612034,0,2.8284271247461903,32.51759082224048,0.03586203428880341,6.324555320336759,86.94343214793125,Extreme
36,33,4.125470894717931,9.779721299424926,20.489781434012556,0,2.23606797749979,32.452811269836786,0.058078226317564055,6.708203932499369,87.62241802507236,Extreme
36,34,4.125470894717931,9.781972681497312,20.23918181704331,0,1.4142135623730951,32.33625604696341,0.0317430472978586,7.211102550927978,89.25459003460267,Extreme
36,35,4.125470894717931,9.784224063569697,20.056367572034564,0,1.0,32.17017932523048,0.047500082750216686,7.810249675906654,89.41686926723614,Extreme
36,36,4.125470894717931,9.786475445642083,19.977048769568384,1,0.0,31.95888062052571,0.02827565769105087,8.48528137423857,90.91035739296368,Extreme
36,37,4.125470894717931,9.78872682771447,20.15086213395868,1,0.0,31.710199290444933,0.03915029655214316,9.219544457292887,90.0464845134527,Extreme
36,38,4.125470894717931,9.790978209786855,20.425101423248087,0,1.0,31.43450811956161,0.08623878640654042,10.0,86.84853652169112,Extreme
36,39,4.125470894717931,9.793229591859241,20.761195845391924,0,1.4142135623730951,31.144666997176824,0.06261864113083591,10.816653826391969,85.61701107609953,Extreme
36,40,4.125470894717931,9.795480973931626,21.144912182549312,0,2.23606797749979,30.85301510348036,0.14227860886758925,11.661903789690601,82.12444275297617,Extreme
36,41,4.125470894717931,9.797732356004012,21.567810967316316,0,2.8284271247461903,30.569882208621497,0.01436455037471098,12.529964086141668,82.12536440125865,Extreme
36,42,4.125470894717931,9.799983738076397,22.02440464565455,0,3.605551275463989,30.30376808243142,0.023669977689122518,13.416407864998739,79.78112355109957,Extreme
36,43,4.125470894717931,9.802235120148785,22.510783407756804,0,4.242640687119285,30.061128684930644,0.053165837140086644,14.317821063276353,77.40632569239703,Extreme
36,44,4.125470894717931,9.80448650222117,23.02430434446498,0,5.0,29.847407999200787,0.0583216302314812,15.231546211727817,75.24974238894893,Extreme
36,45,4.125470894717931,9.806737884293556,23.563202906132005,0,5.656854249492381,29.66765669051052,0.0668711545463972,16.15549442140351,73.27651591501447,High
36,46,4.125470894717931,9.808989266365941,24.12631902061036,0,6.4031242374328485,29.52701767329381,0.04524841986132891,17.08800749063506,71.68665786903378,High
36,47,4.125470894717931,9.811240648438327,24.713145128307865,0,7.0710678118654755,29.429210568265532,0.024346366295470236,18.027756377319946,70.30559200328223,High
36,48,4.125470894717931,9.813492030510714,25.32358061428037,0,7.810249675906654,29.374902437367876,0.10734795747820775,18.973665961010276,67.3379634421067,High
36,49,4.125470894717931,9.8157434125831,25.957804285927267,0,8.48528137423857,29.360265678850794,0.07061239103884857,19.924858845171276,66.35471814779494,High
36,50,4.125470894717931,9.817994794655485,26.61632009808911,0,9.219544457292887,29.375797802828636,0.15131970676583842,20.8806130178211,63.56936229638288,High
36,51,4.125470894717931,9.82024617672787,27.29979485895042,0,9.899494936611665,29.40780772350412,0.12512372049058246,21.840329667841555,62.50299878822945,High
36,52,4.125470894717931,9.822497558800256,28.008830056315006,0,10.63014581273465,29.440309048464023,0.1463649275980377,22.80350850198276,60.62668538907266,High
36,53,4.125470894717931,9.824748940872642,28.74453503615195,0,11.313708498984761,29.458684899782504,0.16572293718787015,23.769728648009426,58.80739094798139,High
36,54,4.125470894717931,9.827000322945029,29.50762049536329,0,12.041594578792296,29.45409640759566,0.2797157924084203,24.73863375370596,55.423309418135894,High
36,55,4.125470894717931,9.829251705017414,30.2988930759087,0,12.727922061357855,29.425007739215467,0.11730785741854441,25.709920264364882,56.178941546558804,High
36,56,4.125470894717931,9.8315030870898,31.118963640142454,0,13.45362404707371,29.377225346948343,0.26217791913141264,26.68332812825267,52.1978253598243,Moderate
36,57,4.125470894717931,9.833754469162185,31.968485744473973,0,14.142135623730951,29.32266287864308,0.1509239011990872,27.65863337187866,52.086875409486154,Moderate
36,58,4.125470894717931,9.836005851234571,32.847715661929016,0,14.866068747318506,29.27540042559267,0.05531276912204408,28.635642126552707,51.682288599532065,Moderate
36,59,4.125470894717931,9.838257233306958,33.756736701863936,0,15.556349186104045,29.248251949456428,0.17356597449440514,29.614185789921695,49.08389290730115,Moderate
37,0,4.127716672655408,9.705425691036194,48.67865558261123,0,26.1725046566048,30.64457920041799,0.14926589453356545,30.805843601498726,44.007782195189236,Moderate
37,1,4.127716672655408,9.707677073108579,47.50955607323593,0,25.45584412271571,30.702726337909823,0.12035213864855851,29.832867780352597,45.270814256338035,Moderate
37,2,4.127716672655408,9.709928455180965,46.35723398232614,0,24.758836806279895,30.812070741088707,0.08574870619711075,28.861739379323623,46.732462629253426,Moderate
37,3,4.127716672655408,9.712179837253352,45.22168596160141,0,24.041630560342615,30.959062917558807,0.06143582100877868,27.892651361962706,48.12042994910071,Moderate
37,4,4.127716672655408,9.714431219325737,44.102898594324444,0,23.345235059857504,31.125094082868323,0.08564207003853151,26.92582403567252,48.816528214752545,Moderate
37,5,4.127716672655408,9.716682601398123,43.00060123754154,0,22.627416997969522,31.287697556449224,0.1740326975051361,25.96150997149434,48.53189032595419,Moderate
37,6,4.127716672655408,9.718933983470508,41.91462200398139,0,21.93171219946131,31.423922768246456,0.2542702205684785,25.0,48.29646775834006,Moderate
37,7,4.127716672655408,9.721185365542894,40.84479816270544,0,21.213203435596427,31.511819465316748,0.19437173291394022,24.041630560342615,50.0372944005096,Moderate
37,8,4.127716672655408,9.72343674761528,39.79088843650222,0,20.518284528683193,31.534856540281492,0.08236098165082203,23.08679276123039,52.394387485726114,Moderate
37,9,4.127716672655408,9.725688129687667,38.752766072727,0,19.79898987322333,31.482930916858148,0.24305700253886622,22.135943621178654,50.47123127934159,Moderate
37,10,4.127716672655408,9.727939511760052,37.73048228874692,0,19.1049731745428,31.355782857159063,0.20590297589087703,21.18962010041709,51.32552302193682,Moderate
37,11,4.127716672655408,9.730190893832438,36.72410945863325,0,18.384776310850235,31.16079558067092,0.03399701730919592,20.248456731316587,54.02851009277081,Moderate
37,12,4.127716672655408,9.732442275904823,35.7340128114364,0,17.69180601295413,30.91359486342212,0.04419696587350662,19.313207915827967,53.86470041537803,Moderate
37,13,4.127716672655408,9.734693657977209,34.76066882199976,0,16.97056274847714,30.63577595344031,0.15381723253245932,18.384776310850235,52.12604847612293,Moderate
37,14,4.127716672655408,9.736945040049594,33.80496119220815,0,16.278820596099706,30.353270021836394,0.18714863268318807,17.46424919657298,51.51005346468431,Moderate
37,15,4.127716672655408,9.739196422121982,32.86768925238853,0,15.556349186104045,30.092960870578953,0.018865968631205893,16.55294535724685,53.96079626451549,Moderate
37,16,4.127716672655408,9.741447804194367,31.95010431667555,0,14.866068747318506,29.88045222844129,0.1529388696638713,15.652475842498529,52.202808095877295,Moderate
37,17,4.127716672655408,9.743699186266753,31.053540459765987,0,14.142135623730951,29.738512419268684,0.15342420477824775,14.7648230602334,53.58934059344702,Moderate
37,18,4.127716672655408,9.745950568339138,30.17955341950117,0,13.45362404707371,29.683763302321886,0.17660098843531238,13.892443989449804,54.772905895293356,Moderate
37,19,4.127716672655408,9.748201950411524,29.329769946140555,0,12.727922061357855,29.727159161652885,0.1426842172997982,13.038404810405298,57.09669234636963,High
37,20,4.127716672655408,9.75045333248391,28.505852960567175,0,12.041594578792296,29.87059714809922,0.09215200600710521,12.206555615733702,59.8295033538294,High
37,21,4.127716672655408,9.752704714556296,27.709466024813104,0,11.313708498984761,30.107035369268846,0.054301141997495576,11.40175425099138,62.64885390708327,High
37,22,4.127716672655408,9.754956096628682,26.942380526622973,0,10.63014581273465,30.42028436186353,0.050245414302119845,10.63014581273465,65.05490894293897,High
37,23,4.127716672655408,9.757207478701067,26.206188935420705,0,9.899494936611665,30.787446981063958,0.05133007384851782,9.899494936611665,67.57381961820795,High
37,24,4.127716672655408,9.759458860773453,25.50243504263642,0,9.219544457292887,31.180784146634192,0.04668366387942864,9.219544457292887,70.1380345618856,High
37,25,4.127716672655408,9.761710242845838,24.83257361342728,0,8.48528137423857,31.571549091310292,0.056022362111406786,8.602325267042627,72.55681884148021,High
37,26,4.127716672655408,9.763961624918226,24.197847594657645,0,7.810249675906654,31.93381482821423,0.04157970418348936,8.06225774829855,75.14432395983597,Extreme
37,27,4.127716672655408,9.766213006990611,23.599610539516945,0,7.0710678118654755,32.2484979168006,0.07276769926244478,7.615773105863909,77.01829849156685,Extreme
37,28,4.127716672655408,9.768464389062997,23.038887651090214,0,6.4031242374328485,32.50303695451686,0.038330339680334974,7.280109889280518,79.59111160693088,Extreme
37,29,4.127716672655408,9.770715771135382,22.51679405949229,0,5.656854249492381,32.69239692087644,0.028280179250012943,7.0710678118654755,81.7490791525423,Extreme
37,30,4.127716672655408,9.772967153207768,22.034418359940002,0,5.0,32.81639507168228,0.07906844105061958,7.0,82.66478093536496,Extreme
37,31,4.127716672655408,9.775218535280155,21.593141653751637,0,4.242640687119285,32.87820028274927,0.06500594205603955,7.0710678118654755,84.54689826461616,Extreme
37,32,4.127716672655408,9.77746991735254,21.194609576461932,0,3.605551275463989,32.8819369572854,0.041355392111426074,7.280109889280518,86.2074838212574,Extreme
37,33,4.127716672655408,9.779721299424926,20.841122166388445,0,2.8284271247461903,32.831743899324614,0.05402806348648142,7.615773105863909,87.4003099210486,Extreme
37,34,4.127716672655408,9.781972681497312,20.536171799558343,0,2.23606797749979,32.728995383771284,0.08063222527135028,8.06225774829855,87.92116618953743,Extreme
37,35,4.127716672655408,9.784224063569697,20.285927414492242,0,1.4142135623730951,32.57676033724623,0.02717727124977402,8.602325267042627,89.87409046904918,Extreme
37,36,4.127716672655408,9.786475445642083,20.102090630988606,0,1.0,32.378995274882094,0.01702579539939597,9.219544457292887,90.34936781615185,Extreme
37,37,4.127716672655408,9.78872682771447,20.02037704090972,1,0.0,32.141997295324984,0.08080415753721484,9.899494936611665,90.53740170295484,Extreme
37,38,4.127716672655408,9.790978209786855,20.190590172347136,1,0.0,31.87383740036714,0.042762765440249643,10.63014581273465,90.36253287933107,Extreme
37,39,4.127716672655408,9.793229591859241,20.46024840743446,0,1.0,31.584670760726016,0.11806767659990841,11.40175425099138,86.71162220354707,Extreme
37,40,4.127716672655408,9.795480973931626,20.791117337465426,0,1.4142135623730951,31.28454295119395,0.14158964007330407,12.206555615733702,84.75130004456966,Extreme
37,41,4.127716672655408,9.797732356004012,21.169155571858155,0,2.23606797749979,30.98244034277292,0.12660389347169188,13.038404810405298,82.6566246671421,Extreme
37,42,4.127716672655408,9.799983738076397,21.586375288934686,0,2.8284271247461903,30.6867291645808,0.03371812701258874,13.892443989449804,82.10521144778407,Extreme
37,43,4.127716672655408,9.802235120148785,22.037487855714588,0,3.605551275463989,30.405180854989307,0.11112513077296621,14.7648230602334,78.70554929305692,Extreme
37,44,4.127716672655408,9.80448650222117,22.51898174241078,0,4.242640687119285,30.14570832689179,0.016126272972601257,15.652475842498529,78.16055747892612,Extreme
37,45,4.127716672655408,9.806737884293556,23.02849332288359,0,5.0,29.916543458284206,0.13678771152798153,16.55294535724685,74.23659985646403,High
37,46,4.127716672655408,9.808989266365941,23.564426986405575,0,5.656854249492381,29.726242056438867,0.13810426481522867,17.46424919657298,72.34823607324637,High
37,47,4.127716672655408,9.811240648438327,24.125915653048494,0,6.4031242374328485,29.581325741983285,0.08619238647500621,18.384776310850235,71.20338503663916,High
37,48,4.127716672655408,9.813492030510714,24.712568647439095,0,7.0710678118654755,29.484581342731172,0.12698944287276487,19.313207915827967,68.8994911585845,High
37,49,4.127716672655408,9.8157434125831,25.32429824865455,0,7.810249675906654,29.433131972280925,0.18097752996918615,20.248456731316587,66.3731793064159,High
37,50,4.127716672655408,9.817994794655485,25.961377829636348,0,8.48528137423857,29.41738336601134,0.204368282533112,21.18962010041709,64.48368027085743,High
37,51,4.127716672655408,9.82024617672787,26.624256981742597,0,9.219544457292887,29.42281338017115,0.19630992137143038,22.135943621178654,63.002933802417814,High
37,52,4.127716672655408,9.822497558800256,27.31333212171633,0,9.899494936611665,29.432157461594414,0.08988596816456319,23.08679276123039,63.08215998691406,High
37,53,4.127716672655408,9.824748940872642,28.029527920121787,0,10.63014581273465,29.429590246154746,0.28330206588030726,24.041630560342615,58.53463617439418,High
37,54,4.127716672655408,9.827000322945029,28.773380485868856,0,11.313708498984761,29.40556915668003,0.14960696517836905,25.0,58.904339373220004,High
37,55,4.127716672655408,9.829251705017414,29.545540503305908,0,12.041594578792296,29.358241255390766,0.10176787715994089,25.96150997149434,57.83956744823768,High
37,56,4.127716672655408,9.8315030870898,30.346473896686277,0,12.727922061357855,29.29398573721709,0.2644927620520671,26.92582403567252,53.62790929676813,Moderate
37,57,4.127716672655408,9.833754469162185,31.176723017999905,0,13.45362404707371,29.225581959250793,0.22133687857195658,27.892651361962706,52.41157097086937,Moderate
37,58,4.127716672655408,9.836005851234571,32.03643839641881,0,14.142135623730951,29.168237516513877,0.16944813371183043,28.861739379323623,51.3974381581398,Moderate
37,59,4.127716672655408,9.838257233306958,32.925630396143866,0,14.866068747318506,29.135756322261656,0.20725451634234962,29.832867780352597,49.02127302849677,Moderate
38,0,4.129962450592886,9.705425691036194,49.893100397684165,0,26.870057685088806,30.672391847976776,0.2753878321518567,31.04834939252005,41.466679629544785,Moderate
38,1,4.129962450592886,9.707677073108579,48.70816402115611,0,26.1725046566048,30.73264872679112,0.14183292142970763,30.083217912982647,44.313743729309465,Moderate
38,2,4.129962450592886,9.709928455180965,47.53983915046602,0,25.45584412271571,30.845339105047763,0.11621575780811462,29.120439557122072,45.658084632453246,Moderate
38,3,4.129962450592886,9.712179837253352,46.38808355793141,0,24.758836806279895,30.99542479464226,0.28377490963881846,28.160255680657446,44.184971382507875,Moderate
38,4,4.129962450592886,9.714431219325737,45.25281513010487,0,24.041630560342615,31.162803439879454,0.07217080417021494,27.202941017470888,48.431185804942444,Moderate
38,5,4.129962450592886,9.716682601398123,44.133683162601415,0,23.345235059857504,31.3239969238492,0.16158003427511658,26.248809496813376,48.13780457348824,Moderate
38,6,4.129962450592886,9.718933983470508,43.03044324112946,0,22.627416997969522,31.455996111848506,0.22834013786156468,25.298221281347036,48.10455573435172,Moderate
38,7,4.129962450592886,9.721185365542894,41.94285241213933,0,21.93171219946131,31.537820601150926,0.26646207786655157,24.351591323771842,48.370945612613504,Moderate
38,8,4.129962450592886,9.72343674761528,40.8705958924026,0,21.213203435596427,31.55481767417028,0.07506550048507764,23.40939982143925,51.915115141114086,Moderate
38,9,4.129962450592886,9.725688129687667,39.81348265365197,0,20.518284528683193,31.499028628584828,0.08939211670173244,22.47220505424423,52.18940507683506,Moderate
38,10,4.129962450592886,9.727939511760052,38.77152086948983,0,19.79898987322333,31.371939310288568,0.046570446690802764,21.540659228538015,53.14045729299295,Moderate
38,11,4.129962450592886,9.730190893832438,37.7447566644615,0,19.1049731745428,31.181787036302893,0.28067170918694273,20.615528128088304,49.776992802158155,Moderate
38,12,4.129962450592886,9.732442275904823,36.73355357154169,0,18.384776310850235,30.943847764513976,0.1649387818148826,19.697715603592208,51.53690339321842,Moderate
38,13,4.129962450592886,9.734693657977209,35.73839652886061,0,17.69180601295413,30.678015327234917,0.12747563974006454,18.788294228055936,52.04620200654072,Moderate
38,14,4.129962450592886,9.736945040049594,34.760204621996955,0,16.97056274847714,30.40781179503963,0.13413502212978584,17.88854381999832,51.87314254129477,Moderate
38,15,4.129962450592886,9.739196422121982,33.7998126611353,0,16.278820596099706,30.15740335987466,0.03960816020299601,17.0,53.255000776024495,Moderate
38,16,4.129962450592886,9.741447804194367,32.85852457541136,0,15.556349186104045,29.950286063692765,0.12029092882282447,16.1245154965971,52.1015940075506,Moderate
38,17,4.129962450592886,9.743699186266753,31.937718710521985,0,14.866068747318506,29.808245420862594,0.1322438303974627,15.264337522473747,52.34682997687735,Moderate
38,18,4.129962450592886,9.745950568339138,31.038994156017086,0,14.142135623730951,29.74831452717303,0.14096630873155633,14.422205101855956,53.8083681874001,Moderate
38,19,4.129962450592886,9.748201950411524,30.16402086542434,0,13.45362404707371,29.78332127966327,0.06781785297051866,13.601470508735444,56.65331917567421,High
38,20,4.129962450592886,9.75045333248391,29.31447503229129,0,12.727922061357855,29.91802813201559,0.050912331066547876,12.806248474865697,58.94146338791343,High
38,21,4.129962450592886,9.752704714556296,28.492030505527197,0,12.041594578792296,30.148645557754833,0.04826050182300218,12.041594578792296,61.16492769806157,High
38,22,4.129962450592886,9.754956096628682,27.698441800827112,0,11.313708498984761,30.46181097566711,0.055172779847137615,11.313708498984761,63.495763384626194,High
38,23,4.129962450592886,9.757207478701067,26.935263173475718,0,10.63014581273465,30.83649642334771,0.04979970575375944,10.63014581273465,66.0670721920985,High
38,24,4.129962450592886,9.759458860773453,26.203978555217386,0,9.899494936611665,31.245368517407766,0.04278782931209916,10.0,68.80487755282165,High
38,25,4.129962450592886,9.761710242845838,25.50595817337559,0,9.219544457292887,31.6587323772616,0.09069730942295812,9.433981132056603,70.62555115084027,High
38,26,4.129962450592886,9.763961624918226,24.842333550987867,0,8.48528137423857,32.04843216114812,0.061186902607175,8.94427190999916,73.62083158201153,High
38,27,4.129962450592886,9.766213006990611,24.21430908963567,0,7.810249675906654,32.39263970122948,0.03901636239520847,8.54400374531753,76.27686033103996,Extreme
38,28,4.129962450592886,9.768464389062997,23.622722375856355,0,7.0710678118654755,32.67612539455449,0.07126338576412085,8.246211251235321,78.0559760992297,Extreme
38,29,4.129962450592886,9.770715771135382,23.068456265842023,0,6.4031242374328485,32.89179365031404,0.033428678410316194,8.06225774829855,80.5824303916105,Extreme
38,30,4.129962450592886,9.772967153207768,22.552280707962424,0,5.656854249492381,33.038546730602214,0.06702223138203459,8.0,81.97975296825282,Extreme
38,31,4.129962450592886,9.775218535280155,22.075162081067518,0,5.0,33.11967597801109,0.029284665062283954,8.06225774829855,84.11711235239594,Extreme
38,32,4.129962450592886,9.77746991735254,21.63815772109372,0,4.242640687119285,33.140289939451,0.06280696992204998,8.246211251235321,85.183844443887,Extreme
38,33,4.129962450592886,9.779721299424926,21.24270150867296,0,3.605551275463989,33.10590855264434,0.07279198972607662,8.54400374531753,86.24638202507583,Extreme
38,34,4.129962450592886,9.781972681497312,20.890896846720334,0,2.8284271247461903,33.01897563233704,0.07378519642567523,8.94427190999916,87.52502274457842,Extreme
38,35,4.129962450592886,9.784224063569697,20.586407085098983,0,2.23606797749979,32.8828600156266,0.03456684508913442,9.433981132056603,88.95267392515969,Extreme
38,36,4.129962450592886,9.786475445642083,20.335311277178658,0,1.4142135623730951,32.70076243954014,0.06510190425818789,10.0,89.5744098908247,Extreme
38,37,4.129962450592886,9.78872682771447,20.149319434652757,0,1.0,32.477180168283404,0.005238505157927315,10.63014581273465,90.73452856933329,Extreme
38,38,4.129962450592886,9.790978209786855,20.064323424403256,1,0.0,32.217808505842086,0.05043063175160216,11.313708498984761,91.14946738171028,Extreme
38,39,4.129962450592886,9.793229591859241,20.23035185045634,1,0.0,31.930219927155903,0.07152338397021167,12.041594578792296,90.04331465887776,Extreme
38,40,4.129962450592886,9.795480973931626,20.495249816508043,0,1.0,31.622439586522912,0.13508097121889864,12.806248474865697,86.52664213069382,Extreme
38,41,4.129962450592886,9.797732356004012,20.820987660781277,0,1.4142135623730951,31.302480657843386,0.11200769847627437,13.601470508735444,85.22056674191771,Extreme
38,42,4.129962450592886,9.799983738076397,21.19395781998677,0,2.23606797749979,30.978916946570152,0.04863352339432282,14.422205101855956,83.8030776121076,Extreme
38,43,4.129962450592886,9.802235120148785,21.60636636333551,0,2.8284271247461903,30.661078761961203,0.02461574859676405,15.264337522473747,82.16825087568903,Extreme
38,44,4.129962450592886,9.80448650222117,22.05330829984205,0,3.605551275463989,30.359388705598533,0.17122930090119987,16.1245154965971,77.68449504386987,Extreme
38,45,4.129962450592886,9.806737884293556,22.531534729548234,0,4.242640687119285,30.08512722462221,0.07954305381804005,17.0,77.05616320441409,Extreme
38,46,4.129962450592886,9.808989266365941,23.03884241462139,0,5.0,29.849988885165462,0.17311901477448946,17.88854381999832,73.52541706224572,High
38,47,4.129962450592886,9.811240648438327,23.573890050618516,0,5.656854249492381,29.663048600311107,0.14978741710183058,18.788294228055936,72.0153838827521,High
38,48,4.129962450592886,9.813492030510714,24.135916334674313,0,6.4031242374328485,29.52908297749766,0.13755145667432392,19.697715603592208,70.30142108683401,High
38,49,4.129962450592886,9.8157434125831,24.72450818374881,0,7.0710678118654755,29.446267964652986,0.0697383609037897,20.615528128088304,69.65904600210602,High
38,50,4.129962450592886,9.817994794655485,25.339659463566775,0,7.810249675906654,29.405235366748343,0.08739501477681012,21.540659228538015,67.7007474213671,High
38,51,4.129962450592886,9.82024617672787,25.981562942377927,0,8.48528137423857,29.39110270472532,0.23312985173614237,22.47220505424423,63.97712984441198,High
38,52,4.129962450592886,9.822497558800256,26.65037788981724,0,9.219544457292887,29.38575062295918,0.2329465535538944,23.40939982143925,62.34881851164954,High
38,53,4.129962450592886,9.824748940872642,27.346811882787534,0,9.899494936611665,29.37236084979804,0.07629511165665807,24.351591323771842,63.12242658374097,High
38,54,4.129962450592886,9.827000322945029,28.07120206696174,0,10.63014581273465,29.340510292346885,0.017173405082322696,25.298221281347036,62.28769057600145,High
38,55,4.129962450592886,9.829251705017414,28.82402050965758,0,11.313708498984761,29.287397525096104,0.25786780273048304,26.248809496813376,56.96627816247312,High
38,56,4.129962450592886,9.8315030870898,29.605568560206407,0,12.041594578792296,29.218946478391455,0.1544134247810262,27.202941017470888,56.6793833749761,High
38,57,4.129962450592886,9.833754469162185,30.416260861735555,0,12.727922061357855,29.147529278447387,0.05389720185130973,28.160255680657446,56.39335797715263,High
38,58,4.129962450592886,9.836005851234571,31.256130246823773,0,13.45362404707371,29.088207942855362,0.2501404842342043,29.120439557122072,51.60220851216882,Moderate
38,59,4.129962450592886,9.838257233306958,32.12510342911948,0,14.142135623730951,29.054741054568538,0.1124779189818337,30.083217912982647,51.92666567028069,Moderate
39,0,4.132208228530363,9.705425691036194,51.13064976665575,0,27.586228448267445,30.8168831972686,0.27387558026095327,31.32091952673165,41.10715836833334,Moderate
39,1,4.132208228530363,9.707677073108579,49.930044724285324,0,26.870057685088806,30.87457138434226,0.040400176541944166,30.364452901377952,45.45609049204372,Moderate
39,2,4.132208228530363,9.709928455180965,48.74585588790242,0,26.1725046566048,30.981693647417544,0.35537932396927313,29.410882339705484,41.68744682475663,Moderate
39,3,4.132208228530363,9.712179837253352,47.57801074768172,0,25.45584412271571,31.122560449824284,0.30877892308510824,28.460498941515414,43.414037337420616,Moderate
39,4,4.132208228530363,9.714431219325737,46.426370521554645,0,24.758836806279895,31.276682204463505,0.14535020453341638,27.51363298439521,46.91538366151099,Moderate
39,5,4.132208228530363,9.716682601398123,45.29051878950522,0,24.041630560342615,31.420811383769436,0.2753541429611766,26.570660511172846,45.98189022620704,Moderate
39,6,4.132208228530363,9.718933983470508,44.17015154156237,0,23.345235059857504,31.53311044986657,0.020920640145167504,25.632011235952593,50.72925327217265,Moderate
39,7,4.132208228530363,9.721185365542894,43.064959913679154,0,22.627416997969522,31.594664887699615,0.11030666965399508,24.698178070456937,50.18829773485267,Moderate
39,8,4.132208228530363,9.72343674761528,41.97456777906522,0,21.93171219946131,31.593529089524765,0.08859537363337032,23.769728648009426,51.15426077111939,Moderate
39,9,4.132208228530363,9.725688129687667,40.89872838619326,0,21.213203435596427,31.524437716374884,0.11038256767234908,22.847319317591726,51.2956838478825,Moderate
39,10,4.132208228530363,9.727939511760052,39.837410939112196,0,20.518284528683193,31.39082166099773,0.13741240840943034,21.93171219946131,51.1946764671523,Moderate
39,11,4.132208228530363,9.730190893832438,38.79063609298817,0,19.79898987322333,31.201695312848003,0.14144595616722203,21.02379604162864,51.296496438802954,Moderate
39,12,4.132208228530363,9.732442275904823,37.758760773402045,0,19.1049731745428,30.971652090636766,0.18740764229533635,20.12461179749811,50.66217415947508,Moderate
39,13,4.132208228530363,9.734693657977209,36.74227323789849,0,18.384776310850235,30.718335486661157,0.19153349772956232,19.235384061671343,50.590326137780174,Moderate
39,14,4.132208228530363,9.736945040049594,35.74211588712825,0,17.69180601295413,30.462180252729883,0.045433464684036626,18.35755975068582,52.75540732234156,Moderate
39,15,4.132208228530363,9.739196422121982,34.759149089341946,0,16.97056274847714,30.223881751383406,0.10896466846537027,17.4928556845359,51.80884024216091,Moderate
39,16,4.132208228530363,9.741447804194367,33.794717297232225,0,16.278820596099706,30.024081083564013,0.07719805927756476,16.64331697709324,52.373424041532616,Moderate
39,17,4.132208228530363,9.743699186266753,32.85023118403814,0,15.556349186104045,29.882831071846972,0.1613363988605702,15.811388300841896,51.32852642025342,Moderate
39,18,4.132208228530363,9.745950568339138,31.927324358487265,0,14.866068747318506,29.816910105492354,0.08801464861235364,15.0,53.03724207170336,Moderate
39,19,4.132208228530363,9.748201950411524,31.027704447938163,0,14.142135623730951,29.840469960527514,0.16196356899639242,14.212670403551895,53.72176515832242,Moderate
39,20,4.132208228530363,9.75045333248391,30.153058560005356,0,13.45362404707371,29.9607684813967,0.11289053499838925,13.45362404707371,56.41057795054788,High
39,21,4.132208228530363,9.752704714556296,29.305073896915616,0,12.727922061357855,30.177117801531114,0.11638751526545175,12.727922061357855,58.58817106954315,High
39,22,4.132208228530363,9.754956096628682,28.48549518348802,0,12.041594578792296,30.47910029821892,0.13235275089122617,12.041594578792296,60.70237216245725,High
39,23,4.132208228530363,9.757207478701067,27.695852347107415,0,11.313708498984761,30.847952050894193,0.126181131651978,11.40175425099138,63.361103835111535,High
39,24,4.132208228530363,9.759458860773453,26.93758859348962,0,10.63014581273465,31.257409013273396,0.03432156150125734,10.816653826391969,67.31046143540796,High
39,25,4.132208228530363,9.761710242845838,26.212014861469598,0,9.899494936611665,31.677703459772918,0.03969533456945941,10.295630140987,69.88659295635674,High
39,26,4.132208228530363,9.763961624918226,25.520182836877943,0,9.219544457292887,32.07943615275144,0.030502791321377218,9.848857801796104,72.53216643634708,High
39,27,4.132208228530363,9.766213006990611,24.863185971421945,0,8.48528137423857,32.43898800439107,0.06870074205196551,9.486832980505138,74.43538617432128,High
39,28,4.132208228530363,9.768464389062997,24.24172488194415,0,7.810249675906654,32.73925375233484,0.0841793058638893,9.219544457292887,76.41709714589604,Extreme
39,29,4.132208228530363,9.770715771135382,23.656511904870833,0,7.0710678118654755,32.971635885896895,0.06618507112548921,9.055385138137417,78.82313335273422,Extreme
39,30,4.132208228530363,9.772967153207768,23.108081949649605,0,6.4031242374328485,33.13437507627808,0.10631307576112782,9.0,80.04937394052615,Extreme
39,31,4.132208228530363,9.775218535280155,22.59710325441585,0,5.656854249492381,33.2308239707747,0.07543559247597026,9.055385138137417,82.28968070623914,Extreme
39,32,4.132208228530363,9.77746991735254,22.124220231031746,0,5.0,33.26674436286699,0.02293631026209095,9.219544457292887,84.53720917221094,Extreme
39,33,4.132208228530363,9.779721299424926,21.690290070522593,0,4.242640687119285,33.248501371599225,0.048046234869440894,9.486832980505138,85.63483597117164,Extreme
39,34,4.132208228530363,9.781972681497312,21.296557054725568,0,3.605551275463989,33.17903649683703,0.08092973163341104,9.848857801796104,86.2684799302228,Extreme
39,35,4.132208228530363,9.784224063569697,20.945304412839533,0,2.8284271247461903,33.06144432104638,0.031860064505992554,10.295630140987,88.22398132119625,Extreme
39,36,4.132208228530363,9.786475445642083,20.640109601733556,0,2.23606797749979,32.89772400679049,0.0063184180939180375,10.816653826391969,89.38048915379085,Extreme
39,37,4.132208228530363,9.78872682771447,20.387062634743497,0,1.4142135623730951,32.69033107173295,0.05481286421645158,11.40175425099138,89.67313196707067,Extreme
39,38,4.132208228530363,9.790978209786855,20.198062348018475,0,1.0,32.44256221807694,0.07245338943984796,12.041594578792296,89.61428031595024,Extreme
39,39,4.132208228530363,9.793229591859241,20.109226567343214,1,0.0,32.15960797416814,0.10947758860617196,12.727922061357855,90.0972698682337,Extreme
39,40,4.132208228530363,9.795480973931626,20.27090033945267,1,0.0,31.847808691267545,0.12964814691022564,13.45362404707371,88.94927444627969,Extreme
39,41,4.132208228530363,9.797732356004012,20.531148611014416,0,1.0,31.514592150735993,0.11090086176738481,14.212670403551895,86.60872521534124,Extreme
39,42,4.132208228530363,9.799983738076397,20.85235838707262,0,1.4142135623730951,31.169034661996204,0.0971761707414516,15.0,85.10350899728941,Extreme
39,43,4.132208228530363,9.802235120148785,21.22111019669665,0,2.23606797749979,30.82214138541543,0.12690156213898543,15.811388300841896,82.23589013483972,Extreme
39,44,4.132208228530363,9.80448650222117,21.629980623346732,0,2.8284271247461903,30.486693002142864,0.030854712826878582,16.64331697709324,81.64122120066057,Extreme
39,45,4.132208228530363,9.806737884293556,22.07430917084559,0,3.605551275463989,30.176637436015916,0.132243428307419,17.4928556845359,77.81725420167177,Extreme
39,46,4.132208228530363,9.808989266365941,22.55099925188189,0,4.242640687119285,29.906257409139354,0.20345113803515885,18.35755975068582,74.75575663048069,High
39,47,4.132208228530363,9.811240648438327,23.058061403893852,0,5.0,29.686668483287473,0.18216854805261412,19.235384061671343,72.98544073581967,High
39,48,4.132208228530363,9.813492030510714,23.594249336564594,0,5.656854249492381,29.524255722286213,0.13022105457977973,20.12461179749811,71.96297934399966,High
39,49,4.132208228530363,9.8157434125831,24.158745991795378,0,6.4031242374328485,29.418147500557026,0.1810452057829333,21.02379604162864,69.36867453065013,High
39,50,4.132208228530363,9.817994794655485,24.751204659139795,0,7.0710678118654755,29.359370995308858,0.18509719934490906,21.93171219946131,67.70387214719989,High
39,51,4.132208228530363,9.82024617672787,25.371514022243026,0,7.810249675906654,29.333083179816075,0.05530694226425944,22.847319317591726,67.98970689452142,High
39,52,4.132208228530363,9.822497558800256,26.019559465077286,0,8.48528137423857,29.320757276817393,0.1127841358114485,23.769728648009426,65.59067844602909,High
39,53,4.132208228530363,9.824748940872642,26.6957959632178,0,9.219544457292887,29.304913991320305,0.061958417664605456,24.698178070456937,64.69238811220771,High
39,54,4.132208228530363,9.827000322945029,27.400335501566445,0,9.899494936611665,29.274290380037776,0.23559899548521263,25.632011235952593,60.4653764830345,High
39,55,4.132208228530363,9.829251705017414,28.13344757765887,0,10.63014581273465,29.224828499470597,0.043925609498421385,26.570660511172846,61.57140467437864,High
39,56,4.132208228530363,9.8315030870898,28.895248340931722,0,11.313708498984761,29.161345005038953,0.25025298439632054,27.51363298439521,56.73525171461337,High
39,57,4.132208228530363,9.833754469162185,29.686007478191186,0,12.041594578792296,29.094940871089452,0.102351323660824,28.460498941515414,57.114558460608464,High
39,58,4.132208228530363,9.836005851234571,30.505627668209357,0,12.727922061357855,29.039633879048665,0.33254246674054194,29.410882339705484,51.90141390799291,Moderate
39,59,4.132208228530363,9.838257233306958,31.353940708563243,0,13.45362404707371,29.00839231381423,0.04934137390441824,30.364452901377952,54.36450211683111,Moderate
40,0,4.13445400646784,9.705425691036194,52.390463757357,0,28.284271247461902,31.052081902425535,0.17353945892186487,31.622776601683793,42.435079729811484,Moderate
40,1,4.13445400646784,9.707677073108579,51.17434222377781,0,27.586228448267445,31.10320140243475,0.09336951834381135,30.675723300355934,44.47777801565683,Moderate
40,2,4.13445400646784,9.709928455180965,49.974404293913594,0,26.870057685088806,31.19721643387578,0.17640507790988344,29.732137494637012,44.16604368446666,Moderate
40,3,4.13445400646784,9.712179837253352,48.79055687340628,0,26.1725046566048,31.31863052497848,0.18595667684918363,28.792360097775937,45.01299372177003,Moderate
40,4,4.13445400646784,9.714431219325737,47.62261815452134,0,25.45584412271571,31.44764229120097,0.13903870659645118,27.85677655436824,46.7158833275443,Moderate
40,5,4.13445400646784,9.716682601398123,46.47012232379485,0,24.758836806279895,31.56237300708211,0.3083974324203343,26.92582403567252,45.131159623943454,Moderate
40,6,4.13445400646784,9.718933983470508,45.33272101850611,0,24.041630560342615,31.643196278575914,0.1290549640816318,26.0,48.68648123107396,Moderate
40,7,4.13445400646784,9.721185365542894,44.21005608151228,0,23.345235059857504,31.67408114141133,0.08995022483819573,25.079872407968907,50.00940985949258,Moderate
40,8,4.13445400646784,9.72343674761528,43.1017046851538,0,22.627416997969522,31.64629570807584,0.25993028032252147,24.166091947189145,48.04648259339358,Moderate
40,9,4.13445400646784,9.725688129687667,42.00737529926248,0,21.93171219946131,31.557507378592376,0.27502054076967014,23.259406699226016,48.251878670133955,Moderate
40,10,4.13445400646784,9.727939511760052,40.927004338035644,0,21.213203435596427,31.413069170044317,0.2982556030629608,22.360679774997898,48.192994374867325,Moderate
40,11,4.13445400646784,9.730190893832438,39.86058951360456,0,20.518284528683193,31.222582135782673,0.11261307354859648,21.470910553583888,51.148264193032475,Moderate
40,12,4.13445400646784,9.732442275904823,38.808477641153225,0,19.79898987322333,30.999658313561124,0.2268884226467321,20.591260281974,49.5182979916571,Moderate
40,13,4.13445400646784,9.734693657977209,37.77115590928316,0,19.1049731745428,30.759320956812772,0.08550356189188324,19.72308292331602,51.67262119828596,Moderate
40,14,4.13445400646784,9.736945040049594,36.74957834904204,0,18.384776310850235,30.518495858933786,0.035436067484220755,18.867962264113206,52.44672590008768,Moderate
40,15,4.13445400646784,9.739196422121982,35.744620567091474,0,17.69180601295413,30.29395368582931,0.09027569742872679,18.027756377319946,51.67659451574311,Moderate
40,16,4.13445400646784,9.741447804194367,34.75765457243387,0,16.97056274847714,30.102994896635405,0.044612171481392716,17.204650534085253,52.48419182163752,Moderate
40,17,4.13445400646784,9.743699186266753,33.79010999779053,0,16.278820596099706,29.96336678325366,0.1369901674881187,16.401219466856727,51.33319918548309,Moderate
40,18,4.13445400646784,9.745950568339138,32.84364426060487,0,15.556349186104045,29.89100055172422,0.13060018153753578,15.620499351813308,51.813107418679664,Moderate
40,19,4.13445400646784,9.748201950411524,31.91999414928351,0,14.866068747318506,29.900776459704524,0.08318600992896583,14.866068747318506,53.31575151324781,Moderate
40,20,4.13445400646784,9.75045333248391,31.020852402119914,0,14.142135623730951,30.001935437235034,0.007269225503974151,14.142135623730951,56.43465821571218,High
40,21,4.13445400646784,9.752704714556296,30.147918554251575,0,13.45362404707371,30.196543627216172,0.07598607888318883,13.45362404707371,57.53437966905387,High
40,22,4.13445400646784,9.754956096628682,29.30293049740424,0,12.727922061357855,30.477035254967113,0.14081042366360863,12.806248474865697,58.94460216023635,High
40,23,4.13445400646784,9.757207478701067,28.487402519656253,0,12.041594578792296,30.827107212319103,0.0261721201588305,12.206555615733702,63.13115624275034,High
40,24,4.13445400646784,9.759458860773453,27.702750618877417,0,11.313708498984761,31.22209423276942,0.029716337985145187,11.661903789690601,65.70408065730471,High
40,25,4.13445400646784,9.761710242845838,26.950245048681168,0,10.63014581273465,31.632965508854024,0.1291527139846621,11.180339887498949,66.7840057609218,High
40,26,4.13445400646784,9.763961624918226,26.230881683150578,0,9.899494936611665,32.03008443446607,0.08868701951177818,10.770329614269007,69.98831362203437,High
40,27,4.13445400646784,9.766213006990611,25.54567206852036,0,9.219544457292887,32.389087225733775,0.11405117716922113,10.44030650891055,72.00883599735441,High
40,28,4.13445400646784,9.768464389062997,24.895218771859007,0,8.48528137423857,32.69192465268285,0.07338123530382179,10.198039027185569,74.95477749339902,High
40,29,4.13445400646784,9.770715771135382,24.28010975864634,0,7.810249675906654,32.92921387717156,0.05741623055041603,10.04987562112089,77.25289357330057,Extreme
40,30,4.13445400646784,9.772967153207768,23.700705749510014,0,7.0710678118654755,33.098943968464134,0.07768409175785285,10.0,78.93085080623185,Extreme
40,31,4.13445400646784,9.775218535280155,23.15745794607281,0,6.4031242374328485,33.20459641540286,0.08784831309855413,10.04987562112089,80.46615868099029,Extreme
40,32,4.13445400646784,9.77746991735254,22.650712548710523,0,5.656854249492381,33.252349524941565,0.07288048446798916,10.198039027185569,82.34817683155842,Extreme
40,33,4.13445400646784,9.779721299424926,22.180925871020975,0,5.0,33.24894207369015,0.10364310115938899,10.44030650891055,83.25033993706724,Extreme
40,34,4.13445400646784,9.781972681497312,21.748772786108958,0,4.242640687119285,33.19728929758013,0.035363869016204835,10.770329614269007,85.66738226967948,Extreme
40,35,4.13445400646784,9.784224063569697,21.355682563201672,0,3.605551275463989,33.09969353247264,0.02361536974175194,11.180339887498949,86.90245268488563,Extreme
40,36,4.13445400646784,9.786475445642083,21.003859031736752,0,2.8284271247461903,32.95657203063295,0.027893538546486938,11.661903789690601,87.99665736230577,Extreme
40,37,4.13445400646784,9.78872682771447,20.696892437964536,0,2.23606797749979,32.76817796927749,0.09185607894727517,12.206555615733702,87.75228967299778,Extreme
40,38,4.13445400646784,9.790978209786855,20.44107668798015,0,1.4142135623730951,32.53546527081481,0.11708049794106155,12.806248474865697,88.33470400456717,Extreme
40,39,4.13445400646784,9.793229591859241,20.24853756849502,0,1.0,32.261507449019334,0.05862488912848321,13.45362404707371,89.35637854526365,Extreme
40,40,4.13445400646784,9.795480973931626,20.155698080427786,1,0.0,31.951317033256643,0.034050916635446744,14.142135623730951,90.70017974404527,Extreme
40,41,4.13445400646784,9.797732356004012,20.31314001454876,1,0.0,31.612088557543178,0.12430048495516668,14.866068747318506,88.43750842655918,Extreme
40,42,4.13445400646784,9.799983738076397,20.56932805464769,0,1.0,31.25360343303752,0.13571429267783766,15.620499351813308,85.58614862914492,Extreme
40,43,4.13445400646784,9.802235120148785,20.886830949698506,0,1.4142135623730951,30.88850831158053,0.20800992104585758,16.401219466856727,82.74581200482045,Extreme
40,44,4.13445400646784,9.80448650222117,21.25258791882575,0,2.23606797749979,30.531610883316702,0.08422008993610643,17.204650534085253,82.15862063299681,Extreme
40,45,4.13445400646784,9.806737884293556,21.659400921060147,0,2.8284271247461903,30.198942614634923,0.1204321925529034,18.027756377319946,79.58796883920687,Extreme
40,46,4.13445400646784,9.808989266365941,22.10275419918498,0,3.605551275463989,29.906617585034006,0.07748804975830291,18.867962264113206,77.97222416009491,Extreme
40,47,4.13445400646784,9.811240648438327,22.57972372975181,0,4.242640687119285,29.667086610345883,0.16908314484246717,19.72308292331602,74.67896450377822,High
40,48,4.13445400646784,9.813492030510714,23.088404929022982,0,5.0,29.487770229207296,0.233719666951602,20.591260281974,71.71579070924088,High
40,49,4.13445400646784,9.8157434125831,23.627465326184034,0,5.656854249492381,29.368472788243682,0.029644501148606704,21.470910553583888,73.07727287664059,High
40,50,4.13445400646784,9.817994794655485,24.19613748103059,0,6.4031242374328485,29.30063109450706,0.12353794396007071,22.360679774997898,69.92652401003828,High
40,51,4.13445400646784,9.82024617672787,24.79394731713463,0,7.0710678118654755,29.269728825923455,0.09473877397961379,23.259406699226016,68.81839037429339,High
40,52,4.13445400646784,9.822497558800256,25.420462694561607,0,7.810249675906654,29.257242526810884,0.17201221959671606,24.166091947189145,66.02781204620574,High
40,53,4.13445400646784,9.824748940872642,26.075846352103856,0,8.48528137423857,29.24541879703161,0.16636492968430452,25.079872407968907,64.57253143500952,High
40,54,4.13445400646784,9.827000322945029,26.75995656356929,0,9.219544457292887,29.22236490343309,0.19062047314305539,26.0,62.5260323484396,High
40,55,4.13445400646784,9.829251705017414,27.472834714917898,0,9.899494936611665,29.182762386902667,0.237818387459881,26.92582403567252,60.16914269427076,High
40,56,4.13445400646784,9.8315030870898,28.21439011199022,0,10.63014581273465,29.130052581687682,0.193727213747385,27.85677655436824,59.04864498209417,High
40,57,4.13445400646784,9.833754469162185,28.984729476267646,0,11.313708498984761,29.0736445506637,0.2183857162557182,28.792360097775937,56.949511150562714,High
40,58,4.13445400646784,9.836005851234571,29.783612379679568,0,12.041594578792296,29.0260318699862,0.17125218671954312,29.732137494637012,55.85771173656007,High
40,59,4.13445400646784,9.838257233306958,30.610763874256797,0,12.727922061357855,28.998978820297822,0.3053352703634428,30.675723300355934,52.149717157579104,Moderate
41,0,4.136699784405319,9.705425691036194,53.67160332561194,0,29.0,31.338594673474155,0.11008308660577158,31.953090617340916,43.320674865092435,Moderate
41,1,4.136699784405319,9.707677073108579,52.44010465858307,0,28.284271247461902,31.380344702629763,0.1558688553738315,31.016124838541646,43.46056559898227,Moderate
41,2,4.136699784405319,9.709928455180965,51.2245141726714,0,27.586228448267445,31.456052122374498,0.2009477571940606,30.083217912982647,43.683369180043094,Moderate
41,3,4.136699784405319,9.712179837253352,50.02472837665256,0,26.870057685088806,31.551125049929375,0.17760423627313598,29.154759474226502,44.96977631798493,Moderate
41,4,4.136699784405319,9.714431219325737,48.840536763527275,0,26.1725046566048,31.647319970380885,0.20011563197713042,28.231188426986208,45.561862681638964,Moderate
41,5,4.136699784405319,9.716682601398123,47.671441340825766,0,25.45584412271571,31.7249849805646,0.1882200439380651,27.313000567495326,46.61657391546361,Moderate
41,6,4.136699784405319,9.718933983470508,46.5170657769188,0,24.758836806279895,31.76740320813375,0.2303218768616344,26.40075756488817,46.76785013871297,Moderate
41,7,4.136699784405319,9.721185365542894,45.377020268104246,0,24.041630560342615,31.761866098230556,0.10785404737576644,25.495097567963924,49.26385453649878,Moderate
41,8,4.136699784405319,9.72343674761528,44.2508512126454,0,23.345235059857504,31.70300037045037,0.0714968408195059,24.596747752497688,50.33172383871181,Moderate
41,9,4.136699784405319,9.725688129687667,43.13823465433231,0,22.627416997969522,31.59134991277085,0.15931461254763724,23.706539182259394,49.40199218849325,Moderate
41,10,4.136699784405319,9.727939511760052,42.039081688345675,0,21.93171219946131,31.43400518988002,0.17483164298982912,22.825424421026653,49.438905322540165,Moderate
41,11,4.136699784405319,9.730190893832438,40.953370902120724,0,21.213203435596427,31.24093914557513,0.11002157665457495,21.95449840010015,50.58686308804202,Moderate
41,12,4.136699784405319,9.732442275904823,39.88143674415531,0,20.518284528683193,31.024617529009884,0.1345376981789493,21.095023109728988,50.33085780786939,Moderate
41,13,4.136699784405319,9.734693657977209,38.82376183586265,0,19.79898987322333,30.797352161236795,0.12185972299877042,20.248456731316587,50.59802765791864,Moderate
41,14,4.136699784405319,9.736945040049594,37.78130114457169,0,19.1049731745428,30.572483327800143,0.25058059284622025,19.4164878389476,48.74100804244135,Moderate
41,15,4.136699784405319,9.739196422121982,36.75493562682717,0,18.384776310850235,30.36277628709069,0.17859341944967236,18.601075237738275,49.921592119912624,Moderate
41,16,4.136699784405319,9.741447804194367,35.746052143556895,0,17.69180601295413,30.182020718622685,0.08487497945854909,17.804493814764857,51.487484180573674,Moderate
41,17,4.136699784405319,9.743699186266753,34.75608595595623,0,16.97056274847714,30.04530473228223,0.05534704015661102,17.029386365926403,52.185308743434724,Moderate
41,18,4.136699784405319,9.745950568339138,33.78670715515374,0,16.278820596099706,29.96722050711196,0.11451011866489148,16.278820596099706,51.681677536391156,Moderate
41,19,4.136699784405319,9.748201950411524,32.8396718024331,0,15.556349186104045,29.962751294782652,0.05619375908614608,15.556349186104045,53.10415698679821,Moderate
41,20,4.136699784405319,9.75045333248391,31.916671674732818,0,14.866068747318506,30.04246858609459,0.11323410241491962,14.866068747318506,53.20785787012989,Moderate
41,21,4.136699784405319,9.752704714556296,31.01941515245582,0,14.142135623730951,30.210635796295396,0.046726175210010955,14.212670403551895,56.34572150707656,High
41,22,4.136699784405319,9.754956096628682,30.14963363376533,0,13.45362404707371,30.462204439987143,0.1345510940936183,13.601470508735444,57.29399261579628,High
41,23,4.136699784405319,9.757207478701067,29.30883061760523,0,12.727922061357855,30.783276739333676,0.05611738841000977,13.038404810405298,60.9482426880655,High
41,24,4.136699784405319,9.759458860773453,28.49840415495609,0,12.041594578792296,31.151102067335973,0.09856322607829218,12.529964086141668,62.81823542976455,High
41,25,4.136699784405319,9.761710242845838,27.719597048670103,0,11.313708498984761,31.53802227292101,0.06003145992951322,12.083045973594572,65.99944649457538,High
41,26,4.136699784405319,9.763961624918226,26.973367324016774,0,10.63014581273465,31.91506195061524,0.051492835636048305,11.704699910719626,68.61390701478436,High
41,27,4.136699784405319,9.766213006990611,26.26066634251082,0,9.899494936611665,32.25811075868611,0.06295706366755867,11.40175425099138,70.90526074323171,High
41,28,4.136699784405319,9.768464389062997,25.582028282974694,0,9.219544457292887,32.54911729684597,0.1240984831015511,11.180339887498949,72.22167038890764,High
41,29,4.136699784405319,9.770715771135382,24.937951385660725,0,8.48528137423857,32.778680289254424,0.0830580668836117,11.045361017187261,74.99313257584011,High
41,30,4.136699784405319,9.772967153207768,24.328667246127267,0,7.810249675906654,32.94503924484065,0.03237193074099852,11.0,77.63799380161652,Extreme
41,31,4.136699784405319,9.775218535280155,23.754468398811596,0,7.0710678118654755,33.051989412982344,0.030234551490808233,11.045361017187261,79.49793054046374,Extreme
41,32,4.136699784405319,9.77746991735254,23.215481767678817,0,6.4031242374328485,33.106025328075404,0.16557454041256844,11.180339887498949,79.02891523416378,Extreme
41,33,4.136699784405319,9.779721299424926,22.71187765112069,0,5.656854249492381,33.11394064403037,0.10597651774405085,11.40175425099138,81.48269613319609,Extreme
41,34,4.136699784405319,9.781972681497312,22.243936842341004,0,5.0,33.0782621895189,0.0640983701204287,11.704699910719626,83.39574788120537,Extreme
41,35,4.136699784405319,9.784224063569697,21.812520354298112,0,4.242640687119285,33.00015715418223,0.03382600821046385,12.083045973594572,85.17861663674888,Extreme
41,36,4.136699784405319,9.786475445642083,21.418986366991284,0,3.605551275463989,32.878247291884996,0.06975842381088253,12.529964086141668,85.64024265921213,Extreme
41,37,4.136699784405319,9.78872682771447,21.06555196337949,0,2.8284271247461903,32.710569067593596,0.15402854538896588,13.038404810405298,85.47644195910046,Extreme
41,38,4.136699784405319,9.790978209786855,20.75602799434207,0,2.23606797749979,32.495893051394425,0.10977606236351792,13.601470508735444,86.79358131951403,Extreme
41,39,4.136699784405319,9.793229591859241,20.49693585631522,0,1.4142135623730951,32.23548585496223,0.10898754261481597,14.212670403551895,87.7014972950495,Extreme
41,40,4.136699784405319,9.795480973931626,20.300694013393958,0,1.0,31.93336654156532,0.0886183661581403,14.866068747318506,88.08631088623824,Extreme
41,41,4.136699784405319,9.797732356004012,20.203980539126448,1,0.0,31.596761076065704,0.10869646624889667,15.556349186104045,88.69906894024007,Extreme
41,42,4.136699784405319,9.799983738076397,20.357760054898918,1,0.0,31.236227210483317,0.1920809477450777,16.278820596099706,86.49027940001153,Extreme
41,43,4.136699784405319,9.802235120148785,20.61067263914468,0,1.0,30.865862606617576,0.09253661653531685,17.029386365926403,85.2766448526963,Extreme
41,44,4.136699784405319,9.80448650222117,20.925635166319303,0,1.4142135623730951,30.502023932862457,0.11097312901010035,17.804493814764857,83.24871570563565,Extreme
41,45,4.136699784405319,9.806737884293556,21.289793010705857,0,2.23606797749979,30.16211166300942,0.11129161750708465,18.601075237738275,80.84170373103338,Extreme
41,46,4.136699784405319,9.808989266365941,21.69608603307509,0,2.8284271247461903,29.863210358118227,0.2353232823726652,19.4164878389476,77.03529825125457,Extreme
41,47,4.136699784405319,9.811240648438327,22.140130477154074,0,3.605551275463989,29.618315812882155,0.14924635547419446,20.248456731316587,76.18024114386431,Extreme
41,48,4.136699784405319,9.813492030510714,22.619077957647242,0,4.242640687119285,29.435219041309537,0.05945499888873759,21.095023109728988,75.74237545557925,Extreme
41,49,4.136699784405319,9.8157434125831,23.130910797718194,0,5.0,29.314016022286225,0.13901309180646446,21.95449840010015,72.6933226918405,High
41,50,4.136699784405319,9.817994794655485,23.674328314283546,0,5.656854249492381,29.246443618205795,0.13817180962800188,22.825424421026653,71.12816192406841,High
41,51,4.136699784405319,9.82024617672787,24.248415946530375,0,6.4031242374328485,29.218472267949853,0.19665599071228224,23.706539182259394,68.60127435976425,High
41,52,4.136699784405319,9.822497558800256,24.852368861441576,0,7.0710678118654755,29.211904379533003,0.11544753606358929,24.596747752497688,68.33419845902876,High
41,53,4.136699784405319,9.824748940872642,25.486010855357385,0,7.810249675906654,29.209078548659974,0.05373581454830872,25.495097567963924,67.6474350957742,High
41,54,4.136699784405319,9.827000322945029,26.148913386802754,0,8.48528137423857,29.197762804919755,0.22467387054640897,26.40075756488817,63.540162326879425,High
41,55,4.136699784405319,9.829251705017414,26.840861015962545,0,9.219544457292887,29.17159025511179,0.38880302317705556,27.313000567495326,59.38343467735094,High
41,56,4.136699784405319,9.8315030870898,27.56153239238025,0,9.899494936611665,29.13266509459238,0.2702243572969993,28.231188426986208,59.51022741968419,High
41,57,4.136699784405319,9.833754469162185,28.31085151891673,0,10.63014581273465,29.088665034023197,0.18517101226264596,29.154759474226502,59.02053686344807,High
41,58,4.136699784405319,9.836005851234571,29.088420659292886,0,11.313708498984761,29.050453096232737,0.24981251379216945,30.083217912982647,56.36116880210853,High
41,59,4.136699784405319,9.838257233306958,29.893845214336228,0,12.041594578792296,29.028478874393933,0.21094252886449685,31.016124838541646,55.20323685661182,High
42,0,4.138945562342796,9.705425691036194,54.97282125036271,0,29.698484809834994,31.633075450326622,0.17735145261036023,32.31098884280702,42.252726931190814,Moderate
42,1,4.138945562342796,9.707677073108579,53.72607561586638,0,29.0,31.66414296106004,0.1215293151928967,31.38470965295043,43.900028789181896,Moderate
42,2,4.138945562342796,9.709928455180965,52.49491733654643,0,28.284271247461902,31.71919645879623,0.2583896806026847,30.463092423455635,42.70560396305317,Moderate
42,3,4.138945562342796,9.712179837253352,51.27924271802861,0,27.586228448267445,31.785019240799418,0.22959182239521037,29.546573405388315,44.0128291094746,Moderate
42,4,4.138945562342796,9.714431219325737,50.07882684476628,0,26.870057685088806,31.84545839809624,0.03300303577674547,28.635642126552707,47.81496842246757,Moderate
42,5,4.138945562342796,9.716682601398123,48.893156770325994,0,26.1725046566048,31.883542581011874,0.09514393974082365,27.730849247724095,47.67368717593391,Moderate
42,6,4.138945562342796,9.718933983470508,47.721844939393506,0,25.45584412271571,31.885726020055294,0.07342921951565277,26.832815729997478,48.69540661479095,Moderate
42,7,4.138945562342796,9.721185365542894,46.564487618540916,0,24.758836806279895,31.842636499180973,0.0355578001517631,25.942243542145693,49.8423342348699,Moderate
42,8,4.138945562342796,9.72343674761528,45.420616860209506,0,24.041630560342615,31.752047967039637,0.22035448338607574,25.059928172283335,47.52701876163549,Moderate
42,9,4.138945562342796,9.725688129687667,44.289889335937794,0,23.345235059857504,31.617076204834564,0.10524933978854507,24.186773244895647,49.59570723167877,Moderate
42,10,4.138945562342796,9.727939511760052,43.17219920676978,0,22.627416997969522,31.44627922560463,0.00456202276847059,23.323807579381203,51.35425525101107,Moderate
42,11,4.138945562342796,9.730190893832438,42.06751090557242,0,21.93171219946131,31.249854730910712,0.11601257184174013,22.47220505424423,49.86141578816457,Moderate
42,12,4.138945562342796,9.732442275904823,40.97614560851249,0,21.213203435596427,31.039181102687287,0.13826954000003758,21.633307652783937,49.66434409089112,Moderate
42,13,4.138945562342796,9.734693657977209,39.898579127727835,0,20.518284528683193,30.824124001152807,0.10295203563669258,20.808652046684813,50.31220673293363,Moderate
42,14,4.138945562342796,9.736945040049594,38.83575832832622,0,19.79898987322333,30.61477230244016,0.2418739933337955,20.0,48.351507095874524,Moderate
42,15,4.138945562342796,9.739196422121982,37.78856086219392,0,19.1049731745428,30.42022682400888,0.22450624841413527,19.209372712298546,48.761558896179515,Moderate
42,16,4.138945562342796,9.741447804194367,36.7583770394631,0,18.384776310850235,30.25094470413315,0.10210675479302242,18.439088914585774,50.79782964442591,Moderate
42,17,4.138945562342796,9.743699186266753,35.74663551808389,0,17.69180601295413,30.11924662894139,0.06285526165140537,17.69180601295413,51.666420440416616,Moderate
42,18,4.138945562342796,9.745950568339138,34.7550085307864,0,16.97056274847714,30.038007624389742,0.1018015786869505,16.97056274847714,51.47157140931722,Moderate
42,19,4.138945562342796,9.748201950411524,33.785261217734686,0,16.278820596099706,30.021665502458504,0.17748237191278787,16.278820596099706,50.86892463285203,Moderate
42,20,4.138945562342796,9.75045333248391,32.83907741195196,0,15.556349186104045,30.081327157865136,0.05380739952526997,15.620499351813308,53.42556057862635,Moderate
42,21,4.138945562342796,9.752704714556296,31.918169147629076,0,14.866068747318506,30.222672969528055,0.030786868796581615,15.0,54.87720054551137,Moderate
42,22,4.138945562342796,9.754956096628682,31.02425964074705,0,14.142135623730951,30.44256719220921,0.12811578110804267,14.422205101855956,55.679977340072774,High
42,23,4.138945562342796,9.757207478701067,30.158843059695386,0,13.45362404707371,30.729164945457935,0.06205297491637998,13.892443989449804,59.018259680509686,High
42,24,4.138945562342796,9.759458860773453,29.32330486495465,0,12.727922061357855,31.061666163315344,0.10524336056934776,13.416407864998739,60.87253813490411,High
42,25,4.138945562342796,9.761710242845838,28.518868536149103,0,12.041594578792296,31.414157524781018,0.12208168610122318,13.0,63.08622217010924,High
42,26,4.138945562342796,9.763961624918226,27.74646641970211,0,11.313708498984761,31.759009680024597,0.08258195226754157,12.649110640673518,66.1769725903677,High
42,27,4.138945562342796,9.766213006990611,27.007004809549116,0,10.63014581273465,32.07319560414426,0.1191500035498262,12.36931687685298,67.95963455795693,High
42,28,4.138945562342796,9.768464389062997,26.300970895662825,0,9.899494936611665,32.33950133580095,0.06512604312450668,12.165525060596439,71.04475877239635,High
42,29,4.138945562342796,9.770715771135382,25.628798477786823,0,9.219544457292887,32.549227134156745,0.13079964522741203,12.041594578792296,72.09383587595474,High
42,30,4.138945562342796,9.772967153207768,24.990623141695245,0,8.48528137423857,32.70139186704455,0.10308402808015019,12.0,74.4757489978966,High
42,31,4.138945562342796,9.775218535280155,24.38662128517551,0,7.810249675906654,32.800386167067366,0.03584388958318183,12.041594578792296,77.2037461981697,Extreme
42,32,4.138945562342796,9.77746991735254,23.81675673474126,0,7.0710678118654755,32.85308018082765,0.08923014211161338,12.165525060596439,78.09774853625771,Extreme
42,33,4.138945562342796,9.779721299424926,23.280992934365386,0,6.4031242374328485,32.86621889167403,0.09898339897169428,12.36931687685298,79.41224733540844,Extreme
42,34,4.138945562342796,9.781972681497312,22.779330842688687,0,5.656854249492381,32.84182580076991,0.1803991100520994,12.649110640673518,79.67195271913829,Extreme
42,35,4.138945562342796,9.784224063569697,22.31223506884665,0,5.0,32.779854899040146,0.053552403543347275,13.0,82.79578283813497,Extreme
42,36,4.138945562342796,9.786475445642083,21.880505682943916,0,4.242640687119285,32.67716373338064,0.09330863428996282,13.416407864998739,83.4692604301347,Extreme
42,37,4.138945562342796,9.78872682771447,21.485513466861992,0,3.605551275463989,32.52975300995289,0.04536879239605212,13.892443989449804,85.12848290004587,Extreme
42,38,4.138945562342796,9.790978209786855,21.129714235902753,0,2.8284271247461903,32.33449284254152,0.055259901865605476,14.422205101855956,86.01540815181,Extreme
42,39,4.138945562342796,9.793229591859241,20.817146392813964,0,2.23606797749979,32.09118518520509,0.10310159826515154,15.0,85.88405078242972,Extreme
42,40,4.138945562342796,9.795480973931626,20.55461068076019,0,1.4142135623730951,31.803137774645684,0.10320898855342332,15.620499351813308,86.71406485365945,Extreme
42,41,4.138945562342796,9.797732356004012,20.354800105059436,0,1.0,31.477751637275386,0.12794749538694877,16.278820596099706,86.3683948047469,Extreme
42,42,4.138945562342796,9.799983738076397,20.254758476581337,1,0.0,31.126280442360144,0.212256424513616,16.97056274847714,85.9838906518706,Extreme
42,43,4.138945562342796,9.802235120148785,20.405619961563335,1,0.0,30.76393018040075,0.12230182093938405,17.69180601295413,86.37253850815215,Extreme
42,44,4.138945562342796,9.80448650222117,20.656363013797197,0,1.0,30.408018896603988,0.08524700843806268,18.439088914585774,84.25761091453901,Extreme
42,45,4.138945562342796,9.806737884293556,20.97009180386014,0,1.4142135623730951,30.076541934546956,0.055038821018000256,19.209372712298546,83.03793231887502,Extreme
42,46,4.138945562342796,9.808989266365941,21.33408332310845,0,2.23606797749979,29.78668693191758,0.1763054974747859,20.0,78.93721825996971,Extreme
42,47,4.138945562342796,9.811240648438327,21.741370423193075,0,2.8284271247461903,29.55122494122494,0.152530396398841,20.808652046684813,77.4999438505922,Extreme
42,48,4.138945562342796,9.813492030510714,22.18763656528688,0,3.605551275463989,29.377666769973814,0.2652314788808661,21.633307652783937,73.83352016973063,High
42,49,4.138945562342796,9.8157434125831,22.669897124930984,0,4.242640687119285,29.265994787514096,0.11889045099841228,22.47220505424423,74.41377220898482,High
42,50,4.138945562342796,9.817994794655485,23.186147731834936,0,5.0,29.208073798359383,0.2905165963138469,23.323807579381203,70.13333084427974,High
42,51,4.138945562342796,9.82024617672787,23.734923392977738,0,5.656854249492381,29.190415183038162,0.0420661016432045,24.186773244895647,72.39922594323744,High
42,52,4.138945562342796,9.822497558800256,24.31497249505284,0,6.4031242374328485,29.195361746950297,0.13810049867172267,25.059928172283335,69.38476009071884,High
42,53,4.138945562342796,9.824748940872642,24.925721923591915,0,7.0710678118654755,29.20563136248304,0.07233679821869704,25.942243542145693,68.92251078103591,High
42,54,4.138945562342796,9.827000322945029,25.566416164373926,0,7.810249675906654,29.208931434378428,0.12463100714697653,26.832815729997478,66.53623668039687,High
42,55,4.138945562342796,9.829251705017414,26.236549452640475,0,8.48528137423857,29.19815368428611,0.07476492256977417,27.730849247724095,65.73805614871263,High
42,56,4.138945562342796,9.8315030870898,26.93554288693536,0,9.219544457292887,29.174277208459603,0.11900535087776763,28.635642126552707,63.38102797201899,High
42,57,4.138945562342796,9.833754469162185,27.66311561669894,0,9.899494936611665,29.143455859809478,0.2512705734979792,29.546573405388315,59.760587842299465,High
42,58,4.138945562342796,9.836005851234571,28.418696643813927,0,10.63014581273465,29.11507167817431,0.30167347657776716,30.463092423455635,57.27292787989129,High
42,59,4.138945562342796,9.838257233306958,29.201757460166906,0,11.313708498984761,29.098364003976858,0.2733078822938204,31.38470965295043,56.05716046120218,High
43,0,4.141191340280273,9.705425691036194,56.29269458982413,0,30.4138126514911,31.896359299865725,0.05242726755466108,32.69556544854363,43.98161541862168,Moderate
43,1,4.141191340280273,9.707677073108579,55.030824145772286,0,29.698484809834994,31.916973012466528,0.27368398654146897,31.78049716414141,41.45650515477258,Moderate
43,2,4.141191340280273,9.709928455180965,53.784172877324934,0,29.0,31.951952614255898,0.24849200015978093,30.870698080866262,42.65371040592426,Moderate
43,3,4.141191340280273,9.712179837253352,52.55264681301747,0,28.284271247461902,31.989627766416493,0.06474866458719127,29.966648127543394,46.22675093965728,Moderate
43,4,4.141191340280273,9.714431219325737,51.33602039961015,0,27.586228448267445,32.016064373824946,0.23234633818831937,29.068883707497267,44.49385317393037,Moderate
43,5,4.141191340280273,9.716682601398123,50.133782463255265,0,26.870057685088806,32.0169652840591,0.1339901358650631,28.178005607210743,46.68034720872208,Moderate
43,6,4.141191340280273,9.718933983470508,48.94555074328257,0,26.1725046566048,31.981748951078952,0.17999830680043713,27.294688127912362,46.60622873264405,Moderate
43,7,4.141191340280273,9.721185365542894,47.77092472045378,0,25.45584412271571,31.90397507414685,0.31270703296088254,26.419689627245813,45.121197794066745,Moderate
43,8,4.141191340280273,9.72343674761528,46.609438340803905,0,24.758836806279895,31.784037009797125,0.24314681540870042,25.553864678361276,46.56101801525942,Moderate
43,9,4.141191340280273,9.725688129687667,45.460742145382454,0,24.041630560342615,31.627130472382188,0.26885705655409914,24.698178070456937,46.475303760758294,Moderate
43,10,4.141191340280273,9.727939511760052,44.3247221293979,0,23.345235059857504,31.44299355499253,0.12563538197266635,23.853720883753127,48.85058478543671,Moderate
43,11,4.141191340280273,9.730190893832438,43.20133439147865,0,22.627416997969522,31.242032973285376,0.1502263506196471,23.021728866442675,48.66075400582236,Moderate
43,12,4.141191340280273,9.732442275904823,42.09088715029577,0,21.93171219946131,31.034868730668308,0.2597513963420289,22.20360331117452,47.174356668695445,Moderate
43,13,4.141191340280273,9.734693657977209,40.99384845098058,0,21.213203435596427,30.82956445173372,0.103581751335432,21.400934559032695,49.66994691826243,Moderate
43,14,4.141191340280273,9.736945040049594,39.91115002076663,0,20.518284528683193,30.63371201035275,0.1619235852848984,20.615528128088304,48.96214650420866,Moderate
43,15,4.141191340280273,9.739196422121982,38.843659266611155,0,19.79898987322333,30.453507320276554,0.19201916867115462,19.849433241279208,48.70671533726132,Moderate
43,16,4.141191340280273,9.741447804194367,37.79276057756415,0,19.1049731745428,30.296596593006807,0.17424779679151162,19.1049731745428,49.2155420591328,Moderate
43,17,4.141191340280273,9.743699186266753,36.759865931554344,0,18.384776310850235,30.17267668576303,0.2324780573208266,18.384776310850235,48.65309288973324,Moderate
43,18,4.141191340280273,9.745950568339138,35.74664074465968,0,17.69180601295413,30.09265307092279,0.07183665515882517,17.69180601295413,51.46772039570856,Moderate
43,19,4.141191340280273,9.748201950411524,34.754850022980705,0,16.97056274847714,30.06977046785535,0.0319463678323747,17.029386365926403,52.59590484505308,Moderate
43,20,4.141191340280273,9.75045333248391,33.78616355361117,0,16.278820596099706,30.114763229396754,0.15735983928638034,16.401219466856727,51.39419547918189,Moderate
43,21,4.141191340280273,9.752704714556296,32.84229142778484,0,15.556349186104045,30.233750244793267,0.1365144792864796,15.811388300841896,52.54974287415853,Moderate
43,22,4.141191340280273,9.754956096628682,31.924946308319377,0,14.866068747318506,30.424650811089602,0.06383649413846011,15.264337522473747,54.86335715625506,Moderate
43,23,4.141191340280273,9.757207478701067,31.035612305340617,0,14.142135623730951,30.677028758409286,0.18295371380915557,14.7648230602334,55.41475709438921,High
43,24,4.141191340280273,9.759458860773453,30.175664891372676,0,13.45362404707371,30.97177300036712,0.18448882334009584,14.317821063276353,57.755443410806286,High
43,25,4.141191340280273,9.761710242845838,29.346312379332268,0,12.727922061357855,31.284785654093895,0.05011312947161297,13.92838827718412,62.22268164477741,High
43,26,4.141191340280273,9.763961624918226,28.548468823974915,0,12.041594578792296,31.590197055604634,0.07607372943646915,13.601470508735444,64.18238352477243,High
43,27,4.141191340280273,9.766213006990611,27.78300507846211,0,11.313708498984761,31.8666500575454,0.10837289118954724,13.341664064126334,66.02751113356888,High
43,28,4.141191340280273,9.768464389062997,27.050375622259345,0,10.63014581273465,32.098428993971744,0.0732191337320593,13.152946437965905,68.68372487867138,High
43,29,4.141191340280273,9.770715771135382,26.350967323629845,0,9.899494936611665,32.27813516309287,0.06270347552567365,13.038404810405298,70.90398493880733,High
43,30,4.141191340280273,9.772967153207768,25.68484325442305,0,9.219544457292887,32.40605909279496,0.1338339337072152,13.0,71.67085180665345,High
43,31,4.141191340280273,9.775218535280155,25.05209421615771,0,8.48528137423857,32.48752365133397,0.10814282957948881,13.038404810405298,73.84911399439247,High
43,32,4.141191340280273,9.77746991735254,24.45256108543053,0,7.810249675906654,32.52997131534629,0.027945071973368773,13.152946437965905,76.63280607555411,Extreme
43,33,4.141191340280273,9.779721299424926,23.886056369173822,0,7.0710678118654755,32.540206511020074,0.06384033358300042,13.341664064126334,77.68504883756493,Extreme
43,34,4.141191340280273,9.781972681497312,23.352378896628494,0,6.4031242374328485,32.51988638497454,0.05923455915223722,13.601470508735444,79.13321091186339,Extreme
43,35,4.141191340280273,9.784224063569697,22.851707412712614,0,5.656854249492381,32.46794260932879,0.02209938752712785,13.92838827718412,81.10431673764408,Extreme
43,36,4.141191340280273,9.786475445642083,22.3844565769624,0,5.0,32.379743149113665,0.14900811722980192,14.317821063276353,80.35880877520489,Extreme
43,37,4.141191340280273,9.78872682771447,21.951436687105083,0,4.242640687119285,32.24961489808669,0.14027326162208661,14.7648230602334,81.69440836679584,Extreme
43,38,4.141191340280273,9.790978209786855,21.554275576660295,0,3.605551275463989,32.07291373846952,0.04580582054444005,15.264337522473747,83.98235993137061,Extreme
43,39,4.141191340280273,9.793229591859241,21.195655261700843,0,2.8284271247461903,31.848324763914974,0.04848456908789589,15.811388300841896,84.90857800425374,Extreme
43,40,4.141191340280273,9.795480973931626,20.879879281993315,0,2.23606797749979,31.578656749796387,0.08738417652690228,16.401219466856727,84.84982882319659,Extreme
43,41,4.141191340280273,9.797732356004012,20.614042594107154,0,1.4142135623730951,31.271507418477665,0.10971314242245783,17.029386365926403,85.30251246580944,Extreme
43,42,4.141191340280273,9.799983738076397,20.411186298245582,0,1.0,30.93861802968236,0.15135412752099195,17.69180601295413,84.68705081055049,Extreme
43,43,4.141191340280273,9.802235120148785,20.308518811312965,1,0.0,30.59586143265684,0.18788426561126442,18.384776310850235,85.0417417319223,Extreme
43,44,4.141191340280273,9.80448650222117,20.45750328920425,1,0.0,30.260899935758463,0.07297064944740372,19.1049731745428,85.87177077314459,Extreme
43,45,4.141191340280273,9.806737884293556,20.707287713114166,0,1.0,29.95159593849458,0.19584951006053528,19.849433241279208,81.4705264444739,Extreme
43,46,4.141191340280273,9.808989266365941,21.021102253413613,0,1.4142135623730951,29.684487881135297,0.1975325736615168,20.615528128088304,79.92728063727213,Extreme
43,47,4.141191340280273,9.811240648438327,21.386280607328025,0,2.23606797749979,29.47149507637459,0.18556647540050544,21.400934559032695,78.0092655074209,Extreme
43,48,4.141191340280273,9.813492030510714,21.79591556411393,0,2.8284271247461903,29.31933058554402,0.2445122105944247,22.20360331117452,75.5301825752853,Extreme
43,49,4.141191340280273,9.8157434125831,22.245535366081963,0,3.605551275463989,29.22753819076413,0.22501966744019947,23.021728866442675,74.04138929471853,High
43,50,4.141191340280273,9.817994794655485,22.732150441632903,0,4.242640687119285,29.18795345655894,0.08562357373683113,23.853720883753127,74.68831949974725,High
43,51,4.141191340280273,9.82024617672787,23.253577915748373,0,5.0,29.187615858169096,0.13241860160872032,24.698178070456937,72.41582022239785,High
43,52,4.141191340280273,9.822497558800256,23.80801338357967,0,5.656854249492381,29.209509805320046,0.24533826573322468,25.553864678361276,69.35297674494223,High
43,53,4.141191340280273,9.824748940872642,24.394410673312727,0,6.4031242374328485,29.236888537567623,0.11647934450136911,26.419689627245813,69.76213202801446,High
43,54,4.141191340280273,9.827000322945029,25.011636131116937,0,7.0710678118654755,29.257563941489636,0.19672392654172,27.294688127912362,67.13097261796452,High
43,55,4.141191340280273,9.829251705017414,25.658853236981848,0,7.810249675906654,29.263938288738064,0.1140260950047694,28.178005607210743,66.77312823768105,High
43,56,4.141191340280273,9.8315030870898,26.3351944178984,0,8.48528137423857,29.25607431121394,0.12765191708263726,29.068883707497267,65.02591784390033,High
43,57,4.141191340280273,9.833754469162185,27.040148816953675,0,9.219544457292887,29.23886454129504,0.37265616249242656,29.966648127543394,59.66995518960341,High
43,58,4.141191340280273,9.836005851234571,27.77295409245459,0,9.899494936611665,29.220439531459252,0.07819393956271978,30.870698080866262,62.47716284966485,High
43,59,4.141191340280273,9.838257233306958,28.532932019635673,0,10.63014581273465,29.209012655488888,0.24601337127638812,31.78049716414141,58.266456168403046,High
44,0,4.143437118217751,9.705425691036194,57.62970834298792,0,31.11269837220809,32.09926611805763,0.2721525555175226,33.1058907144937,40.38540488496757,Moderate
44,1,4.143437118217751,9.707677073108579,56.35283371381393,0,30.4138126514911,32.11097989937645,0.3233983939534592,32.202484376209235,40.397895552794196,Moderate
44,2,4.143437118217751,9.709928455180965,55.09076646599457,0,29.698484809834994,32.12895688618562,0.2922155137778921,31.304951684997057,41.65315217046067,Moderate
44,3,4.143437118217751,9.712179837253352,53.84343113882963,0,29.0,32.14294903808752,0.23264118160238167,30.4138126514911,43.31600655282916,Moderate
44,4,4.143437118217751,9.714431219325737,52.61061360070555,0,28.284271247461902,32.14097941474305,0.3607047969201256,29.5296461204668,42.117331088023185,Moderate
44,5,4.143437118217751,9.716682601398123,51.39181920539163,0,27.586228448267445,32.110991337636975,0.20782035028946208,28.653097563788805,45.05720289730956,Moderate
44,6,4.143437118217751,9.718933983470508,50.18668578606857,0,26.870057685088806,32.04474369642385,0.1563288901269307,27.784887978899608,46.38089421168969,Moderate
44,7,4.143437118217751,9.721185365542894,48.994831023360035,0,26.1725046566048,31.93797813049938,0.18055498938355746,26.92582403567252,46.46351757018281,Moderate
44,8,4.143437118217751,9.72343674761528,47.81580534921552,0,25.45584412271571,31.79294199402776,0.1437208211432502,26.076809620810597,47.36241195039238,Moderate
44,9,4.143437118217751,9.725688129687667,46.64926532272042,0,24.758836806279895,31.616306024693433,0.32927554304738865,25.238858928247925,44.84209029958657,Moderate
44,10,4.143437118217751,9.727939511760052,45.495096997015104,0,24.041630560342615,31.418732499568637,0.19864111998593448,24.413111231467404,47.00694055598736,Moderate
44,11,4.143437118217751,9.730190893832438,44.353254218748276,0,23.345235059857504,31.210977244453776,0.057560097229593876,23.600847442411894,49.29672702287697,Moderate
44,12,4.143437118217751,9.732442275904823,43.22403354404534,0,22.627416997969522,31.003491351630025,0.13893606356950702,22.80350850198276,48.24286315141008,Moderate
44,13,4.143437118217751,9.734693657977209,42.10789563141496,0,21.93171219946131,30.80351654156509,0.20989342969744154,22.02271554554524,47.355632511572956,Moderate
44,14,4.143437118217751,9.736945040049594,41.00575250895103,0,21.213203435596427,30.617270024907427,0.22763938476643014,21.2602916254693,47.291346153929894,Moderate
44,15,4.143437118217751,9.739196422121982,39.918456762869475,0,20.518284528683193,30.449162190163833,0.056408757045238365,20.518284528683193,50.09658892859987,Moderate
44,16,4.143437118217751,9.741447804194367,38.847380369355555,0,19.79898987322333,30.304847694571194,0.1418025455250692,19.79898987322333,49.10014016459724,Moderate
44,17,4.143437118217751,9.743699186266753,37.79391167671811,0,19.1049731745428,30.19177745908876,0.18528286824639306,19.1049731745428,48.797174017635236,Moderate
44,18,4.143437118217751,9.745950568339138,36.75970285961122,0,18.384776310850235,30.118764197948206,0.0853634834056305,18.439088914585774,50.7302105202992,Moderate
44,19,4.143437118217751,9.748201950411524,35.74651159270245,0,17.69180601295413,30.097244574906505,0.07399407380594476,17.804493814764857,51.446481049803836,Moderate
44,20,4.143437118217751,9.75045333248391,34.7559892882102,0,16.97056274847714,30.136610226277632,0.12954492331144046,17.204650534085253,51.29205091483243,Moderate
44,21,4.143437118217751,9.752704714556296,33.789838919391954,0,16.278820596099706,30.242297729699978,0.1380756474772324,16.64331697709324,51.988100366791116,Moderate
44,22,4.143437118217751,9.754956096628682,32.849760218993744,0,15.556349186104045,30.412222708623045,0.039878432856549746,16.1245154965971,54.424229861332854,Moderate
44,23,4.143437118217751,9.757207478701067,31.93722489728694,0,14.866068747318506,30.63646648753647,0.14740785629470216,15.652475842498529,54.11211026904539,Moderate
44,24,4.143437118217751,9.759458860773453,31.0535988260344,0,14.142135623730951,30.897069753401524,0.023450732160570743,15.231546211727817,58.326046912552144,High
44,25,4.143437118217751,9.761710242845838,30.200075763574727,0,13.45362404707371,31.171520642805426,0.08857225200805745,14.866068747318506,59.66032883560701,High
44,26,4.143437118217751,9.763961624918226,29.377554546849993,0,12.727922061357855,31.435829900979815,0.05861162492719894,14.560219778561036,62.440146872754674,High
44,27,4.143437118217751,9.766213006990611,28.586875309469605,0,12.041594578792296,31.67061143291272,0.07856903744589518,14.317821063276353,64.31575751241716,High
44,28,4.143437118217751,9.768464389062997,27.82846767242714,0,11.313708498984761,31.862078263196462,0.08780066125951144,14.142135623730951,66.29828602949046,High
44,29,4.143437118217751,9.770715771135382,27.102682459939835,0,10.63014581273465,32.004557147141064,0.13831997237940802,14.035668847618199,67.45053863304925,High
44,30,4.143437118217751,9.772967153207768,26.409525801610194,0,9.899494936611665,32.100011051379006,0.02098201218038316,14.0,71.06676103097702,High
44,31,4.143437118217751,9.775218535280155,25.749024129913074,0,9.219544457292887,32.155043764644574,0.05588304593031916,14.035668847618199,72.19839939770492,High
44,32,4.143437118217751,9.77746991735254,25.1209239459805,0,8.48528137423857,32.177971135253074,0.038896009981068506,14.142135623730951,74.1025362655614,High
44,33,4.143437118217751,9.779721299424926,24.524927052451087,0,7.810249675906654,32.17595335522275,0.049598327452013376,14.317821063276353,75.41367141699375,Extreme
44,34,4.143437118217751,9.781972681497312,23.960684839533975,0,7.0710678118654755,32.15065239805457,0.07486485014541903,14.560219778561036,76.53852178023496,Extreme
44,35,4.143437118217751,9.784224063569697,23.428165202292845,0,6.4031242374328485,32.100417429401055,0.04370297174143834,14.866068747318506,78.31237654917311,Extreme
44,36,4.143437118217751,9.786475445642083,22.927508994067143,0,5.656854249492381,32.019623983302495,0.09511634772298538,15.231546211727817,78.88584156822567,Extreme
44,37,4.143437118217751,9.78872682771447,22.45913774147283,0,5.0,31.90144213126447,0.12098864474815434,15.652475842498529,79.5844122587209,Extreme
44,38,4.143437118217751,9.790978209786855,22.024137376132067,0,4.242640687119285,31.740178225871468,0.09793003581584388,16.1245154965971,81.06113310569746,Extreme
44,39,4.143437118217751,9.793229591859241,21.62435939188556,0,3.605551275463989,31.5337314408173,0.019425052794502747,16.64331697709324,83.03963204104184,Extreme
44,40,4.143437118217751,9.795480973931626,21.262737015990005,0,2.8284271247461903,31.284543247437018,0.11805293520766483,17.204650534085253,82.46920519828863,Extreme
44,41,4.143437118217751,9.797732356004012,20.943887709961473,0,2.23606797749979,31.0003105622783,0.14644054672156534,17.804493814764857,82.53491016310589,Extreme
44,42,4.143437118217751,9.799983738076397,20.67523667334339,0,1.4142135623730951,30.692946242323387,0.1103943045866354,18.439088914585774,83.86436440608247,Extreme
44,43,4.143437118217751,9.802235120148785,20.469986445291774,0,1.0,30.378485667391253,0.17139731838260386,19.1049731745428,83.00421822400592,Extreme
44,44,4.143437118217751,9.80448650222117,20.36566514843194,1,0.0,30.07433672636657,0.28616589877091286,19.79898987322333,82.27918614269224,Extreme
44,45,4.143437118217751,9.806737884293556,20.51388948685529,1,0.0,29.797606321271612,0.07764857873886334,20.518284528683193,84.65380541171855,Extreme
44,46,4.143437118217751,9.808989266365941,20.763928337492395,0,1.0,29.563612955229406,0.11369273229073534,21.2602916254693,81.73610625657885,Extreme
44,47,4.143437118217751,9.811240648438327,21.079035736756396,0,1.4142135623730951,29.383007103331003,0.06526679895173097,22.02271554554524,81.1518311306775,Extreme
44,48,4.143437118217751,9.813492030510714,21.44659881355539,0,2.23606797749979,29.261391538231635,0.17816257995455764,22.80350850198276,77.57930750343742,Extreme
44,49,4.143437118217751,9.8157434125831,21.859539750781344,0,2.8284271247461903,29.197699121009894,0.11121922349952995,23.600847442411894,77.19944840252644,Extreme
44,50,4.143437118217751,9.817994794655485,22.31336371292211,0,3.605551275463989,29.18366226466781,0.05851557390778508,24.413111231467404,76.3933987570991,Extreme
44,51,4.143437118217751,9.82024617672787,22.804890571667904,0,4.242640687119285,29.20682454165055,0.19555239307776837,25.238858928247925,73.04188902954834,High
44,52,4.143437118217751,9.822497558800256,23.331598550186513,0,5.0,29.250831181432144,0.21772227683352074,26.076809620810597,71.24233172451774,High
44,53,4.143437118217751,9.824748940872642,23.891859670432474,0,5.656854249492381,29.299495034502986,0.11714673682133767,26.92582403567252,71.44288110533817,High
44,54,4.143437118217751,9.827000322945029,24.484091341170593,0,6.4031242374328485,29.340744624271558,0.08307527833628772,27.784887978899608,70.46015288566244,High
44,55,4.143437118217751,9.829251705017414,25.107073437852492,0,7.0710678118654755,29.366599984155336,0.22609777778593046,28.653097563788805,66.89639131760134,High
44,56,4.143437118217751,9.8315030870898,25.75961071857133,0,7.810249675906654,29.3762931111794,0.18672018763729253,29.5296461204668,65.89358988399206,High
44,57,4.143437118217751,9.833754469162185,26.440931527654932,0,8.48528137423857,29.373627781801368,0.3811216986123241,30.4138126514911,61.44431394633466,High
44,58,4.143437118217751,9.836005851234571,27.150060152474012,0,9.219544457292887,29.365651891936977,0.08490231979710999,31.304951684997057,64.22645795474612,High
44,59,4.143437118217751,9.838257233306958,27.886149984024733,0,9.899494936611665,29.359705395781972,0.3067237709762607,32.202484376209235,59.31749306594898,High
45,0,4.145682896155228,9.705425691036194,58.982118590924884,0,31.827660925679098,32.230540110269125,0.15637347351534295,33.54101966249684,41.64035336011217,Moderate
45,1,4.145682896155228,9.707677073108579,57.69036120129507,0,31.11269837220809,32.23573560349058,0.391377532470178,32.64965543462902,38.88956635042013,Moderate
45,2,4.145682896155228,9.709928455180965,56.41296145588138,0,30.4138126514911,32.24131092530442,0.17772064545558008,31.76476034853718,42.86114029395033,Moderate
45,3,4.145682896155228,9.712179837253352,55.149869868833434,0,29.698484809834994,32.238089536497064,0.28427620887611915,30.886890422961002,41.999927448657296,Moderate
45,4,4.145682896155228,9.714431219325737,53.900893831733,0,29.0,32.215497535695775,0.07000779662300799,30.01666203960727,45.89615018157326,Moderate
45,5,4.145682896155228,9.716682601398123,52.6655676481447,0,28.284271247461902,32.16297647048134,0.36609975805470024,29.154759474226502,42.05691743868169,Moderate
45,6,4.145682896155228,9.718933983470508,51.44356195235398,0,27.586228448267445,32.073717055476195,0.3098574393791321,28.30194339616981,43.406462178599945,Moderate
45,7,4.145682896155228,9.721185365542894,50.23452501619946,0,26.870057685088806,31.944681357464,0.34141652862777494,27.459060435491963,43.33564815318346,Moderate
45,8,4.145682896155228,9.72343674761528,49.03803622327726,0,26.1725046566048,31.779084083463655,0.011519587527061153,26.627053911388696,48.591318595518466,Moderate
45,9,4.145682896155228,9.725688129687667,47.85376879249449,0,25.45584412271571,31.58443870456552,0.16200963777768726,25.80697580112788,46.56409602912374,Moderate
45,10,4.145682896155228,9.727939511760052,46.681616056254164,0,24.758836806279895,31.37214382807519,0.16756079287500084,25.0,46.661353258322016,Moderate
45,11,4.145682896155228,9.730190893832438,45.52153560841862,0,24.041630560342615,31.153591198255604,0.11177820765462412,24.20743687382041,47.656443060662525,Moderate
45,12,4.145682896155228,9.732442275904823,44.37381429347106,0,23.345235059857504,30.939856303035484,0.17412315978670195,23.430749027719962,46.88392138840236,Moderate
45,13,4.145682896155228,9.734693657977209,43.23890699037199,0,22.627416997969522,30.73857755815278,0.10685323960714709,22.67156809750927,48.07803185405757,Moderate
45,14,4.145682896155228,9.736945040049594,42.11770387150856,0,21.93171219946131,30.55597901216703,0.028533584912070902,21.93171219946131,49.4747456172389,Moderate
45,15,4.145682896155228,9.739196422121982,41.011040601590636,0,21.213203435596427,30.396053430109724,0.2020178877422658,21.213203435596427,47.14036987462366,Moderate
45,16,4.145682896155228,9.741447804194367,39.92027340568538,0,20.518284528683193,30.263493002126307,0.11803928272325899,20.518284528683193,48.724395804645084,Moderate
45,17,4.145682896155228,9.743699186266753,38.84676357863103,0,19.79898987322333,30.16406407219963,0.1659748102271307,19.849433241279208,48.39923709914938,Moderate
45,18,4.145682896155228,9.745950568339138,37.79214659920589,0,19.1049731745428,30.104477916068493,0.14926452817460395,19.209372712298546,49.12847371511612,Moderate
45,19,4.145682896155228,9.748201950411524,36.758168311758,0,18.384776310850235,30.093805958357237,0.0933307352429082,18.601075237738275,50.55156471801456,Moderate
45,20,4.145682896155228,9.75045333248391,35.7464598253956,0,17.69180601295413,30.139119993799227,0.08178049602002929,18.027756377319946,51.43045484139288,Moderate
45,21,4.145682896155228,9.752704714556296,34.758713009729014,0,16.97056274847714,30.243981996258224,0.12041677528254789,17.4928556845359,51.68567091649257,Moderate
45,22,4.145682896155228,9.754956096628682,33.79661294318691,0,16.278820596099706,30.40512060558777,0.0638942048832834,17.0,53.48852983777517,Moderate
45,23,4.145682896155228,9.757207478701067,32.86161575332013,0,15.556349186104045,30.612075851648722,0.10925791527949857,16.55294535724685,53.85733241540762,Moderate
45,24,4.145682896155228,9.759458860773453,31.95507649353276,0,14.866068747318506,30.847294075085866,0.17432201665798885,16.15549442140351,54.20505785208557,Moderate
45,25,4.145682896155228,9.761710242845838,31.078172097954187,0,14.142135623730951,31.08937805560706,0.06078055864510569,15.811388300841896,58.21424379647902,High
45,26,4.145682896155228,9.763961624918226,30.231785411977626,0,13.45362404707371,31.316088553782684,0.13084366224082347,15.524174696260024,59.35534455308793,High
45,27,4.145682896155228,9.766213006990611,29.416726218328755,0,12.727922061357855,31.51005449429308,0.14632086874906372,15.297058540778355,61.279969829005566,High
45,28,4.145682896155228,9.768464389062997,28.633401203839025,0,12.041594578792296,31.65963065977364,0.21691184512467523,15.132745950421556,62.186761729578755,High
45,29,4.145682896155228,9.770715771135382,27.882129975246563,0,11.313708498984761,31.76111924865094,0.09806235421239477,15.033296378372908,65.86983804178959,High
45,30,4.145682896155228,9.772967153207768,27.162870244338208,0,10.63014581273465,31.81844447298194,0.14245189471767125,15.0,66.90533503962796,High
45,31,4.145682896155228,9.775218535280155,26.475597287247005,0,9.899494936611665,31.839815429468423,0.06640843741337621,15.033296378372908,69.72044898530645,High
45,32,4.145682896155228,9.77746991735254,25.819982513394557,0,9.219544457292887,31.834772885494356,0.10915695022713806,15.132745950421556,70.58697036015243,High
45,33,4.145682896155228,9.779721299424926,25.1956454187354,0,8.48528137423857,31.8112484447485,0.16877789708425922,15.297058540778355,71.22801930398518,High
45,34,4.145682896155228,9.781972681497312,24.602128624786594,0,7.810249675906654,31.771432922990947,0.15544126660067725,15.524174696260024,72.80734617232667,High
45,35,4.145682896155228,9.784224063569697,24.0392416567833,0,7.0710678118654755,31.713691719727407,0.05216252528547248,15.811388300841896,75.78153485713489,Extreme
45,36,4.145682896155228,9.786475445642083,23.506927299295135,0,6.4031242374328485,31.632041995868036,0.09505247238836781,16.15549442140351,76.36891678330933,Extreme
45,37,4.145682896155228,9.78872682771447,23.00532924928709,0,5.656854249492381,31.51909281827735,0.11648208350006689,16.55294535724685,77.31533673078427,Extreme
45,38,4.145682896155228,9.790978209786855,22.535163154002284,0,5.0,31.368588654544702,0.05268224819827138,17.0,79.28229015160126,Extreme
45,39,4.145682896155228,9.793229591859241,22.097734745753854,0,4.242640687119285,31.17792672558666,0.007541115761763362,17.4928556845359,81.02095796041625,Extreme
45,40,4.145682896155228,9.795480973931626,21.69513410514228,0,3.605551275463989,30.949230774643066,0.21111398275912657,18.027756377319946,78.71642895624966,Extreme
45,41,4.145682896155228,9.797732356004012,21.330627734568154,0,2.8284271247461903,30.69010346415387,0.06320302595236785,18.601075237738275,81.82187494034473,Extreme
45,42,4.145682896155228,9.799983738076397,21.00914560608868,0,2.23606797749979,30.41224711325834,0.1528629479091944,19.209372712298546,80.98538740872955,Extreme
45,43,4.145682896155228,9.802235120148785,20.73827374718475,0,1.4142135623730951,30.131344095822715,0.11560317443751308,19.849433241279208,82.39801217807765,Extreme
45,44,4.145682896155228,9.80448650222117,20.53152497422826,0,1.0,29.864017013196165,0.04373438781903021,20.518284528683193,83.64521565543808,Extreme
45,45,4.145682896155228,9.806737884293556,20.426567480630098,1,0.0,29.6261453639755,0.22228824747496753,21.213203435596427,82.12322268777982,Extreme
45,46,4.145682896155228,9.808989266365941,20.57513428672961,1,0.0,29.431476811876884,0.12459326320969798,21.93171219946131,83.0327209667334,Extreme
45,47,4.145682896155228,9.811240648438327,20.826489447430742,0,1.0,29.28921540794162,0.08896894949266605,22.67156809750927,81.40995193149098,Extreme
45,48,4.145682896155228,9.813492030510714,21.14393462999564,0,1.4142135623730951,29.20377808522854,0.14074357962832043,23.430749027719962,79.5502364225239,Extreme
45,49,4.145682896155228,9.8157434125831,21.51467425122171,0,2.23606797749979,29.173504509694144,0.09877659191178448,24.20743687382041,78.51852226361758,Extreme
45,50,4.145682896155228,9.817994794655485,21.931589790024596,0,2.8284271247461903,29.190078152891395,0.053621323270454095,25.0,78.00259381617516,Extreme
45,51,4.145682896155228,9.82024617672787,22.389985766694284,0,3.605551275463989,29.24156032156803,0.19295042491454273,25.80697580112788,74.47097565823091,High
45,52,4.145682896155228,9.822497558800256,22.88634613707297,0,4.242640687119285,29.31223738281977,0.2844162928382027,26.627053911388696,71.91448598577912,High
45,53,4.145682896155228,9.824748940872642,23.418294131797538,0,5.0,29.386402002392508,0.08546228623676921,27.459060435491963,73.50124787501227,High
45,54,4.145682896155228,9.827000322945029,23.98369435702161,0,5.656854249492381,29.45196160434174,0.43136537081987525,28.30194339616981,67.04223331750654,High
45,55,4.145682896155228,9.829251705017414,24.580870386085117,0,6.4031242374328485,29.500478568681043,0.22395117302131193,29.154759474226502,68.67421350672977,High
45,56,4.145682896155228,9.8315030870898,25.208248156857927,0,7.0710678118654755,29.530251716349998,0.22964057023624754,30.01666203960727,67.1772812683791,High
45,57,4.145682896155228,9.833754469162185,25.86475623575233,0,7.810249675906654,29.54398587919488,0.26237848165873784,30.886890422961002,65.10012716270057,High
45,58,4.145682896155228,9.836005851234571,26.54917791403032,0,8.48528137423857,29.54765812821998,0.09503716988495882,31.76476034853718,66.09041121931905,High
45,59,4.145682896155228,9.838257233306958,27.26047566223213,0,9.219544457292887,29.547775736390047,0.30782246638270333,32.64965543462902,61.25567643188372,High
46,0,4.147928674092706,9.705425691036194,60.34833746843642,0,32.526911934581186,32.29794932034286,0.35617122668879814,34.0,37.99986672748679,Moderate
46,1,4.147928674092706,9.707677073108579,59.04182271540909,0,31.827660925679098,32.29920788851308,0.33177137067070106,33.12099032335839,39.139370102507336,Moderate
46,2,4.147928674092706,9.709928455180965,57.74918625833814,0,31.11269837220809,32.29731419110773,0.25630915317490716,32.2490309931942,41.02904119398096,Moderate
46,3,4.147928674092706,9.712179837253352,56.47041029521755,0,30.4138126514911,32.28369831942017,0.2990653502331368,31.38470965295043,41.10906225044172,Moderate
46,4,4.147928674092706,9.714431219325737,55.20533128502284,0,29.698484809834994,32.248496715825,0.15847335939828186,30.528675044947494,43.87930001465467,Moderate
46,5,4.147928674092706,9.716682601398123,53.953521873953996,0,29.0,32.18177470547058,0.0815981362280518,29.68164415931166,45.610132348422766,Moderate
46,6,4.147928674092706,9.718933983470508,52.71469530455645,0,28.284271247461902,32.07714388813343,0.14606427104313746,28.844410203711913,45.12199094415531,Moderate
46,7,4.147928674092706,9.721185365542894,51.48853948900766,0,27.586228448267445,31.931782396657887,0.27363165334206485,28.0178514522438,43.58187294461695,Moderate
46,8,4.147928674092706,9.72343674761528,50.274672291057165,0,26.870057685088806,31.74899549739916,0.10332523382252529,27.202941017470888,46.41258091419328,Moderate
46,9,4.147928674092706,9.725688129687667,49.07279198449427,0,26.1725046566048,31.5365628274236,0.185263383298814,26.40075756488817,45.381232679197005,Moderate
46,10,4.147928674092706,9.727939511760052,47.882804860856375,0,25.45584412271571,31.306514782969728,0.22059222873288234,25.612496949731394,44.99963309283953,Moderate
46,11,4.147928674092706,9.730190893832438,46.70467767055967,0,24.758836806279895,31.07126902018074,0.22976417115465783,24.839484696748443,44.990888873746776,Moderate
46,12,4.147928674092706,9.732442275904823,45.53868989023793,0,24.041630560342615,30.843420993595874,0.2295722526380038,24.08318915758459,45.13324043318225,Moderate
46,13,4.147928674092706,9.734693657977209,44.38529320032944,0,23.345235059857504,30.63231551852924,0.15289411551821508,23.345235059857504,46.455737571344315,Moderate
46,14,4.147928674092706,9.736945040049594,43.2453561491244,0,22.627416997969522,30.44566208170652,0.2136626184126593,22.627416997969522,45.76742190278315,Moderate
46,15,4.147928674092706,9.739196422121982,42.11969792208566,0,21.93171219946131,30.288491434333903,0.1710840504707755,21.93171219946131,46.691818466582255,Moderate
46,16,4.147928674092706,9.741447804194367,41.00965893683784,0,21.213203435596427,30.1656417549966,0.1659357954604968,21.2602916254693,47.12811523004849,Moderate
46,17,4.147928674092706,9.743699186266753,39.91657382421698,0,20.518284528683193,30.081855451064264,0.20369096521284677,20.615528128088304,47.004837255539314,Moderate
46,18,4.147928674092706,9.745950568339138,38.8420611999081,0,19.79898987322333,30.04181542705303,0.22080676193785415,20.0,47.28543763232475,Moderate
46,19,4.147928674092706,9.748201950411524,37.78785378861643,0,19.1049731745428,30.05174957233774,0.20579369770858655,19.4164878389476,48.15621927580005,Moderate
46,20,4.147928674092706,9.75045333248391,36.75556337849001,0,18.384776310850235,30.115491634115436,0.0420572557125613,18.867962264113206,51.374372271145376,Moderate
46,21,4.147928674092706,9.752704714556296,35.746868609991786,0,17.69180601295413,30.233560445654426,0.2617215538674605,18.35755975068582,48.95829307781573,Moderate
46,22,4.147928674092706,9.754956096628682,34.763439620305974,0,16.97056274847714,30.40030079068239,0.15932638960617465,17.88854381999832,51.475295080654874,Moderate
46,23,4.147928674092706,9.757207478701067,33.80671382286728,0,16.278820596099706,30.603605168117113,0.0875579184311111,17.46424919657298,53.60511128893114,Moderate
46,24,4.147928674092706,9.759458860773453,32.87803361298954,0,15.556349186104045,30.825483880400828,0.012044156945519744,17.08800749063506,55.81925204327576,High
46,25,4.147928674092706,9.761710242845838,31.97855510341383,0,14.866068747318506,31.045049225528857,0.10433230324201948,16.76305461424021,55.71679684852463,High
46,26,4.147928674092706,9.763961624918226,31.10914170572773,0,14.142135623730951,31.241521233029268,0.10460983739939408,16.492422502470642,57.90455170349389,High
46,27,4.147928674092706,9.766213006990611,30.27057013829871,0,13.45362404707371,31.399408169782376,0.019481016016255133,16.278820596099706,61.20335392396229,High
46,28,4.147928674092706,9.768464389062997,29.463221492274894,0,12.727922061357855,31.509256004284534,0.04695472380626919,16.1245154965971,62.74112188750638,High
46,29,4.147928674092706,9.770715771135382,28.68738430669007,0,12.041594578792296,31.569449847715166,0.06711068402526014,16.0312195418814,64.18499646682099,High
46,30,4.147928674092706,9.772967153207768,27.942970842201724,0,11.313708498984761,31.586048665085656,0.1665427402372297,16.0,64.3855862885948,High
46,31,4.147928674092706,9.775218535280155,27.22991203533198,0,10.63014581273465,31.569129060667954,0.08121394385667136,16.0312195418814,67.18459092154832,High
46,32,4.147928674092706,9.77746991735254,26.547816231989188,0,9.899494936611665,31.52978692058068,0.07421381976624078,16.1245154965971,68.81494444481693,High
46,33,4.147928674092706,9.779721299424926,25.896239928104027,0,9.219544457292887,31.477156742863638,0.0456303941346218,16.278820596099706,70.63458187168479,High
46,34,4.147928674092706,9.781972681497312,25.274643894899143,0,8.48528137423857,31.414511795949437,0.07232536669949943,16.492422502470642,71.67379186177217,High
46,35,4.147928674092706,9.784224063569697,24.682716318245667,0,7.810249675906654,31.340858879122052,0.051680909992869575,16.76305461424021,73.28039638872202,High
46,36,4.147928674092706,9.786475445642083,24.12025457736728,0,7.0710678118654755,31.250507251434527,0.17288776057735603,17.08800749063506,72.80859960890206,High
46,37,4.147928674092706,9.78872682771447,23.587199568364007,0,6.4031242374328485,31.136083187531547,0.07192944908138807,17.46424919657298,75.47529703838691,Extreme
46,38,4.147928674092706,9.790978209786855,23.084006540450204,0,5.656854249492381,30.99122067139797,0.13823567668242923,17.88854381999832,75.67273448543813,Extreme
46,39,4.147928674092706,9.793229591859241,22.611604852081367,0,5.0,30.813035855894853,0.047008396914828825,18.35755975068582,77.98582666830012,Extreme
46,40,4.147928674092706,9.795480973931626,22.171527596479912,0,4.242640687119285,30.603325750989214,0.03938667970211709,18.867962264113206,79.11744117485054,Extreme
46,41,4.147928674092706,9.797732356004012,21.766215737359335,0,3.605551275463989,30.369361479854387,0.0654692401952255,19.4164878389476,79.46419164238728,Extreme
46,42,4.147928674092706,9.799983738076397,21.39923005548131,0,2.8284271247461903,30.122251487498644,0.1389863241138449,20.0,79.27858914883753,Extreme
46,43,4.147928674092706,9.802235120148785,21.07566308835572,0,2.23606797749979,29.87686128018441,0.17572219612301515,20.615528128088304,79.31529556249141,Extreme
46,44,4.147928674092706,9.80448650222117,20.803400539837323,0,1.4142135623730951,29.64860721010485,0.15076868034109756,21.2602916254693,80.67080403252056,Extreme
46,45,4.147928674092706,9.806737884293556,20.596084357255737,0,1.0,29.451835881454077,0.2812184435671513,21.93171219946131,79.05329968611873,Extreme
46,46,4.147928674092706,9.808989266365941,20.491494568840196,1,0.0,29.298582629623294,0.1486857709397039,22.627416997969522,82.40095413890471,Extreme
46,47,4.147928674092706,9.811240648438327,20.641335203420834,1,0.0,29.196635741312647,0.11556985162713725,23.345235059857504,82.56407552967063,Extreme
46,48,4.147928674092706,9.813492030510714,20.894912809818507,0,1.0,29.149351164963537,0.30912984369459623,24.08318915758459,77.73071681751446,Extreme
46,49,4.147928674092706,9.8157434125831,21.21533718444507,0,1.4142135623730951,29.15465633186303,0.23653819907173548,24.839484696748443,77.95303753446997,Extreme
46,50,4.147928674092706,9.817994794655485,21.58975563867544,0,2.23606797749979,29.204359529187403,0.08689406448144141,25.612496949731394,78.72671103156641,Extreme
46,51,4.147928674092706,9.82024617672787,22.01084100704352,0,2.8284271247461903,29.287108578284123,0.2746052472717062,26.40075756488817,74.87452479910152,High
46,52,4.147928674092706,9.822497558800256,22.47356738311354,0,3.605551275463989,29.387810984477373,0.09570682790460693,27.202941017470888,76.2321747429046,Extreme
46,53,4.147928674092706,9.824748940872642,22.97453074391106,0,4.242640687119285,29.491108266283707,0.13013842975407944,28.0178514522438,74.60695897408435,High
46,54,4.147928674092706,9.827000322945029,23.510880621834726,0,5.0,29.584657660013285,0.0982147904924161,28.844410203711913,73.7323033804557,High
46,55,4.147928674092706,9.829251705017414,24.08037872253562,0,5.656854249492381,29.65934836515811,0.3621270970637765,29.68164415931166,68.52270056769869,High
46,56,4.147928674092706,9.8315030870898,24.68100169302882,0,6.4031242374328485,29.712286981716034,0.17073855658591702,30.528675044947494,69.92290032534876,High
46,57,4.147928674092706,9.833754469162185,25.3113270408733,0,7.0710678118654755,29.744896029994152,0.06626076454574238,31.38470965295043,70.08356000026942,High
46,58,4.147928674092706,9.836005851234571,25.96986134402979,0,7.810249675906654,29.76193251608138,0.2863355753380247,32.2490309931942,65.20310189044112,High
46,59,4.147928674092706,9.838257233306958,26.655348126163258,0,8.48528137423857,29.768990609883925,0.16021001689069703,33.12099032335839,65.58266685298764,High
47,0,4.150174452030184,9.705425691036194,61.7268744050012,0,33.24154027718932,32.32471138387888,0.15466330755885765,34.48187929913333,40.27391622970449,Moderate
47,1,4.150174452030184,9.707677073108579,60.40573455089502,0,32.526911934581186,32.324167079880034,0.165597834246191,33.61547262794322,40.8876914125273,Moderate
47,2,4.150174452030184,9.709928455180965,59.0979748400411,0,31.827660925679098,32.31884046364112,0.38827248729106284,32.7566787083184,38.30596936543589,Moderate
47,3,4.150174452030184,9.712179837253352,57.8036127529995,0,31.11269837220809,32.30031562137387,0.33781955041362416,31.906112267087632,39.78150938001749,Moderate
47,4,4.150174452030184,9.714431219325737,56.522518328507914,0,30.4138126514911,32.25877953507965,0.053156237214204365,31.064449134018133,44.70702273873134,Moderate
47,5,4.150174452030184,9.716682601398123,55.25430836438152,0,29.698484809834994,32.184108348609385,0.11806724386919716,30.23243291566195,44.3016100440108,Moderate
47,6,4.150174452030184,9.718933983470508,53.99874493176858,0,29.0,32.069421198342,0.2765257087336861,29.410882339705484,42.389261254513,Moderate
47,7,4.150174452030184,9.721185365542894,52.75556074451595,0,28.284271247461902,31.91124400045296,0.1727688908819758,28.600699292150182,44.298217512824266,Moderate
47,8,4.150174452030184,9.72343674761528,51.52441810337453,0,27.586228448267445,31.712242396692037,0.09199900055860892,27.80287754891569,45.75705754133512,Moderate
47,9,4.150174452030184,9.725688129687667,50.30504600953485,0,26.870057685088806,31.480024391365113,0.13687381459526762,27.018512172212592,45.244377059008734,Moderate
47,10,4.150174452030184,9.727939511760052,49.09736741594698,0,26.1725046566048,31.227242037978623,0.18061438508817382,26.248809496813376,44.69234273590022,Moderate
47,11,4.150174452030184,9.730190893832438,47.90136278107211,0,25.45584412271571,30.967779131745097,0.08751611415770981,25.495097567963924,46.16993527767664,Moderate
47,12,4.150174452030184,9.732442275904823,46.717306766387516,0,24.758836806279895,30.716634385021386,0.34143736439665,24.758836806279895,42.45519963908227,Moderate
47,13,4.150174452030184,9.734693657977209,45.54565143177058,0,24.041630560342615,30.486098457026085,0.24536123652739797,24.041630560342615,44.032690330487746,Moderate
47,14,4.150174452030184,9.736945040049594,44.387246398014994,0,23.345235059857504,30.286760424186678,0.27027452727927265,23.345235059857504,43.862578478848434,Moderate
47,15,4.150174452030184,9.739196422121982,43.24289753861832,0,22.627416997969522,30.126049304886344,0.08973777941431449,22.67156809750927,46.85885267508844,Moderate
47,16,4.150174452030184,9.741447804194367,42.113932935797905,0,21.93171219946131,30.009983612533066,0.1329635679617392,22.02271554554524,46.59701982073372,Moderate
47,17,4.150174452030184,9.743699186266753,41.00166501903737,0,21.213203435596427,29.942929365273038,0.16520664939429885,21.400934559032695,46.60798792242773,Moderate
47,18,4.150174452030184,9.745950568339138,39.907698987477886,0,20.518284528683193,29.927638974973064,0.1369528548408246,20.808652046684813,47.640144366042946,Moderate
47,19,4.150174452030184,9.748201950411524,38.83375675712202,0,19.79898987322333,29.967097036589855,0.1756421623222059,20.248456731316587,47.78805406612304,Moderate
47,20,4.150174452030184,9.75045333248391,37.78143492575669,0,19.1049731745428,30.06109077755382,0.04042363731596684,19.72308292331602,50.66302762848641,Moderate
47,21,4.150174452030184,9.752704714556296,36.752399051820326,0,18.384776310850235,30.20604162602468,0.0393517401649057,19.235384061671343,51.63465697312426,Moderate
47,22,4.150174452030184,9.754956096628682,35.748305702232,0,17.69180601295413,30.392815241545932,0.22419597381076967,18.788294228055936,49.90344818404906,Moderate
47,23,4.150174452030184,9.757207478701067,34.77057081963312,0,16.97056274847714,30.60663442939798,0.08985923138831062,18.384776310850235,53.009473392104276,Moderate
47,24,4.150174452030184,9.759458860773453,33.820521916251366,0,16.278820596099706,30.828269423852632,0.11544371910060505,18.027756377319946,53.71915564169991,Moderate
47,25,4.150174452030184,9.761710242845838,32.899288871458936,0,15.556349186104045,31.036733361148855,0.015205997672367653,17.72004514666935,56.26749216085829,High
47,26,4.150174452030184,9.763961624918226,32.007709769949436,0,14.866068747318506,31.212368092908918,0.1434631086172923,17.46424919657298,55.515160284843915,High
47,27,4.150174452030184,9.766213006990611,31.14652274723838,0,14.142135623730951,31.34134619295593,0.15936713594452753,17.26267650163207,57.301296550747935,High
47,28,4.150174452030184,9.768464389062997,30.316076424932696,0,13.45362404707371,31.416360630281478,0.2590647405890242,17.11724276862369,57.623544585088496,High
47,29,4.150174452030184,9.770715771135382,29.516624076039307,0,12.727922061357855,31.437888504862254,0.1069072840592945,17.029386365926403,61.63865229003398,High
47,30,4.150174452030184,9.772967153207768,28.74803048471336,0,12.041594578792296,31.414188819997122,0.05018485427826626,17.0,64.02960856398636,High
47,31,4.150174452030184,9.775218535280155,28.010183420918175,0,11.313708498984761,31.357374006485767,0.1492254927473315,17.029386365926403,64.05558631561128,High
47,32,4.150174452030184,9.77746991735254,27.30263403586316,0,10.63014581273465,31.280340666934503,0.23882826242485453,17.11724276862369,64.08275297079271,High
47,33,4.150174452030184,9.779721299424926,26.624887816157894,0,9.899494936611665,31.19378185886107,0.13179682332313683,17.26267650163207,67.09742215608455,High
47,34,4.150174452030184,9.781972681497312,25.976341642416045,0,9.219544457292887,31.102530584791126,0.09889704328500262,17.46424919657298,68.88710729036809,High
47,35,4.150174452030184,9.784224063569697,25.356588495134726,0,8.48528137423857,31.00677886428091,0.15837552175462033,17.72004514666935,69.35383301805757,High
47,36,4.150174452030184,9.786475445642083,24.765317692174172,0,7.810249675906654,30.901703017018917,0.16240251201610814,18.027756377319946,70.51438445821783,High
47,37,4.150174452030184,9.78872682771447,24.20232016115056,0,7.0710678118654755,30.7804423952947,0.18982351471425504,18.384776310850235,71.3753336686807,High
47,38,4.150174452030184,9.790978209786855,23.667864951581848,0,6.4031242374328485,30.636902264028922,0.09744558076152957,18.788294228055936,73.84410670654071,High
47,39,4.150174452030184,9.793229591859241,23.16261318593117,0,5.656854249492381,30.468077247795545,0.053773312050412504,19.235384061671343,75.63478914692327,Extreme
47,40,4.150174452030184,9.795480973931626,22.68771327595008,0,5.0,30.275396647812748,0.13836514576246492,19.72308292331602,75.27719540411081,Extreme
47,41,4.150174452030184,9.797732356004012,22.245065127512582,0,4.242640687119285,30.06555668481681,0.05061723473348246,20.248456731316587,77.61190652536945,Extreme
47,42,4.150174452030184,9.799983738076397,21.837386083689307,0,3.605551275463989,29.848720050639862,0.10591668136700427,20.808652046684813,77.56300359270134,Extreme
47,43,4.150174452030184,9.802235120148785,21.468404483139118,0,2.8284271247461903,29.638539554911457,0.10938803309284757,21.400934559032695,78.5181053181247,Extreme
47,44,4.150174452030184,9.80448650222117,21.14350084511691,0,2.23606797749979,29.44890072107444,0.12722659529555394,22.02271554554524,78.97318058819958,Extreme
47,45,4.150174452030184,9.806737884293556,20.870682319287205,0,1.4142135623730951,29.292434153464004,0.14866565089949352,22.67156809750927,79.80582738393215,Extreme
47,46,4.150174452030184,9.808989266365941,20.663698375489716,0,1.0,29.179464229937903,0.11225849982657807,23.345235059857504,80.89258166708281,Extreme
47,47,4.150174452030184,9.811240648438327,20.560280725835547,1,0.0,29.116525001808114,0.19412266788088556,24.041630560342615,81.24086051011494,Extreme
47,48,4.150174452030184,9.813492030510714,20.71217122757567,1,0.0,29.106166931718054,0.19624721795662284,24.758836806279895,81.09450101676437,Extreme
47,49,4.150174452030184,9.8157434125831,20.968477583973858,0,1.0,29.146203283054383,0.28261809961566675,25.495097567963924,78.0774375124881,Extreme
47,50,4.150174452030184,9.817994794655485,21.292237317204606,0,1.4142135623730951,29.228845857757683,0.36889348923744664,26.248809496813376,76.10083620807728,Extreme
47,51,4.150174452030184,9.82024617672787,21.670382426435154,0,2.23606797749979,29.34347880435555,0.19943560841152344,27.018512172212592,77.32571956082617,Extreme
47,52,4.150174452030184,9.822497558800256,22.095262336964478,0,2.8284271247461903,29.47566787348663,0.19573287576383788,27.80287754891569,76.46144208249352,Extreme
47,53,4.150174452030184,9.824748940872642,22.5619284387136,0,3.605551275463989,29.610302217382912,0.22246857424465818,28.600699292150182,74.81388690639238,High
47,54,4.150174452030184,9.827000322945029,23.06654013783971,0,4.242640687119285,29.73456179432155,0.026483843038746152,29.410882339705484,76.69319357956724,Extreme
47,55,4.150174452030184,9.829251705017414,23.606132597629077,0,5.0,29.83839246548623,0.1487965021427077,30.23243291566195,73.5278149401814,High
47,56,4.150174452030184,9.8315030870898,24.178129388108168,0,5.656854249492381,29.91736793875858,0.3229791502115159,31.064449134018133,69.67299133437052,High
47,57,4.150174452030184,9.833754469162185,24.780685462740593,0,6.4031242374328485,29.97132683243732,0.07567005580250219,31.906112267087632,71.91331388919929,High
47,58,4.150174452030184,9.836005851234571,25.411982023921805,0,7.0710678118654755,30.00353119469983,0.22567647789176018,32.7566787083184,68.25516405611444,High
47,59,4.150174452030184,9.838257233306958,26.07050714980965,0,7.810249675906654,30.018480257658435,0.4812090104456582,33.61547262794322,62.83782382297688,High
48,0,4.152420229967661,9.705425691036194,63.11605044187554,0,33.94112549695428,32.344664354686174,0.29089361557403665,34.9857113690718,37.459237616823586,Moderate
48,1,4.152420229967661,9.707677073108579,61.78042625209191,0,33.24154027718932,32.34352349540566,0.3298739961516979,34.132096331752024,37.65943156120568,Moderate
48,2,4.152420229967661,9.709928455180965,60.457677599776915,0,32.526911934581186,32.33699874323807,0.3610734165477699,33.28663395418648,37.9557949287069,Moderate
48,3,4.152420229967661,9.712179837253352,59.147858905503284,0,31.827660925679098,32.316493399484536,0.3655784939109832,32.449961479175904,38.61131531139026,Moderate
48,4,4.152420229967661,9.714431219325737,57.85087565104783,0,31.11269837220809,32.27176034876861,0.33612879155036135,31.622776601683793,39.71030353757847,Moderate
48,5,4.152420229967661,9.716682601398123,56.566391342484366,0,30.4138126514911,32.191893588168455,0.22077728508189032,30.805843601498726,42.005926864670755,Moderate
48,6,4.152420229967661,9.718933983470508,55.29421987301045,0,29.698484809834994,32.06886509528831,0.0320093792453395,30.0,45.29170097789628,Moderate
48,7,4.152420229967661,9.721185365542894,54.03414038941118,0,29.0,31.897955227932048,0.2602735498223364,29.206163733020468,42.19967494996153,Moderate
48,8,4.152420229967661,9.72343674761528,52.78586226818282,0,28.284271247461902,31.680708700407536,0.18405106759928747,28.42534080710379,43.556517221116934,Moderate
48,9,4.152420229967661,9.725688129687667,51.549148223065664,0,27.586228448267445,31.424318639632986,0.29848644290608034,27.65863337187866,41.95250455733553,Moderate
48,10,4.152420229967661,9.727939511760052,50.32393959669292,0,26.870057685088806,31.142140616553768,0.09024709284782986,26.90724809414742,45.119789759021856,Moderate
48,11,4.152420229967661,9.730190893832438,49.11023390897789,0,26.1725046566048,30.849959272203215,0.22126464737525228,26.1725046566048,43.167372913222884,Moderate
48,12,4.152420229967661,9.732442275904823,47.90830333092315,0,25.45584412271571,30.565941095177198,0.22894924896834862,25.45584412271571,43.0776444568932,Moderate
48,13,4.152420229967661,9.734693657977209,46.71860418313642,0,24.758836806279895,30.30634776557724,0.06125730778475659,24.758836806279895,45.67010982182108,Moderate
48,14,4.152420229967661,9.736945040049594,45.54197140530283,0,24.041630560342615,30.085793836832767,0.15863021287708085,24.08318915758459,44.37281398839611,Moderate
48,15,4.152420229967661,9.739196422121982,44.379202503875305,0,23.345235059857504,29.91520570579195,0.037177063760319935,23.430749027719962,46.46993576559577,Moderate
48,16,4.152420229967661,9.741447804194367,43.23161913736293,0,22.627416997969522,29.802599894506237,0.14792397526383483,22.80350850198276,45.21458935081969,Moderate
48,17,4.152420229967661,9.743699186266753,42.100518910093285,0,21.93171219946131,29.752488805940004,0.14629231263761186,22.20360331117452,45.78554451935523,Moderate
48,18,4.152420229967661,9.745950568339138,40.98749959708539,0,21.213203435596427,29.765756065768098,0.02846895554988814,21.633307652783937,48.24118157259677,Moderate
48,19,4.152420229967661,9.748201950411524,39.89427737109338,0,20.518284528683193,29.84180994486277,0.1552414776723395,21.095023109728988,47.16725132280882,Moderate
48,20,4.152420229967661,9.75045333248391,38.8224401640977,0,19.79898987322333,29.975729437374024,0.10987751072484245,20.591260281974,48.801964406861565,Moderate
48,21,4.152420229967661,9.752704714556296,37.77364248436265,0,19.1049731745428,30.158977109186754,0.0677369461683455,20.12461179749811,50.49340827118862,Moderate
48,22,4.152420229967661,9.754956096628682,36.74953011295524,0,18.384776310850235,30.37805247938196,0.289082852854,19.697715603592208,48.3041882579678,Moderate
48,23,4.152420229967661,9.757207478701067,35.751495452549804,0,17.69180601295413,30.61469735480175,0.08017423248356274,19.313207915827967,52.595674521782385,Moderate
48,24,4.152420229967661,9.759458860773453,34.78084897896602,0,16.97056274847714,30.84781024066556,0.0827633238712664,18.973665961010276,53.69004685041232,Moderate
48,25,4.152420229967661,9.761710242845838,33.83868833592372,0,16.278820596099706,31.055830015170116,0.13325844362745448,18.681541692269406,53.988663652382954,Moderate
48,26,4.152420229967661,9.763961624918226,32.92581901057673,0,15.556349186104045,31.219960473486463,0.24039489052796692,18.439088914585774,53.31480244854148,Moderate
48,27,4.152420229967661,9.766213006990611,32.04293341327573,0,14.866068747318506,31.327859184839603,0.1354125433099243,18.24828759089466,55.89298332746934,High
48,28,4.152420229967661,9.768464389062997,31.190338083227903,0,14.142135623730951,31.37431280297755,0.13343925577849067,18.110770276274835,57.743683672049805,High
48,29,4.152420229967661,9.770715771135382,30.368243893841722,0,13.45362404707371,31.36185914745317,0.1347007553116062,18.027756377319946,59.327126078819795,High
48,30,4.152420229967661,9.772967153207768,29.576462581225094,0,12.727922061357855,31.300934876007368,0.07530501889690862,18.0,61.74792928552625,High
48,31,4.152420229967661,9.775218535280155,28.814835768782565,0,12.041594578792296,31.205740865683087,0.0699951930970528,18.027756377319946,63.19159432100092,High
48,32,4.152420229967661,9.77746991735254,28.082858641254916,0,11.313708498984761,31.09107977347227,0.11754824208293427,18.110770276274835,63.84726364001392,High
48,33,4.152420229967661,9.779721299424926,27.379991982766654,0,10.63014581273465,30.969395656447254,0.07708651793391866,18.24828759089466,65.71521993518087,High
48,34,4.152420229967661,9.781972681497312,26.70557995781677,0,9.899494936611665,30.847379134810236,0.10787604940882803,18.439088914585774,66.57530778270132,High
48,35,4.152420229967661,9.784224063569697,26.059138454876418,0,9.219544457292887,30.726765205213468,0.12124418542936093,18.681541692269406,67.59909533853514,High
48,36,4.152420229967661,9.786475445642083,25.440275218044693,0,8.48528137423857,30.60400776204834,0.15246520522023585,18.973665961010276,68.42419054509436,High
48,37,4.152420229967661,9.78872682771447,24.848669220385105,0,7.810249675906654,30.473111661729398,0.16223436466163255,19.313207915827967,69.43669139659725,High
48,38,4.152420229967661,9.790978209786855,24.28445514819774,0,7.0710678118654755,30.328536537438293,0.09925658933790935,19.697715603592208,71.59825205206401,High
48,39,4.152420229967661,9.793229591859241,23.748098325650595,0,6.4031242374328485,30.16726165512904,0.1338357316812398,20.12461179749811,72.12112591576376,High
48,40,4.152420229967661,9.795480973931626,23.240474207156613,0,5.656854249492381,29.99030792177667,0.15737039853294268,20.591260281974,72.88554811085281,High
48,41,4.152420229967661,9.797732356004012,22.76311170463825,0,5.0,29.803591499913516,0.1519192512332183,21.095023109728988,73.89439933239056,High
48,42,4.152420229967661,9.799983738076397,22.318169742885566,0,4.242640687119285,29.61604711866108,0.1551201340698614,21.633307652783937,74.91986768159296,High
48,43,4.152420229967661,9.802235120148785,21.90854157317589,0,3.605551275463989,29.439808626986906,0.11707291472060272,22.20360331117452,76.36998103284989,Extreme
48,44,4.152420229967661,9.80448650222117,21.53823038769218,0,2.8284271247461903,29.286991705569722,0.07503170380115289,22.80350850198276,78.14655469629155,Extreme
48,45,4.152420229967661,9.806737884293556,21.212733825640772,0,2.23606797749979,29.168404912018822,0.21295011753952822,23.430749027719962,76.9717115783977,Extreme
48,46,4.152420229967661,9.808989266365941,20.94016220274603,0,1.4142135623730951,29.092730312860816,0.030092922894072296,24.08318915758459,81.06301757247763,Extreme
48,47,4.152420229967661,9.811240648438327,20.73420213243333,0,1.0,29.06544764230448,0.2597261452558204,24.758836806279895,78.36470007812147,Extreme
48,48,4.152420229967661,9.813492030510714,20.6326187895952,1,0.0,29.088592916454346,0.07454865028097767,25.45584412271571,82.9246154236385,Extreme
48,49,4.152420229967661,9.8157434125831,20.786949634400887,1,0.0,29.160199665847827,0.09631902301989306,26.1725046566048,82.67931204452967,Extreme
48,50,4.152420229967661,9.817994794655485,21.04621632856355,0,1.0,29.273212128757358,0.23178624148912194,26.90724809414742,79.09961617760221,Extreme
48,51,4.152420229967661,9.82024617672787,21.37323535133958,0,1.4142135623730951,29.417966282724777,0.13685971438427977,27.65863337187866,79.98854323598323,Extreme
48,52,4.152420229967661,9.822497558800256,21.754623270916674,0,2.23606797749979,29.58080441140209,0.30583670924257905,28.42534080710379,76.25095819652452,Extreme
48,53,4.152420229967661,9.824748940872642,22.182770733758773,0,2.8284271247461903,29.746852164703313,0.3843483187605926,29.206163733020468,74.23299240170591,High
48,54,4.152420229967661,9.827000322945029,22.65233220731959,0,3.605551275463989,29.902678972944514,0.18042811726331068,30.0,76.09455092834155,Extreme
48,55,4.152420229967661,9.829251705017414,23.15933887889991,0,4.242640687119285,30.03707090106449,0.22260545557646147,30.805843601498726,74.42438956909007,High
48,56,4.152420229967661,9.8315030870898,23.700498338999857,0,5.0,30.143762952961502,0.12812278233215796,31.622776601683793,74.5169004404883,High
48,57,4.152420229967661,9.833754469162185,24.27343780879237,0,5.656854249492381,30.22070091721046,0.08447864615661396,32.449961479175904,73.92402105089768,High
48,58,4.152420229967661,9.836005851234571,24.87594394850363,0,6.4031242374328485,30.269344682371795,0.3925192078071769,33.28663395418648,67.82134162029759,High
48,59,4.152420229967661,9.838257233306958,25.506199895427947,0,7.0710678118654755,30.292881895737263,0.2520852086501572,34.132096331752024,68.49956123719782,High
49,0,4.1546660079051385,9.705425691036194,64.51470839366993,0,34.655446902326915,32.39588884326015,0.20410304536089197,35.510561809129406,38.05951031970789,Moderate
49,1,4.1546660079051385,9.707677073108579,63.16475084121039,0,33.94112549695428,32.3941248692297,0.11836355635381152,34.66987164671943,40.137455951935806,Moderate
49,2,4.1546660079051385,9.709928455180965,61.827171418053304,0,33.24154027718932,32.386265304183375,0.38964362422383275,33.83784863137726,36.838144452403895,Moderate
49,3,4.1546660079051385,9.712179837253352,60.502060913905716,0,32.526911934581186,32.3633888721444,0.3392938500763955,33.015148038438355,38.319801371427964,Moderate
49,4,4.1546660079051385,9.714431219325737,59.18935906367138,0,31.827660925679098,32.31460436914725,0.4221288666909046,32.202484376209235,37.73404181312157,Moderate
49,5,4.1546660079051385,9.716682601398123,57.88877491227092,0,31.11269837220809,32.22796019054758,0.34374262969940017,31.400636936215164,39.46837607787639,Moderate
49,6,4.1546660079051385,9.718933983470508,56.60017331590546,0,30.4138126514911,32.093996860180745,0.08257765235545278,30.610455730027933,43.8234895243554,Moderate
49,7,4.1546660079051385,9.721185365542894,55.32337754218826,0,29.698484809834994,31.90652512241445,0.3540478553648302,29.832867780352597,40.053388086889356,Moderate
49,8,4.1546660079051385,9.72343674761528,54.05814289368834,0,29.0,31.665805227322664,0.16729288962325442,29.068883707497267,43.021747387986366,Moderate
49,9,4.1546660079051385,9.725688129687667,52.80426569920454,0,28.284271247461902,31.378604671818657,0.14747610180306425,28.319604517012593,43.36751788791218,Moderate
49,10,4.1546660079051385,9.727939511760052,51.56170512661764,0,27.586228448267445,31.05915481425318,0.1807084597145951,27.586228448267445,42.83329549428721,Moderate
49,11,4.1546660079051385,9.730190893832438,50.330477693305895,0,26.870057685088806,30.725530168345493,0.18216381713245802,26.870057685088806,42.73494447494258,Moderate
49,12,4.1546660079051385,9.732442275904823,49.11085502831639,0,26.1725046566048,30.399634552138064,0.3365560982217692,26.1725046566048,40.354289745804024,Moderate
49,13,4.1546660079051385,9.734693657977209,47.903301886077074,0,25.45584412271571,30.102407877609853,0.3342319147541884,25.495097567963924,40.38623315226491,Moderate
49,14,4.1546660079051385,9.736945040049594,46.708644273113066,0,24.758836806279895,29.853263791517705,0.21121217880881002,24.839484696748443,42.336677264892934,Moderate
49,15,4.1546660079051385,9.739196422121982,45.52767808769384,0,24.041630560342615,29.66733553520448,0.11992268247400747,24.20743687382041,43.95517184833391,Moderate
49,16,4.1546660079051385,9.741447804194367,44.36172689036985,0,23.345235059857504,29.555124521372427,0.25602873562979445,23.600847442411894,42.33121994814113,Moderate
49,17,4.1546660079051385,9.743699186266753,43.21208371487778,0,22.627416997969522,29.521590328138295,0.06938563253803227,23.021728866442675,45.728160868003066,Moderate
49,18,4.1546660079051385,9.745950568339138,42.08034754142871,0,21.93171219946131,29.565715283485883,0.1518078767653459,22.47220505424423,45.26538589273591,Moderate
49,19,4.1546660079051385,9.748201950411524,40.9682366867731,0,21.213203435596427,29.68304404227169,0.1643687321516131,21.95449840010015,46.01506452577592,Moderate
49,20,4.1546660079051385,9.75045333248391,39.87733930484952,0,20.518284528683193,29.863450463752415,0.13893217610566713,21.470910553583888,47.47394010701432,Moderate
49,21,4.1546660079051385,9.752704714556296,38.80930295664202,0,19.79898987322333,30.092823695474987,0.09986456492086244,21.02379604162864,49.2415992479816,Moderate
49,22,4.1546660079051385,9.754956096628682,37.76576699738143,0,19.1049731745428,30.35269669093403,0.19085727373885975,20.615528128088304,49.11727843080989,Moderate
49,23,4.1546660079051385,9.757207478701067,36.74809925287423,0,18.384776310850235,30.620823287322963,0.13085968712594548,20.248456731316587,51.262412711393836,Moderate
49,24,4.1546660079051385,9.759458860773453,35.75759140040023,0,17.69180601295413,30.873872950490277,0.13705671002557934,19.924858845171276,52.36234057668489,Moderate
49,25,4.1546660079051385,9.761710242845838,34.79530285859383,0,16.97056274847714,31.089469690515784,0.0891856027706598,19.6468827043885,54.166548495155794,Moderate
49,26,4.1546660079051385,9.763961624918226,33.861998511593924,0,16.278820596099706,31.249586595588323,0.09446339972194215,19.4164878389476,55.02296258468821,High
49,27,4.1546660079051385,9.766213006990611,32.95831697633534,0,15.556349186104045,31.343304038729038,0.0903211327351039,19.235384061671343,55.84347144140678,High
49,28,4.1546660079051385,9.768464389062997,32.0845113204898,0,14.866068747318506,31.367495673221487,0.14832244922219973,19.1049731745428,55.7701688246167,High
49,29,4.1546660079051385,9.770715771135382,31.240740854532362,0,14.142135623730951,31.32672415764561,0.07468959124341935,19.026297590440446,58.48072122889031,High
49,30,4.1546660079051385,9.772967153207768,30.42675623389748,0,13.45362404707371,31.233505984667687,0.07445927312005227,19.0,59.88746351673262,High
49,31,4.1546660079051385,9.775218535280155,29.642346933100107,0,12.727922061357855,31.1040513320592,0.15723640228991365,19.026297590440446,60.006462940780494,High
49,32,4.1546660079051385,9.77746991735254,28.8869500167445,0,12.041594578792296,30.95500122235224,0.09264868216537331,19.1049731745428,62.20606100576607,High
49,33,4.1546660079051385,9.779721299424926,28.15998364022009,0,11.313708498984761,30.800532523450812,0.14078678590893667,19.235384061671343,62.75423449799494,High
49,34,4.1546660079051385,9.781972681497312,27.460745388854882,0,10.63014581273465,30.649263302287423,0.2387194856989825,19.4164878389476,62.47296187471507,High
49,35,4.1546660079051385,9.784224063569697,26.788686386004137,0,9.899494936611665,30.504603246837874,0.2529539605166312,19.6468827043885,63.525514452092935,High
49,36,4.1546660079051385,9.786475445642083,26.14335156131167,0,9.219544457292887,30.364507064353496,0.24327501149733521,19.924858845171276,64.84748724341675,High
49,37,4.1546660079051385,9.78872682771447,25.52433578556557,0,8.48528137423857,30.224055264533735,0.1981488962725421,20.248456731316587,66.77531215832757,High
49,38,4.1546660079051385,9.790978209786855,24.931676521548003,0,7.810249675906654,30.078465973540546,0.02211130763384097,20.615528128088304,70.5401879890108,High
49,39,4.1546660079051385,9.793229591859241,24.36569361575048,0,7.0710678118654755,29.924794911791682,0.084119684094485,21.02379604162864,70.80611740884501,High
49,40,4.1546660079051385,9.795480973931626,23.82706614648776,0,6.4031242374328485,29.763656363911462,0.1400146601726955,21.470910553583888,71.01092079157858,High
49,41,4.1546660079051385,9.797732356004012,23.317061047881328,0,5.656854249492381,29.600055140636297,0.21405941116824523,21.95449840010015,71.05121793799543,High
49,42,4.1546660079051385,9.799983738076397,22.837449479891347,0,5.0,29.441499640843446,0.07161892373550406,22.47220505424423,74.18398224416867,High
49,43,4.1546660079051385,9.802235120148785,22.390577574010294,0,4.242640687119285,29.298377242612844,0.22959392889790609,23.021728866442675,72.995842744932,High
49,44,4.1546660079051385,9.80448650222117,21.979598303365957,0,3.605551275463989,29.180838375451852,0.13520831414414028,23.600847442411894,75.43304234683393,Extreme
49,45,4.1546660079051385,9.806737884293556,21.60863052229401,0,2.8284271247461903,29.097768529001392,0.23121122565577318,24.20743687382041,75.30713175526873,Extreme
49,46,4.1546660079051385,9.808989266365941,21.28327000296709,0,2.23606797749979,29.05625139318888,0.3154612438804282,24.839484696748443,75.12264063704724,Extreme
49,47,4.1546660079051385,9.811240648438327,21.011553701296762,0,1.4142135623730951,29.060854000526042,0.23022643304144386,25.495097567963924,77.94222916061204,Extreme
49,48,4.1546660079051385,9.813492030510714,20.807196981393076,0,1.0,29.113333078288008,0.2486484455063365,26.1725046566048,78.60301693704382,Extreme
49,49,4.1546660079051385,9.8157434125831,20.707755426875302,1,0.0,29.21223964099071,0.07251031503075234,26.870057685088806,83.20833751320072,Extreme
49,50,4.1546660079051385,9.817994794655485,20.86466790831412,1,0.0,29.351579053152587,0.12618144691567335,27.586228448267445,82.64594461157331,Extreme
49,51,4.1546660079051385,9.82024617672787,21.126729609748722,0,1.0,29.52290267986411,0.30728207288607323,28.319604517012593,78.52037839000975,Extreme
49,52,4.1546660079051385,9.822497558800256,21.456449791812744,0,1.4142135623730951,29.713540424108665,0.1688962839285753,29.068883707497267,80.16998349373546,Extreme
49,53,4.1546660079051385,9.824748940872642,21.840449175946,0,2.23606797749979,29.908969547371306,0.321750730219121,29.832867780352597,76.7511007289763,Extreme
49,54,4.1546660079051385,9.827000322945029,22.270762739356424,0,2.8284271247461903,30.09516750013784,0.19258585074032314,30.610455730027933,77.89548016380246,Extreme
49,55,4.1546660079051385,9.829251705017414,22.741900604105957,0,3.605551275463989,30.259669726899638,0.046697189567286884,31.400636936215164,78.90650639015792,Extreme
49,56,4.1546660079051385,9.8315030870898,23.24957866785694,0,4.242640687119285,30.394178891793967,0.39105920342250433,32.202484376209235,72.70346100065751,High
49,57,4.1546660079051385,9.833754469162185,23.790731895753737,0,5.0,30.494508731779433,0.08413904956743129,33.015148038438355,75.96723219826316,Extreme
49,58,4.1546660079051385,9.836005851234571,24.3626491922782,0,5.656854249492381,30.560043742174376,0.19197689140748414,33.83784863137726,73.07529387517022,High
49,59,4.1546660079051385,9.838257233306958,24.96313871327669,0,6.4031242374328485,30.59245606793126,0.0531532968922615,34.66987164671943,73.63771809178087,High
50,0,4.156911785842616,9.705425691036194,65.92179603033196,0,35.35533905932738,32.51172508857185,0.31857115796837693,36.05551275463989,35.79136797802065,Moderate
50,1,4.156911785842616,9.707677073108579,64.55766312815192,0,34.655446902326915,32.50810568513461,0.26762976628607515,35.22782990761707,37.35123803459409,Moderate
50,2,4.156911785842616,9.709928455180965,63.20542886621624,0,33.94112549695428,32.496468237120055,0.2560760883325638,34.40930106817051,38.293986528886215,Moderate
50,3,4.156911785842616,9.712179837253352,61.86521818965282,0,33.24154027718932,32.46763282140823,0.3683979577711607,33.60059523282288,37.33013815388889,Moderate
50,4,4.156911785842616,9.714431219325737,60.5370018501901,0,32.526911934581186,32.41015398710677,0.025523154717872337,32.802438933713454,43.118259161900404,Moderate
50,5,4.156911785842616,9.716682601398123,59.22053075311812,0,31.827660925679098,32.311126455885166,0.18459268623317085,32.01562118716424,41.27033514545116,Moderate
50,6,4.156911785842616,9.718933983470508,57.91571721268793,0,31.11269837220809,32.15977127279096,0.14917218961775336,31.240998703626616,42.2070023485273,Moderate
50,7,4.156911785842616,9.721185365542894,56.62242372878424,0,30.4138126514911,31.94858854028065,0.24177405445892694,30.479501308256342,41.07261352802533,Moderate
50,8,4.156911785842616,9.72343674761528,55.34044778483236,0,29.698484809834994,31.676713729699784,0.2922363806461984,29.732137494637012,40.417636819117234,Moderate
50,9,4.156911785842616,9.725688129687667,54.069617158161236,0,29.0,31.350701632346958,0.2627704322877885,29.0,40.82477366930909,Moderate
50,10,4.156911785842616,9.727939511760052,52.809906795041876,0,28.284271247461902,30.985901582774034,0.09721626871543823,28.284271247461902,43.17336382128241,Moderate
50,11,4.156911785842616,9.730190893832438,51.561353049150874,0,27.586228448267445,30.60298647697739,0.23648352032989717,27.586228448267445,40.89947411773881,Moderate
50,12,4.156911785842616,9.732442275904823,50.32422865021161,0,26.870057685088806,30.227925774513004,0.1096463847229223,26.90724809414742,42.62930542832556,Moderate
50,13,4.156911785842616,9.734693657977209,49.09901081123701,0,26.1725046566048,29.886675995096514,0.23815491328526905,26.248809496813376,40.6032690984885,Moderate
50,14,4.156911785842616,9.736945040049594,47.886523021096195,0,25.45584412271571,29.603791065954027,0.07793199363735406,25.612496949731394,43.04110551100374,Moderate
50,15,4.156911785842616,9.739196422121982,46.68756704198118,0,24.758836806279895,29.398870828136587,0.15224730065577083,25.0,42.14044801901807,Moderate
50,16,4.156911785842616,9.741447804194367,45.503477632128025,0,24.041630560342615,29.285004765947097,0.12797434909139394,24.413111231467404,42.92889610927656,Moderate
50,17,4.156911785842616,9.743699186266753,44.33555463463772,0,23.345235059857504,29.267624552099885,0.12054305075946993,23.853720883753127,43.687301523410305,Moderate
50,18,4.156911785842616,9.745950568339138,43.185407890349154,0,22.627416997969522,29.34364867491911,0.06705857266258125,23.323807579381203,45.35072421575983,Moderate
50,19,4.156911785842616,9.748201950411524,42.05476690067951,0,21.93171219946131,29.504492879637855,0.19037591993858266,22.825424421026653,44.554668066315884,Moderate
50,20,4.156911785842616,9.75045333248391,40.94522977142739,0,21.213203435596427,29.734487878387977,0.09757600861151519,22.360679774997898,47.154281330950646,Moderate
50,21,4.156911785842616,9.752704714556296,39.85844217151477,0,20.518284528683193,30.013596153135136,0.13345622767137671,21.93171219946131,47.92842848110384,Moderate
50,22,4.156911785842616,9.754956096628682,38.79604199739318,0,19.79898987322333,30.318100892902216,0.11415028201454257,21.540659228538015,49.57708256683497,Moderate
50,23,4.156911785842616,9.757207478701067,37.759372210801615,0,19.1049731745428,30.621608653947526,0.15565265438113135,21.18962010041709,50.29603973029141,Moderate
50,24,4.156911785842616,9.759458860773453,36.74970428227849,0,18.384776310850235,30.898532616968353,0.21179420130942603,20.8806130178211,50.71553316094728,Moderate
50,25,4.156911785842616,9.761710242845838,35.7680539146948,0,17.69180601295413,31.125737886468826,0.2293957195281173,20.615528128088304,51.57699636404004,Moderate
50,26,4.156911785842616,9.763961624918226,34.81513753315342,0,16.97056274847714,31.286102895611634,0.09110883914876786,20.396078054371138,54.59904308471993,Moderate
50,27,4.156911785842616,9.766213006990611,33.89153207303845,0,16.278820596099706,31.370248527244385,0.08319911069530814,20.223748416156685,55.46478651478878,High
50,28,4.156911785842616,9.768464389062997,32.997425506631046,0,15.556349186104045,31.377224011360173,0.07251589461478483,20.09975124224178,56.16908813137277,High
50,29,4.156911785842616,9.770715771135382,32.13291587483571,0,14.866068747318506,31.31361506370501,0.1877579245936798,20.024984394500787,55.020471107824335,High
50,30,4.156911785842616,9.772967153207768,31.2976838757778,0,14.142135623730951,31.193872823596507,0.1326060260921017,20.0,57.25879412977958,High
50,31,4.156911785842616,9.775218535280155,30.491459412847846,0,13.45362404707371,31.03601558460533,0.0914798009946303,20.024984394500787,59.11889665366379,High
50,32,4.156911785842616,9.77746991735254,29.713617390983867,0,12.727922061357855,30.858282118517803,0.11444567648623491,20.09975124224178,60.01504779969491,High
50,33,4.156911785842616,9.779721299424926,28.9635325922997,0,12.041594578792296,30.676343627806922,0.05465369867126806,20.223748416156685,62.06045756762018,High
50,34,4.156911785842616,9.781972681497312,28.24045865718532,0,11.313708498984761,30.500574126792863,0.15799814407856297,20.396078054371138,61.72699719511721,High
50,35,4.156911785842616,9.784224063569697,27.54379005280586,0,10.63014581273465,30.33595424983609,0.24032884841300806,20.615528128088304,61.646121490415084,High
50,36,4.156911785842616,9.786475445642083,26.873021922085123,0,9.899494936611665,30.181970544062686,0.1319227656956637,20.8806130178211,64.51509129416324,High
50,37,4.156911785842616,9.78872682771447,26.227685475775907,0,9.219544457292887,30.03485290904398,0.17759304038805251,21.18962010041709,64.98993519428961,High
50,38,4.156911785842616,9.790978209786855,25.607747769111167,0,8.48528137423857,29.89071366631611,0.15409529904342836,21.540659228538015,66.58500730932506,High
50,39,4.156911785842616,9.793229591859241,25.013418901520808,0,7.810249675906654,29.746781469416867,0.09136993895061106,21.93171219946131,68.65517077769522,High
50,40,4.156911785842616,9.795480973931626,24.445236058073704,0,7.0710678118654755,29.603324663144896,0.0477331016479175,22.360679774997898,70.53164816141543,High
50,41,4.156911785842616,9.797732356004012,23.90427762638509,0,6.4031242374328485,29.46439107307209,0.21930002122775696,22.825424421026653,69.05616542133453,High
50,42,4.156911785842616,9.799983738076397,23.392036679299235,0,5.656854249492381,29.335946182737878,0.20550595481781855,23.323807579381203,70.49993886060302,High
50,43,4.156911785842616,9.802235120148785,22.910485348804045,0,5.0,29.22646741740123,0.2395460293456115,23.853720883753127,71.10470243846892,High
50,44,4.156911785842616,9.80448650222117,22.462212216867968,0,4.242640687119285,29.143956847486965,0.21517612961562338,24.413111231467404,72.79837657616324,High
50,45,4.156911785842616,9.806737884293556,22.050487024449154,0,3.605551275463989,29.09523558715895,0.17834537059821287,25.0,74.5382475816124,High
50,46,4.156911785842616,9.808989266365941,21.679520878706022,0,2.8284271247461903,29.085751653402493,0.057380459500633446,25.612496949731394,77.84387882162625,Extreme
50,47,4.156911785842616,9.811240648438327,21.354829275382244,0,2.23606797749979,29.119186741726985,0.1960154855706928,26.248809496813376,77.02353050166599,Extreme
50,48,4.156911785842616,9.813492030510714,21.084472815091175,0,1.4142135623730951,29.197144149073626,0.02468991443880043,26.90724809414742,81.3101479736355,Extreme
50,49,4.156911785842616,9.8157434125831,20.881951960380157,0,1.0,29.318905508132985,0.029869797568774004,27.586228448267445,82.3351572646957,Extreme
50,50,4.156911785842616,9.817994794655485,20.784712544190164,1,0.0,29.479828699165353,0.24044177278724926,28.284271247461902,81.28772086724621,Extreme
50,51,4.156911785842616,9.82024617672787,20.94396171525457,1,0.0,29.672969669690183,0.22694540632129429,29.0,81.86089273063605,Extreme
50,52,4.156911785842616,9.822497558800256,21.208195659795766,0,1.0,29.886941065368106,0.29375429158759564,29.732137494637012,79.55101924190214,Extreme
50,53,4.156911785842616,9.824748940872642,21.53989058404994,0,1.4142135623730951,30.10781842154095,0.25211775456450647,30.479501308256342,79.82096838495065,Extreme
50,54,4.156911785842616,9.827000322945029,21.925353721826816,0,2.23606797749979,30.321177016190024,0.01830683005563772,31.240998703626616,82.24433586455267,Extreme
50,55,4.156911785842616,9.829251705017414,22.356457914487333,0,2.8284271247461903,30.513374146362324,0.20676110634605926,32.01562118716424,78.63839391996072,Extreme
50,56,4.156911785842616,9.8315030870898,22.827412174427266,0,3.605551275463989,30.674046492231945,0.06836643411302604,32.802438933713454,79.52790505219271,Extreme
50,57,4.156911785842616,9.833754469162185,23.33418188404254,0,4.242640687119285,30.79676351335925,0.44256517750632435,33.60059523282288,72.84947606168404,High
50,58,4.156911785842616,9.836005851234571,23.87339537813537,0,5.0,30.878651002349535,0.3096526082881569,34.40930106817051,73.45991066909058,High
50,59,4.156911785842616,9.838257233306958,24.442381828677092,0,5.656854249492381,30.91971697793196,0.23310796192905012,35.22782990761707,73.27657294789029,High
51,0,4.159157563780093,9.705425691036194,67.33663898089516,0,36.069377593742864,32.713227851471224,0.33182169528365674,36.61966684720111,35.243003542039055,Moderate
51,1,4.159157563780093,9.707677073108579,65.95849512325339,0,35.35533905932738,32.70562683799625,0.12334919865005113,35.805027579936315,39.164524162791636,Moderate
51,2,4.159157563780093,9.709928455180965,64.59179830207938,0,34.655446902326915,32.68607515141566,0.36930445181022115,35.0,36.23412828485292,Moderate
51,3,4.159157563780093,9.712179837253352,63.23670410630602,0,33.94112549695428,32.64538362673302,0.22929352630964692,34.20526275297414,39.0355267285591,Moderate
51,4,4.159157563780093,9.714431219325737,61.893209451454155,0,33.24154027718932,32.57190270036543,0.11680615985747063,33.421549934136806,41.338349919582505,Moderate
51,5,4.159157563780093,9.716682601398123,60.561101384052606,0,32.526911934581186,32.45216794532171,0.23634494393105462,32.64965543462902,40.04279322837526,Moderate
51,6,4.159157563780093,9.718933983470508,59.240333992134744,0,31.827660925679098,32.27452407775779,0.2938563925948616,31.89043743820395,39.5316469302844,Moderate
51,7,4.159157563780093,9.721185365542894,57.93080214083757,0,31.11269837220809,32.03062624891665,0.06022980100894494,31.144823004794873,43.22155841503672,Moderate
51,8,4.159157563780093,9.72343674761528,56.632339634982465,0,30.4138126514911,31.718891617807273,0.29924328422900925,30.4138126514911,39.652146128563714,Moderate
51,9,4.159157563780093,9.725688129687667,55.34480172806488,0,29.698484809834994,31.34602663737509,0.12193379717743243,29.698484809834994,42.174074804982425,Moderate
51,10,4.159157563780093,9.727939511760052,54.06817587844496,0,29.0,30.928755692198266,0.14963507253496885,29.0,41.5075796627199,Moderate
51,11,4.159157563780093,9.730190893832438,52.802517941101904,0,28.284271247461902,30.490539257223446,0.07592050612637496,28.319604517012593,42.30546563492481,Moderate
51,12,4.159157563780093,9.732442275904823,51.548102872568265,0,27.586228448267445,30.06148312892139,0.044991317829040534,27.65863337187866,42.47697771973839,Moderate
51,13,4.159157563780093,9.734693657977209,50.30542380375423,0,26.870057685088806,29.672537494119577,0.23966146472261682,27.018512172212592,39.354072543379374,Moderate
51,14,4.159157563780093,9.736945040049594,49.07530810448422,0,26.1725046566048,29.35332432923451,0.05402797329410159,26.40075756488817,42.096068310947324,Moderate
51,15,4.159157563780093,9.739196422121982,47.85857077999963,0,25.45584412271571,29.127752237958134,0.07481832749559439,25.80697580112788,41.95908900990154,Moderate
51,16,4.159157563780093,9.741447804194367,46.65656705451441,0,24.758836806279895,29.011258195281997,0.18874083366963748,25.238858928247925,40.67884753673668,Moderate
51,17,4.159157563780093,9.743699186266753,45.470615060172854,0,24.041630560342615,29.009528654711666,0.07778639194058425,24.698178070456937,43.03838294858309,Moderate
51,18,4.159157563780093,9.745950568339138,44.302345181355676,0,23.345235059857504,29.117162085960235,0.12571201577301397,24.186773244895647,43.267384124607574,Moderate
51,19,4.159157563780093,9.748201950411524,43.15350747151827,0,22.627416997969522,29.32123142840087,0.319397310475536,23.706539182259394,41.530526344465656,Moderate
51,20,4.159157563780093,9.75045333248391,42.02571966163858,0,21.93171219946131,29.600368940255997,0.178973882127227,23.259406699226016,44.97347718269795,Moderate
51,21,4.159157563780093,9.752704714556296,40.920631101796715,0,21.213203435596427,29.928536884530573,0.19553129858472232,22.847319317591726,46.166281544272806,Moderate
51,22,4.159157563780093,9.754956096628682,39.839883429685344,0,20.518284528683193,30.27681189943527,0.17112168321165283,22.47220505424423,48.00760860893215,Moderate
51,23,4.159157563780093,9.757207478701067,38.78479524719301,0,19.79898987322333,30.614837665349413,0.0443200156453351,22.135943621178654,51.345027949687925,Moderate
51,24,4.159157563780093,9.759458860773453,37.756616986523454,0,19.1049731745428,30.915059572441635,0.11139603559133003,21.840329667841555,51.667468006191086,Moderate
51,25,4.159157563780093,9.761710242845838,36.75631621361487,0,18.384776310850235,31.153910074394332,0.1116933849971574,21.587033144922902,52.82750716564306,Moderate
51,26,4.159157563780093,9.763961624918226,35.78455396119428,0,17.69180601295413,31.315502640188576,0.10147557085390797,21.37755832643195,53.942584808748684,Moderate
51,27,4.159157563780093,9.766213006990611,34.84183862692076,0,16.97056274847714,31.392258196917528,0.172308590655247,21.213203435596427,53.62067820302803,Moderate
51,28,4.159157563780093,9.768464389062997,33.928282473096985,0,16.278820596099706,31.385545471888204,0.10289516967886693,21.095023109728988,55.18447301005573,High
51,29,4.159157563780093,9.770715771135382,33.04391316004603,0,15.556349186104045,31.30397284289409,0.15034566334088395,21.02379604162864,54.79800674092567,Moderate
51,30,4.159157563780093,9.772967153207768,32.18833294117474,0,14.866068747318506,31.16371745682572,0.10160018943669798,21.0,55.91954826643977,High
51,31,4.159157563780093,9.775218535280155,31.361204560608254,0,14.142135623730951,30.984280472253513,0.21492533172078493,21.02379604162864,55.48232930507114,High
51,32,4.159157563780093,9.77746991735254,30.56183603584691,0,13.45362404707371,30.78510322828468,0.09067145410732111,21.095023109728988,58.48590009461749,High
51,33,4.159157563780093,9.779721299424926,29.789556438356506,0,12.727922061357855,30.582928488762345,0.09963796488064804,21.213203435596427,59.52996312493379,High
51,34,4.159157563780093,9.781972681497312,29.043575841293816,0,12.041594578792296,30.389524154479794,0.25083172429599815,21.37755832643195,58.380583152003965,High
51,35,4.159157563780093,9.784224063569697,28.32323723844567,0,11.313708498984761,30.21116590506845,0.13388256981466756,21.587033144922902,61.343685951932336,High
51,36,4.159157563780093,9.786475445642083,27.627994864621996,0,10.63014581273465,30.048773022600297,0.2162065914774572,21.840329667841555,61.267426886104204,High
51,37,4.159157563780093,9.78872682771447,26.957331166949395,0,9.899494936611665,29.899722404090156,0.10628302627532105,22.135943621178654,64.1709648572822,High
51,38,4.159157563780093,9.790978209786855,26.31116216997664,0,9.219544457292887,29.761133928642742,0.2176848517663401,22.47220505424423,63.68084504624463,High
51,39,4.159157563780093,9.793229591859241,25.68961392347221,0,8.48528137423857,29.630544043244242,0.1844573213585574,22.847319317591726,65.45540942169325,High
51,40,4.159157563780093,9.795480973931626,25.093121369060903,0,7.810249675906654,29.508009092014284,0.05547749970432764,23.259406699226016,68.57214108624696,High
51,41,4.159157563780093,9.797732356004012,24.522625435047217,0,7.0710678118654755,29.396660843709753,0.19463382538706134,23.706539182259394,67.78532858307969,High
51,42,4.159157563780093,9.799983738076397,23.979415186635546,0,6.4031242374328485,29.300875753682522,0.11315889389718534,24.186773244895647,70.21060379518251,High
51,43,4.159157563780093,9.802235120148785,23.46520014151058,0,5.656854249492381,29.22710327475093,0.05057869622169502,24.698178070456937,72.51885865973257,High
51,44,4.159157563780093,9.80448650222117,22.982175392235128,0,5.0,29.181008163870366,0.08933945416963926,25.238858928247925,73.20616279894585,High
51,45,4.159157563780093,9.806737884293556,22.533049320554305,0,4.242640687119285,29.167147315553578,0.06781086509640613,25.80697580112788,75.02287074589672,Extreme
51,46,4.159157563780093,9.808989266365941,22.121176929202942,0,3.605551275463989,29.189198009999767,0.09732869282876241,26.40075756488817,75.93785568113273,Extreme
51,47,4.159157563780093,9.811240648438327,21.75068495007124,0,2.8284271247461903,29.24986011414443,0.30962059492369853,27.018512172212592,74.41310525589444,High
51,48,4.159157563780093,9.813492030510714,21.427106830417348,0,2.23606797749979,29.350589704701246,0.22365327125697532,27.65863337187866,77.12302576396362,Extreme
51,49,4.159157563780093,9.8157434125831,21.158282299007453,0,1.4142135623730951,29.491514561110332,0.08148599446379134,28.319604517012593,81.12284605572795,Extreme
51,50,4.159157563780093,9.817994794655485,20.957592332311936,0,1.0,29.669577135897534,0.04686079595010329,29.0,82.87929556232622,Extreme
51,51,4.159157563780093,9.82024617672787,20.86224584980685,1,0.0,29.87962352948444,0.1526000601200013,29.698484809834994,83.52140910253789,Extreme
51,52,4.159157563780093,9.822497558800256,21.023158952572192,1,0.0,30.11189149711474,0.31171298936907066,30.4138126514911,81.59858800126938,Extreme
51,53,4.159157563780093,9.824748940872642,21.28875823935632,0,1.0,30.353389286773528,0.32264923390412054,31.144823004794873,80.19221913511801,Extreme
51,54,4.159157563780093,9.827000322945029,21.62124883697414,0,1.4142135623730951,30.589605131388943,0.08027952874942085,31.89043743820395,83.50959634120785,Extreme
51,55,4.159157563780093,9.829251705017414,22.006757126473047,0,2.23606797749979,30.80591874304987,0.1724699063772605,32.64965543462902,81.05002653935296,Extreme
51,56,4.159157563780093,9.8315030870898,22.43687083268345,0,2.8284271247461903,30.98999913681176,0.24107611358542524,33.421549934136806,79.22286332694117,Extreme
51,57,4.159157563780093,9.833754469162185,22.906069064438356,0,3.605551275463989,31.133172213321117,0.2906671537631539,34.20526275297414,77.25152638676741,Extreme
51,58,4.159157563780093,9.836005851234571,23.410043513182472,0,4.242640687119285,31.23020891090011,0.27049035705596824,35.0,76.42859982496917,Extreme
51,59,4.159157563780093,9.838257233306958,23.9454807637866,0,5.0,31.27935996996277,0.0482076471543345,35.805027579936315,78.30305951634496,Extreme
52,0,4.1614033417175715,9.705425691036194,68.75887382955264,0,36.76955262170047,33.006660243455734,0.19149058378729422,37.20215047547655,37.21515958067793,Moderate
52,1,4.1614033417175715,9.707677073108579,67.36688881202458,0,36.069377593742864,32.9925098202754,0.08231121297743922,36.40054944640259,39.639689822535864,Moderate
52,2,4.1614033417175715,9.709928455180965,65.98593609933165,0,35.35533905932738,32.960087018828915,0.33229571270272706,35.608987629529715,36.626298218881914,Moderate
52,3,4.1614033417175715,9.712179837253352,64.6161973123346,0,34.655446902326915,32.90056226678839,0.24383805877186407,34.828149534535996,38.617726745792616,Moderate
52,4,4.1614033417175715,9.714431219325737,63.25768947655116,0,33.94112549695428,32.8026034963461,0.21602634199801019,34.058772731852805,39.60038247195238,Moderate
52,5,4.1614033417175715,9.716682601398123,61.91022851899493,0,33.24154027718932,32.65278067824846,0.30936082791600666,33.301651610693426,38.63456137610969,Moderate
52,6,4.1614033417175715,9.718933983470508,60.57380286403409,0,32.526911934581186,32.43922377470436,0.11971983508014815,32.55764119219941,41.75353978437833,Moderate
52,7,4.1614033417175715,9.721185365542894,59.24833143283065,0,31.827660925679098,32.153402281983126,0.093019428344405,31.827660925679098,42.24810272502598,Moderate
52,8,4.1614033417175715,9.72343674761528,57.93367685202375,0,31.11269837220809,31.79357244303062,0.18340686843495763,31.11269837220809,40.80192734673237,Moderate
52,9,4.1614033417175715,9.725688129687667,56.62971644457549,0,30.4138126514911,31.367032393130046,0.2116574638685568,30.4138126514911,40.121013473700664,Moderate
52,10,4.1614033417175715,9.727939511760052,55.33644594192397,0,29.698484809834994,30.892113592033954,0.07796307318285609,29.732137494637012,41.7465856946667,Moderate
52,11,4.1614033417175715,9.730190893832438,54.05393919747256,0,29.0,30.395124939824797,0.1953527267921712,29.068883707497267,39.54645625954556,Moderate
52,12,4.1614033417175715,9.732442275904823,52.782473905262975,0,28.284271247461902,29.910149062189866,0.09055896414336448,28.42534080710379,40.70146580725093,Moderate
52,13,4.1614033417175715,9.734693657977209,51.5225616846782,0,27.586228448267445,29.47280433964823,0.10137858790545887,27.80287754891569,40.23004763970724,Moderate
52,14,4.1614033417175715,9.736945040049594,50.275039557581664,0,26.870057685088806,29.117369045580226,0.06922182271102195,27.202941017470888,40.59301794046804,Moderate
52,15,4.1614033417175715,9.739196422121982,49.0407424026692,0,26.1725046566048,28.871569260701428,0.22930526063454165,26.627053911388696,38.32833605086765,Moderate
52,16,4.1614033417175715,9.741447804194367,47.821054288694825,0,25.45584412271571,28.752686692067094,0.08111472685258493,26.076809620810597,40.98447294227013,Moderate
52,17,4.1614033417175715,9.743699186266753,46.61732212394442,0,24.758836806279895,28.76626299957192,0.19023321341530355,25.553864678361276,40.09022099340579,Moderate
52,18,4.1614033417175715,9.745950568339138,45.43120569480969,0,24.041630560342615,28.904267499673225,0.08712603691662088,25.059928172283335,42.668302249755016,Moderate
52,19,4.1614033417175715,9.748201950411524,44.2644843078144,0,23.345235059857504,29.149279130231044,0.30039467897239913,24.596747752497688,40.746735386392956,Moderate
52,20,4.1614033417175715,9.75045333248391,43.118804123658464,0,22.627416997969522,29.474243661507508,0.2674957439141322,24.166091947189145,42.69761626780921,Moderate
52,21,4.1614033417175715,9.752704714556296,41.995823677723784,0,21.93171219946131,29.847291999268304,0.08705268733218326,23.769728648009426,46.963947583836614,Moderate
52,22,4.1614033417175715,9.754956096628682,40.89719332521885,0,21.213203435596427,30.234609075222142,0.10423036447013753,23.40939982143925,48.285934428316146,Moderate
52,23,4.1614033417175715,9.757207478701067,39.82420859943653,0,20.518284528683193,30.602335270100525,0.21085816785126368,23.08679276123039,48.203915905271,Moderate
52,24,4.1614033417175715,9.759458860773453,38.778098715928174,0,19.79898987322333,30.921480692090825,0.1871722485876945,22.80350850198276,49.94388394065519,Moderate
52,25,4.1614033417175715,9.761710242845838,37.75978023566262,0,19.1049731745428,31.168573163308753,0.18890297934164565,22.561028345356956,51.112875467212504,Moderate
52,26,4.1614033417175715,9.763961624918226,36.76985354452522,0,18.384776310850235,31.32942612466828,0.05195893985045609,22.360679774997898,54.13777915758025,Moderate
52,27,4.1614033417175715,9.766213006990611,35.808753501458895,0,17.69180601295413,31.398618333057872,0.18016427773242472,22.20360331117452,52.94793448071174,Moderate
52,28,4.1614033417175715,9.768464389062997,34.87650821057076,0,16.97056274847714,31.380011857079595,0.2682001247799114,22.090722034374522,52.132398855507624,Moderate
52,29,4.1614033417175715,9.770715771135382,33.97306752634093,0,16.278820596099706,31.28423331115655,0.15769976406351313,22.02271554554524,54.09226702900719,Moderate
52,30,4.1614033417175715,9.772967153207768,33.097948382151316,0,15.556349186104045,31.128934989586863,0.038452950277145174,22.0,56.02344363762891,High
52,31,4.1614033417175715,9.775218535280155,32.250739739447006,0,14.866068747318506,30.93469141829255,0.23141817059965986,22.02271554554524,53.38450861433529,Moderate
52,32,4.1614033417175715,9.77746991735254,31.430678455393334,0,14.142135623730951,30.72165152675767,0.25221815967222255,22.090722034374522,54.25016090929198,Moderate
52,33,4.1614033417175715,9.779721299424926,30.63704496945448,0,13.45362404707371,30.507089101483015,0.09847109127591604,22.20360331117452,57.655735399411626,High
52,34,4.1614033417175715,9.781972681497312,29.869004967949905,0,12.727922061357855,30.303681055869358,0.18319481596054313,22.360679774997898,57.5579730852142,High
52,35,4.1614033417175715,9.784224063569697,29.125853248712836,0,12.041594578792296,30.11861646213044,0.05246571844506006,22.561028345356956,60.65583061476899,High
52,36,4.1614033417175715,9.786475445642083,28.407008954148374,0,11.313708498984761,29.954068869533927,0.127040387740626,22.80350850198276,60.77841909922091,High
52,37,4.1614033417175715,9.78872682771447,27.71191650713725,0,10.63014581273465,29.808521708388557,0.05547434720160473,23.08679276123039,63.05094826369315,High
52,38,4.1614033417175715,9.790978209786855,27.04045471017986,0,9.899494936611665,29.680211546110215,0.24865649685164518,23.40939982143925,61.45826643384994,High
52,39,4.1614033417175715,9.793229591859241,26.39268421542529,0,9.219544457292887,29.567159625578817,0.19536621797673678,23.769728648009426,63.50090585348207,High
52,40,4.1614033417175715,9.795480973931626,25.768966870814285,0,8.48528137423857,29.469406940432993,0.35761647512848466,24.166091947189145,62.4235789512361,High
52,41,4.1614033417175715,9.797732356004012,25.170142531540463,0,7.810249675906654,29.389283912928164,0.031092429968640062,24.596747752497688,68.60687933339938,High
52,42,4.1614033417175715,9.799983738076397,24.597348229754573,0,7.0710678118654755,29.329590614810794,0.07109015041027135,25.059928172283335,69.4330674941361,High
52,43,4.1614033417175715,9.802235120148785,24.052106029381235,0,6.4031242374328485,29.29467093752146,0.1643417638942568,25.553864678361276,69.38506659426481,High
52,44,4.1614033417175715,9.80448650222117,23.53632712274626,0,5.656854249492381,29.287665753495176,0.2209081426895129,26.076809620810597,70.06766697614245,High
52,45,4.1614033417175715,9.806737884293556,23.052330954153852,0,5.0,29.310630048034966,0.12281193853995392,26.627053911388696,72.97453446109989,High
52,46,4.1614033417175715,9.808989266365941,22.602903159206583,0,4.242640687119285,29.365263557840134,0.2517399293765971,27.202941017470888,72.69934835761556,High
52,47,4.1614033417175715,9.811240648438327,22.191312430640426,0,3.605551275463989,29.453096640908555,0.07126499473658025,27.80287754891569,76.92231116362632,Extreme
52,48,4.1614033417175715,9.813492030510714,21.821697123861895,0,2.8284271247461903,29.575351035025378,0.18245808229879773,28.42534080710379,77.0616983921097,Extreme
52,49,4.1614033417175715,9.8157434125831,21.499362855798946,0,2.23606797749979,29.733029718531498,0.2541461899751672,29.068883707497267,77.54305620470558,Extreme
52,50,4.1614033417175715,9.817994794655485,21.23202137471955,0,1.4142135623730951,29.92482256470406,0.2644529736173494,29.732137494637012,79.37726400873709,Extreme
52,51,4.1614033417175715,9.82024617672787,21.032811221507455,0,1.0,30.147616010888736,0.207241952358943,30.4138126514911,81.57923713294073,Extreme
52,52,4.1614033417175715,9.822497558800256,20.93865741198787,1,0.0,30.393609565856124,0.3927832667874101,31.11269837220809,81.11009457768864,Extreme
52,53,4.1614033417175715,9.824748940872642,21.100370970405727,1,0.0,30.65109829708951,0.40180668023709054,31.827660925679098,81.4988177003417,Extreme
52,54,4.1614033417175715,9.827000322945029,21.36614876589097,0,1.0,30.905847213196555,0.17174337059460051,32.55764119219941,83.73921508039494,Extreme
52,55,4.1614033417175715,9.829251705017414,21.697995629166293,0,1.4142135623730951,31.142519455660132,0.20988335545400127,33.301651610693426,82.85042451447858,Extreme
52,56,4.1614033417175715,9.8315030870898,22.08176989538631,0,2.23606797749979,31.346989120979057,0.28646642874786754,34.058772731852805,80.5974939119203,Extreme
52,57,4.1614033417175715,9.833754469162185,22.509348114037522,0,2.8284271247461903,31.50841195064994,0.09144801708422039,34.828149534535996,82.67168796159314,Extreme
52,58,4.1614033417175715,9.836005851234571,22.97496890071114,0,3.605551275463989,31.619173386583554,0.06230466317764608,35.608987629529715,81.80550401599524,Extreme
52,59,4.1614033417175715,9.838257233306958,23.47439907775457,0,4.242640687119285,31.675717020666895,0.08153971169173216,36.40054944640259,80.29666555604253,Extreme
53,0,4.163649119655049,9.705425691036194,70.18852640630196,0,37.48332962798263,33.38211857078905,0.3483097936381125,37.8021163428716,34.92301601639831,Low
53,1,4.163649119655049,9.707677073108579,68.78287071457524,0,36.76955262170047,33.35898607017764,0.1527609487621732,37.013511046643494,38.629542075882526,Moderate
53,2,4.163649119655049,9.709928455180965,67.3878739451233,0,36.069377593742864,33.30902277178988,0.17672105725185538,36.235341863986875,38.97260126888311,Moderate
53,3,4.163649119655049,9.712179837253352,66.00373863616028,0,35.35533905932738,33.22415734517219,0.08584095424202015,35.4682957019364,40.947894446894814,Moderate
53,4,4.163649119655049,9.714431219325737,64.63049562655506,0,34.655446902326915,33.09394199263649,0.23985488346382863,34.713109915419565,39.13425552536724,Moderate
53,5,4.163649119655049,9.716682601398123,63.26798202650558,0,33.94112549695428,32.905628061837675,0.3840029024215026,33.97057550292606,37.32251029818566,Moderate
53,6,4.163649119655049,9.718933983470508,61.91621251548442,0,33.24154027718932,32.64785159824386,0.14686415895772956,33.24154027718932,41.05662465228398,Moderate
53,7,4.163649119655049,9.721185365542894,60.57512158875018,0,32.526911934581186,32.31259471966975,0.10401899658058801,32.526911934581186,41.683643464207094,Moderate
53,8,4.163649119655049,9.72343674761528,59.244592725860116,0,31.827660925679098,31.898530880289915,0.18255991748661357,31.827660925679098,40.294056647267986,Moderate
53,9,4.163649119655049,9.725688129687667,57.92451940735437,0,31.11269837220809,31.413966800760292,0.19081415230696783,31.144823004794873,39.78300201696302,Moderate
53,10,4.163649119655049,9.727939511760052,56.61490119742719,0,30.4138126514911,30.878999796536213,0.12384458626211349,30.479501308256342,40.27288461643763,Moderate
53,11,4.163649119655049,9.730190893832438,55.31582771497578,0,29.698484809834994,30.322717158208185,0.3167046241301538,29.832867780352597,36.80782575042444,Moderate
53,12,4.163649119655049,9.732442275904823,54.0275794292658,0,29.0,29.782837091746575,0.08863227619498569,29.206163733020468,39.68982846559962,Moderate
53,13,4.163649119655049,9.734693657977209,52.75068797443021,0,28.284271247461902,29.29910838025666,0.028347664079216295,28.600699292150182,40.183400976258646,Moderate
53,14,4.163649119655049,9.736945040049594,51.48600462962544,0,27.586228448267445,28.909827609989016,0.014678781413305333,28.0178514522438,40.19775136898301,Moderate
53,15,4.163649119655049,9.739196422121982,50.23438932879894,0,26.870057685088806,28.64584150234308,0.18456735912087208,27.459060435491963,37.752454444730745,Moderate
53,16,4.163649119655049,9.741447804194367,48.997261501120974,0,26.1725046566048,28.525635451617674,0.031592046908207196,26.92582403567252,40.487463661743895,Moderate
53,17,4.163649119655049,9.743699186266753,47.77600519155278,0,25.45584412271571,28.554126522728552,0.04269211258682725,26.419689627245813,41.109702775424864,Moderate
53,18,4.163649119655049,9.745950568339138,46.57231660346345,0,24.758836806279895,28.72036695096738,0.25889742423886575,25.942243542145693,38.97638646782458,Moderate
53,19,4.163649119655049,9.748201950411524,45.38801129206567,0,24.041630560342615,29.0023914115608,0.1496613390640883,25.495097567963924,41.991801781772445,Moderate
53,20,4.163649119655049,9.75045333248391,44.22477080661975,0,23.345235059857504,29.367640112864972,0.2779717312359989,25.079872407968907,41.63180994748012,Moderate
53,21,4.163649119655049,9.752704714556296,43.084267682174854,0,22.627416997969522,29.778791706291287,0.15608289524552285,24.698178070456937,45.12182633993243,Moderate
53,22,4.163649119655049,9.754956096628682,41.968165225280444,0,21.93171219946131,30.19766568409829,0.1881571745454592,24.351591323771842,46.30658416476626,Moderate
53,23,4.163649119655049,9.757207478701067,40.877737895815955,0,21.213203435596427,30.587548466867187,0.20306822870348598,24.041630560342615,47.66390518254001,Moderate
53,24,4.163649119655049,9.759458860773453,39.81419430233983,0,20.518284528683193,30.918691225002057,0.1937047648365597,23.769728648009426,49.22817935665247,Moderate
53,25,4.163649119655049,9.761710242845838,38.77839908874139,0,19.79898987322333,31.168341960350325,0.1019346768839128,23.53720459187964,51.816143951913205,Moderate
53,26,4.163649119655049,9.763961624918226,37.770889177114604,0,19.1049731745428,31.32451596642098,0.14423035773428414,23.345235059857504,52.151564861152835,Moderate
53,27,4.163649119655049,9.766213006990611,36.7920234927676,0,18.384776310850235,31.384317839541797,0.22215830091154942,23.194827009486403,51.70376755030867,Moderate
53,28,4.163649119655049,9.768464389062997,35.84174086282881,0,17.69180601295413,31.35424513719018,0.06445888286840609,23.08679276123039,54.55731360616988,Moderate
53,29,4.163649119655049,9.770715771135382,34.91990867935826,0,16.97056274847714,31.246899012009102,0.085756166386215,23.021728866442675,54.52323485179188,Moderate
53,30,4.163649119655049,9.772967153207768,34.02595433269079,0,16.278820596099706,31.08111694739029,0.08722800649085473,23.0,54.629518430544536,Moderate
53,31,4.163649119655049,9.775218535280155,33.15938848806063,0,15.556349186104045,30.878089383295794,0.336961301318953,23.021728866442675,50.906127232346535,Moderate
53,32,4.163649119655049,9.77746991735254,32.31937390408699,0,14.866068747318506,30.65813862528435,0.10582988909483573,23.08679276123039,54.562555498848816,Moderate
53,33,4.163649119655049,9.779721299424926,31.50513975180404,0,14.142135623730951,30.4384927500165,0.31488148154116713,23.194827009486403,52.585105367902294,Moderate
53,34,4.163649119655049,9.781972681497312,30.715806070436642,0,13.45362404707371,30.232215411361484,0.12577153588739834,23.345235059857504,56.53851874975919,High
53,35,4.163649119655049,9.784224063569697,29.950621400663444,0,12.727922061357855,30.04700337184952,0.15904119336881803,23.53720459187964,57.25465768657164,High
53,36,4.163649119655049,9.786475445642083,29.208973198989064,0,12.041594578792296,29.886084554308866,0.19268381074999896,23.769728648009426,57.944140275313025,High
53,37,4.163649119655049,9.78872682771447,28.490274986861248,0,11.313708498984761,29.749006773651356,0.20100287663522967,24.041630560342615,59.126560725067336,High
53,38,4.163649119655049,9.790978209786855,27.79437747617567,0,10.63014581273465,29.63523610967163,0.12496415031361696,24.351591323771842,61.54309958275708,High
53,39,4.163649119655049,9.793229591859241,27.121289048733427,0,9.899494936611665,29.543484601987803,0.12872704690235814,24.698178070456937,62.880614874502825,High
53,40,4.163649119655049,9.795480973931626,26.471319258664302,0,9.219544457292887,29.474009777715054,0.1444475454598218,25.079872407968907,63.99422291876575,High
53,41,4.163649119655049,9.797732356004012,25.84523255970519,0,8.48528137423857,29.4285028653571,0.1923531775598463,25.495097567963924,64.75915018032104,High
53,42,4.163649119655049,9.799983738076397,25.24405087959238,0,7.810249675906654,29.408244749926375,0.12629694802514554,25.942243542145693,67.18084037695974,High
53,43,4.163649119655049,9.802235120148785,24.669160596306412,0,7.0710678118654755,29.415436833462053,0.10268051011340283,26.419689627245813,69.12338296016472,High
53,44,4.163649119655049,9.80448650222117,24.12226254401653,0,6.4031242374328485,29.45053745350654,0.3927554457103634,26.92582403567252,66.29245638184393,High
53,45,4.163649119655049,9.806737884293556,23.60539742259523,0,5.656854249492381,29.512869891384177,0.1944989224575377,27.459060435491963,70.96484621064074,High
53,46,4.163649119655049,9.808989266365941,23.120952783718174,0,5.0,29.601932202069793,0.3353200474289924,28.0178514522438,70.44723007239143,High
53,47,4.163649119655049,9.811240648438327,22.671627320590208,0,4.242640687119285,29.717865760032918,0.3597623015372427,28.600699292150182,71.88673905417218,High
53,48,4.163649119655049,9.813492030510714,22.26069437963055,0,3.605551275463989,29.861525757373812,0.07059646804982002,29.206163733020468,77.87398010858473,Extreme
53,49,4.163649119655049,9.8157434125831,21.892056542746523,0,2.8284271247461903,30.034760541452858,0.10235913344530291,29.832867780352597,79.32689064012398,Extreme
53,50,4.163649119655049,9.817994794655485,21.570884249278436,0,2.23606797749979,30.238101409234147,0.3354831894139646,30.479501308256342,77.49587339789605,Extreme
53,51,4.163649119655049,9.82024617672787,21.304641230093427,0,1.4142135623730951,30.470663230089965,0.19775065961548904,31.144823004794873,81.64810094501516,Extreme
53,52,4.163649119655049,9.822497558800256,21.106188621733313,0,1.0,30.72688659094969,0.410329966861301,31.827660925679098,79.88319466933702,Extreme
53,53,4.163649119655049,9.824748940872642,21.012313170834865,1,0.0,30.996660770102583,0.0737172650160035,32.526911934581186,87.30340719614709,Extreme
53,54,4.163649119655049,9.827000322945029,21.173636122788732,1,0.0,31.266362338346923,0.2651878281668065,33.24154027718932,84.98503381493173,Extreme
53,55,4.163649119655049,9.829251705017414,21.438135209551326,0,1.0,31.520190983976587,0.17823916246376778,33.97057550292606,85.07725172340332,Extreme
53,56,4.163649119655049,9.8315030870898,21.76756554442107,0,1.4142135623730951,31.742413566104418,0.1766578909728893,34.713109915419565,84.75094356389306,Extreme
53,57,4.163649119655049,9.833754469162185,22.14809172824161,0,2.23606797749979,31.92011744491162,0.17787564780983103,35.4682957019364,83.56601777758166,Extreme
53,58,4.163649119655049,9.836005851234571,22.571383025932196,0,2.8284271247461903,32.04331174382944,0.1133482249818126,36.235341863986875,83.59340879110643,Extreme
53,59,4.163649119655049,9.838257233306958,23.031769270534127,0,3.605551275463989,32.10661139149558,0.09625089159026104,37.013511046643494,82.43544273938095,Extreme
54,0,4.165894897592526,9.705425691036194,71.6258314456788,0,38.18376618407357,33.814226190981955,0.32237016908013905,38.41874542459709,35.50402322884538,Moderate
54,1,4.165894897592526,9.707677073108579,70.20667397794656,0,37.48332962798263,33.78029348621362,0.20602227777694135,37.64306044943742,38.004515225559814,Moderate
54,2,4.165894897592526,9.709928455180965,68.79784568648833,0,36.76955262170047,33.709328335408934,0.1565126249970552,36.87817782917155,39.407253455028915,Moderate
54,3,4.165894897592526,9.712179837253352,67.39956503802517,0,36.069377593742864,33.59437042106387,0.3674538040753882,36.124783736376884,36.791175763624175,Moderate
54,4,4.165894897592526,9.714431219325737,66.01187094221318,0,35.35533905932738,33.42636169205098,0.23932484548121988,35.38361202590826,39.12728281624646,Moderate
54,5,4.165894897592526,9.716682601398123,64.63461453280834,0,34.655446902326915,33.19381380319591,0.16351856318300434,34.655446902326915,40.51713270783765,Moderate
54,6,4.165894897592526,9.718933983470508,63.26782911463827,0,33.94112549695428,32.886513919736565,0.0885202602886661,33.94112549695428,41.70885725872843,Moderate
54,7,4.165894897592526,9.721185365542894,61.91145720568403,0,33.24154027718932,32.497562394669984,0.14073121992179996,33.24154027718932,40.789872655815564,Moderate
54,8,4.165894897592526,9.72343674761528,60.565395761589215,0,32.526911934581186,32.02653587712105,0.20773457262264,32.55764119219941,39.44547425410406,Moderate
54,9,4.165894897592526,9.725688129687667,59.229548837758905,0,31.827660925679098,31.483054343305692,0.18721526748541012,31.89043743820395,39.23358715174282,Moderate
54,10,4.165894897592526,9.727939511760052,57.903915910187266,0,31.11269837220809,30.889018129525674,0.1603719322768853,31.240998703626616,38.988917828698966,Moderate
54,11,4.165894897592526,9.730190893832438,56.588599698664005,0,30.4138126514911,30.276082018295632,0.3615466087840457,30.610455730027933,35.27242691798822,Moderate
54,12,4.165894897592526,9.732442275904823,55.28388307099,0,29.698484809834994,29.68511433817217,0.23306867595998462,30.0,36.547323764269976,Moderate
54,13,4.165894897592526,9.734693657977209,53.99031778280754,0,29.0,29.159321395868236,0.01991144027646317,29.410882339705484,39.2426246994455,Moderate
54,14,4.165894897592526,9.736945040049594,52.70877213342347,0,28.284271247461902,28.74026132286777,0.18964401725434876,28.844410203711913,36.444257236302995,Moderate
54,15,4.165894897592526,9.739196422121982,51.440133845063855,0,27.586228448267445,28.461129903987466,0.2461674023980343,28.30194339616981,35.67304195611628,Moderate
54,16,4.165894897592526,9.741447804194367,50.18586112362819,0,26.870057685088806,28.340973137489712,0.3063019288682706,27.784887978899608,35.22163284153472,Moderate
54,17,4.165894897592526,9.743699186266753,48.947379827222605,0,26.1725046566048,28.38364873157869,0.3047879388560415,27.294688127912362,36.07736438227788,Moderate
54,18,4.165894897592526,9.745950568339138,47.726426218312625,0,25.45584412271571,28.575125094331668,0.3664488668788182,26.832815729997478,36.33310538435338,Moderate
54,19,4.165894897592526,9.748201950411524,46.5248557802441,0,24.758836806279895,28.88900552314447,0.07477546061745671,26.40075756488817,42.1718979317491,Moderate
54,20,4.165894897592526,9.75045333248391,45.344389009384244,0,24.041630560342615,29.287592053677542,0.13148006480588675,26.0,42.97635233843439,Moderate
54,21,4.165894897592526,9.752704714556296,44.18671518909308,0,23.345235059857504,29.72867051896417,0.14297340611931708,25.632011235952593,44.5477569781704,Moderate
54,22,4.165894897592526,9.754956096628682,43.0535128673468,0,22.627416997969522,30.170359527435586,0.12936004953219238,25.298221281347036,46.48279953809061,Moderate
54,23,4.165894897592526,9.757207478701067,41.946037319888504,0,21.93171219946131,30.573820211057154,0.32925481980743704,25.0,45.10808281227574,Moderate
54,24,4.165894897592526,9.759458860773453,40.86547729549873,0,21.213203435596427,30.909229596075946,0.214599021694922,24.73863375370596,48.272041142914,Moderate
54,25,4.165894897592526,9.761710242845838,39.81264635550538,0,20.518284528683193,31.155137538885125,0.13818361054595113,24.515301344262525,50.63072786645287,Moderate
54,26,4.165894897592526,9.763961624918226,38.78801769636878,0,19.79898987322333,31.302171275141514,0.05803992669497463,24.331050121192877,52.79084578738635,Moderate
54,27,4.165894897592526,9.766213006990611,37.79187489875199,0,19.1049731745428,31.350231234631455,0.056459649278120846,24.186773244895647,53.51761294967279,Moderate
54,28,4.165894897592526,9.768464389062997,36.8240664683767,0,18.384776310850235,31.308493856610752,0.23895147665076466,24.08318915758459,51.250563955479514,Moderate
54,29,4.165894897592526,9.770715771135382,35.88437637758787,0,17.69180601295413,31.19142410912095,0.15897217801415128,24.020824298928627,52.72277300214676,Moderate
54,30,4.165894897592526,9.772967153207768,34.97214209604148,0,16.97056274847714,31.018734677191954,0.31576262327812765,24.0,50.49344050832153,Moderate
54,31,4.165894897592526,9.775218535280155,34.08679492082847,0,16.278820596099706,30.81178423786822,0.0440217398400066,24.020824298928627,54.59380045754156,Moderate
54,32,4.165894897592526,9.77746991735254,33.22742344507543,0,15.556349186104045,30.590573219047727,0.17900228417471722,24.08318915758459,52.5437139597692,Moderate
54,33,4.165894897592526,9.779721299424926,32.39320476518796,0,14.866068747318506,30.37176336949295,0.16348801225443954,24.186773244895647,52.96521184229724,Moderate
54,34,4.165894897592526,9.781972681497312,31.58321323976534,0,14.142135623730951,30.168330379680086,0.11776617440404813,24.331050121192877,54.84586450449643,Moderate
54,35,4.165894897592526,9.784224063569697,30.79665346097225,0,13.45362404707371,29.988117652365403,0.20508599935325744,24.515301344262525,54.71389907575504,Moderate
54,36,4.165894897592526,9.786475445642083,30.03288388617652,0,12.727922061357855,29.83522090457525,0.15915991944074892,24.73863375370596,56.69488038492515,High
54,37,4.165894897592526,9.78872682771447,29.291292341348672,0,12.041594578792296,29.710215190481517,0.2430064127602225,25.0,56.71766749128439,High
54,38,4.165894897592526,9.790978209786855,28.571707751212266,0,11.313708498984761,29.613891112742603,0.23146811026385328,25.298221281347036,58.29651226865838,High
54,39,4.165894897592526,9.793229591859241,27.874095919324265,0,10.63014581273465,29.545848009495394,0.1502782485716434,25.632011235952593,60.9013358114388,High
54,40,4.165894897592526,9.795480973931626,27.198728864306815,0,9.899494936611665,29.50678421638073,0.09933429065140667,26.0,63.18754838375986,High
54,41,4.165894897592526,9.797732356004012,26.546313830337713,0,9.219544457292887,29.497932807846173,0.11114742988337986,26.40075756488817,64.50705043542342,High
54,42,4.165894897592526,9.799983738076397,25.91778416163414,0,8.48528137423857,29.5191549820514,0.21143896508862242,26.832815729997478,64.64815982472487,High
54,43,4.165894897592526,9.802235120148785,25.31442637118286,0,7.810249675906654,29.570536623244546,0.02360504965833333,27.294688127912362,69.07014219920647,High
54,44,4.165894897592526,9.80448650222117,24.737781655497876,0,7.0710678118654755,29.64977925506537,0.17356447236491496,27.784887978899608,68.58341333118888,High
54,45,4.165894897592526,9.806737884293556,24.189685116729894,0,6.4031242374328485,29.753332357244766,0.26883071962734617,28.30194339616981,68.83999982428192,High
54,46,4.165894897592526,9.808989266365941,23.672235018885655,0,5.656854249492381,29.878337229245044,0.3810304598746943,28.844410203711913,69.00666159997233,High
54,47,4.165894897592526,9.811240648438327,23.18773138474607,0,5.0,30.023377533652347,0.30239937346982404,29.410882339705484,71.91552955068339,High
54,48,4.165894897592526,9.813492030510714,22.738869430523977,0,4.242640687119285,30.188825006994538,0.1228371638586976,30.0,76.53394765740218,Extreme
54,49,4.165894897592526,9.8157434125831,22.328677316814986,0,3.605551275463989,30.37731314901611,0.32722070061043446,30.610455730027933,75.2253542396862,Extreme
54,50,4.165894897592526,9.817994794655485,21.960915813793846,0,2.8284271247461903,30.591231917983897,0.38676313908647675,31.240998703626616,76.3589247500755,Extreme
54,51,4.165894897592526,9.82024617672787,21.640501280392805,0,2.23606797749979,30.832009418662068,0.26604290540546655,31.89043743820395,79.92518620594544,Extreme
54,52,4.165894897592526,9.822497558800256,21.37462536734929,0,1.4142135623730951,31.09648230703211,0.3046886298892185,32.55764119219941,81.50829182896815,Extreme
54,53,4.165894897592526,9.824748940872642,21.175980547337588,0,1.0,31.376316860114898,0.26042989241267833,33.24154027718932,83.65287096468055,Extreme
54,54,4.165894897592526,9.827000322945029,21.08120125252475,1,0.0,31.658725753917217,0.16226289836311975,33.94112549695428,87.52732619260189,Extreme
54,55,4.165894897592526,9.829251705017414,21.240672053763515,1,0.0,31.927624203726168,0.4301068548009605,34.655446902326915,84.06251210215923,Extreme
54,56,4.165894897592526,9.8315030870898,21.50214001657333,0,1.0,32.16582569556498,0.2376683470153014,35.38361202590826,85.70127094903938,Extreme
54,57,4.165894897592526,9.833754469162185,21.827682798766386,0,1.4142135623730951,32.35844842339406,0.2700847528631525,36.124783736376884,84.7960818970147,Extreme
54,58,4.165894897592526,9.836005851234571,22.203290170947945,0,2.23606797749979,32.49316349789894,0.013502380037613773,36.87817782917155,87.37764071169507,Extreme
54,59,4.165894897592526,9.838257233306958,22.620737851444243,0,2.8284271247461903,32.562761739539184,0.42315018254319575,37.64306044943742,80.16691353405008,Extreme
55,0,4.168140675530004,9.705425691036194,73.07114675162109,0,38.897300677553446,34.26597806848088,0.45287027255689755,39.05124837953327,33.78096885038878,Low
55,1,4.168140675530004,9.707677073108579,71.63865261738187,0,38.18376618407357,34.220433899421465,0.145129209311008,38.28837943815329,39.13228965210787,Moderate
55,2,4.168140675530004,9.709928455180965,70.21620160787624,0,37.48332962798263,34.12695626444631,0.3203927607087486,37.53664875824692,37.11730517722865,Moderate
55,3,4.168140675530004,9.712179837253352,68.80402340474689,0,36.76955262170047,33.979922472209815,0.28673540422895305,36.796738985948195,38.10123632039926,Moderate
55,4,4.168140675530004,9.714431219325737,67.40216010151238,0,36.069377593742864,33.771997302608696,0.11991745184812125,36.069377593742864,40.93000725686154,Moderate
55,5,4.168140675530004,9.716682601398123,66.01047057904219,0,35.35533905932738,33.49334280183933,0.22821743831090807,35.35533905932738,39.455856043919916,Moderate
55,6,4.168140675530004,9.718933983470508,64.62899985435686,0,34.655446902326915,33.13533923534197,0.2613528754028595,34.655446902326915,38.912256982231064,Moderate
55,7,4.168140675530004,9.721185365542894,63.257692217566174,0,33.94112549695428,32.69260718463258,0.21611664756574442,33.97057550292606,39.334408404026426,Moderate
55,8,4.168140675530004,9.72343674761528,61.89645160689165,0,33.24154027718932,32.1659383262933,0.2873660044293486,33.301651610693426,37.801412748894094,Moderate
55,9,4.168140675530004,9.725688129687667,60.54518763283581,0,32.526911934581186,31.566411070347414,0.05998310082906331,32.64965543462902,40.566742303688486,Moderate
55,10,4.168140675530004,9.727939511760052,59.20389644609413,0,31.827660925679098,30.917641554053006,0.1828251751632064,32.01562118716424,37.954354048217404,Moderate
55,11,4.168140675530004,9.730190893832438,57.87269085396069,0,31.11269837220809,30.25353621807236,0.13111201912116965,31.400636936215164,37.917453226859664,Moderate
55,12,4.168140675530004,9.732442275904823,56.55185539147495,0,30.4138126514911,29.617559196572387,0.45239620849243617,30.805843601498726,32.34714497196691,Low
55,13,4.168140675530004,9.734693657977209,55.24196065898045,0,29.698484809834994,29.05566732554312,0.3216260671346063,30.23243291566195,33.72942618335941,Low
55,14,4.168140675530004,9.736945040049594,53.94389278553564,0,29.0,28.611919200632276,0.2429056223210374,29.68164415931166,34.60820554372665,Low
55,15,4.168140675530004,9.739196422121982,52.658567593628106,0,28.284271247461902,28.321133329859894,0.3109776985061561,29.154759474226502,33.64556341019516,Low
55,16,4.168140675530004,9.741447804194367,51.38748226969541,0,27.586228448267445,28.20237952588908,0.19087659023506331,28.653097563788805,35.91097864729626,Moderate
55,17,4.168140675530004,9.743699186266753,50.132105501195134,0,26.870057685088806,28.258154424188735,0.1388285406794178,28.178005607210743,37.566197643243775,Moderate
55,18,4.168140675530004,9.745950568339138,48.89421400388233,0,26.1725046566048,28.4713522529615,0.05710521990831738,27.730849247724095,40.034946267376746,Moderate
55,19,4.168140675530004,9.748201950411524,47.67570362542165,0,25.45584412271571,28.811439709362425,0.3104246522588496,27.313000567495326,37.771882240741036,Moderate
55,20,4.168140675530004,9.75045333248391,46.47833419211449,0,24.758836806279895,29.236114544813283,0.17241655357780103,26.92582403567252,41.569755601219725,Moderate
55,21,4.168140675530004,9.752704714556296,45.303812734509904,0,24.041630560342615,29.698951879698335,0.08352672562117493,26.570660511172846,44.70918842898998,Moderate
55,22,4.168140675530004,9.754956096628682,44.15383374391296,0,23.345235059857504,30.155085304457337,0.17901506380518778,26.248809496813376,45.052348001709284,Moderate
55,23,4.168140675530004,9.757207478701067,43.029635521182676,0,22.627416997969522,30.564247570519118,0.2818895999799293,25.96150997149434,45.15651276588643,Moderate
55,24,4.168140675530004,9.759458860773453,41.932388348457124,0,21.93171219946131,30.89711159351899,0.17201093977000215,25.709920264364882,48.25253140066909,Moderate
55,25,4.168140675530004,9.761710242845838,40.86285775565608,0,21.213203435596427,31.13394924050099,0.1486368888714257,25.495097567963924,49.8036254493795,Moderate
55,26,4.168140675530004,9.763961624918226,39.82145606274967,0,20.518284528683193,31.268216850449825,0.09396853034233461,25.317977802344327,51.560793442948004,Moderate
55,27,4.168140675530004,9.766213006990611,38.80839547159337,0,19.79898987322333,31.302702107229493,0.1804202078002664,25.179356624028344,50.944401411951176,Moderate
55,28,4.168140675530004,9.768464389062997,37.823437709895416,0,19.1049731745428,31.249164190507145,0.1484581835665466,25.079872407968907,51.87588496631545,Moderate
55,29,4.168140675530004,9.770715771135382,36.86628640203964,0,18.384776310850235,31.123745948262755,0.09538796706245814,25.019992006393608,52.93467105469072,Moderate
55,30,4.168140675530004,9.772967153207768,35.93619279509148,0,17.69180601295413,30.94673614212075,0.11134019772925804,25.0,52.81805026603998,Moderate
55,31,4.168140675530004,9.775218535280155,35.03251129094852,0,16.97056274847714,30.73928511031146,0.09813396822426379,25.019992006393608,53.049998251435326,Moderate
55,32,4.168140675530004,9.77746991735254,34.15425903319893,0,16.278820596099706,30.520688785841617,0.2360882355875692,25.079872407968907,50.97273044587867,Moderate
55,33,4.168140675530004,9.779721299424926,33.3005618996649,0,15.556349186104045,30.306660161724828,0.29096640377815847,25.179356624028344,50.138111987541336,Moderate
55,34,4.168140675530004,9.781972681497312,32.47044942710377,0,14.866068747318506,30.109731003551993,0.18205398763592445,25.317977802344327,52.01079884878007,Moderate
55,35,4.168140675530004,9.784224063569697,31.6630844471712,0,14.142135623730951,29.937626939263275,0.06069048303657613,25.495097567963924,55.099895508301934,High
55,36,4.168140675530004,9.786475445642083,30.877797837026982,0,13.45362404707371,29.79515889287555,0.05047464313897937,25.709920264364882,56.52101652931838,High
55,37,4.168140675530004,9.78872682771447,30.113954519890676,0,12.727922061357855,29.683891561994923,0.19448759676797978,25.96150997149434,55.75310361289023,High
55,38,4.168140675530004,9.790978209786855,29.371364666814124,0,12.041594578792296,29.60598945544217,0.05262734756054779,26.248809496813376,59.27539761713514,High
55,39,4.168140675530004,9.793229591859241,28.64995768876561,0,11.313708498984761,29.562083893178354,0.09888713273632722,26.570660511172846,60.11444887711488,High
55,40,4.168140675530004,9.795480973931626,27.949977010356776,0,10.63014581273465,29.55348795508035,0.24972757763276077,26.92582403567252,59.38322668225505,High
55,41,4.168140675530004,9.797732356004012,27.272084430648974,0,9.899494936611665,29.58114677347477,0.30775447771017866,27.313000567495326,60.19688016621095,High
55,42,4.168140675530004,9.799983738076397,26.617143053261984,0,9.219544457292887,29.64363752756897,0.3064893481643287,27.730849247724095,61.885673757208124,High
55,43,4.168140675530004,9.802235120148785,25.986363519860962,0,8.48528137423857,29.73903389734103,0.20205819979882697,28.178005607210743,65.27739087769078,High
55,44,4.168140675530004,9.80448650222117,25.38116273657141,0,7.810249675906654,29.862328562337204,0.19758270749572784,28.653097563788805,67.12308474685099,High
55,45,4.168140675530004,9.806737884293556,24.80321992060567,0,7.0710678118654755,30.00709745665553,0.055738953052791626,29.154759474226502,71.17180542702903,High
55,46,4.168140675530004,9.808989266365941,24.25441639680031,0,6.4031242374328485,30.168095819985794,0.344997207618818,29.68164415931166,68.65712466317208,High
55,47,4.168140675530004,9.811240648438327,23.736762260378843,0,5.656854249492381,30.342284059752295,0.12825426061315617,30.23243291566195,73.87636738525237,High
55,48,4.168140675530004,9.813492030510714,23.25254560534293,0,5.0,30.52948562848782,0.27467450797599163,30.805843601498726,73.51072334642647,High
55,49,4.168140675530004,9.8157434125831,22.80420676576521,0,4.242640687119285,30.733045739208343,0.02257725694698201,31.400636936215164,79.30854606523926,Extreme
55,50,4.168140675530004,9.817994794655485,22.39462682794269,0,3.605551275463989,30.957149577206323,0.22335544966339987,32.01562118716424,78.13935239163979,Extreme
55,51,4.168140675530004,9.82024617672787,22.02730709300211,0,2.8284271247461903,31.205500747798613,0.14041816664419293,32.64965543462902,81.49269215249046,Extreme
55,52,4.168140675530004,9.822497558800256,21.70689691839261,0,2.23606797749979,31.477332456879967,0.23887825582708683,33.301651610693426,81.84595323093892,Extreme
55,53,4.168140675530004,9.824748940872642,21.440393407506974,0,1.4142135623730951,31.7661187508007,0.06497211245691681,33.97057550292606,86.67619768119148,Extreme
55,54,4.168140675530004,9.827000322945029,21.24037174810759,0,1.0,32.05999802949618,0.021892842096706545,34.655446902326915,88.83768412312074,Extreme
55,55,4.168140675530004,9.829251705017414,21.14321504864549,1,0.0,32.34269612299622,0.17912955703394254,35.35533905932738,88.88318144619612,Extreme
55,56,4.168140675530004,9.8315030870898,21.299097007760842,1,0.0,32.59569570306694,0.509266297576212,36.069377593742864,84.44784413246718,Extreme
55,57,4.168140675530004,9.833754469162185,21.55610293488528,0,1.0,32.80225342413595,0.26502976697083425,36.796738985948195,86.7900793282547,Extreme
55,58,4.168140675530004,9.836005851234571,21.876166884371923,0,1.4142135623730951,32.94778929774695,0.16883490883436925,37.53664875824692,87.70401347861012,Extreme
55,59,4.168140675530004,9.838257233306958,22.245399632352495,0,2.23606797749979,33.023319325375496,0.5512077960887145,38.28837943815329,80.56262130723385,Extreme
56,0,4.170386453467481,9.705425691036194,74.52516518481083,0,39.59797974644666,34.69534631726202,0.4351513386599425,39.698866482558415,34.22221938199087,Low
56,1,4.170386453467481,9.707677073108579,73.07949307519655,0,38.897300677553446,34.63859176075777,0.36736732914468284,38.948684188300895,35.95498688991436,Moderate
56,2,4.170386453467481,9.709928455180965,71.64361916569243,0,38.18376618407357,34.52342761904033,0.21451491805959128,38.2099463490856,38.81748642585945,Moderate
56,3,4.170386453467481,9.712179837253352,70.21778033613708,0,37.48332962798263,34.34562225034542,0.3149778110231944,37.48332962798263,37.7236426621601,Moderate
56,4,4.170386453467481,9.714431219325737,68.80201834155437,0,36.76955262170047,34.099657836032385,0.2901004334147131,36.76955262170047,38.33999039105202,Moderate
56,5,4.170386453467481,9.716682601398123,67.39619504544986,0,36.069377593742864,33.777478178256764,0.022155145806448097,36.069377593742864,42.413144889618735,Moderate
56,6,4.170386453467481,9.718933983470508,66.00036171900267,0,35.35533905932738,33.372221113868505,0.1612890593597288,35.38361202590826,40.17436096507832,Moderate
56,7,4.170386453467481,9.721185365542894,64.6144601382278,0,34.655446902326915,32.88016107677507,0.46074087751391707,34.713109915419565,35.31612981611244,Moderate
56,8,4.170386453467481,9.72343674761528,63.2383963682083,0,33.94112549695428,32.30339446684568,0.10681137246272829,34.058772731852805,40.04903855933593,Moderate
56,9,4.170386453467481,9.725688129687667,61.872081743118606,0,33.24154027718932,31.654414577733167,0.37352835029714965,33.421549934136806,35.29277747850021,Moderate
56,10,4.170386453467481,9.727939511760052,60.515507020392825,0,32.526911934581186,30.95833810190193,0.19576093536815833,32.802438933713454,37.08473832676205,Moderate
56,11,4.170386453467481,9.730190893832438,59.1687921011127,0,31.827660925679098,30.250920560876715,0.1369322628714669,32.202484376209235,37.059520342032506,Moderate
56,12,4.170386453467481,9.732442275904823,57.83222222610836,0,31.11269837220809,29.577642871166823,0.3066765076506608,31.622776601683793,33.681856023163135,Low
56,13,4.170386453467481,9.734693657977209,56.506384176119845,0,30.4138126514911,28.98653213520969,0.4580607646612557,31.064449134018133,30.770931596718793,Low
56,14,4.170386453467481,9.736945040049594,55.19218057197402,0,29.698484809834994,28.52345704318588,0.08955793968812686,30.528675044947494,35.95946738234528,Moderate
56,15,4.170386453467481,9.739196422121982,53.89055284463686,0,29.0,28.224262088497504,0.197760305370424,30.01666203960727,34.38425512318482,Low
56,16,4.170386453467481,9.741447804194367,52.603033707357305,0,28.284271247461902,28.107692401758325,0.20816879017971418,29.5296461204668,34.706972137161394,Low
56,17,4.170386453467481,9.743699186266753,51.331131375897534,0,27.586228448267445,28.17479045406446,0.04643280012232262,29.068883707497267,38.044495779533335,Moderate
56,18,4.170386453467481,9.745950568339138,50.0766594884625,0,26.870057685088806,28.405617412376458,0.20322495132980128,28.635642126552707,36.98770046604152,Moderate
56,19,4.170386453467481,9.748201950411524,48.84155077872539,0,26.1725046566048,28.76601053668068,0.3501104750000493,28.231188426986208,36.37978273395782,Moderate
56,20,4.170386453467481,9.75045333248391,47.6276008866352,0,25.45584412271571,29.209764245081573,0.14600820090689698,27.85677655436824,41.2247445524709,Moderate
56,21,4.170386453467481,9.752704714556296,46.43653319420706,0,24.758836806279895,29.68701620774013,0.29485668255618475,27.51363298439521,40.84253761682008,Moderate
56,22,4.170386453467481,9.754956096628682,45.27005666082091,0,24.041630560342615,30.15062333468974,0.1117531815349344,27.202941017470888,45.39228317529788,Moderate
56,23,4.170386453467481,9.757207478701067,44.12939467535161,0,23.345235059857504,30.55947399585377,0.023859830561306132,26.92582403567252,48.36692562868784,Moderate
56,24,4.170386453467481,9.759458860773453,43.01570068257986,0,22.627416997969522,30.885097330815405,0.3131908613659636,26.68332812825267,45.46707900980651,Moderate
56,25,4.170386453467481,9.761710242845838,41.9296971883949,0,21.93171219946131,31.109654726956652,0.1975480737993016,26.476404589747453,48.38237593641519,Moderate
56,26,4.170386453467481,9.763961624918226,40.87174147103373,0,21.213203435596427,31.22937818992788,0.21265112197811922,26.30589287593181,49.06774624753088,Moderate
56,27,4.170386453467481,9.766213006990611,39.84198168814879,0,20.518284528683193,31.24979594170164,0.13529625625311326,26.1725046566048,50.884458046948346,Moderate
56,28,4.170386453467481,9.768464389062997,38.840101004295796,0,19.79898987322333,31.184990123235075,0.16139549459154018,26.076809620810597,50.92789528266586,Moderate
56,29,4.170386453467481,9.770715771135382,37.86573002185755,0,19.1049731745428,31.05252250529795,0.19982444476812553,26.019223662515376,50.60738998977457,Moderate
56,30,4.170386453467481,9.772967153207768,36.91804187323997,0,18.384776310850235,30.87300057325531,0.1300464232811847,26.0,51.78105542010587,Moderate
56,31,4.170386453467481,9.775218535280155,35.996320559584916,0,17.69180601295413,30.667112757199966,0.19646263351154536,26.019223662515376,50.83306586929021,Moderate
56,32,4.170386453467481,9.77746991735254,35.09951787938616,0,16.97056274847714,30.453234716106007,0.19262056281291798,26.076809620810597,50.905033451857804,Moderate
56,33,4.170386453467481,9.779721299424926,34.22671168473849,0,16.278820596099706,30.2459391042586,0.09932932080396724,26.1725046566048,52.32042273262103,Moderate
56,34,4.170386453467481,9.781972681497312,33.3768892465427,0,15.556349186104045,30.057112084541615,0.030765607157196964,26.30589287593181,53.39577495708514,Moderate
56,35,4.170386453467481,9.784224063569697,32.54917459558103,0,14.866068747318506,29.894207343652337,0.09009786899814806,26.476404589747453,52.825230065879225,Moderate
56,36,4.170386453467481,9.786475445642083,31.74287219997955,0,14.142135623730951,29.762618054142486,0.026849792496979108,26.68332812825267,55.13943497500938,High
56,37,4.170386453467481,9.78872682771447,30.957325463744993,0,13.45362404707371,29.66482647480776,0.2061427343851821,26.92582403567252,53.82555574232914,Moderate
56,38,4.170386453467481,9.790978209786855,30.192326765959542,0,12.727922061357855,29.6043279995287,0.13200239961192597,27.202941017470888,56.45275801926872,High
56,39,4.170386453467481,9.793229591859241,29.447773065964526,0,12.041594578792296,29.582828255321964,0.16108793823076098,27.51363298439521,57.547710356037086,High
56,40,4.170386453467481,9.795480973931626,28.723883775989783,0,11.313708498984761,29.60233908406599,0.015158907377424338,27.85677655436824,61.423618387752974,High
56,41,4.170386453467481,9.797732356004012,28.021282334301528,0,10.63014581273465,29.663657118518177,0.12069772508983108,28.231188426986208,61.541657996087075,High
56,42,4.170386453467481,9.799983738076397,27.34077395563552,0,9.899494936611665,29.764255014674717,0.08450255111054521,28.635642126552707,63.94565454725014,High
56,43,4.170386453467481,9.802235120148785,26.68350863561426,0,9.219544457292887,29.900401418591954,0.22715272071918932,29.068883707497267,63.65428234951198,High
56,44,4.170386453467481,9.80448650222117,26.050803624617934,0,8.48528137423857,30.064599047758225,0.23693628266285566,29.5296461204668,65.49942933554131,High
56,45,4.170386453467481,9.806737884293556,25.44421605106728,0,7.810249675906654,30.247751707278507,0.12673600318842793,30.01666203960727,69.07581306656284,High
56,46,4.170386453467481,9.808989266365941,24.865459504179622,0,7.0710678118654755,30.44238035791442,0.0808684749322579,30.528675044947494,71.80531772561105,High
56,47,4.170386453467481,9.811240648438327,24.316325683514563,0,6.4031242374328485,30.643903211124208,0.3506925525216364,31.064449134018133,69.67983406889022,High
56,48,4.170386453467481,9.813492030510714,23.798803882110047,0,5.656854249492381,30.8516058830292,0.37780313886638106,31.622776601683793,71.32182134056431,High
56,49,4.170386453467481,9.8157434125831,23.314917408873256,0,5.0,31.06946140333307,0.2172392971540733,32.202484376209235,75.63448806215382,Extreme
56,50,4.170386453467481,9.817994794655485,22.866955014138185,0,4.242640687119285,31.303291897185247,0.31596471795282005,32.802438933713454,76.24257009591469,Extreme
56,51,4.170386453467481,9.82024617672787,22.457533352942704,0,3.605551275463989,31.558892433483006,0.1562236806750563,33.421549934136806,80.55684306625037,Extreme
56,52,4.170386453467481,9.822497558800256,22.08989112999725,0,2.8284271247461903,31.83771268348631,0.09841645600750855,34.058772731852805,83.60672152199791,Extreme
56,53,4.170386453467481,9.824748940872642,21.76846209809369,0,2.23606797749979,32.1348990674031,0.04104673465110742,34.713109915419565,86.35902628052234,Extreme
56,54,4.170386453467481,9.827000322945029,21.50015756736073,0,1.4142135623730951,32.439467039309974,0.18956372556113507,35.38361202590826,86.39195175944168,Extreme
56,55,4.170386453467481,9.829251705017414,21.29729007407434,0,1.0,32.73497731795082,0.2874710973229568,36.069377593742864,86.44424050725281,Extreme
56,56,4.170386453467481,9.8315030870898,21.19605155907836,1,0.0,33.00169955409359,0.0591481268704507,36.76955262170047,92.23710715677018,Extreme
56,57,4.170386453467481,9.833754469162185,21.346969045180195,1,0.0,33.22117683751471,0.35598159537295826,37.48332962798263,88.2236020622758,Extreme
56,58,4.170386453467481,9.836005851234571,21.598013265096697,0,1.0,33.37674831422888,0.2174872249654208,38.2099463490856,88.86056310476606,Extreme
56,59,4.170386453467481,9.838257233306958,21.911252943533736,0,1.4142135623730951,33.45777808884461,0.22737591123046802,38.948684188300895,88.03208632740443,Extreme
57,0,4.172632231404959,9.705425691036194,75.98843473605538,0,40.311288741492746,35.061034135188464,0.08396960626789002,40.36087214122113,39.506760459746104,Moderate
57,1,4.172632231404959,9.707677073108579,74.52973771488776,0,39.59797974644666,34.994638421390576,0.2675861765686019,39.6232255123179,37.453006611084525,Moderate
57,2,4.172632231404959,9.709928455180965,73.08063307867639,0,38.897300677553446,34.86085439537685,0.27867488138722063,38.897300677553446,37.81939802002869,Moderate
57,3,4.172632231404959,9.712179837253352,71.64136142054524,0,38.18376618407357,34.6567087549533,0.45926842188374944,38.18376618407357,35.46814942053215,Moderate
57,4,4.172632231404959,9.714431219325737,70.21196176199891,0,37.48332962798263,34.37834055485244,0.4350678761085839,37.48332962798263,36.0044333631446,Moderate
57,5,4.172632231404959,9.716682601398123,68.79229544816462,0,36.76955262170047,34.01933567487026,0.005603513241230919,36.796738985948195,42.41994714385102,Moderate
57,6,4.172632231404959,9.718933983470508,67.38241569146686,0,36.069377593742864,33.57446830371679,0.36733529776191265,36.124783736376884,36.755188193110186,Moderate
57,7,4.172632231404959,9.721185365542894,65.98225913120928,0,35.35533905932738,33.041536309202314,0.2682957460568241,35.4682957019364,37.78440846597374,Moderate
57,8,4.172632231404959,9.72343674761528,64.59173047037913,0,34.655446902326915,32.42382468816399,0.2906290986110459,34.828149534535996,36.78340326286692,Moderate
57,9,4.172632231404959,9.725688129687667,63.21073987571854,0,33.94112549695428,31.73503826319912,0.1201373523313914,34.20526275297414,38.49816526608973,Moderate
57,10,4.172632231404959,9.727939511760052,61.83927168172328,0,33.24154027718932,31.00148821484711,0.30288177963014234,33.60059523282288,34.8010813727624,Low
57,11,4.172632231404959,9.730190893832438,60.47744988860442,0,32.526911934581186,30.260332303403068,0.42974273862731716,33.015148038438355,31.91826342209981,Low
57,12,4.172632231404959,9.732442275904823,59.12555933909507,0,31.827660925679098,29.558508585041512,0.16390385641523716,32.449961479175904,35.01470780144839,Moderate
57,13,4.172632231404959,9.734693657977209,57.7841991605801,0,31.11269837220809,28.945497740804033,0.2650592412220356,31.906112267087632,32.81368512784499,Low
57,14,4.172632231404959,9.736945040049594,56.45428533116056,0,30.4138126514911,28.468389465824718,0.06730546216340075,31.38470965295043,35.41649026266278,Moderate
57,15,4.172632231404959,9.739196422121982,55.13678003982779,0,29.698484809834994,28.1636096119292,0.22915596074031555,30.886890422961002,33.03248374728502,Low
57,16,4.172632231404959,9.741447804194367,53.833244975480355,0,29.0,28.04942914634829,0.13216558176473706,30.4138126514911,34.98137637327812,Low
57,17,4.172632231404959,9.743699186266753,52.54522088559031,0,28.284271247461902,28.125556977467348,0.1337607128870808,29.966648127543394,35.90016343796917,Moderate
57,18,4.172632231404959,9.745950568339138,51.27455148373795,0,27.586228448267445,28.36968648199394,0.06504164198700697,29.546573405388315,38.267590357395,Moderate
57,19,4.172632231404959,9.748201950411524,50.023199512280016,0,26.870057685088806,28.744729181147115,0.07063991785464604,29.154759474226502,39.82380276536438,Moderate
57,20,4.172632231404959,9.75045333248391,48.79298956181021,0,26.1725046566048,29.20141812418415,0.08014545568893573,28.792360097775937,41.50535454909279,Moderate
57,21,4.172632231404959,9.752704714556296,47.58565790829677,0,25.45584412271571,29.68728231526713,0.15101924875743444,28.460498941515414,42.32307754192395,Moderate
57,22,4.172632231404959,9.754956096628682,46.40292457355253,0,24.758836806279895,30.153560785517826,0.32875817758584625,28.160255680657446,41.476200056846395,Moderate
57,23,4.172632231404959,9.757207478701067,45.24599998620131,0,24.041630560342615,30.558721304441107,0.24177310638296626,27.892651361962706,44.437931327766584,Moderate
57,24,4.172632231404959,9.759458860773453,44.11602259225314,0,23.345235059857504,30.875252499550278,0.2784117151777195,27.65863337187866,45.31620074595454,Moderate
57,25,4.172632231404959,9.761710242845838,43.01367855566521,0,22.627416997969522,31.087079555739393,0.32455002166404634,27.459060435491963,45.7837922566002,Moderate
57,26,4.172632231404959,9.763961624918226,41.939278596002836,0,21.93171219946131,31.19285758440152,0.11680137565576452,27.294688127912362,49.78808697961961,Moderate
57,27,4.172632231404959,9.766213006990611,40.89291705521653,0,21.213203435596427,31.200453072074982,0.17171908731849192,27.16615541441225,49.59965401533394,Moderate
57,28,4.172632231404959,9.768464389062997,39.87421091650673,0,20.518284528683193,31.125851528345073,0.1784194333429165,27.073972741361768,49.920431388779896,Moderate
57,29,4.172632231404959,9.770715771135382,38.882728865478505,0,19.79898987322333,30.987719191606136,0.4086455989487368,27.018512172212592,46.71943100209514,Moderate
57,30,4.172632231404959,9.772967153207768,37.917577926354596,0,19.1049731745428,30.806797412241583,0.22648681061900228,27.0,49.58573848141316,Moderate
57,31,4.172632231404959,9.775218535280155,36.97798179578722,0,18.384776310850235,30.603223119455116,0.2599856531207492,27.018512172212592,49.14761621994138,Moderate
57,32,4.172632231404959,9.77746991735254,36.06283601963207,0,17.69180601295413,30.394441526030622,0.19129031610066657,27.073972741361768,50.2154605989097,Moderate
57,33,4.172632231404959,9.779721299424926,35.171175734400215,0,16.97056274847714,30.193918500949845,0.24952048210393554,27.16615541441225,49.38544018866687,Moderate
57,34,4.172632231404959,9.781972681497312,34.301950009541955,0,16.278820596099706,30.012870328459,0.3277966399435208,27.294688127912362,48.28835040030764,Moderate
57,35,4.172632231404959,9.784224063569697,33.454247668469286,0,15.556349186104045,29.858441013520352,0.08637748509493234,27.459060435491963,52.038034456610205,Moderate
57,36,4.172632231404959,9.786475445642083,32.62734766415932,0,14.866068747318506,29.736481378593496,0.02474263934797006,27.65863337187866,53.38001731081168,Moderate
57,37,4.172632231404959,9.78872682771447,31.82057196602706,0,14.142135623730951,29.65025932602618,0.13626919782247407,27.892651361962706,53.182021666290545,Moderate
57,38,4.172632231404959,9.790978209786855,31.033694190449935,0,13.45362404707371,29.6044321721958,0.20900303831350145,28.160255680657446,53.592324591034554,Moderate
57,39,4.172632231404959,9.793229591859241,30.26658078333163,0,12.727922061357855,29.601682423842675,0.20918952645136535,28.460498941515414,55.244797586896944,High
57,40,4.172632231404959,9.795480973931626,29.519427834414973,0,12.041594578792296,29.644682728882078,0.047689061494585634,28.792360097775937,59.35524042274791,High
57,41,4.172632231404959,9.797732356004012,28.792823550472917,0,11.313708498984761,29.734167604637054,0.15386491406686023,29.154759474226502,59.6195126892174,High
57,42,4.172632231404959,9.799983738076397,28.08752270147709,0,10.63014581273465,29.86672127518716,0.03135547171721077,29.546573405388315,63.33123949475073,High
57,43,4.172632231404959,9.802235120148785,27.40462295310349,0,9.899494936611665,30.03712099094923,0.30064157322612256,29.966648127543394,61.32234922498642,High
57,44,4.172632231404959,9.80448650222117,26.745358632790502,0,9.219544457292887,30.23578207467869,0.16992951103684417,30.4138126514911,65.28298077250977,High
57,45,4.172632231404959,9.806737884293556,26.111187295857974,0,8.48528137423857,30.451355699119617,0.10361806087664928,30.886890422961002,68.39401277254791,High
57,46,4.172632231404959,9.808989266365941,25.503688622036837,0,7.810249675906654,30.674476057731926,0.26056604628503105,31.38470965295043,68.05986002387972,High
57,47,4.172632231404959,9.811240648438327,24.924484104322683,0,7.0710678118654755,30.899253871301163,0.1544933520290532,31.906112267087632,71.76523612050192,High
57,48,4.172632231404959,9.813492030510714,24.375335946009926,0,6.4031242374328485,31.12452013925997,0.12010746857875922,32.449961479175904,74.26002981150395,High
57,49,4.172632231404959,9.8157434125831,23.857959503244764,0,5.656854249492381,31.354771952566043,0.25101014171107255,33.015148038438355,74.39929647682774,High
57,50,4.172632231404959,9.817994794655485,23.37422316934465,0,5.0,31.597202977809218,0.32832763978326185,33.60059523282288,75.20277579583107,Extreme
57,51,4.172632231404959,9.82024617672787,22.926147666154833,0,4.242640687119285,31.859360325679678,0.3403621289544536,34.20526275297414,77.17943435230052,Extreme
57,52,4.172632231404959,9.822497558800256,22.516091560546283,0,3.605551275463989,32.144549218615914,0.42545205562375055,34.828149534535996,77.89279764781676,Extreme
57,53,4.172632231404959,9.824748940872642,22.147063160230196,0,2.8284271247461903,32.44930380951057,0.12950397768892807,35.4682957019364,84.57799654179833,Extreme
57,54,4.172632231404959,9.827000322945029,21.823438472864243,0,2.23606797749979,32.76336255441323,0.5558668282524533,36.124783736376884,80.11619734240756,Extreme
57,55,4.172632231404959,9.829251705017414,21.551859615528294,0,1.4142135623730951,33.070122044794346,0.2206372209903533,36.796738985948195,87.41252486042399,Extreme
57,56,4.172632231404959,9.8315030870898,21.344467689621368,0,1.0,33.34880970854315,0.4546511270468491,37.48332962798263,85.3854136169254,Extreme
57,57,4.172632231404959,9.833754469162185,21.237823102568917,1,0.0,33.579502459185406,0.4669095622673485,38.18376618407357,87.48607120143379,Extreme
57,58,4.172632231404959,9.836005851234571,21.382364817421713,1,0.0,33.74376597575787,0.1777508481281883,38.897300677553446,92.13338113715088,Extreme
57,59,4.172632231404959,9.838257233306958,21.626211314901468,0,1.0,33.829551142995285,0.4705575953580465,39.6232255123179,86.13718529519791,Extreme
58,0,4.174878009342437,9.705425691036194,77.46155725759436,0,41.012193308819754,35.32710896283181,0.2436541068364814,41.036569057366385,36.88285881397931,Moderate
58,1,4.174878009342437,9.707677073108579,75.98997911772524,0,40.311288741492746,35.253670573975754,0.06026455724861694,40.311288741492746,40.3248504693819,Moderate
58,2,4.174878009342437,9.709928455180965,74.52782107835404,0,39.59797974644666,35.10630109866218,0.3833783671720536,39.59797974644666,35.98588067048869,Moderate
58,3,4.174878009342437,9.712179837253352,73.07532492867172,0,38.897300677553446,34.882977797808714,0.039105526558832884,38.897300677553446,41.469290881466506,Moderate
58,4,4.174878009342437,9.714431219325737,71.63252625493563,0,38.18376618407357,34.581096446864684,0.3180378736410121,38.2099463490856,37.409917566042026,Moderate
58,5,4.174878009342437,9.716682601398123,70.1992843272606,0,37.48332962798263,34.19549416202561,0.3280478983535121,37.53664875824692,37.17733602900412,Moderate
58,6,4.174878009342437,9.718933983470508,68.7756519458203,0,36.76955262170047,33.722197359802244,0.05839587571881489,36.87817782917155,40.923051767260546,Moderate
58,7,4.174878009342437,9.721185365542894,67.36156032263547,0,36.069377593742864,33.16016010363559,0.03894649900045933,36.235341863986875,40.69661874038504,Moderate
58,8,4.174878009342437,9.72343674761528,65.95691137222809,0,35.35533905932738,32.51356068591171,0.24933048541345743,35.608987629529715,36.81368574126515,Moderate
58,9,4.174878009342437,9.725688129687667,64.56161280119261,0,34.655446902326915,31.796980388071603,0.33384420680453936,35.0,34.64493977387592,Low
58,10,4.174878009342437,9.727939511760052,63.175642921330436,0,33.94112549695428,31.037553534489255,0.2684085515464485,34.40930106817051,34.616857282817456,Low
58,11,4.174878009342437,9.730190893832438,61.79912721933622,0,33.24154027718932,30.273373150709048,0.035452923322824924,33.83784863137726,37.08456351264834,Moderate
58,12,4.174878009342437,9.732442275904823,60.43234908332046,0,32.526911934581186,29.552314565135216,0.3347014646325753,33.28663395418648,31.667202771031338,Low
58,13,4.174878009342437,9.734693657977209,59.07591513069865,0,31.827660925679098,28.92477422380665,0.14659093683842042,32.7566787083184,33.77910451466091,Low
58,14,4.174878009342437,9.736945040049594,57.730749786474234,0,31.11269837220809,28.438585681172846,0.06242191101091041,32.2490309931942,34.66528809488331,Low
58,15,4.174878009342437,9.739196422121982,56.397828788261315,0,30.4138126514911,28.13046753467979,0.2974875333809899,31.76476034853718,31.184114749688714,Low
58,16,4.174878009342437,9.741447804194367,55.07873314501077,0,29.698484809834994,28.018259088316775,0.2768931135996225,31.304951684997057,32.00098845339504,Low
58,17,4.174878009342437,9.743699186266753,53.77502545605957,0,29.0,28.100657846506877,0.4524412911784321,30.870698080866262,30.3348147068013,Low
58,18,4.174878009342437,9.745950568339138,52.48856929791621,0,28.284271247461902,28.35365640624204,0.17224559197561407,30.463092423455635,35.90503708094598,Moderate
58,19,4.174878009342437,9.748201950411524,51.2213471160148,0,27.586228448267445,28.738113139894914,0.27420519437394053,30.083217912982647,36.04783589110732,Moderate
58,20,4.174878009342437,9.75045333248391,49.97520227197786,0,26.870057685088806,29.202653726537225,0.439815883430083,29.732137494637012,35.41609621149364,Moderate
58,21,4.174878009342437,9.752704714556296,48.75187827703644,0,26.1725046566048,29.69305537740589,0.358978494187573,29.410882339705484,38.529833697916814,Moderate
58,22,4.174878009342437,9.754956096628682,47.55310086602006,0,25.45584412271571,30.159528753669218,0.23904666196529328,29.120439557122072,42.15794802521328,Moderate
58,23,4.174878009342437,9.757207478701067,46.38006904460883,0,24.758836806279895,30.56037636424012,0.21089556094218756,28.861739379323623,44.236292947058104,Moderate
58,24,4.174878009342437,9.759458860773453,45.233908087798504,0,24.041630560342615,30.868896231010314,0.21719076036989643,28.635642126552707,45.55998444173988,Moderate
58,25,4.174878009342437,9.761710242845838,44.11527579674605,0,23.345235059857504,31.070373731302016,0.32881485895459545,28.442925306655784,45.02999667709411,Moderate
58,26,4.174878009342437,9.763961624918226,43.02444695475825,0,22.627416997969522,31.165259500961493,0.2842880080757008,28.284271247461902,46.56944943082854,Moderate
58,27,4.174878009342437,9.766213006990611,41.96147479361745,0,21.93171219946131,31.16312675900668,0.1247884104654237,28.160255680657446,49.58366854055708,Moderate
58,28,4.174878009342437,9.768464389062997,40.92592601701067,0,21.213203435596427,31.081310953184456,0.1398399650306138,28.071337695236398,49.77175489196093,Moderate
58,29,4.174878009342437,9.770715771135382,39.91732178238456,0,20.518284528683193,30.939229954868402,0.1318335969467976,28.0178514522438,50.14484051783062,Moderate
58,30,4.174878009342437,9.772967153207768,38.934718423599115,0,19.79898987322333,30.75765129825284,0.3492687297845643,28.0,47.02595097143637,Moderate
58,31,4.174878009342437,9.775218535280155,37.97729261145872,0,19.1049731745428,30.55622711698421,0.05529433509162229,28.0178514522438,51.51561430482556,Moderate
58,32,4.174878009342437,9.77746991735254,37.04389545775868,0,18.384776310850235,30.351647033196272,0.1454444099583023,28.071337695236398,50.22164826857767,Moderate
58,33,4.174878009342437,9.779721299424926,36.13352670297836,0,17.69180601295413,30.1564990153402,0.2577419725094632,28.160255680657446,48.60458030985356,Moderate
58,34,4.174878009342437,9.781972681497312,35.24510281427115,0,16.97056274847714,29.981450075821183,0.05734536773711464,28.284271247461902,51.71333584131281,Moderate
58,35,4.174878009342437,9.784224063569697,34.37768182360526,0,16.278820596099706,29.833381254747934,0.2244758418435009,28.442925306655784,49.361705369232176,Moderate
58,36,4.174878009342437,9.786475445642083,33.53051815212119,0,15.556349186104045,29.718463018897488,0.06893589756009869,28.635642126552707,51.917935312749165,Moderate
58,37,4.174878009342437,9.78872682771447,32.70291164321993,0,14.866068747318506,29.64054614681438,0.13383291900008987,28.861739379323623,51.46831036981552,Moderate
58,38,4.174878009342437,9.790978209786855,31.894614948067755,0,14.142135623730951,29.60515968008889,0.2429388921501731,29.120439557122072,51.42981551654017,Moderate
58,39,4.174878009342437,9.793229591859241,31.10546463898219,0,13.45362404707371,29.615740367205774,0.07663355092404144,29.410882339705484,55.562746535454096,High
58,40,4.174878009342437,9.795480973931626,30.335631354556536,0,12.727922061357855,29.67548595964921,0.10734943069418078,29.732137494637012,56.909227516850194,High
58,41,4.174878009342437,9.797732356004012,29.58566836272949,0,12.041594578792296,29.78512646280015,0.17189708252006217,30.083217912982647,57.79092190691188,High
58,42,4.174878009342437,9.799983738076397,28.856283951023133,0,11.313708498984761,29.9406299728002,0.32161202188220683,30.463092423455635,57.562568241196445,High
58,43,4.174878009342437,9.802235120148785,28.14852670930768,0,10.63014581273465,30.1357116651613,0.26368092882539534,30.870698080866262,60.457491905879515,High
58,44,4.174878009342437,9.80448650222117,27.46355910271607,0,9.899494936611665,30.359281069296006,0.12782390949230027,31.304951684997057,64.65487810003718,High
58,45,4.174878009342437,9.806737884293556,26.802753758339556,0,9.219544457292887,30.598356120768067,0.20036721282398032,31.76476034853718,65.66481172436073,High
58,46,4.174878009342437,9.808989266365941,26.167579749211097,0,8.48528137423857,30.84220028123531,0.12989313370072492,32.2490309931942,68.9068848165545,High
58,47,4.174878009342437,9.811240648438327,25.559521136184593,0,7.810249675906654,31.083971782408177,0.2359480544748158,32.7566787083184,69.38132725443738,High
58,48,4.174878009342437,9.813492030510714,24.980161825716387,0,7.0710678118654755,31.322170700984074,0.3411462986681824,33.28663395418648,69.95001767939225,High
58,49,4.174878009342437,9.8157434125831,24.43098228720282,0,6.4031242374328485,31.561671057980636,0.055032136090532945,33.83784863137726,76.2549969773026,Extreme
58,50,4.174878009342437,9.817994794655485,23.91354064544724,0,5.656854249492381,31.810655943811653,0.268743264307693,34.40930106817051,75.19724137394344,Extreme
58,51,4.174878009342437,9.82024617672787,23.429435135914417,0,5.0,32.07793535221482,0.28223068978888854,35.0,77.01816718887764,Extreme
58,52,4.174878009342437,9.822497558800256,22.980432814792152,0,4.242640687119285,32.368149428528994,0.07828842084251429,35.608987629529715,82.30251968565081,Extreme
58,53,4.174878009342437,9.824748940872642,22.568653510951187,0,3.605551275463989,32.67882068780424,0.14961823532388072,36.235341863986875,83.28460373701702,Extreme
58,54,4.174878009342437,9.827000322945029,22.197071399053364,0,2.8284271247461903,33.00019381323529,0.09237065775617388,36.87817782917155,86.43078026951679,Extreme
58,55,4.174878009342437,9.829251705017414,21.869791645814377,0,2.23606797749979,33.3155224051628,0.40496662826486995,37.53664875824692,83.68069460416801,Extreme
58,56,4.174878009342437,9.8315030870898,21.59330365576089,0,1.4142135623730951,33.603255471724,0.2951262293989343,38.2099463490856,87.5533071867236,Extreme
58,57,4.174878009342437,9.833754469162185,21.380131804662298,0,1.0,33.842383579683684,0.2845755200249289,38.897300677553446,89.10290538163889,Extreme
58,58,4.174878009342437,9.836005851234571,21.26677135167739,1,0.0,34.01316627503684,0.4508006908900087,39.59797974644666,88.75389693264248,Extreme
58,59,4.174878009342437,9.838257233306958,21.403821099136856,1,0.0,34.1025114152725,0.3233957748256185,40.311288741492746,90.79908709831757,Extreme
59,0,4.177123787279914,9.705425691036194,78.94481141193316,0,41.72529209005013,35.46720725550928,0.4434985774491613,41.72529209005013,33.34752133826258,Low
59,1,4.177123787279914,9.707677073108579,77.4604929839445,0,41.012193308819754,35.39005434812177,0.4139975506509405,41.012193308819754,34.479762345270245,Low
59,2,4.177123787279914,9.709928455180965,75.98545605009473,0,40.311288741492746,35.23552406347439,0.12575083908043505,40.311288741492746,39.30156856750443,Moderate
59,3,4.177123787279914,9.712179837253352,74.51994142855987,0,39.59797974644666,35.00210398902177,0.4182016754789004,39.6232255123179,35.21751109126858,Moderate
59,4,4.177123787279914,9.714431219325737,73.06398122527052,0,38.897300677553446,34.687866329349596,0.08848557571734043,38.948684188300895,40.26590055210314,Moderate
59,5,4.177123787279914,9.716682601398123,71.61743178761041,0,38.18376618407357,34.28832332092639,0.43120025606825146,38.28837943815329,35.01705971857657,Moderate
59,6,4.177123787279914,9.718933983470508,70.18034374445877,0,37.48332962798263,33.80017894173554,0.39266156578322337,37.64306044943742,35.268291762654336,Moderate
59,7,4.177123787279914,9.721185365542894,68.75264346816401,0,36.76955262170047,33.223010088286784,0.16709434852257785,37.013511046643494,38.10524959005592,Moderate
59,8,4.177123787279914,9.72343674761528,67.3342292963939,0,36.069377593742864,32.56147368781897,0.2566466866913836,36.40054944640259,36.006975075898154,Moderate
59,9,4.177123787279914,9.725688129687667,65.92500549643516,0,35.35533905932738,31.83061058567695,0.1644054830633206,35.805027579936315,36.46340486028112,Moderate
59,10,4.177123787279914,9.727939511760052,64.52494507087488,0,34.655446902326915,31.05797406313966,0.3513684553787977,35.22782990761707,32.62587396187882,Low
59,11,4.177123787279914,9.730190893832438,63.13417201437464,0,33.94112549695428,30.28212329820703,0.2796494422175786,34.66987164671943,32.65536340355384,Low
59,12,4.177123787279914,9.732442275904823,61.752966699831084,0,33.24154027718932,29.551389255685944,0.38566774540509724,34.132096331752024,30.121688004623344,Low
59,13,4.177123787279914,9.734693657977209,60.381937269172276,0,32.526911934581186,28.916607411445817,0.4133901646060954,33.61547262794322,28.987281921245078,Low
59,14,4.177123787279914,9.736945040049594,59.02201016131899,0,31.827660925679098,28.425959344057425,0.32762333858680626,33.12099032335839,29.895409542491645,Low
59,15,4.177123787279914,9.739196422121982,57.674165662887646,0,31.11269837220809,28.116278977726946,0.1740669937553935,32.64965543462902,32.24860816237283,Low
59,16,4.177123787279914,9.741447804194367,56.33999221656132,0,30.4138126514911,28.00515327426147,0.48119883395974683,32.202484376209235,28.161084399439325,Low
59,17,4.177123787279914,9.743699186266753,55.021061104195326,0,29.698484809834994,28.090736109691555,0.2757265475956389,31.78049716414141,32.22685509543038,Low
59,18,4.177123787279914,9.745950568339138,53.7192433919578,0,29.0,28.348132506732316,0.27236342489074583,31.38470965295043,33.6642277036937,Low
59,19,4.177123787279914,9.748201950411524,52.43652878808862,0,28.284271247461902,28.737143778125603,0.21519476114869582,31.016124838541646,36.21404353680953,Moderate
59,20,4.177123787279914,9.75045333248391,51.17476726218334,0,27.586228448267445,29.205323012223708,0.23256850693055559,30.675723300355934,37.82382096059968,Moderate
59,21,4.177123787279914,9.752704714556296,49.93570275648001,0,26.870057685088806,29.69756959755602,0.35374340867499093,30.364452901377952,37.92109492975593,Moderate
59,22,4.177123787279914,9.754956096628682,48.72106042631873,0,26.1725046566048,30.163597780787594,0.3018702948003477,30.083217912982647,40.536613341158116,Moderate
59,23,4.177123787279914,9.757207478701067,47.53202958826295,0,25.45584412271571,30.561665383703474,0.24401055556397633,29.832867780352597,43.06333491745226,Moderate
59,24,4.177123787279914,9.759458860773453,46.36972460503379,0,24.758836806279895,30.865530196749926,0.32500043875474494,29.614185789921695,43.26492795818306,Moderate
59,25,4.177123787279914,9.761710242845838,45.234784230458985,0,24.041630560342615,31.061216969689905,0.21150181090246786,29.427877939124322,46.10746755296032,Moderate
59,26,4.177123787279914,9.763961624918226,44.12745989143911,0,23.345235059857504,31.150131748293063,0.17740980144630694,29.274562336608895,47.48576100973613,Moderate
59,27,4.177123787279914,9.766213006990611,43.04777845383798,0,22.627416997969522,31.142748275105383,0.17811852030570313,29.154759474226502,48.0940774941539,Moderate
59,28,4.177123787279914,9.768464389062997,41.99527503448742,0,21.93171219946131,31.057102121362043,0.22039026975818685,29.068883707497267,47.874644754159554,Moderate
59,29,4.177123787279914,9.770715771135382,40.969440172956475,0,21.213203435596427,30.912991091493325,0.22222564149757745,29.017236257093817,48.10538188480162,Moderate
59,30,4.177123787279914,9.772967153207768,39.96929745813231,0,20.518284528683193,30.731174625612972,0.09062683391638415,29.0,50.23177265547435,Moderate
59,31,4.177123787279914,9.775218535280155,38.99399211125577,0,19.79898987322333,30.531023769133917,0.18558722552579568,29.017236257093817,48.90102134690636,Moderate
59,32,4.177123787279914,9.77746991735254,38.04234453638317,0,19.1049731745428,30.328806008289405,0.1788609846250069,29.068883707497267,49.07664571916868,Moderate
59,33,4.177123787279914,9.779721299424926,37.113327693036624,0,18.384776310850235,30.136624487785177,0.20531985385175833,29.154759474226502,48.7652918056511,Moderate
59,34,4.177123787279914,9.781972681497312,36.20583193654178,0,17.69180601295413,29.96483786809571,0.20002684047085462,29.274562336608895,48.96658868207335,Moderate
59,35,4.177123787279914,9.784224063569697,35.31888930854257,0,16.97056274847714,29.82017696529111,0.1612552376561438,29.427877939124322,49.72320008353481,Moderate
59,36,4.177123787279914,9.786475445642083,34.45173043277731,0,16.278820596099706,29.708976025407747,0.17326797931553703,29.614185789921695,49.78687399870737,Moderate
59,37,4.177123787279914,9.78872682771447,33.60363149738991,0,15.556349186104045,29.6353954992312,0.022046783759700324,29.832867780352597,52.37832028586895,Moderate
59,38,4.177123787279914,9.790978209786855,32.77432074490299,0,14.866068747318506,29.605430240610602,0.24638370042347782,30.083217912982647,49.653459024552184,Moderate
59,39,4.177123787279914,9.793229591859241,31.963604229447597,0,14.142135623730951,29.622926083677516,0.2801514917125922,30.364452901377952,50.87368276356911,Moderate
59,40,4.177123787279914,9.795480973931626,31.171622622159866,0,13.45362404707371,29.691369368137323,0.2038233044972037,30.675723300355934,53.797826059449605,Moderate
59,41,4.177123787279914,9.797732356004012,30.39889216278094,0,12.727922061357855,29.811499129115926,0.09910831002810602,31.016124838541646,57.3227447282729,High
59,42,4.177123787279914,9.799983738076397,29.64607571342537,0,12.041594578792296,29.978968070079365,0.3101140418671845,31.38470965295043,56.148368395559075,High
59,43,4.177123787279914,9.802235120148785,28.914172116958447,0,11.313708498984761,30.186939921586248,0.20333427079639566,31.78049716414141,59.89514396538765,High
59,44,4.177123787279914,9.80448650222117,28.204278775709792,0,10.63014581273465,30.42353744952577,0.3944509633242836,32.202484376209235,59.15548509464145,High
59,45,4.177123787279914,9.806737884293556,27.517692181645252,0,9.899494936611665,30.674923628844674,0.3763046718875308,32.64965543462902,61.65508387008214,High
59,46,4.177123787279914,9.808989266365941,26.855786713320708,0,9.219544457292887,30.929644982662317,0.26649334792398316,33.12099032335839,65.43862594155738,High
59,47,4.177123787279914,9.811240648438327,26.21993136675269,0,8.48528137423857,31.18036244514304,0.2209788245694385,33.61547262794322,68.3232425819565,High
59,48,4.177123787279914,9.813492030510714,25.61156570566468,0,7.810249675906654,31.425406250077902,0.30452513951099514,34.132096331752024,69.14336735314338,High
59,49,4.177123787279914,9.8157434125831,25.031986322376383,0,7.0710678118654755,31.669851103228954,0.19418546879489929,34.66987164671943,72.96028211316454,High
59,50,4.177123787279914,9.817994794655485,24.482515571318018,0,6.4031242374328485,31.922400667843405,0.04479879120907568,35.22782990761707,77.24591331806887,Extreme
59,51,4.177123787279914,9.82024617672787,23.9644415593111,0,5.656854249492381,32.192526587941394,0.06414003296196857,35.805027579936315,79.1549378693553,Extreme
59,52,4.177123787279914,9.822497558800256,23.479113903098845,0,5.0,32.48556566960288,0.2060583225621841,36.40054944640259,79.11209143204654,Extreme
59,53,4.177123787279914,9.824748940872642,23.028060087837048,0,4.242640687119285,32.79955058235115,0.508544531795739,37.013511046643494,76.85841200833356,Extreme
59,54,4.177123787279914,9.827000322945029,22.61338526021772,0,3.605551275463989,33.12498103992469,0.40302486157392997,37.64306044943742,80.53045204693197,Extreme
59,55,4.177123787279914,9.829251705017414,22.237797085682004,0,2.8284271247461903,33.445021590575905,0.2572633973569078,38.28837943815329,85.0034935621765,Extreme
59,56,4.177123787279914,9.8315030870898,21.905265916381982,0,2.23606797749979,33.73769819912717,0.22590798597396045,38.948684188300895,87.36128166691223,Extreme
59,57,4.177123787279914,9.833754469162185,21.622679481012767,0,1.4142135623730951,33.98141673361307,0.0668508372591049,39.6232255123179,91.86985621586865,Extreme
59,58,4.177123787279914,9.836005851234571,21.402516233425473,0,1.0,34.15573832281355,0.3495250404740565,40.311288741492746,88.8692987983405,Extreme
59,59,4.177123787279914,9.838257233306958,21.281442637297733,1,0.0,34.24701294351604,0.5830300228273053,41.012193308819754,87.32436938342853,Extreme
