row,col,lat,lon,elevation,population,pm25,no2,pm25_ugm3,no2_ugm3,pm25_exceeds,no2_exceeds,aqi_class,health_burden,aqi_color
0,0,3.8493474667624863,11.50345051135981,604.9750013884172,58,3033.0101675357473,2442.2516639873934,89.46051826990994,107.3483623653074,True,True,Unhealthy,0.005188710059654776,#b71c1c
0,1,3.8493474667624863,11.50615153407943,604.929367788472,77,2780.2844843901134,2291.255902414653,82.6728176055607,101.32965826123905,True,True,Unhealthy,0.006365806955628174,#b71c1c
0,2,3.8493474667624863,11.508852556799049,604.7016620635779,236,2519.6256672680747,2127.421485129464,75.67204900885184,94.79920423106425,True,True,Unhealthy,0.017858603566089034,#b71c1c
0,3,3.8493474667624863,11.511553579518669,604.3210769528306,50,2260.378740347074,1955.5417037720258,68.70920092713096,87.94806129375718,True,True,Unhealthy,0.0034354600463565484,#b71c1c
0,4,3.8493474667624863,11.514254602238289,603.8308403348738,352,2009.3857737966746,1779.2478923051995,61.96803752578647,80.92097473486666,True,True,Unhealthy,0.02181274920907684,#b71c1c
0,5,3.8493474667624863,11.516955624957907,603.2875971232666,185,1771.2222071756837,1601.3531748109158,55.57144585668602,73.83007592338492,True,True,Unhealthy,0.010280717483486914,#b71c1c
0,6,3.8493474667624863,11.519656647677527,602.7506110854313,50,1548.6510779148168,1424.2583411868623,49.593635516458846,66.77106055208976,True,True,Unhealthy for Sensitive,0.002479681775822942,#ef6c00
0,7,3.8493474667624863,11.522357670397147,602.2787136833833,239,1343.1359546011045,1250.2884039736389,44.073914997011514,59.836603821757464,True,True,Unhealthy for Sensitive,0.010533665684285752,#ef6c00
0,8,3.8493474667624863,11.525058693116765,601.917451022669,58,1155.292505736883,1081.8749461565671,39.02881990901212,53.1236288402998,True,True,Unhealthy for Sensitive,0.002263671554722703,#ef6c00
0,9,3.8493474667624863,11.527759715836385,601.6960784115581,363,985.2155205571092,921.5593415955063,34.46089609958267,46.73343498937485,True,True,Moderate,0.01250930528414851,#f9a825
0,10,3.8493474667624863,11.530460738556005,601.6167299328348,269,832.672645539561,771.8466241341121,30.363903023094693,40.765873134454594,True,True,Moderate,0.008167889913212472,#f9a825
0,11,3.8493474667624863,11.533161761275624,601.662175844636,576,634.6992507315737,590.8616227583352,25.04673807675527,33.551795340420284,True,True,Moderate,0.014426921132211034,#f9a825
0,12,3.8493474667624863,11.535862783995244,601.7948033031498,133,539.4445468067793,485.3934830388063,22.48838939978232,29.34782617753365,True,True,Moderate,0.002990955790171049,#f9a825
0,13,3.8493474667624863,11.538563806714864,601.9674055636303,200,451.25946573103033,389.59312524387667,20.119916492900824,25.529215637569635,True,True,Moderate,0.004023983298580165,#f9a825
0,14,3.8493474667624863,11.541264829434482,602.1308774294206,428,371.79040733760456,305.6484184593918,17.985538325481144,22.18317237134722,True,False,Moderate,0.00769781040330593,#f9a825
0,15,3.8493474667624863,11.543965852154102,602.2432474829733,50,301.8226897127376,234.49446248096297,16.10634695286693,19.346969537522895,True,False,Moderate,0.0008053173476433465,#f9a825
0,16,3.8493474667624863,11.54666687487372,602.2753542371017,261,241.4664810362895,176.02287633009777,14.485301269533476,17.016287060928583,False,False,Moderate,0.0037806636313482372,#f9a825
0,17,3.8493474667624863,11.54936789759334,602.2116614892997,522,190.35087723253355,129.35276105806403,13.112439542229602,15.156012233347973,False,False,Moderate,0.006844693441043852,#f9a825
0,18,3.8493474667624863,11.55206892031296,602.0528476841715,504,147.79664181753765,93.11265143869302,11.969518852879665,13.71147833235553,False,False,Good,0.006032637501851351,#1b5e20
0,19,3.8493474667624863,11.554769943032579,601.8162578387297,340,112.95274636653815,65.69454031453935,11.033682299358608,12.61859005370508,False,False,Good,0.003751451981781927,#1b5e20
0,20,3.8493474667624863,11.557470965752199,601.5298205060134,50,84.89428973234153,45.45625624889291,10.280088907638298,11.811890302026768,False,False,Good,0.0005140044453819149,#1b5e20
0,21,3.8493474667624863,11.560171988471819,601.2348236693211,417,62.687427726748254,30.863218875257715,9.683657511698152,11.230210571306582,False,False,Good,0.004038085182378129,#1b5e20
0,22,3.8493474667624863,11.562873011191437,600.9774681504509,467,45.43028277617124,20.572229391379164,9.220165504127626,10.820010841218755,False,False,Good,0.004305817290427601,#1b5e20
0,23,3.8493474667624863,11.565574033911057,600.8001181646267,812,32.27846679788032,13.467294628949048,8.866934328957345,10.536807527639812,False,False,Good,0.007199950675113365,#1b5e20
0,24,3.8493474667624863,11.568275056630677,600.7433447015235,212,22.4614953293083,8.660630938646896,8.603270331971629,10.345213497593074,False,False,Good,0.0018238933103779855,#1b5e20
0,25,3.8493474667624863,11.570976079350295,600.8383282071045,170,15.293569455444723,5.471875604504592,8.410754341469813,10.218109434428847,False,False,Good,0.0014298282380498684,#1b5e20
0,26,3.8493474667624863,11.573677102069915,601.105143203882,674,10.18001174736482,3.396400656438357,8.273414524557255,10.135380823653904,False,False,Good,0.00557628138955159,#1b5e20
0,27,3.8493474667624863,11.576378124789535,601.551189595825,646,6.619485469856896,2.0706525809621623,8.177785990573447,10.082536390805465,False,False,Good,0.005282849749910447,#1b5e20
0,28,3.8493474667624863,11.579079147509153,602.1734073585242,710,4.201911829796955,1.2395004288637221,8.112854852596103,10.04940659420167,False,False,Good,0.005760126945343233,#1b5e20
0,29,3.8493474667624863,11.581780170228773,602.9574973172005,50,2.561128773500433,0.7049681666992776,8.068786738494461,10.028100092042031,False,False,Good,0.0004034393369247231,#1b5e20
0,30,3.8493474667624863,11.584481192948394,603.8819561563491,793,1.5521763056999272,0.4085703524698278,8.041688316004334,10.016285649554648,False,False,Good,0.006377058834591437,#1b5e20
0,31,3.8493474667624863,11.587182215668012,604.9179397800498,651,0.9163068890636586,0.2318898706094871,8.024610149638258,10.00924315028046,False,False,Good,0.005224021207414506,#1b5e20
0,32,3.8493474667624863,11.589883238387632,606.0281329905812,197,0.5268025484478651,0.12881164904871537,8.014148850894667,10.005134443461897,False,False,Good,0.0015787873236262494,#1b5e20
0,33,3.8493474667624863,11.592584261107252,607.167246329161,269,0.2949111518862832,0.06998829184132487,8.007920717026726,10.002789739360592,False,False,Good,0.0021541306728801893,#1b5e20
0,34,3.8493474667624863,11.59528528382687,608.280972485131,98,0.16073529119095334,0.03717376859811779,8.004317024804212,10.001481749628564,False,False,Good,0.0007844230684308128,#1b5e20
0,35,3.8493474667624863,11.59798630654649,609.3092460909481,50,0.08528205379164812,0.019290547102481032,8.002290503465947,10.000768922874432,False,False,Good,0.00040011452517329734,#1b5e20
0,36,3.8493474667624863,11.60068732926611,610.1882767881636,732,0.04404412939072658,0.009775099455237619,8.001182936227949,10.000389636308967,False,False,Good,0.005856865909318858,#1b5e20
0,37,3.8493474667624863,11.603388351985728,610.8553374379367,610,0.02213944566555001,0.004834563337860099,8.000594620729409,10.00019270611241,False,False,Good,0.00488036271864494,#1b5e20
0,38,3.8493474667624863,11.606089374705348,611.2517330592077,503,0.010830883146414307,0.0023327253881584723,8.000290895613826,10.000092982635547,False,False,Good,0.004024146320493754,#1b5e20
0,39,3.8493474667624863,11.608790397424968,611.3305001275011,389,0.005156491645231318,0.0010976691555157456,8.000138492935623,10.00004375318739,False,False,Good,0.003112053873751957,#1b5e20
0,40,3.8493474667624863,11.611491420144587,611.0631995138257,504,0.0023890049840872224,0.0005035373785646369,8.000064163841664,10.000020071043421,False,False,Good,0.004032032338576199,#1b5e20
0,41,3.8493474667624863,11.614192442864207,610.4416376062244,234,0.0010770465325927086,0.00022511990794041507,8.000028927291337,10.000008973298984,False,False,Good,0.001872006768986173,#1b5e20
0,42,3.8493474667624863,11.616893465583825,609.4879987099079,403,0.0004703418826368906,9.406837652737816e-05,8.000012632431613,10.000003749573617,False,False,Good,0.00322400509086994,#1b5e20
0,43,3.8493474667624863,11.619594488303445,608.2521646352372,113,0.00020091928351322058,4.0183856702644126e-05,8.000005396285559,10.000001601732,False,False,Good,0.0009040006097802681,#1b5e20
0,44,3.8493474667624863,11.622295511023065,606.8184499709824,70,8.35014542490656e-05,1.670029084981312e-05,8.000002242680164,10.000000665675037,False,False,Good,0.0005600001569876114,#1b5e20
0,45,3.8493474667624863,11.624996533742683,605.2976551079745,103,3.37622132247797e-05,6.752442644955939e-06,8.000000906784758,10.000000269152947,False,False,Good,0.00082400009339883,#1b5e20
0,46,3.8493474667624863,11.627697556462303,603.8189503292829,382,1.3281044390436899e-05,2.65620887808738e-06,8.000000356701989,10.000000105876715,False,False,Good,0.0030560001362601595,#1b5e20
0,47,3.8493474667624863,11.630398579181923,602.5192694448842,50,5.082741222340869e-06,1.0165482444681738e-06,8.00000013651215,10.000000040519701,False,False,Good,0.0004000000068256074,#1b5e20
0,48,3.8493474667624863,11.633099601901542,601.5204681138304,627,1.8924665875701772e-06,3.7849331751403546e-07,8.000000050827826,10.000000015086776,False,False,Good,0.005016000031869046,#1b5e20
0,49,3.8493474667624863,11.635800624621162,600.9164310269499,155,6.855243614036076e-07,1.3710487228072154e-07,8.000000018411798,10.000000005465012,False,False,Good,0.001240000002853829,#1b5e20
1,0,3.852042400287459,11.50345051135981,605.1421224040513,503,3528.6438818519578,2820.809225119828,102.77223732459495,122.43769946379467,True,True,Unhealthy,0.051694435374271264,#b71c1c
1,1,3.852042400287459,11.50615153407943,605.1156048568937,50,3281.852121374918,2684.297506490598,96.14390982065618,116.99633056304336,True,True,Unhealthy,0.004807195491032808,#b71c1c
1,2,3.852042400287459,11.508852556799049,604.913682709706,135,3015.1577866758785,2527.0824511255637,88.98103942979174,110.7297248709953,True,True,Unhealthy,0.012012440323021885,#b71c1c
1,3,3.852042400287459,11.511553579518669,604.5651116217199,50,2740.3678952261516,2354.96697766539,81.60073875938087,103.86918722610666,True,True,Unhealthy,0.004080036937969044,#b71c1c
1,4,3.852042400287459,11.514254602238289,604.1123640323028,410,2466.798070569589,2172.5012197718997,74.25320661522122,96.59608634932182,True,True,Unhealthy,0.0304438147122407,#b71c1c
1,5,3.852042400287459,11.516955624957907,603.6109087970244,50,2201.2192502860985,1983.2156716218337,67.12029668522197,89.05114804360119,True,True,Unhealthy,0.0033560148342610986,#b71c1c
1,6,3.852042400287459,11.519656647677527,603.1186315748542,91,1948.168260596568,1790.0319251429364,60.32385894509698,81.35082721564393,True,True,Unhealthy,0.0054894711640038245,#b71c1c
1,7,3.852042400287459,11.522357670397147,602.6927561634127,421,1710.446770184286,1595.6904164255259,53.93914054878066,73.6043578848155,True,True,Unhealthy for Sensitive,0.022708378171036655,#ef6c00
1,8,3.852042400287459,11.525058693116765,602.3772171746782,50,1489.64542755475,1403.061520855612,48.00886309774671,65.92615346203587,True,True,Unhealthy for Sensitive,0.0024004431548873355,#ef6c00
1,9,3.852042400287459,11.527759715836385,602.1998002219198,385,1286.578751178684,1215.263962979067,42.55490291060287,58.440526577197325,True,True,Unhealthy for Sensitive,0.016383637620582106,#ef6c00
1,10,3.852042400287459,11.530460738556005,602.1614557807453,50,951.0866067175084,929.3520042217997,33.5442625059598,47.04405119503502,True,True,Moderate,0.00167721312529799,#f9a825
1,11,3.852042400287459,11.533161761275624,602.2440652971691,115,836.7488701254723,798.1208011514989,30.473382170545978,41.81316410076018,True,True,Moderate,0.003504438949612787,#f9a825
1,12,3.852042400287459,11.535862783995244,602.4095705796752,110,723.5784608700909,669.3070550849619,27.433853886256923,36.678637051551604,True,True,Moderate,0.0030177239274882615,#f9a825
1,13,3.852042400287459,11.538563806714864,602.6106316693213,625,615.5845573648382,548.2785691289215,24.533356075965678,31.854431143083872,True,True,Moderate,0.015333347547478548,#f9a825
1,14,3.852042400287459,11.541264829434482,602.798200745597,460,515.6265654561768,438.9024684484102,21.84868659702531,27.49469031859949,True,True,Moderate,0.010050395834631643,#f9a825
1,15,3.852042400287459,11.543965852154102,602.930595991602,515,425.47387848748343,343.4940420160519,19.427367775710096,23.691702196614962,True,False,Moderate,0.010005094404490699,#f9a825
1,16,3.852042400287459,11.54666687487372,602.9790509321074,377,345.96625575642446,262.94789722809884,17.291953848185173,20.48112590524934,True,False,Moderate,0.00651906660076581,#f9a825
1,17,3.852042400287459,11.54936789759334,602.9284062890822,413,277.2211419817871,196.99434475978035,15.445599142043267,17.852211604712977,True,False,Moderate,0.006379032445663869,#f9a825
1,18,3.852042400287459,11.55206892031296,602.7796894403093,690,218.84305851751182,144.51773150150422,13.877681900780715,15.760489265652211,False,False,Moderate,0.009575600511538692,#f9a825
1,19,3.852042400287459,11.554769943032579,602.5504844909198,892,170.10554308446075,103.87976728111813,12.568690816985647,14.140656500237846,False,False,Moderate,0.011211272208751198,#f9a825
1,20,3.852042400287459,11.557470965752199,602.2686433970282,404,130.0924249869984,73.2054216283765,11.494019398899813,12.917974431901582,False,False,Good,0.004643583837155524,#1b5e20
1,21,3.852042400287459,11.560171988471819,601.9751969386726,838,97.798287016517,50.60670290208759,10.626664173944278,12.017187550681225,False,False,Good,0.008905144577765305,#1b5e20
1,22,3.852042400287459,11.562873011191437,601.7158228639404,274,72.19573596924639,34.33626159854358,9.939031438760606,11.368646354367788,False,False,Good,0.002723294614220406,#1b5e20
1,23,3.852042400287459,11.565574033911057,601.5322661544902,366,52.27962733924187,22.87547275482582,9.404125045011806,10.911818320712586,False,False,Good,0.0034419097664743215,#1b5e20
1,24,3.852042400287459,11.568275056630677,601.4645094156348,50,37.09712729761287,14.969341403709318,8.99635380333843,10.596679241875957,False,False,Good,0.0004498176901669215,#1b5e20
1,25,3.852042400287459,11.570976079350295,601.5433100127815,728,25.76942366793933,9.623544132560527,8.69211459624376,10.383595300709299,False,False,Good,0.006327859426065457,#1b5e20
1,26,3.852042400287459,11.573677102069915,601.7886499963697,506,17.507746069717466,6.078336382321616,8.470222646743025,10.242283013437852,False,False,Good,0.004285932659251971,#1b5e20
1,27,3.852042400287459,11.576378124789535,602.2083505069457,513,11.62417598157566,3.771376976372935,8.312201854796001,10.150327412168783,False,False,Good,0.004264159551510348,#1b5e20
1,28,3.852042400287459,11.579079147509153,602.8001145066802,262,7.367300199010866,2.2027005676214557,8.197870781603426,10.087799834964178,False,False,Good,0.0021478421447800973,#1b5e20
1,29,3.852042400287459,11.581780170228773,603.5507718390908,373,4.684633737088671,1.327107638677582,8.125819786630652,10.052898625155127,False,False,Good,0.003030930780413233,#1b5e20
1,30,3.852042400287459,11.584481192948394,604.4401429200682,480,2.9026659308961076,0.7837264554235677,8.077959735719356,10.031239404236207,False,False,Good,0.0038774206731452903,#1b5e20
1,31,3.852042400287459,11.587182215668012,605.4407166678212,590,1.7521244310935664,0.4534127096167899,8.047058518219943,10.018073069785423,False,False,Good,0.0047477645257497664,#1b5e20
1,32,3.852042400287459,11.589883238387632,606.5163707728052,100,1.030119238318583,0.25682597301131455,8.027666919132491,10.010237105476964,False,False,Good,0.0008027666919132491,#1b5e20
1,33,3.852042400287459,11.592584261107252,607.6227568741855,50,0.5897755035794529,0.14234357024237806,8.015840177094926,10.005673827009991,False,False,Good,0.00040079200885474633,#1b5e20
1,34,3.852042400287459,11.59528528382687,608.7062517978001,50,0.32877336022944936,0.0771488255069719,8.008830187450176,10.003075158851258,False,False,Good,0.00040044150937250877,#1b5e20
1,35,3.852042400287459,11.59798630654649,609.7070998678004,602,0.17842734930041296,0.04086587261922384,8.004792197699537,10.001628917213885,False,False,Good,0.004818884903015122,#1b5e20
1,36,3.852042400287459,11.60068732926611,610.5615813464035,50,0.09426146223978027,0.02114431493495706,8.00253167221433,10.000842814220421,False,False,Good,0.00040012658361071645,#1b5e20
1,37,3.852042400287459,11.603388351985728,611.2068530819063,489,0.048470261567294844,0.010680874359905654,8.001301813185531,10.000425740574936,False,False,Good,0.003912636586647725,#1b5e20
1,38,3.852042400287459,11.606089374705348,611.5840857186697,452,0.024257822662690633,0.005265006831643833,8.000651516050738,10.000209863627267,False,False,Good,0.0036162944852549334,#1b5e20
1,39,3.852042400287459,11.608790397424968,611.6462818819837,585,0.011815053585494418,0.002531564779933326,8.000317328441152,10.000100908390884,False,False,Good,0.004680185637138075,#1b5e20
1,40,3.852042400287459,11.611491420144587,611.3650565603841,1026,0.005600201650302905,0.0011869062148756454,8.000150410088873,10.000047310184287,False,False,Good,0.008208154320751185,#1b5e20
1,41,3.852042400287459,11.614192442864207,610.7323444661715,90,0.0025675301491121724,0.0005135060298224356,8.000068958666496,10.000020468394721,False,False,Good,0.0007200062062799847,#1b5e20
1,42,3.852042400287459,11.616893465583825,609.7704708623085,108,0.0011535181603966975,0.0002307036320793397,8.000030981164581,10.00000919586671,False,False,Good,0.0008640033459657748,#1b5e20
1,43,3.852042400287459,11.619594488303445,608.5293051777475,399,0.0005041941138374199,0.00010083882276748397,8.00001354163407,10.000004019444189,False,False,Good,0.003192005403111994,#1b5e20
1,44,3.852042400287459,11.622295511023065,607.092735635738,599,0.00021440531991637378,4.288106398327476e-05,8.000005758493218,10.000001709242916,False,False,Good,0.0047920034493374375,#1b5e20
1,45,3.852042400287459,11.624996533742683,605.5707562269575,116,8.870289489861622e-05,1.7740578979723244e-05,8.00000238238034,10.00000070714101,False,False,Good,0.0009280002763561193,#1b5e20
1,46,3.852042400287459,11.627697556462303,604.0913405471534,335,3.5702981184444184e-05,7.140596236888837e-06,8.000000958909858,10.000000284624782,False,False,Good,0.0026800003212348023,#1b5e20
1,47,3.852042400287459,11.630398579181923,602.7898333033355,50,1.3980915768743951e-05,2.7961831537487905e-06,8.000000375499118,10.000000111456103,False,False,Good,0.0004000000187749559,#1b5e20
1,48,3.852042400287459,11.633099601901542,601.7865480679227,711,5.32636848478602e-06,1.0652736969572038e-06,8.000000143055484,10.000000042461902,False,False,Good,0.005688000101712449,#1b5e20
1,49,3.852042400287459,11.635800624621162,601.1741283851097,337,1.9742004561678883e-06,3.9484009123357767e-07,8.000000053023031,10.00000001573836,False,False,Good,0.0026960000178687616,#1b5e20
2,0,3.8547373338124324,11.50345051135981,605.3138796111971,530,4012.412126916259,3184.5617586958037,115.76527387530354,136.936906884556,True,True,Unhealthy,0.06135559515391087,#b71c1c
2,1,3.8547373338124324,11.50615153407943,605.3130469714577,290,3788.1548312370815,3074.806313606027,109.74217651566737,132.56204535913855,True,True,Unhealthy,0.031825231189543536,#b71c1c
2,2,3.8547373338124324,11.508852556799049,605.1490343865165,208,3529.8397963003986,2935.6546730344403,102.80435716771952,127.01544894164513,True,True,Unhealthy,0.02138330629088566,#b71c1c
2,3,3.8547373338124324,11.511553579518669,604.8497113570247,494,3251.3340287911255,2773.672087935081,95.32425558240327,120.55880910241721,True,True,Unhealthy,0.04709018225770722,#b71c1c
2,4,3.8547373338124324,11.514254602238289,604.4560517001693,457,2964.385264419819,2594.2447300590093,87.61739217891243,113.40681911287956,True,True,Unhealthy,0.040041148225762976,#b71c1c
2,5,3.8547373338124324,11.516955624957907,604.0212241500758,134,2678.164987954922,2401.6136826523048,79.93009448708474,105.7285289176995,True,True,Unhealthy,0.010710632661269356,#b71c1c
2,6,3.8547373338124324,11.519656647677527,603.6004572343338,50,2399.3093593523467,2199.2097306378305,72.44059634046188,97.66068990036185,True,True,Unhealthy,0.003622029817023094,#b71c1c
2,7,3.8547373338124324,11.522357670397147,603.2479084984649,633,2132.2997777813007,1990.1236414373398,65.26925905626108,89.32650031737569,True,True,Unhealthy,0.041315440982613263,#b71c1c
2,8,3.8547373338124324,11.525058693116765,603.0044952071864,50,1879.9957131826884,1777.539928026952,58.49288221328251,80.85289513114787,True,True,Unhealthy,0.0029246441106641255,#b71c1c
2,9,3.8547373338124324,11.527759715836385,602.8953044585961,913,1316.5285787510486,1333.7354639602356,43.35929470007105,63.16281084361363,True,True,Unhealthy for Sensitive,0.039587036061164864,#ef6c00
2,10,3.8547373338124324,11.530460738556005,602.9191872502292,608,1201.6785562105945,1198.210941349576,40.27465540027682,57.76079166146766,True,True,Unhealthy for Sensitive,0.024486990483368307,#ef6c00
2,11,3.8547373338124324,11.533161761275624,603.0565337458065,557,1076.4668733168444,1050.6867224260184,36.9117228617883,51.88046354737714,True,True,Unhealthy for Sensitive,0.02055982963401608,#ef6c00
2,12,3.8547373338124324,11.535862783995244,603.2686601612457,252,947.3356675868254,899.5185104287721,33.4435198678853,45.85488555448627,True,True,Moderate,0.008427767006707096,#f9a825
2,13,3.8547373338124324,11.538563806714864,603.5082100549291,298,819.8113595120899,752.112912385294,30.01847489475229,39.97928567892593,True,True,Moderate,0.008945505518636182,#f9a825
2,14,3.8547373338124324,11.541264829434482,603.7264727860698,392,698.2313911155392,614.4005257655214,26.753082861837004,34.490058048319995,True,True,Moderate,0.010487208481840106,#f9a825
2,15,3.8547373338124324,11.543965852154102,603.8825339276739,548,585.6707295889529,490.5651392699003,23.729931168214613,29.55396884179593,True,True,Moderate,0.013004002280181608,#f9a825
2,16,3.8547373338124324,11.54666687487372,603.9485648029107,617,484.02674277393373,383.0196375495065,20.999979276329384,25.267195850046733,True,True,Moderate,0.01295698721349523,#f9a825
2,17,3.8547373338124324,11.54936789759334,603.9102884991823,824,394.2042708247466,292.5822706280899,18.58752936251649,21.66235458972534,True,False,Moderate,0.01531612419471359,#f9a825
2,18,3.8547373338124324,11.55206892031296,603.7695271896348,1124,316.34235798672904,218.78566638314197,16.49631587396273,18.720815567642212,True,False,Moderate,0.01854185904233411,#f9a825
2,19,3.8547373338124324,11.554769943032579,603.5444256523426,477,250.03604388591913,160.24630674874896,14.715462394131542,16.38743163413807,False,False,Moderate,0.007019275562000746,#f9a825
2,20,3.8547373338124324,11.557470965752199,603.2627749984518,434,194.5245635749313,115.03125765601835,13.224536315325487,14.585155870199017,False,False,Moderate,0.005739448760851262,#f9a825
2,21,3.8547373338124324,11.560171988471819,602.9651764170278,645,148.83511942166365,80.97653577233493,11.997410260811385,13.22773171319384,False,False,Good,0.0077383296182233436,#1b5e20
2,22,3.8547373338124324,11.562873011191437,602.6963611731,383,111.88474881989805,55.9319097370681,11.004998045480562,12.229450755282965,False,False,Good,0.004214914251419055,#1b5e20
2,23,3.8547373338124324,11.565574033911057,602.496943837412,680,82.54994843860298,37.925449059577154,10.217124642357033,11.511711676711865,False,False,Good,0.006947644756802782,#1b5e20
2,24,3.8547373338124324,11.568275056630677,602.4058277958662,561,59.71514828815843,25.254836712947505,9.603828097968478,11.00665997368786,False,False,Good,0.0053877475629603155,#1b5e20
2,25,3.8547373338124324,11.570976079350295,602.4529938499811,50,42.30878978247353,16.520371393669546,9.136328516120065,10.65850343130269,False,False,Good,0.0004568164258060032,#1b5e20
2,26,3.8547373338124324,11.573677102069915,602.6582652813861,919,29.331954182354178,10.617254474806064,8.787796959976944,10.423204680819264,False,False,Good,0.008075985406218811,#1b5e20
2,27,3.8547373338124324,11.576378124789535,603.030255216012,413,19.25090826113592,6.349154948197111,8.5170404573331,10.253077864875504,False,False,Good,0.00351753770887857,#1b5e20
2,28,3.8547373338124324,11.579079147509153,603.5680788823402,683,12.833774518070394,3.971640045611966,8.34468922484707,10.158309915413694,False,False,Good,0.0056994227405705485,#1b5e20
2,29,3.8547373338124324,11.581780170228773,604.2606503012331,801,8.341079480114827,2.4369946708282666,8.22402452344323,10.09713881816372,False,False,Good,0.006587443643278027,#1b5e20
2,30,3.8547373338124324,11.584481192948394,605.0902270971883,717,5.283443301794359,1.4661624388269723,8.141902600334353,10.058441361505023,False,False,Good,0.0058377441644397315,#1b5e20
2,31,3.8547373338124324,11.587182215668012,606.0317475623983,324,3.260771800293538,0.8644294011624726,8.087577735035302,10.034456230627027,False,False,Good,0.002620375186151438,#1b5e20
2,32,3.8547373338124324,11.589883238387632,607.0512903280949,362,1.9603388505816852,0.49917160361051705,8.052650736374803,10.01989702325411,False,False,Good,0.002915059566567679,#1b5e20
2,33,3.8547373338124324,11.592584261107252,608.1062482646851,303,1.1477919588894128,0.2821517062753972,8.030827370391947,10.011246591393306,False,False,Good,0.00243334069322876,#1b5e20
2,34,3.8547373338124324,11.59528528382687,609.1442711034825,573,0.6544003252987391,0.15601413009641765,8.017575869090523,10.006218736707067,False,False,Good,0.00459407097298887,#1b5e20
2,35,3.8547373338124324,11.59798630654649,610.1061758434814,368,0.36325402277395735,0.08434013893397252,8.009756268302535,10.003361805225872,False,False,Good,0.002947590306735333,#1b5e20
2,36,3.8547373338124324,11.60068732926611,610.928337311612,592,0.1962962151916622,0.04454979247781697,8.005272119294254,10.001775758577782,False,False,Good,0.004739121094622198,#1b5e20
2,37,3.8547373338124324,11.603388351985728,611.5476159708033,746,0.10325336107514704,0.022980831779711008,8.002773176429251,10.000916017940549,False,False,Good,0.005970068789616222,#1b5e20
2,38,3.8547373338124324,11.606089374705348,611.9047956187123,50,0.052862834996518004,0.011571267275205094,8.00141978882304,10.000461231713482,False,False,Good,0.00040007098944115193,#1b5e20
2,39,3.8547373338124324,11.608790397424968,611.9526201220409,208,0.026340244476498586,0.005684573609243274,8.00070744568857,10.000226587595277,False,False,Good,0.0016641471487032226,#1b5e20
2,40,3.8547373338124324,11.611491420144587,611.6625561987481,558,0.012671080144082608,0.0025342160288165435,8.000340319583042,10.000101014069894,False,False,Good,0.004464189898327337,#1b5e20
2,41,3.8547373338124324,11.614192442864207,611.0265055495273,50,0.005987195490314678,0.0011974390980629402,8.000160803960648,10.000047730025921,False,False,Good,0.0004000080401980324,#1b5e20
2,42,3.8547373338124324,11.616893465583825,610.0667754436662,285,0.0027523121693336615,0.0005504624338667322,8.000073921537803,10.00002194148018,False,False,Good,0.002280021067638274,#1b5e20
2,43,3.8547373338124324,11.619594488303445,608.8329450603007,82,0.0012309386063312925,0.00024618772126625845,8.000033060521163,10.000009813063842,False,False,Good,0.0006560027109627353,#1b5e20
2,44,3.8547373338124324,11.622295511023065,607.407856693755,50,0.0005355987392619608,0.00010711974785239216,8.000014385098789,10.000004269802405,False,False,Good,0.0004000007192549394,#1b5e20
2,45,3.8547373338124324,11.624996533742683,605.8997769233858,375,0.00022672904048094065,4.5345808096188124e-05,8.000006089483426,10.000001807487829,False,False,Good,0.0030000022835562847,#1b5e20
2,46,3.8547373338124324,11.627697556462303,604.4342609930314,187,9.337684691955363e-05,1.8675369383910727e-05,8.000002507913235,10.000000744401838,False,False,Good,0.0014960004689797749,#1b5e20
2,47,3.8547373338124324,11.630398579181923,603.1435204769183,50,3.741413513369978e-05,7.482827026739955e-06,8.000001004867993,10.000000298266132,False,False,Good,0.00040000005024339963,#1b5e20
2,48,3.8547373338124324,11.633099601901542,602.1448700251626,592,1.4584672011450062e-05,2.916934402290012e-06,8.00000039171479,10.000000116269257,False,False,Good,0.004736000231895156,#1b5e20
2,49,3.8547373338124324,11.635800624621162,601.5285477829711,50,5.531234538795055e-06,1.106246907759011e-06,8.000000148557772,10.000000044095097,False,False,Good,0.00040000000742788856,#1b5e20
3,0,3.8574322673374053,11.50345051135981,605.4694612584656,313,4458.095979904634,3513.435733466431,127.73544068765581,150.04585193742557,True,True,Unhealthy,0.03998119293523627,#b71c1c
3,1,3.8574322673374053,11.50615153407943,605.5001139235558,296,4274.641757729861,3443.2042294126113,122.80823135050343,147.24641811702665,True,True,Unhealthy,0.03635123647974901,#b71c1c
3,2,3.8574322673374053,11.508852556799049,605.3846049577214,73,4041.736654009624,3334.73686739312,116.55287135869293,142.92289969409606,True,True,Unhealthy,0.008508359609184583,#b71c1c
3,3,3.8574322673374053,11.511553579518669,605.1494775973878,506,3774.4943354185466,3194.910030901473,109.37528322888822,137.34938990888432,True,True,Unhealthy,0.05534389331381744,#b71c1c
3,4,3.8574322673374053,11.514254602238289,604.8335062881328,284,3486.700994112512,3029.70616926845,101.64573619724533,130.76434970866904,True,True,Unhealthy,0.028867389080017673,#b71c1c
3,5,3.8574322673374053,11.516955624957907,604.4865298831791,190,3189.8826847650016,2843.974828454505,93.6737967786935,123.36108241449075,True,True,Unhealthy,0.017798021387951765,#b71c1c
3,6,3.8574322673374053,11.519656647677527,604.1599882547704,50,2892.9573099149616,2641.59951055759,85.69898179730374,115.29438475555332,True,True,Unhealthy,0.004284949089865188,#b71c1c
3,7,3.8574322673374053,11.522357670397147,603.9037159666117,531,2602.3713901281913,2425.933541969468,77.89443175618035,106.69792061159856,True,True,Unhealthy,0.041361943262531765,#b71c1c
3,8,3.8574322673374053,11.525058693116765,603.7544683665732,50,1677.7196719013862,1745.1488164373634,53.06015688557674,79.56178262422047,True,True,Unhealthy for Sensitive,0.0026530078442788367,#ef6c00
3,9,3.8574322673374053,11.527759715836385,603.7336866233208,524,1592.395062196196,1640.9596111251071,50.76851045387032,75.40879189732243,True,True,Unhealthy for Sensitive,0.026602699477828045,#ef6c00
3,10,3.8574322673374053,11.530460738556005,603.8374921079994,95,1481.1001527329804,1505.530410459714,47.77935430044988,70.0105722561517,True,True,Unhealthy for Sensitive,0.004539038658542739,#ef6c00
3,11,3.8574322673374053,11.533161761275624,604.0444567774766,493,1351.275454662342,1348.0383355391941,44.29252550499576,63.732924540684316,True,True,Unhealthy for Sensitive,0.02183621507396291,#ef6c00
3,12,3.8574322673374053,11.535862783995244,604.3152870926859,528,1210.5016804815907,1178.274836562361,40.51162667177742,56.966136801939406,True,True,Unhealthy for Sensitive,0.021390138882698476,#ef6c00
3,13,3.8574322673374053,11.538563806714864,604.6028565595471,279,1065.8038865632197,1005.6591679083825,36.625336605470146,50.08566133340307,True,True,Unhealthy for Sensitive,0.010218468912926172,#ef6c00
3,14,3.8574322673374053,11.541264829434482,604.8591175786928,715,923.1559431739506,838.4217341684455,32.794101378168634,43.41956277328206,True,True,Moderate,0.023447782485390572,#f9a825
3,15,3.8574322673374053,11.543965852154102,605.0443544707807,516,787.2155480502015,683.0465053664958,29.1430173300086,37.22629272702084,True,True,Moderate,0.015037796942284439,#f9a825
3,16,3.8574322673374053,11.54666687487372,605.1320817254608,739,661.2726652098229,544.0067327705468,25.76044623994223,31.684155376703025,True,True,Moderate,0.01903696977131731,#f9a825
3,17,3.8574322673374053,11.54936789759334,605.1092275440376,50,547.3607072404182,423.77581799897314,22.701001457115417,26.8917407245675,True,True,Moderate,0.0011350500728557708,#f9a825
3,18,3.8574322673374053,11.55206892031296,604.9786193343652,836,446.46492690677536,323.0556209203796,19.99114487793247,22.87702496562567,True,False,Moderate,0.016712597117951544,#f9a825
3,19,3.8574322673374053,11.554769943032579,604.7590344531986,946,358.76540902351695,241.1432533025168,17.635713216258928,19.6119909142024,True,False,Moderate,0.016683384702580944,#f9a825
3,20,3.8574322673374053,11.557470965752199,604.4780127728284,961,283.86740582025925,176.35483340004865,15.624104345433462,17.029518898421752,True,False,Moderate,0.015014764275961557,#f9a825
3,21,3.8574322673374053,11.560171988471819,604.1753632648318,1111,220.9922727953603,126.43692528313872,13.93540544909604,15.039786767397539,False,False,Moderate,0.015482235453945701,#f9a825
3,22,3.8574322673374053,11.562873011191437,603.8943224953628,624,169.1212880387827,88.91730659274482,12.542255717298575,13.544251524269752,False,False,Moderate,0.00782636756759431,#f9a825
3,23,3.8574322673374053,11.565574033911057,603.6737990642715,327,127.09788388825717,61.36988701979835,11.41359208200684,12.446208999676678,False,False,Good,0.0037322446108162366,#1b5e20
3,24,3.8574322673374053,11.568275056630677,603.551094184926,650,93.69992570715937,41.58894751842381,10.51659047887689,11.6577390418501,False,False,Good,0.006835783811269978,#1b5e20
3,25,3.8574322673374053,11.570976079350295,603.5550404533842,447,67.69373057415062,27.682430739791773,9.818116679995919,11.103424081370054,False,False,Good,0.004388698155958175,#1b5e20
3,26,3.8574322673374053,11.573677102069915,603.7052114396289,825,45.7603693101529,16.910838703973553,9.229030960768647,10.674067492032295,False,False,Good,0.007613950542634134,#1b5e20
3,27,3.8574322673374053,11.576378124789535,604.0113023807622,486,31.953519871521323,10.972986878997453,8.858206911781252,10.437384205189725,False,False,Good,0.004305088559125688,#1b5e20
3,28,3.8574322673374053,11.579079147509153,604.4743834754005,768,21.76603719828841,6.987662416124673,8.584591733266524,10.278528827721521,False,False,Good,0.006592966451148691,#1b5e20
3,29,3.8574322673374053,11.581780170228773,605.0862790631846,687,14.457656835526645,4.3658776099863665,8.388303419288365,10.17402425879634,False,False,Good,0.005762764449051106,#1b5e20
3,30,3.8574322673374053,11.584481192948394,605.8326803537336,478,9.361028320489137,2.6753425265175137,8.251418286258469,10.106639384287503,False,False,Good,0.003944177940831548,#1b5e20
3,31,3.8574322673374053,11.587182215668012,606.6920261460905,50,5.906446927640473,1.6071267674069851,8.158635217583273,10.06406021182317,False,False,Good,0.0004079317608791636,#1b5e20
3,32,3.8574322673374053,11.589883238387632,607.6336403524583,199,3.6307366355081383,0.945906057179448,8.097514242186119,10.037703897176389,False,False,Good,0.0016114053341950375,#1b5e20
3,33,3.8574322673374053,11.592584261107252,608.6175985733988,1162,2.1738716106530904,0.5451521234044961,8.058385794400394,10.021729810746347,False,False,Good,0.009363844293093258,#1b5e20
3,34,3.8574322673374053,11.59528528382687,609.5936438730129,494,1.2675440744967315,0.30746444745161866,8.034043669996118,10.012255559443902,False,False,Good,0.003968817572978082,#1b5e20
3,35,3.8574322673374053,11.59798630654649,610.5037456007475,706,0.7196378678879288,0.1695959564513814,8.019328017529341,10.006760109479202,False,False,Good,0.005661645580375715,#1b5e20
3,36,3.8574322673374053,11.60068732926611,611.2847044925953,597,0.39776730040116964,0.09143725330684974,8.010683225130046,10.003644696818046,False,False,Good,0.0047823778854026375,#1b5e20
3,37,3.8574322673374053,11.603388351985728,611.8731660145479,61,0.2140226513652318,0.048158742916483255,8.005748215514846,10.001919611654124,False,False,Good,0.0004883506411464055,#1b5e20
3,38,3.8574322673374053,11.606089374705348,612.2094255764373,361,0.11208956517009742,0.02476543700730633,8.003010498998368,10.000987152459132,False,False,Good,0.0028890867901384108,#1b5e20
3,39,3.8574322673374053,11.608790397424968,612.24574622051,91,0.05653376518266686,0.011306753036533808,8.001518382582697,10.000450688153071,False,False,Good,0.0007281381728150254,#1b5e20
3,40,3.8574322673374053,11.611491420144587,611.9531091457196,445,0.02809432668904588,0.005618865337809274,8.00075455678884,10.0002239684579,False,False,Good,0.0035603357777710333,#1b5e20
3,41,3.8574322673374053,11.614192442864207,611.3230025789805,365,0.013582940445443637,0.0027165880890887275,8.000364810306328,10.000108283435976,False,False,Good,0.0029201331557618094,#1b5e20
3,42,3.8574322673374053,11.616893465583825,610.3772867423107,594,0.006389007760054005,0.001277801552010801,8.000171595825472,10.00005093328028,False,False,Good,0.004752101927920331,#1b5e20
3,43,3.8574322673374053,11.619594488303445,609.16472661058,593,0.0029237314912068228,0.0005847462982413646,8.000078525514061,10.000023308037976,False,False,Good,0.004744046565629838,#1b5e20
3,44,3.8574322673374053,11.622295511023065,607.7663397033957,594,0.0013016853174240444,0.0002603370634848089,8.000034960634725,10.000010377057846,False,False,Good,0.004752020766617026,#1b5e20
3,45,3.8574322673374053,11.624996533742683,606.2876813958128,195,0.000563818053157177,0.0001127636106314354,8.00001514301248,10.000004494767264,False,False,Good,0.0015600029528874337,#1b5e20
3,46,3.8574322673374053,11.627697556462303,604.8507205944957,271,0.00023759450919393267,4.751890183878653e-05,8.000006381307937,10.000001894107534,False,False,Good,0.002168001729334451,#1b5e20
3,47,3.8574322673374053,11.630398579181923,603.5831351457111,669,9.740881787780769e-05,1.9481763575561533e-05,8.00000261620382,10.000000776544779,False,False,Good,0.005352001750240356,#1b5e20
3,48,3.8574322673374053,11.633099601901542,602.5979675854758,680,3.885300345726583e-05,7.770600691453166e-06,8.000001043513086,10.000000309736816,False,False,Good,0.0054400007095888984,#1b5e20
3,49,3.8574322673374053,11.635800624621162,601.9820327391225,414,1.5077015154166345e-05,3.015403030833269e-06,8.000000404938131,10.000000120194226,False,False,Good,0.003312000167644386,#1b5e20
4,0,3.8601272008623786,11.50345051135981,605.5916489823172,169,4838.772663885488,3787.4054740929646,137.9596464296188,160.96630947295117,True,True,Unhealthy,0.023315180246605578,#b71c1c
4,1,3.8601272008623786,11.50615153407943,605.6582153999183,50,4714.367035671306,3768.7002018891094,134.6183628894272,160.2207157065538,True,True,Unhealthy,0.00673091814447136,#b71c1c
4,2,3.8601272008623786,11.508852556799049,605.5991139892136,50,4525.241709009502,3703.6620692010297,129.53883915662223,157.6282901175606,True,True,Unhealthy,0.006476941957831112,#b71c1c
4,3,3.8601272008623786,11.511553579518669,605.4391983767748,245,4286.554940879223,3598.836621461584,123.12819535325515,153.4499387125361,True,True,Unhealthy,0.030166407861547513,#b71c1c
4,4,3.8601272008623786,11.514254602238289,605.2144841049594,394,4013.3388798866927,3460.3842488766613,115.79016458555824,147.93121517741596,True,True,Unhealthy,0.04562132484670995,#b71c1c
4,5,3.8601272008623786,11.516955624957907,604.9706686736594,811,3719.091658168282,3293.5317957346288,107.88727938021864,141.2804619771942,True,True,Unhealthy,0.08749658357735732,#b71c1c
4,6,3.8601272008623786,11.519656647677527,604.7545498242772,204,3414.9594460222725,3102.488700700993,99.71890332623494,133.6654677008221,True,True,Unhealthy,0.02034265627855193,#b71c1c
4,7,3.8601272008623786,11.522357670397147,604.6107166518223,480,1962.1607765294395,2080.863471112044,60.69966962057446,92.9433977691794,True,True,Unhealthy,0.02913584141787574,#b71c1c
4,8,3.8601272008623786,11.525058693116765,604.5710004199963,191,1940.5999454267187,2048.701104766026,60.12058930796719,91.66140306742696,True,True,Unhealthy,0.011483032557821732,#b71c1c
4,9,3.8601272008623786,11.527759715836385,604.6526308091395,222,1878.2596027622496,1967.5494695501739,58.446253798997425,88.4266918752839,True,True,Unhealthy,0.012975068343377428,#b71c1c
4,10,3.8601272008623786,11.530460738556005,604.8487324797385,438,1780.6094424389203,1843.5613646345305,55.82356800841824,83.4845152993411,True,True,Unhealthy,0.02445072278768719,#b71c1c
4,11,3.8601272008623786,11.533161761275624,605.1360641347043,694,1654.9469530140896,1685.6239767518457,52.448527718345375,77.18911737072163,True,True,Unhealthy for Sensitive,0.03639927823653169,#ef6c00
4,12,3.8601272008623786,11.535862783995244,605.4749605179542,170,1509.4960041329452,1504.3057794342508,48.54200943313473,69.96175835765447,True,True,Unhealthy for Sensitive,0.008252141603632905,#ef6c00
4,13,3.8601272008623786,11.538563806714864,605.8189108127448,363,1352.5274833396631,1310.6950372544197,44.326152462806526,62.244417444160646,True,True,Unhealthy for Sensitive,0.01609039334399877,#ef6c00
4,14,3.8601272008623786,11.541264829434482,606.1208955016863,496,1191.6291345280024,1115.3047411024233,40.00474826071654,54.456143355562276,True,True,Unhealthy for Sensitive,0.019842355137315405,#ef6c00
4,15,3.8601272008623786,11.543965852154102,606.3427580485501,502,1033.2037966036646,927.1888413969425,35.749764128933194,46.95782733791393,True,True,Unhealthy for Sensitive,0.017946381592724464,#ef6c00
4,16,3.8601272008623786,11.54666687487372,606.459583458038,751,882.2189282417507,753.361329527328,31.69461595985582,40.02904769408508,True,True,Moderate,0.02380265658585172,#f9a825
4,17,3.8601272008623786,11.54936789759334,606.4595979252497,937,742.1802744037826,598.5471454713435,27.93346097212631,33.85814093987878,True,True,Moderate,0.026173652930882352,#f9a825
4,18,3.8601272008623786,11.55206892031296,606.3465518081465,215,615.2693772748455,465.23632387204105,24.52489097625913,28.54436007133487,True,True,Moderate,0.0052728515598957125,#f9a825
4,19,3.8601272008623786,11.554769943032579,606.1396167779272,632,502.5725567353552,353.97106554284113,21.498082326957196,24.109317259728705,True,False,Moderate,0.013586788030636949,#f9a825
4,20,3.8601272008623786,11.557470965752199,605.8656369024153,250,404.3357700566013,263.7748401218555,18.85964093903278,20.514087920451903,True,False,Moderate,0.004714910234758195,#f9a825
4,21,3.8601272008623786,11.560171988471819,605.5630347551936,764,320.1987264326618,192.63271499898678,16.599890130194332,17.678356665552528,True,False,Moderate,0.01268231605946847,#f9a825
4,22,3.8601272008623786,11.562873011191437,605.272856251873,307,249.38454780943266,137.9479508425377,14.69796452728973,15.498617240880828,False,False,Moderate,0.0045122751098779475,#f9a825
4,23,3.8601272008623786,11.565574033911057,605.0316554930506,457,190.84109986923858,96.92436131223353,13.125605930684566,13.86341341729064,False,False,Moderate,0.005998401910322846,#f9a825
4,24,3.8601272008623786,11.568275056630677,604.8745754508236,563,143.34275646536992,66.84989691883978,11.849896501136241,12.664642667788659,False,False,Good,0.006671491730139704,#1b5e20
4,25,3.8601272008623786,11.570976079350295,604.8289116504241,916,99.1326572112376,41.66022195355926,10.662502658361287,11.660580046993534,False,False,Good,0.00976685243505894,#1b5e20
4,26,3.8601272008623786,11.573677102069915,604.9138675729063,332,72.42003504516465,28.027859259019163,9.945055658252956,11.117192891995474,False,False,Good,0.003301758478539981,#1b5e20
4,27,3.8601272008623786,11.576378124789535,605.1404051642776,827,51.64923917829786,18.509227237015388,9.387194094086759,10.737779397078585,False,False,Good,0.00776320951580975,#1b5e20
4,28,3.8601272008623786,11.579079147509153,605.5119504725642,466,35.943307439702856,11.99748850130349,8.965364535771341,10.478220928383625,False,False,Good,0.004177859873669445,#1b5e20
4,29,3.8601272008623786,11.581780170228773,606.0238879574501,347,24.39676272454805,7.631536978052973,8.655247699767653,10.304193723398187,False,False,Good,0.0030033709518193755,#1b5e20
4,30,3.8601272008623786,11.584481192948394,606.6661715257686,699,16.145133726975995,4.762286523630475,8.433625635355199,10.189825152348506,False,False,Good,0.005895104319113284,#1b5e20
4,31,3.8601272008623786,11.587182215668012,607.421682744015,747,10.41366937115939,2.914182313534684,8.27969009571615,10.116159558836525,False,False,Good,0.006184928501499964,#1b5e20
4,32,3.8601272008623786,11.589883238387632,608.2640459753543,811,6.544795360623117,1.7478120579991578,8.175779965314138,10.069667939663008,False,False,Good,0.006630557551869766,#1b5e20
4,33,3.8601272008623786,11.592584261107252,609.1571006067812,472,4.006948601758451,1.026840077286798,8.107618534640565,10.040929934211501,False,False,Good,0.003826795948350347,#1b5e20
4,34,3.8601272008623786,11.59528528382687,610.0537531224791,513,2.389284025760885,0.5905807163343286,8.064171336158307,10.023540598386086,False,False,Good,0.0041369198954492115,#1b5e20
4,35,3.8601272008623786,11.59798630654649,610.8980657908941,86,1.3873389218161285,0.3323208143777989,8.037261117287642,10.013246336377458,False,False,Good,0.0006912044560867372,#1b5e20
4,36,3.8601272008623786,11.60068732926611,611.6279570675823,574,0.7843218685533692,0.1828415457104936,8.021065298951731,10.007288079811643,False,False,Good,0.004604091481598294,#1b5e20
4,37,3.8601272008623786,11.603388351985728,612.18025499447,473,0.43166739046165026,0.09830578877455759,8.011593712979801,10.00391847723531,False,False,Good,0.003789483826239446,#1b5e20
4,38,3.8601272008623786,11.606089374705348,612.4948589397479,254,0.22803335166066974,0.04560667033214179,8.00612451458552,10.001817885820383,False,False,Good,0.0020335556267047222,#1b5e20
4,39,3.8601272008623786,11.608790397424968,612.5233514185638,50,0.11918181769945847,0.023836363539893574,8.0032009825559,10.000950119510437,False,False,Good,0.000400160049127795,#1b5e20
4,40,3.8601272008623786,11.611491420144587,612.2357519045352,515,0.06060187896834684,0.012120375793669366,8.00162764389046,10.000483119226477,False,False,Good,0.0041208382366035865,#1b5e20
4,41,3.8601272008623786,11.614192442864207,611.6225134253554,691,0.029979654634169222,0.005995930926833845,8.000805192884018,10.00023899832486,False,False,Good,0.005528556388282857,#1b5e20
4,42,3.8601272008623786,11.616893465583825,610.7043128048609,341,0.014428846458748132,0.0028857692917496265,8.000387529630842,10.000115027013333,False,False,Good,0.002728132147604117,#1b5e20
4,43,3.8601272008623786,11.619594488303445,609.5282941180371,189,0.006756177474546211,0.0013512354949092422,8.000181457261334,10.00005386036359,False,False,Good,0.0015120342954223923,#1b5e20
4,44,3.8601272008623786,11.622295511023065,608.1726928743369,50,0.003077761320632334,0.0006155522641264668,8.000082662443724,10.000024535966439,False,False,Good,0.0004000041331221862,#1b5e20
4,45,3.8601272008623786,11.624996533742683,606.7393047681023,539,0.0013640593797886688,0.0002728118759577338,8.000036635875876,10.00001087430495,False,False,Good,0.004312019746737097,#1b5e20
4,46,3.8601272008623786,11.627697556462303,605.3454208745319,50,0.0005881607863064713,0.00011763215726129425,8.000015796809056,10.000004688827953,False,False,Good,0.00040000078984045277,#1b5e20
4,47,3.8601272008623786,11.630398579181923,604.1129743051825,111,0.00024673076565069244,4.9346153130138484e-05,8.000006626689306,10.000001966941928,False,False,Good,0.0008880007355625129,#1b5e20
4,48,3.8601272008623786,11.633099601901542,603.1496994104363,269,0.00010069664422846063,2.0139328845692127e-05,8.000002704508185,10.000000802755387,False,False,Good,0.002152000727512702,#1b5e20
4,49,3.8601272008623786,11.635800624621162,602.5381585719874,432,3.998260990623455e-05,7.996521981246911e-06,8.00000107385203,10.000000318742057,False,False,Good,0.0034560004639040765,#1b5e20
5,0,3.8628221343873514,11.50345051135981,605.6706878545028,59,5129.597330167958,3988.5868795846704,145.77060871870725,168.98541768024913,True,True,Unhealthy,0.008600465914403728,#b71c1c
5,1,3.8628221343873514,11.50615153407943,605.7758432999707,50,5080.432157497414,4031.2278553294373,144.45013162652984,170.68509065810866,True,True,Unhealthy,0.007222506581326492,#b71c1c
5,2,3.8628221343873514,11.508852556799049,605.7776323037975,276,4953.047082515598,4021.185857744714,141.0288261726477,170.28481576663697,True,True,Unhealthy,0.038923956023650765,#b71c1c
5,3,3.8628221343873514,11.511553579518669,605.6989660072582,616,4761.163689105114,3963.9036252439646,135.8752263456788,168.00154102931015,True,True,Unhealthy,0.08369913942893814,#b71c1c
5,4,3.8628221343873514,11.514254602238289,605.5727318703106,277,4519.891860516868,3865.1351230044,129.39515304717884,164.064619995301,True,True,Unhealthy,0.035842457394068536,#b71c1c
5,5,3.8628221343873514,11.516955624957907,605.4399599437169,571,4243.939079873576,3730.1064854075075,121.9836195251896,158.682366832654,True,True,Unhealthy,0.06965264674888326,#b71c1c
5,6,3.8628221343873514,11.519656647677527,605.3422983238645,145,2100.692803379848,2260.3417958248,64.42035965485287,100.09741930123141,True,True,Unhealthy,0.009340952149953665,#b71c1c
5,7,3.8628221343873514,11.522357670397147,605.3185782022842,373,2168.553759041238,2330.705916087455,66.24296766244805,102.90213921517406,True,True,Unhealthy,0.02470862693809312,#b71c1c
5,8,3.8628221343873514,11.525058693116765,605.395392702661,327,2188.360482531578,2343.8780676821616,66.77493619259735,103.4271823159652,True,True,Unhealthy,0.021835404134979332,#b71c1c
5,9,3.8628221343873514,11.527759715836385,605.5856349774116,747,2160.2957395029016,2299.1495641554307,66.02117396103671,101.64430030033004,True,True,Unhealthy,0.04931781694889442,#b71c1c
5,10,3.8628221343873514,11.530460738556005,605.879571992145,310,2087.8730576405737,2200.1298612248447,64.07604721462843,97.69736638507015,True,True,Unhealthy,0.019863574636534813,#b71c1c
5,11,3.8628221343873514,11.533161761275624,606.2525126865606,302,1977.3409358460851,2054.262872137212,61.10737799510934,91.88309559544341,True,True,Unhealthy,0.018454428154523018,#b71c1c
5,12,3.8628221343873514,11.535862783995244,606.6648893965511,567,1836.8111023636106,1871.8989553516365,57.33303091563105,84.61405411402029,True,True,Unhealthy,0.032507828529162806,#b71c1c
5,13,3.8628221343873514,11.538563806714864,607.0713276178798,459,1675.2730701595297,1665.0808634701634,52.9944461114999,76.37026710015137,True,True,Unhealthy for Sensitive,0.024324450765178453,#ef6c00
5,14,3.8628221343873514,11.541264829434482,607.4262266375999,142,1501.658639350376,1446.2393618243693,48.33151366761043,67.64722593411503,True,True,Unhealthy for Sensitive,0.0068630749408006815,#ef6c00
5,15,3.8628221343873514,11.543965852154102,607.6932543670863,828,1324.0869565794976,1226.991602259732,43.56229744031096,58.90799129232821,True,True,Unhealthy for Sensitive,0.036069582280577474,#ef6c00
5,16,3.8628221343873514,11.54666687487372,607.8490947005351,838,1149.3652578724352,1017.1967314356806,38.869626020339986,50.54554961258,True,True,Unhealthy for Sensitive,0.03257274660504491,#ef6c00
5,17,3.8628221343873514,11.54936789759334,607.8831212364072,1007,982.7589404839089,824.3606978390632,34.394917327708974,42.859088650156835,True,True,Moderate,0.03463568174900294,#f9a825
5,18,3.8628221343873514,11.55206892031296,607.7996355174956,445,827.9927739189454,653.4119488961119,30.238211137280242,36.04505674534316,True,True,Moderate,0.013456003956089707,#f9a825
5,19,3.8628221343873514,11.554769943032579,607.6176740737774,516,687.4133481865889,506.8073039035687,26.462532110279714,30.201382927604694,True,True,Moderate,0.013654666568904333,#f9a825
5,20,3.8628221343873514,11.557470965752199,607.3627264818086,696,562.2344305183028,384.8840251161615,23.100479579473355,25.341510499558236,True,True,Moderate,0.016077933787313457,#f9a825
5,21,3.8628221343873514,11.560171988471819,607.0710554197557,1116,452.7980583194084,286.3548755904792,20.1612399777335,21.414130085407276,True,False,Moderate,0.02249994381515059,#f9a825
5,22,3.8628221343873514,11.562873011191437,606.7807267491114,927,358.8068514275503,208.84628873557352,17.636826275406257,18.324631115733034,True,False,Moderate,0.0163493379573016,#f9a825
5,23,3.8628221343873514,11.565574033911057,606.5252619193225,799,279.50804493633103,149.39959186265503,15.507020729713544,15.955080641496842,True,False,Moderate,0.012390109563041122,#f9a825
5,24,3.8628221343873514,11.568275056630677,606.3370775465318,737,196.16039178359955,94.94428416785898,13.268471352241937,13.784487371214322,False,False,Moderate,0.009778863386602308,#f9a825
5,25,3.8628221343873514,11.570976079350295,606.241524772593,450,149.70585930671967,66.23191834826257,12.020796572889786,12.640009988564962,False,False,Moderate,0.005409358457800404,#f9a825
5,26,3.8628221343873514,11.573677102069915,606.2572586664604,565,111.64295410910627,45.34584621367962,10.998503928623702,11.807489348482463,False,False,Good,0.0062141547196723915,#1b5e20
5,27,3.8628221343873514,11.576378124789535,606.3965378017508,460,81.30771141066387,30.474945409609774,10.18376066844322,11.214733957414541,False,False,Good,0.004684529907483881,#1b5e20
5,28,3.8628221343873514,11.579079147509153,606.6653463478028,1006,57.79748531962916,20.10437190458017,9.552323549465651,10.801362001366654,False,False,Good,0.009609637490762445,#1b5e20
5,29,3.8628221343873514,11.581780170228773,607.0630413551784,1335,40.0827955947899,13.017526232823915,9.076542814728288,10.518879720505076,False,False,Good,0.012117184657662265,#1b5e20
5,30,3.8628221343873514,11.584481192948394,607.5844404512634,720,27.108107969903863,8.270814636786332,8.728068948855253,10.329675386116277,False,False,Good,0.0062842096431757815,#1b5e20
5,31,3.8628221343873514,11.587182215668012,608.2176411106645,797,17.87213363852842,5.154544967794555,8.480009359799304,10.205460607828549,False,False,Good,0.006758567459760045,#1b5e20
5,32,3.8628221343873514,11.589883238387632,608.9415692508824,663,11.48298895669807,3.14957744669734,8.308409856884943,10.125542429185248,False,False,Good,0.005508475735114717,#1b5e20
5,33,3.8628221343873514,11.592584261107252,609.7249804457052,615,7.1881884987895805,1.8858171293396753,8.193060203622382,10.075168833731874,False,False,Good,0.005038732025227765,#1b5e20
5,34,3.8628221343873514,11.59528528382687,610.5251914759102,157,4.383000962627281,1.1057995020923208,8.117718540417298,10.044077263707257,False,False,Good,0.0012744818108455158,#1b5e20
5,35,3.8628221343873514,11.59798630654649,611.2895886511249,1045,2.6027218671751178,0.6346239621448888,8.069903844860756,10.02529616596994,False,False,Good,0.00843304951787949,#1b5e20
5,36,3.8628221343873514,11.60068732926611,611.9582085505583,600,1.5049337479515374,0.35624817001752895,8.040419476460118,10.014200082840858,False,False,Good,0.004824251685876071,#1b5e20
5,37,3.8628221343873514,11.603388351985728,612.4687433729089,457,0.8315435850958609,0.16630871701929972,8.022333578743313,10.006629079831384,False,False,Good,0.0036662064454856935,#1b5e20
5,38,3.8628221343873514,11.606089374705348,612.7609828407075,616,0.4570856303673538,0.09141712607350289,8.012276395490526,10.003643894544785,False,False,Good,0.004935562259622164,#1b5e20
5,39,3.8628221343873514,11.608790397424968,612.7856794743557,226,0.24444129168232714,0.04888825833646543,8.006565198666376,10.001948690201802,False,False,Good,0.001809483734898601,#1b5e20
5,40,3.8628221343873514,11.611491420144587,612.5113321784362,285,0.12717918053998167,0.025435836107996337,8.003415775545635,10.001013874625215,False,False,Good,0.0022809734960305057,#1b5e20
5,41,3.8628221343873514,11.614192442864207,611.9265675238521,465,0.06437569422874304,0.01287513884574861,8.001729000935107,10.000513204146952,False,False,Good,0.003720803985434825,#1b5e20
5,42,3.8628221343873514,11.616893465583825,611.0499125840747,491,0.031702410085290594,0.006340482017058119,8.00085146261084,10.00025273216109,False,False,Good,0.003928418068141922,#1b5e20
5,43,3.8628221343873514,11.619594488303445,609.9258767816431,536,0.015188926628639809,0.003037785325727962,8.0004079438468,10.000121086385583,False,False,Good,0.004288218657901886,#1b5e20
5,44,3.8628221343873514,11.622295511023065,608.6288507722975,723,0.0070798872225227094,0.001415977444504542,8.0001901514504,10.000056440983295,False,False,Good,0.0057841374794986395,#1b5e20
5,45,3.8628221343873514,11.624996533742683,607.2558235772062,685,0.003210628422834495,0.0006421256845668989,8.00008623098534,10.000025595185274,False,False,Good,0.0054800590682249585,#1b5e20
5,46,3.8628221343873514,11.627697556462303,605.9184498597825,102,0.001416505297904964,0.00028330105958099277,8.000038044467155,10.000011292404716,False,False,Good,0.0008160038805356499,#1b5e20
5,47,3.8628221343873514,11.630398579181923,604.7319533360486,93,0.0006080101243943513,0.00012160202487887029,8.000016329922127,10.000004847067219,False,False,Good,0.0007440015186827579,#1b5e20
5,48,3.8628221343873514,11.633099601901542,603.7980062199471,50,0.000253903021879679,5.0780604375935804e-05,8.000006819321602,10.00000202411928,False,False,Good,0.0004000003409660801,#1b5e20
5,49,3.8628221343873514,11.635800624621162,603.194311658436,323,0.00010315478523702054,2.063095704740411e-05,8.000002770528882,10.00000082235173,False,False,Good,0.002584000894880829,#1b5e20
6,0,3.8655170679123247,11.50345051135981,605.7133917237849,50,5310.728393917046,4103.3537847402895,150.63542271956794,173.56003643693913,True,True,Very Unhealthy,0.007531771135978397,#6a1b9a
6,1,3.8655170679123247,11.50615153407943,605.8575523173162,884,5348.842336479713,4213.600070299447,151.65908612422677,177.95446290588038,True,True,Very Unhealthy,0.13406663213381645,#6a1b9a
6,2,3.8655170679123247,11.508852556799049,605.920351341121,283,5298.710678712584,4267.537605148632,150.31265119725188,180.1044177057953,True,True,Very Unhealthy,0.04253848028882228,#6a1b9a
6,3,3.8655170679123247,11.511553579518669,605.9227112319011,110,5171.0504193392735,4268.711486418782,146.88395484722608,180.1512087146604,True,True,Unhealthy,0.01615723503319487,#b71c1c
6,4,3.8655170679123247,11.514254602238289,605.8943358240456,1004,4979.612925234403,4221.774789129265,141.74233097369125,178.2803079048271,True,True,Unhealthy,0.142309300297586,#b71c1c
6,5,3.8655170679123247,11.516955624957907,605.871480098127,292,2055.191021395327,2236.8482696686406,63.19827382660948,99.1609653185347,True,True,Unhealthy,0.01845389595736997,#b71c1c
6,6,3.8655170679123247,11.519656647677527,605.8905919765511,50,2217.020406132463,2415.7326400861994,67.54468377046351,106.29131178105565,True,True,Unhealthy,0.003377234188523175,#b71c1c
6,7,3.8655170679123247,11.522357670397147,605.9847288322413,64,2336.1465583386585,2544.3237438698025,70.74417126380786,111.41696428962761,True,True,Unhealthy,0.004527626960883703,#b71c1c
6,8,3.8655170679123247,11.525058693116765,606.1754175997191,211,2405.7635447875796,2613.5056515179776,72.61394270645555,114.17456110660028,True,True,Unhealthy,0.01532154191106212,#b71c1c
6,9,3.8655170679123247,11.527759715836385,606.4715319025415,667,2422.6915549329215,2618.4218858963272,73.06859481889413,114.37052263374075,True,True,Unhealthy,0.04873675274420239,#b71c1c
6,10,3.8655170679123247,11.530460738556005,606.8609945117342,50,2387.578971392258,2559.0272337577526,72.1255418467566,112.00304666711277,True,True,Unhealthy,0.0036062770923378303,#b71c1c
6,11,3.8655170679123247,11.533161761275624,607.318327910566,50,2304.6172502091085,2440.0452796611853,69.8973578213684,107.26041569540764,True,True,Unhealthy,0.0034948678910684205,#b71c1c
6,12,3.8655170679123247,11.535862783995244,607.8047028975964,379,2180.841369908267,2270.3433950195986,66.57298803634623,100.49608390938984,True,True,Unhealthy,0.025231162465775222,#b71c1c
6,13,3.8655170679123247,11.538563806714864,608.2764799061289,320,2025.1593975254134,2061.8361980413342,62.39168515403745,92.1849690204046,True,True,Unhealthy,0.01996533924929198,#b71c1c
6,14,3.8655170679123247,11.541264829434482,608.6898515080109,229,1847.2901164760742,1828.103054422801,57.61447603892667,82.8683457185249,True,True,Unhealthy,0.013193715012914206,#b71c1c
6,15,3.8655170679123247,11.543965852154102,609.0104511827625,374,1656.781782980068,1582.9399363179618,52.49780753994493,73.09612264593916,True,True,Unhealthy for Sensitive,0.019634180019939402,#ef6c00
6,16,3.8655170679123247,11.54666687487372,609.2163888185818,382,1462.2434507394923,1339.05614958251,47.27290142610993,63.374893832286205,True,True,Unhealthy for Sensitive,0.018058248344773993,#ef6c00
6,17,3.8655170679123247,11.54936789759334,609.2978045451528,748,1270.857376856886,1107.078216289395,42.13265859573813,54.12823336564814,True,True,Unhealthy for Sensitive,0.03151522862961212,#ef6c00
6,18,3.8655170679123247,11.55206892031296,609.2589322772313,617,1088.1750924154787,894.9510475235738,37.22618194471558,45.67282608840348,True,True,Unhealthy for Sensitive,0.02296855425988951,#ef6c00
6,19,3.8655170679123247,11.554769943032579,609.11791332982,765,918.1471764048056,707.7486796096917,32.6595760339166,38.21092352690798,True,True,Moderate,0.0249845756659462,#f9a825
6,20,3.8655170679123247,11.557470965752199,608.8980870553323,816,763.3076355612249,547.8401380854674,28.500899158777404,31.83695524380628,True,True,Moderate,0.02325673371356236,#f9a825
6,21,3.8655170679123247,11.560171988471819,608.6326963340078,1040,625.0298849481597,415.31194497610113,24.787038469912805,26.554370014499373,True,True,Moderate,0.025778520008709317,#f9a825
6,22,3.8655170679123247,11.562873011191437,608.3560342216974,1034,503.7872664289802,308.53164611117796,21.530706972350508,22.29809807469161,True,False,Moderate,0.022262751009410425,#f9a825
6,23,3.8655170679123247,11.565574033911057,608.0979552982707,792,355.50358136043707,200.0649150832018,17.548107122884865,17.97460480313732,True,False,Moderate,0.013898100841324812,#f9a825
6,24,3.8655170679123247,11.568275056630677,607.8876199806581,359,282.95340259481105,144.7846756273517,15.599556067540327,15.771129681575552,True,False,Moderate,0.005600240628246977,#f9a825
6,25,3.8655170679123247,11.570976079350295,607.7480386933175,659,220.30306833541286,102.79269460157013,13.916894811346722,14.097325689295417,False,False,Moderate,0.00917123368067749,#f9a825
6,26,3.8655170679123247,11.573677102069915,607.6970818083566,1019,167.67335995066168,71.61936008620933,12.5033672975569,12.85475388177675,False,False,Moderate,0.012740931276210482,#f9a825
6,27,3.8655170679123247,11.576378124789535,607.748165655872,695,124.67275519446189,48.98025586277195,11.34845803056767,11.952357231150282,False,False,Good,0.00788717833124453,#1b5e20
6,28,3.8655170679123247,11.579079147509153,607.9098091365427,614,90.50961374708393,32.88318521436775,10.430905152631647,11.310726604131945,False,False,Good,0.006404575763715831,#1b5e20
6,29,3.8655170679123247,11.581780170228773,608.1854794328589,678,64.12269977107455,21.670574812448116,9.722206015702717,10.8637909846123,False,False,Good,0.006591655678646443,#1b5e20
6,30,3.8655170679123247,11.584481192948394,608.5751787246699,912,44.31260348459651,14.016307281370269,9.190146899071252,10.558691219406361,False,False,Good,0.00838141397195298,#1b5e20
6,31,3.8655170679123247,11.587182215668012,609.0727529951166,654,29.858666880176326,8.894699648639566,8.801943397665545,10.354543496599623,False,False,Good,0.005756470982073266,#1b5e20
6,32,3.8655170679123247,11.589883238387632,609.6632711474354,376,19.610718026303584,5.53583698545963,8.526704219842985,10.220658940600716,False,False,Good,0.0032060407866609628,#1b5e20
6,33,3.8655170679123247,11.592584261107252,610.3214965657522,372,12.550745618814746,3.377309870667093,8.337087641091925,10.134619863283396,False,False,Good,0.003101396602486196,#1b5e20
6,34,3.8655170679123247,11.59528528382687,611.0104251688781,723,7.825101743435226,2.0185883092121966,8.210166405097452,10.080461104434558,False,False,Good,0.005935950310885458,#1b5e20
6,35,3.8655170679123247,11.59798630654649,611.6821258192819,713,4.7518485554962115,1.1812746754850756,8.127625040698543,10.04708571064062,False,False,Good,0.005794996654018061,#1b5e20
6,36,3.8655170679123247,11.60068732926611,612.2799290674585,805,2.741371235670028,0.5482742471358796,8.073627686454259,10.021854258868068,False,False,Good,0.006499270287595679,#1b5e20
6,37,3.8655170679123247,11.603388351985728,612.7432650966166,731,1.5848250203941217,0.31696500407932054,8.042565194442892,10.012634252452042,False,False,Good,0.005879115157137754,#1b5e20
6,38,3.8655170679123247,11.606089374705348,613.0122679301527,1361,0.8913725119654321,0.1782745023930864,8.02394046270384,10.007106037070367,False,False,Good,0.010920582969739925,#1b5e20
6,39,3.8655170679123247,11.608790397424968,613.036803682602,249,0.4877548609598201,0.09755097219196401,8.013100108989986,10.003888390181103,False,False,Good,0.001995261927138507,#1b5e20
6,40,3.8655170679123247,11.611491420144587,612.7833156441251,787,0.25966201687718576,0.05193240337543715,8.006973996558347,10.002070030086104,False,False,Good,0.006301488535291419,#1b5e20
6,41,3.8655170679123247,11.614192442864207,612.2377849346484,607,0.13448681134535304,0.026897362269070607,8.003612043728017,10.001072131184289,False,False,Good,0.0048581925105429065,#1b5e20
6,42,3.8655170679123247,11.616893465583825,611.4155485371115,352,0.06776655652598354,0.013553311305196708,8.001820072637758,10.000540236159788,False,False,Good,0.0028166406655684905,#1b5e20
6,43,3.8655170679123247,11.619594488303445,610.3574073440841,190,0.033221220995056866,0.006644244199011375,8.000892254799798,10.000264840147912,False,False,Good,0.0015201695284119614,#1b5e20
6,44,3.8655170679123247,11.622295511023065,609.1328612687421,324,0.0158445610860669,0.00316891221721338,8.000425552862184,10.000126313114809,False,False,Good,0.0025921378791273477,#1b5e20
6,45,3.8655170679123247,11.624996533742683,607.8331369031813,426,0.007352064135495812,0.001470412827099162,8.000197461571755,10.000058610782348,False,False,Good,0.0034080841186295676,#1b5e20
6,46,3.8655170679123247,11.627697556462303,606.5634780872813,694,0.0033189660613964517,0.0006637932122792904,8.000089140715179,10.000026458854801,False,False,Good,0.0055520618636563344,#1b5e20
6,47,3.8655170679123247,11.630398579181923,605.4317120032969,370,0.0014576752731258252,0.000291535054625165,8.000039150209416,10.000011620612469,False,False,Good,0.002960014485577484,#1b5e20
6,48,3.8655170679123247,11.633099601901542,604.5329844777741,759,0.0006228496330512026,0.00012456992661024052,8.000016728481313,10.000004965368039,False,False,Good,0.006072012696917317,#1b5e20
6,49,3.8655170679123247,11.635800624621162,603.9397590560432,50,0.0002589226777656599,5.178453555313198e-05,8.000006954139405,10.000002064136062,False,False,Good,0.0004000003477069702,#1b5e20
7,0,3.8682120014372976,11.50345051135981,605.7481436301811,459,5369.957136261384,4124.158077495798,152.2261869377324,174.38929734390504,True,True,Very Unhealthy,0.06987181980441917,#6a1b9a
7,1,3.8682120014372976,11.50615153407943,605.929221483576,443,5501.401276929115,4303.592484102571,155.756510685719,181.54156829645754,True,True,Very Unhealthy,0.06900013423377352,#6a1b9a
7,2,3.8682120014372976,11.508852556799049,606.0483541113119,50,5539.539350324845,4426.598151512374,156.78082219574475,186.44458482852357,True,True,Very Unhealthy,0.007839041109787238,#6a1b9a
7,3,3.8682120014372976,11.511553579518669,606.1247096051309,50,5490.678014433449,4494.1436075512465,155.46850554488856,189.1369525429411,True,True,Very Unhealthy,0.0077734252772444275,#6a1b9a
7,4,3.8682120014372976,11.514254602238289,606.1851535890412,50,1836.9642584203823,2018.2068873081198,57.33714437752917,90.44590092450198,True,True,Unhealthy,0.002866857218876458,#b71c1c
7,5,3.8682120014372976,11.516955624957907,606.2615644970208,396,2071.2171518144105,2281.8958092338416,63.62870327382113,100.95656413823167,True,True,Unhealthy,0.025196966496433167,#b71c1c
7,6,3.8682120014372976,11.519656647677527,606.3856530805358,357,2280.8112124625854,2516.7504854636736,69.2579757996588,110.31789182691112,True,True,Unhealthy,0.02472509736047819,#b71c1c
7,7,3.8682120014372976,11.522357670397147,606.5852103836281,57,2453.2560137702035,2707.3010388821735,73.88949436093135,117.91325335194261,True,True,Unhealthy,0.004211701178573088,#b71c1c
7,8,3.8682120014372976,11.525058693116765,606.8773254646538,652,2578.314291700117,2840.348803395822,77.24830675238144,123.2165487423212,True,True,Unhealthy,0.050365896002552694,#b71c1c
7,9,3.8682120014372976,11.527759715836385,607.2675445822265,429,2649.069946243981,2906.4566010307385,79.1486605168902,125.85161126852671,True,True,Unhealthy,0.0339547753617459,#b71c1c
7,10,3.8682120014372976,11.530460738556005,607.7422354581147,637,2662.5786849889646,2901.0384834640595,79.51147791563082,125.63564463413091,True,True,Unhealthy,0.05064881143225683,#b71c1c
7,11,3.8682120014372976,11.533161761275624,608.2759794172455,461,2620.0032933494604,2824.8698646894236,78.36798901288302,122.59955690792493,True,True,Unhealthy,0.036127642934939065,#b71c1c
7,12,3.8682120014372976,11.535862783995244,608.8313998878793,368,2526.232061954426,2683.9352219646184,75.84948340745888,116.98188987053224,True,True,Unhealthy,0.027912609893944867,#b71c1c
7,13,3.8682120014372976,11.538563806714864,609.3671961358962,50,2389.0739260859655,2488.6446679437863,72.16569330600421,109.19759151190094,True,True,Unhealthy,0.0036082846653002106,#b71c1c
7,14,3.8682120014372976,11.541264829434482,609.8416837929881,684,2218.1943513759234,2252.5574494005723,67.57621356517913,99.7871345801042,True,True,Unhealthy,0.04622213007858252,#b71c1c
7,15,3.8682120014372976,11.543965852154102,610.2224944975546,809,2023.986157322611,1990.8266064069855,62.36017429528783,89.35452056181006,True,True,Unhealthy,0.05044938100488785,#b71c1c
7,16,3.8682120014372976,11.54666687487372,610.4888565710503,437,1816.5551890194847,1718.6096018722803,56.7889980545795,78.5039272383614,True,True,Unhealthy,0.02481679214985124,#b71c1c
7,17,3.8682120014372976,11.54936789759334,610.6311597221916,652,1604.9501222501021,1449.671425418805,51.10571397196205,67.78402828555919,True,True,Unhealthy for Sensitive,0.033320925509719254,#ef6c00
7,18,3.8682120014372976,11.55206892031296,610.6528319871013,936,1396.6956857959049,1195.347999135008,45.512421042334246,57.64667453740368,True,True,Unhealthy for Sensitive,0.04259962609562485,#ef6c00
7,19,3.8682120014372976,11.554769943032579,610.570262004968,507,1197.6191937800147,963.9556974485484,40.16562913621089,48.42335739721224,True,True,Unhealthy for Sensitive,0.02036397397205892,#ef6c00
7,20,3.8682120014372976,11.557470965752199,610.4038290746486,745,1011.9083079662141,760.6476840810371,35.177810378238334,40.31948241622117,True,True,Unhealthy for Sensitive,0.02620746873178756,#ef6c00
7,21,3.8682120014372976,11.560171988471819,610.1829214379846,159,842.3125913919644,587.6474859245423,30.62281247009753,33.423679568486726,True,True,Moderate,0.004869027182745507,#f9a825
7,22,3.8682120014372976,11.562873011191437,609.9373383546769,524,591.9155239439144,389.34714267913535,23.8976537133248,25.51941075128331,True,True,Moderate,0.012522370545782197,#f9a825
7,23,3.8682120014372976,11.565574033911057,609.6927066746127,342,490.3821226432597,292.5628310327605,21.170671924675524,21.66157972577571,True,False,Moderate,0.0072403697982390295,#f9a825
7,24,3.8682120014372976,11.568275056630677,609.474428724557,671,397.8936552590737,215.5330083789923,18.68661876595275,18.591164338529563,True,False,Moderate,0.012538721191954295,#f9a825
7,25,3.8682120014372976,11.570976079350295,609.3027505283512,1137,315.95999843647684,155.74535763631474,16.48604646983663,16.20802341358242,True,False,Moderate,0.018744634836204248,#f9a825
7,26,3.8682120014372976,11.573677102069915,609.1944002920428,664,245.3686669455957,110.42987092038665,14.590106090156905,14.401744197303744,False,False,Moderate,0.009687830443864185,#f9a825
7,27,3.8682120014372976,11.576378124789535,609.1635867054327,957,186.22490731246322,76.85111919951191,13.001624335722045,13.063292252117446,False,False,Moderate,0.012442554489285999,#f9a825
7,28,3.8682120014372976,11.579079147509153,609.2210685453207,1178,138.04556050602665,52.502217335839184,11.707624532237446,12.092742919804918,False,False,Good,0.013791581698975711,#1b5e20
7,29,3.8682120014372976,11.581780170228773,609.3742521688488,660,99.89276620026844,35.21145256159078,10.68291764834412,11.403531541781463,False,False,Good,0.007050725647907119,#1b5e20
7,30,3.8682120014372976,11.584481192948394,609.6283411560559,1181,70.52779756563358,23.1806126171455,9.894233986956817,10.923981221992257,False,False,Good,0.011685090338596,#1b5e20
7,31,3.8682120014372976,11.587182215668012,609.9831941510378,300,48.56406853905146,14.976093418408881,9.304332651051007,10.596948377765335,False,False,Good,0.002791299795315302,#1b5e20
7,32,3.8682120014372976,11.589883238387632,610.4306453133888,694,32.60141111579189,9.491834130478292,8.875607960121192,10.378345328645034,False,False,Good,0.006159671924324107,#1b5e20
7,33,3.8682120014372976,11.592584261107252,610.9524063116663,344,21.32969937120916,5.8990295608649355,8.572872581806006,10.235135828040407,False,False,Good,0.002949068168141266,#1b5e20
7,34,3.8682120014372976,11.59528528382687,611.5183187990175,848,13.596917349191887,3.592994555343071,8.365185697691944,10.143217073452231,False,False,Good,0.007093677471642768,#1b5e20
7,35,3.8682120014372976,11.59798630654649,612.0864695180655,621,8.170466855795098,1.6340933711839114,8.21944221344993,10.065135102979944,False,False,Good,0.005104273614552407,#1b5e20
7,36,3.8682120014372976,11.60068732926611,612.6047037909848,187,4.967767439944346,0.9935534879958019,8.133424185198509,10.039603127886018,False,False,Good,0.0015209503226321212,#1b5e20
7,37,3.8682120014372976,11.603388351985728,613.015159119892,610,2.9385974104369015,0.5877194820873802,8.078924782581687,10.023426549341758,False,False,Good,0.004928144117374829,#1b5e20
7,38,3.8682120014372976,11.606089374705348,613.2589057549668,550,1.6911548569215946,0.3382309713843189,8.045420998780045,10.013481915746445,False,False,Good,0.0044249815493290255,#1b5e20
7,39,3.8682120014372976,11.608790397424968,613.285009093776,215,0.9468716500150002,0.18937433000300002,8.025431057294469,10.00754847715805,False,False,Good,0.0017254676773183107,#1b5e20
7,40,3.8682120014372976,11.611491420144587,613.0574699892773,534,0.5157785785147294,0.10315571570294589,8.013852769360303,10.004111795741766,False,False,Good,0.0042793973788384015,#1b5e20
7,41,3.8682120014372976,11.614192442864207,612.5589433616408,1281,0.2733379537785701,0.05466759075571403,8.007341304561379,10.002179054891434,False,False,Good,0.010257404211143127,#1b5e20
7,42,3.8682120014372976,11.616893465583825,611.8006471609327,475,0.14092921335244793,0.028185842670489587,8.003785073614965,10.001123490124428,False,False,Good,0.003801797909967108,#1b5e20
7,43,3.8682120014372976,11.619594488303445,610.8187093755012,627,0.07069139750704835,0.014138279501409669,8.001898627950471,10.000563553042637,False,False,Good,0.005017190439724945,#1b5e20
7,44,3.8682120014372976,11.622295511023065,609.676839109845,671,0.034498209700655535,0.006899641940131106,8.00092655213348,10.000275020323942,False,False,Good,0.0053686217164815656,#1b5e20
7,45,3.8682120014372976,11.624996533742683,608.459716965553,639,0.01637913637566354,0.0032758272751327085,8.000439910473185,10.000130574758256,False,False,Good,0.0051122811027923655,#1b5e20
7,46,3.8682120014372976,11.627697556462303,607.2656086585007,487,0.007565713492897712,0.0015131426985795424,8.00020319976135,10.000060313998718,False,False,Good,0.0038960989582837776,#1b5e20
7,47,3.8682120014372976,11.630398579181923,606.1945244719606,50,0.0033999555063043865,0.0006799911012608773,8.000091315927854,10.000027104504055,False,False,Good,0.0004000045657963927,#1b5e20
7,48,3.8682120014372976,11.633099601901542,605.3348690221862,71,0.0014864866979345983,0.00029729733958691964,8.000039924026009,10.000011850297646,False,False,Good,0.0005680028346058466,#1b5e20
7,49,3.8682120014372976,11.635800624621162,604.7536802437037,118,0.0006322855715454854,0.00012645711430909709,8.000016981911536,10.000005040591503,False,False,Good,0.0009440020038655612,#1b5e20
8,0,3.870906934962271,11.50345051135981,605.8163248949976,50,5304.5963090457935,4050.7449161538166,150.4707273232142,171.46304238906805,True,True,Very Unhealthy,0.00752353636616071,#6a1b9a
8,1,3.870906934962271,11.50615153407943,606.0299336958399,970,5528.201051425942,4295.63611012432,156.4762984211495,181.22442654216178,True,True,Very Unhealthy,0.151782009468515,#6a1b9a
8,2,3.870906934962271,11.508852556799049,606.1963538199925,302,5659.398629627001,4487.90526417,160.0,188.88829163669965,True,True,Very Unhealthy,0.04832,#6a1b9a
8,3,3.870906934962271,11.511553579518669,606.3335088660272,1180,1504.9170278517663,1664.9249713290449,48.419027392057856,76.36405322593549,True,True,Unhealthy for Sensitive,0.05713445232262827,#ef6c00
8,4,3.870906934962271,11.514254602238289,606.4661546939952,50,1770.1551442079353,1967.4386138371199,55.54278670370664,88.42227315698236,True,True,Unhealthy,0.0027771393351853323,#b71c1c
8,5,3.870906934962271,11.516955624957907,606.6226668093608,479,2035.8654442796114,2270.24977340123,62.6792279148741,100.49235214359169,True,True,Unhealthy,0.030023350171224695,#b71c1c
8,6,3.870906934962271,11.519656647677527,606.8309407646227,266,2287.828054204032,2556.426402662134,69.44643397595979,111.89937731489954,True,True,Unhealthy,0.018472751437605305,#b71c1c
8,7,3.870906934962271,11.522357670397147,607.1144615176928,609,2511.590237016966,2808.2491304683394,75.456233605467,121.937053005649,True,True,Unhealthy,0.04595284626572941,#b71c1c
8,8,3.870906934962271,11.525058693116765,607.4868688176836,152,2693.9223542036725,3008.9688263932444,80.35330547230703,129.93775742971724,True,True,Unhealthy,0.012213702431790669,#b71c1c
8,9,3.870906934962271,11.527759715836385,607.9513461379217,932,2824.197106112779,3144.6119576188303,83.85222180354437,135.3445043615033,True,True,Unhealthy,0.07815027072090336,#b71c1c
8,10,3.870906934962271,11.530460738556005,608.4936680295374,188,2895.4726675449388,3205.562260214408,85.76653921546387,137.7739886897736,True,True,Unhealthy,0.016124109372507207,#b71c1c
8,11,3.870906934962271,11.533161761275624,609.0894004141034,436,2905.106440201257,3187.6659289998543,86.02528286290631,137.06063938111166,True,True,Unhealthy,0.037507023328227154,#b71c1c
8,12,3.870906934962271,11.535862783995244,609.7033429142002,761,2854.811553425387,3092.6787400286394,84.67446393491781,133.2744418207281,True,True,Unhealthy,0.06443726705447245,#b71c1c
8,13,3.870906934962271,11.538563806714864,610.2971028089272,682,2750.173070061312,2927.9838005825086,81.86408592265406,126.70968730285911,True,True,Unhealthy,0.05583130659925006,#b71c1c
8,14,3.870906934962271,11.541264829434482,610.831402712713,1341,2599.7394150016826,2705.6342287719763,77.8237422279441,117.8468141569185,True,True,Unhealthy,0.10436163832767303,#b71c1c
8,15,3.870906934962271,11.543965852154102,611.2758242723605,440,2413.8729785727533,2440.888192145222,72.83174569507938,107.29401425985873,True,True,Unhealthy,0.032045968105834925,#b71c1c
8,16,3.870906934962271,11.54666687487372,611.6103360007478,625,2203.56719986196,2150.4799956949287,67.18335786166263,95.71831845472549,True,True,Unhealthy,0.04198959866353914,#b71c1c
8,17,3.870906934962271,11.54936789759334,611.8249973186405,50,1979.413777223516,1850.8957266811594,61.16305032179792,83.77686360429338,True,True,Unhealthy,0.003058152516089896,#b71c1c
8,18,3.870906934962271,11.55206892031296,611.9216686528704,784,1750.8438864641432,1556.893911230664,55.024125381337505,72.05792583528188,True,True,Unhealthy,0.0431389142989686,#b71c1c
8,19,3.870906934962271,11.554769943032579,611.9141314964457,800,1525.6908866470312,1280.441858507554,48.976971220285485,61.038523125086286,True,True,Unhealthy for Sensitive,0.039181576976228386,#ef6c00
8,20,3.870906934962271,11.557470965752199,611.8190734962633,854,1310.0503894859821,1030.146513266736,43.185303639760285,51.061729035376686,True,True,Unhealthy for Sensitive,0.03688024930835528,#ef6c00
8,21,3.870906934962271,11.560171988471819,611.6613169277036,356,908.4922004834056,698.7392046372914,32.40026290966164,37.85180507598534,True,True,Moderate,0.011534493595839544,#f9a825
8,22,3.870906934962271,11.562873011191437,611.4656017767248,934,781.8187283779213,545.7534875659419,28.998069669687908,31.75378117378727,True,True,Moderate,0.027084197071488507,#f9a825
8,23,3.870906934962271,11.565574033911057,611.2529016936907,984,659.7703655338703,417.60397127408896,25.7200975093281,26.64573038079473,True,True,Moderate,0.02530857594917885,#f9a825
8,24,3.870906934962271,11.568275056630677,611.0444355709592,820,545.5709833813121,313.21330509875537,22.652933094310935,22.484709406485887,True,False,Moderate,0.01857540513733497,#f9a825
8,25,3.870906934962271,11.570976079350295,610.8572714912333,633,441.7223699258594,230.37254097647073,19.863769390133207,19.182669390172176,True,False,Moderate,0.01257376602395432,#f9a825
8,26,3.870906934962271,11.573677102069915,610.7065372998383,1618,349.91633284229073,166.233753023158,17.39804492894215,16.62609176002057,True,False,Moderate,0.028150036695028396,#f9a825
8,27,3.870906934962271,11.576378124789535,610.6066667182629,852,271.0129592089951,117.72079804235845,15.278859909976383,14.692361182405907,True,False,Moderate,0.013017588643299877,#f9a825
8,28,3.870906934962271,11.579079147509153,610.5701082259505,663,205.08982065764266,81.83412683057232,13.508297750359436,13.261915366880961,False,False,Moderate,0.008956001408488306,#f9a825
8,29,3.870906934962271,11.581780170228773,610.6077349529652,1055,151.55474151619447,55.8484393315887,12.070453809326352,12.226123617707747,False,False,Moderate,0.012734328768839301,#f9a825
8,30,3.870906934962271,11.584481192948394,610.7296527583383,496,109.30416158530717,37.417307592642715,10.935688692079585,11.491457113930561,False,False,Good,0.005424101591271475,#1b5e20
8,31,3.870906934962271,11.587182215668012,610.9416918723955,1087,76.90293670018403,24.606456513336276,10.065457329200079,10.980815482903814,False,False,Good,0.010941152116840484,#1b5e20
8,32,3.870906934962271,11.589883238387632,611.2427698821882,723,52.76077842067061,15.878681774841084,9.417047789840966,10.632925627646788,False,False,Good,0.006808525552055018,#1b5e20
8,33,3.870906934962271,11.592584261107252,611.6222126686158,879,35.28484888066913,10.050615652336987,8.947679670731233,10.400618408391503,False,False,Good,0.007865010430572753,#1b5e20
8,34,3.870906934962271,11.59528528382687,612.057617831706,641,22.015171887996132,4.403034377898151,8.591282987110587,10.175505330776078,False,False,Good,0.005507012394737886,#1b5e20
8,35,3.870906934962271,11.59798630654649,612.5142221617423,990,14.077883968634728,2.8155767938145053,8.378103488245271,10.112229134299822,False,False,Good,0.008294322453362818,#1b5e20
8,36,3.870906934962271,11.60068732926611,612.9454947050183,838,8.758245868705536,1.7516491737411073,8.235228768843763,10.069820887428053,False,False,Good,0.006901121708291074,#1b5e20
8,37,3.870906934962271,11.603388351985728,613.2972240784659,471,5.301043099384148,1.0602086198768295,8.142375295298732,10.042260007202568,False,False,Good,0.003835058764085703,#1b5e20
8,38,3.870906934962271,11.606089374705348,613.5120883384694,1191,3.1215477904799402,0.6243095580959881,8.083838459738296,10.024885032933268,False,False,Good,0.009627851605548311,#1b5e20
8,39,3.870906934962271,11.608790397424968,613.5386003501291,702,1.7883111822810673,0.3576622364562135,8.04803042116237,10.014256447651295,False,False,Good,0.005649717355655984,#1b5e20
8,40,3.870906934962271,11.611491420144587,613.3381745836554,50,0.9967371533257019,0.19934743066514038,8.02677034385109,10.007946005812235,False,False,Good,0.00040133851719255457,#1b5e20
8,41,3.870906934962271,11.614192442864207,612.8897356583209,95,0.5404837639275837,0.10809675278551673,8.014516300669635,10.00430874590684,False,False,Good,0.0007613790485636153,#1b5e20
8,42,3.870906934962271,11.616893465583825,612.199731714332,377,0.28513406693908594,0.05702681338781719,8.007658124301026,10.002273093709414,False,False,Good,0.0030188871128614863,#1b5e20
8,43,3.870906934962271,11.619594488303445,611.2989253188283,370,0.1463457166137495,0.029269143322749904,8.003930549936673,10.001166670582037,False,False,Good,0.002961454303476569,#1b5e20
8,44,3.870906934962271,11.622295511023065,610.2446113043375,607,0.07307610202007314,0.014615220404014629,8.00196267629018,10.000582563948228,False,False,Good,0.004857191344508139,#1b5e20
8,45,3.870906934962271,11.624996533742683,609.1144053043552,715,0.035500558217927275,0.007100111643585456,8.000953473187218,10.000283011063646,False,False,Good,0.005720681733328861,#1b5e20
8,46,3.870906934962271,11.627697556462303,607.9992727815511,881,0.016778743750653972,0.0033557487501307943,8.000450643118997,10.000133760435157,False,False,Good,0.007048397016587837,#1b5e20
8,47,3.870906934962271,11.630398579181923,606.9912565232337,50,0.007715217106335061,0.0015430434212670122,8.000207215126007,10.000061505844108,False,False,Good,0.0004000103607563004,#1b5e20
8,48,3.870906934962271,11.633099601901542,606.1720257233761,485,0.0034514478248856995,0.0006902895649771399,8.000092698907379,10.000027515001708,False,False,Good,0.0038800449589700787,#1b5e20
8,49,3.870906934962271,11.635800624621162,605.6031773176608,50,0.0015021694464714419,0.00030043388929428834,8.000040345232915,10.000011975320788,False,False,Good,0.0004000020172616457,#1b5e20
9,0,3.8736018684872437,11.50345051135981,605.972226145737,50,5122.26696438424,3890.5271757897576,145.57372992079183,165.0767494134922,True,True,Unhealthy,0.007278686496039592,#b71c1c
9,1,3.8736018684872437,11.50615153407943,606.2119577319148,50,5429.2769400277975,4191.8259397089405,153.819396881505,177.08654417900627,True,True,Very Unhealthy,0.007690969844075251,#6a1b9a
9,2,3.8736018684872437,11.508852556799049,606.4128242822683,777,1144.1895062366855,1266.8881407049166,38.73061580032906,60.4982707622753,True,True,Unhealthy for Sensitive,0.03009368847685568,#ef6c00
9,3,3.8736018684872437,11.511553579518669,606.5923000686134,50,1393.4625402729816,1556.265450441606,45.42558529322981,72.03287533392374,True,True,Unhealthy for Sensitive,0.0022712792646614904,#ef6c00
9,4,3.8736018684872437,11.514254602238289,606.7741399661553,145,1666.9207024023192,1872.9693762339036,52.77011840776654,84.6567211828842,True,True,Unhealthy for Sensitive,0.007651667169126148,#ef6c00
9,5,3.8736018684872437,11.516955624957907,606.9845442141683,345,1953.2478338705819,2203.9201395397245,60.46028600885039,97.8484472062251,True,True,Unhealthy,0.020858798673053385,#b71c1c
9,6,3.8736018684872437,11.519656647677527,607.2489276686207,951,2238.530024242821,2532.597026136369,68.12238860568378,110.94953630744902,True,True,Unhealthy,0.06478439156400527,#b71c1c
9,7,3.8736018684872437,11.522357670397147,607.587805630265,328,2507.388945589416,2840.2445244630044,75.34339541562038,123.21239217504818,True,True,Unhealthy,0.024712633696323483,#b71c1c
9,8,3.8736018684872437,11.525058693116765,608.012604956176,506,2744.421249529367,3107.5431736988403,81.70960365729836,133.86693943128117,True,True,Unhealthy,0.04134505945059297,#b71c1c
9,9,3.8736018684872437,11.527759715836385,608.5252495589372,525,2935.7504837121623,3316.552437225104,86.84831988830216,142.198066736254,True,True,Unhealthy,0.045595367941358635,#b71c1c
9,10,3.8736018684872437,11.530460738556005,609.1119113052532,706,3070.4571651423157,3452.6580759952167,90.46626888206879,147.62324925873094,True,True,Unhealthy,0.06386918583074057,#b71c1c
9,11,3.8736018684872437,11.533161761275624,609.7500015104265,1021,3141.6595616791265,3506.2282736086117,92.3786212328889,149.75856196468507,True,True,Unhealthy,0.09431857227877957,#b71c1c
9,12,3.8736018684872437,11.535862783995244,610.4071253362064,288,3147.0748843423507,3473.712662816015,92.5240658461206,148.46248690876757,True,True,Unhealthy,0.026646930963682734,#b71c1c
9,13,3.8736018684872437,11.538563806714864,611.04826453903,626,3088.9865553194363,3358.003956869564,90.96393082307046,143.85032789117255,True,True,Unhealthy,0.05694342069524211,#b71c1c
9,14,3.8736018684872437,11.541264829434482,611.6367764704654,1064,2973.65521381418,3168.006364356092,87.86636426943925,136.27700743559768,True,True,Unhealthy,0.09348981158268335,#b71c1c
9,15,3.8736018684872437,11.543965852154102,612.1441093064446,766,2810.311506496681,2917.491333754934,83.47928268407719,126.2914566684416,True,True,Unhealthy,0.06394513053600312,#b71c1c
9,16,3.8736018684872437,11.54666687487372,612.5506192858197,1247,2609.933233770101,2623.439260711969,78.09752758115957,114.5705156274514,True,True,Unhealthy,0.09738761689370598,#b71c1c
9,17,3.8736018684872437,11.54936789759334,612.8455105029448,1292,2384.0244592608146,2304.1403978512917,72.03007484057134,101.84323536271279,True,True,Unhealthy,0.09306285669401818,#b71c1c
9,18,3.8736018684872437,11.55206892031296,613.0284278033873,1196,2143.5803972968315,1977.3456478520677,65.5722336792863,88.81716838890041,True,True,Unhealthy,0.07842439148042642,#b71c1c
9,19,3.8736018684872437,11.554769943032579,613.1098216446354,744,1898.3531537857996,1658.7190019206566,58.98592593652644,76.11668274904966,True,True,Unhealthy,0.043885528896775675,#b71c1c
9,20,3.8736018684872437,11.557470965752199,613.1021307564394,902,1289.747612986812,1154.4911071097008,42.64001212915375,56.01811529076727,True,True,Unhealthy for Sensitive,0.03846129094049668,#ef6c00
9,21,3.8736018684872437,11.560171988471819,613.0250960653586,705,1150.5983405200952,938.3586270723772,38.90274412611595,47.40305596013534,True,True,Unhealthy for Sensitive,0.027426434608911743,#ef6c00
9,22,3.8736018684872437,11.562873011191437,612.8980203899783,959,1007.768423457911,746.6157306426908,35.06662145403571,39.760167539645735,True,True,Unhealthy for Sensitive,0.03362888997442025,#ef6c00
9,23,3.8736018684872437,11.565574033911057,612.7369285646735,798,865.9919736053482,581.8329459815307,31.258792780371515,33.19191150391483,True,True,Moderate,0.02494451663873647,#f9a825
9,24,3.8736018684872437,11.568275056630677,612.5584797896405,1046,729.5531894359427,444.3211249580886,27.594323010530175,27.710678435309813,True,True,Moderate,0.028863661869014564,#f9a825
9,25,3.8736018684872437,11.570976079350295,612.3761246492355,950,602.0801016405134,332.6674150673073,24.17065371049674,23.260151910892308,True,False,Moderate,0.022962121024971905,#f9a825
9,26,3.8736018684872437,11.573677102069915,612.202788041772,856,486.3770803379322,244.30782285307782,21.06310458930125,19.738130929943146,True,False,Moderate,0.01803001752844187,#f9a825
9,27,3.8736018684872437,11.576378124789535,612.052335676209,964,384.3207084650628,176.054914808092,18.32207686888804,17.017564117429927,True,False,Moderate,0.017662482101608073,#f9a825
9,28,3.8736018684872437,11.579079147509153,611.938087506601,914,296.8362305680999,124.5294892873651,15.972420746287824,14.963756203781486,True,False,Moderate,0.014598792562107072,#f9a825
9,29,3.8736018684872437,11.581780170228773,611.8736066677994,707,223.95863861722376,86.47477299586593,14.01507603504184,13.446891924035029,False,False,Moderate,0.009908658756774581,#f9a825
9,30,3.8736018684872437,11.584481192948394,611.8732892650762,1320,164.9677055124576,58.955351120108816,12.430698892038675,12.349965390071246,False,False,Moderate,0.01640852253749105,#f9a825
9,31,3.8736018684872437,11.587182215668012,611.9485941228863,639,118.5742135746343,39.458202579004386,11.18466353809968,11.572807364443852,False,False,Good,0.0071470000008456965,#1b5e20
9,32,3.8736018684872437,11.589883238387632,612.1055194249622,997,83.12824268733402,25.92008358434989,10.232656456169718,11.033176771466977,False,False,Good,0.010201958486801208,#1b5e20
9,33,3.8736018684872437,11.592584261107252,612.3413644836718,652,53.62823154159715,10.72564631156476,9.440345826082941,10.427525188798773,False,False,Good,0.006155105478606078,#1b5e20
9,34,3.8736018684872437,11.59528528382687,612.6420929552929,900,36.066972868465335,7.2133945746928445,8.968685939051452,10.287526531067916,False,False,Good,0.008071817345146308,#1b5e20
9,35,3.8736018684872437,11.59798630654649,612.9809607357786,746,23.598823998511936,4.7197647997023875,8.633816679566575,10.188130232758365,False,False,Good,0.006440827242956665,#1b5e20
9,36,3.8736018684872437,11.60068732926611,613.3180144536835,823,15.022267122650627,3.0044534245301255,8.403467709570652,10.11975777312127,False,False,Good,0.0069160539249766475,#1b5e20
9,37,3.8736018684872437,11.603388351985728,613.6035912852518,565,9.303471894604483,1.8606943789208965,8.249872437077839,10.074167438729287,False,False,Good,0.004661177926948979,#1b5e20
9,38,3.8736018684872437,11.606089374705348,613.782742487046,433,5.605560839497552,1.1211121678995104,8.150554025854118,10.044687627889523,False,False,Good,0.003529189893194833,#1b5e20
9,39,3.8736018684872437,11.608790397424968,613.8039015698157,802,3.2859242072361785,0.6571848414472358,8.088253277810335,10.026195444568453,False,False,Good,0.006486779128803888,#1b5e20
9,40,3.8736018684872437,11.611491420144587,613.62609640442,948,1.8739606358917207,0.37479212717834415,8.050330792244319,10.0149392465757,False,False,Good,0.0076317135910476145,#1b5e20
9,41,3.8736018684872437,11.614192442864207,613.2245063793523,303,1.0397473851117627,0.20794947702235247,8.02792551168063,10.008288884123349,False,False,Good,0.0024324614300392307,#1b5e20
9,42,3.8736018684872437,11.616893465583825,612.6005514712942,620,0.5612542730740683,0.11225085461481367,8.015074154533073,10.004474328764717,False,False,Good,0.004969345975810505,#1b5e20
9,43,3.8736018684872437,11.619594488303445,611.7792953831175,50,0.29475143963144285,0.05895028792628857,8.007916427478609,10.002349763570727,False,False,Good,0.00040039582137393046,#1b5e20
9,44,3.8736018684872437,11.622295511023065,610.811310712601,745,0.1505971178027396,0.03011942356054792,8.004044733973355,10.00120056282579,False,False,Good,0.00596301332681015,#1b5e20
9,45,3.8736018684872437,11.624996533742683,609.7668877053558,63,0.07485862336365276,0.01497172467273055,8.002010551207986,10.000596774239185,False,False,Good,0.0005041266647261031,#1b5e20
9,46,3.8736018684872437,11.627697556462303,608.7295566694094,579,0.03620190822633596,0.007240381645267192,8.000972310029832,10.000288602238033,False,False,Good,0.004632562967507272,#1b5e20
9,47,3.8736018684872437,11.630398579181923,607.7834231625059,612,0.01703278014547411,0.0034065560290948214,8.000457466022725,10.000135785617685,False,False,Good,0.004896279969205908,#1b5e20
9,48,3.8736018684872437,11.633099601901542,607.0035420607832,767,0.007796578736087158,0.0015593157472174315,8.000209400334812,10.000062154460426,False,False,Good,0.006136160610056802,#1b5e20
9,49,3.8736018684872437,11.635800624621162,606.4461474464102,411,0.003472058615017703,0.0006944117230035406,8.000093252471512,10.000027679311284,False,False,Good,0.003288038326765791,#1b5e20
10,0,3.8762968020122166,11.50345051135981,606.265991084616,50,4840.3873151353555,3658.0085247008565,138.0030126962562,155.80853588878983,True,True,Unhealthy,0.006900150634812811,#b71c1c
10,1,3.8762968020122166,11.50615153407943,606.5243992753965,50,836.9849334724017,911.6058893061104,30.47972235456225,46.33668952102621,True,True,Moderate,0.0015239861177281126,#f9a825
10,2,3.8762968020122166,11.508852556799049,606.744993039801,363,1032.95851389558,1146.6179880301593,35.74317633152417,55.704292083928266,True,True,Unhealthy for Sensitive,0.012974773008343272,#ef6c00
10,3,3.8762968020122166,11.511553579518669,606.9457521606893,145,1268.2196241779109,1425.983609632195,42.0618138941288,66.83982990140386,True,True,Unhealthy for Sensitive,0.006098963014648675,#ef6c00
10,4,3.8762968020122166,11.514254602238289,607.1507399584427,237,1537.4782059220001,1743.779719164044,49.29355477395421,79.50721028860013,True,True,Unhealthy for Sensitive,0.011682572481427149,#ef6c00
10,5,3.8762968020122166,11.516955624957907,607.3855449135611,196,1831.6543880181073,2089.511577989472,57.19453199872966,93.28811205661005,True,True,Unhealthy,0.011210128271751014,#b71c1c
10,6,3.8762968020122166,11.519656647677527,607.6746187286528,528,2138.2278200241076,2448.32144509684,65.42847428032917,107.59030436482918,True,True,Unhealthy,0.034546234420013804,#b71c1c
10,7,3.8762968020122166,11.522357670397147,608.0369885870164,226,2442.069984918614,2801.7968577960037,73.5890602518123,121.67986485937877,True,True,Unhealthy,0.01663112761690958,#b71c1c
10,8,3.8762968020122166,11.525058693116765,608.4831435534427,50,2726.70856501653,3129.3704430200632,81.23387677849946,134.73697627255345,True,True,Unhealthy,0.004061693838924973,#b71c1c
10,9,3.8762968020122166,11.527759715836385,609.0148150824821,966,2975.883275181807,3410.1929434065305,87.92620549110305,145.93058540426767,True,True,Unhealthy,0.08493671450440556,#b71c1c
10,10,3.8762968020122166,11.530460738556005,609.6194627589178,394,3175.1794653095935,3625.2559830355954,93.27889804413144,154.50301674781437,True,True,Unhealthy,0.036751885829387786,#b71c1c
10,11,3.8762968020122166,11.533161761275624,610.2770573072887,967,3313.4908259326994,3759.4673274719316,96.9936614298832,159.85269253445804,True,True,Unhealthy,0.09379287060269706,#b71c1c
10,12,3.8762968020122166,11.535862783995244,610.9585310709483,744,3384.0792292102415,3803.3606787265426,98.88952316367549,161.60228530835965,True,True,Unhealthy,0.07357380523377456,#b71c1c
10,13,3.8762968020122166,11.538563806714864,611.6326344134466,1588,3385.0682726490654,3754.1646042708385,98.91608686991705,159.64132552944588,True,True,Unhealthy,0.15707874594942828,#b71c1c
10,14,3.8762968020122166,11.541264829434482,612.2656106143722,638,3319.3129993073308,3616.0558159371376,97.15003323029167,154.13629729226906,True,True,Unhealthy,0.061981721200926085,#b71c1c
10,15,3.8762968020122166,11.543965852154102,612.8307677882799,904,3193.7059789726472,3399.5604687542873,93.77648272778355,145.50677404586054,True,True,Unhealthy,0.08477394038591633,#b71c1c
10,16,3.8762968020122166,11.54666687487372,613.308652005533,1385,3018.080191127218,3120.2131701390817,89.05952930224535,134.37196658422334,True,True,Unhealthy,0.12334744808360981,#b71c1c
10,17,3.8762968020122166,11.54936789759334,613.6872575389857,1144,2803.92783636231,2796.7047212475286,83.30783021643428,121.47689185653711,True,True,Unhealthy,0.09530415776760082,#b71c1c
10,18,3.8762968020122166,11.55206892031296,613.9635717147354,866,2563.1595380287,2448.820685016158,76.84128072208975,107.61020411115331,True,True,Unhealthy,0.06654454910532971,#b71c1c
10,19,3.8762968020122166,11.554769943032579,614.1441758149818,919,1698.843667748481,1753.346179828598,53.62750468679887,79.88853023734202,True,True,Unhealthy for Sensitive,0.049283676807168164,#ef6c00
10,20,3.8762968020122166,11.557470965752199,614.2368775555989,960,1568.3597400935596,1484.6330043036796,50.12297031812599,69.17759984099477,True,True,Unhealthy for Sensitive,0.048118051505400945,#ef6c00
10,21,3.8762968020122166,11.560171988471819,614.2559853033795,1089,1422.9220423414686,1229.711840023248,46.21680793143883,59.01642020464194,True,True,Unhealthy for Sensitive,0.05033010383733689,#ef6c00
10,22,3.8762968020122166,11.562873011191437,614.2151119567251,1052,1268.0199056038994,996.8441054867109,42.056449857199,49.73429218355196,True,True,Unhealthy for Sensitive,0.044243385249773344,#ef6c00
10,23,3.8762968020122166,11.565574033911057,614.1250933918878,788,1109.1686561976799,791.2432062145081,37.790026604497896,41.53902257226804,True,True,Unhealthy for Sensitive,0.029778540964344343,#ef6c00
10,24,3.8762968020122166,11.568275056630677,613.9976474626818,1095,951.6533886834392,615.2859809872697,33.55948512314221,34.525352369972445,True,True,Moderate,0.03674763620984072,#f9a825
10,25,3.8762968020122166,11.570976079350295,613.8421163877615,1040,800.2663407735962,468.9772893893081,29.49353522489079,28.69347528011579,True,True,Moderate,0.030673276633886422,#f9a825
10,26,3.8762968020122166,11.573677102069915,613.668488847148,1073,659.0609457605962,350.54684014940426,25.70104392915208,23.972827339653662,True,False,Moderate,0.02757722013598018,#f9a825
10,27,3.8762968020122166,11.576378124789535,613.4891089257214,1243,531.1537855854842,257.06833348427904,22.26571632299291,20.246765986358422,True,False,Moderate,0.027676285389480186,#f9a825
10,28,3.8762968020122166,11.579079147509153,613.3171754298897,1046,418.604313672065,185.0180080386491,19.242865159747097,17.374833788114778,True,False,Moderate,0.020128036957095464,#f9a825
10,29,3.8762968020122166,11.581780170228773,613.1679721771702,1037,322.39153275973,130.7230490924988,16.658784472778635,15.210632032809265,True,False,Moderate,0.017275159498271447,#f9a825
10,30,3.8762968020122166,11.584481192948394,613.0593709576082,1480,242.49020324672017,90.68170438236625,14.512796377436082,13.614580572628423,False,False,Moderate,0.021478938638605404,#f9a825
10,31,3.8762968020122166,11.587182215668012,613.007912670853,614,178.0317149565963,61.76101610314853,12.781571761306758,12.46179943873709,False,False,Moderate,0.007847885061442348,#f9a825
10,32,3.8762968020122166,11.589883238387632,613.0264190841309,642,118.10303496873223,23.620607025599753,11.172008633791972,10.941519437133847,False,False,Good,0.007172429542894446,#1b5e20
10,33,3.8762968020122166,11.592584261107252,613.1202477351509,1121,83.53686867784843,16.707373745890152,10.243631323752473,10.665957361221368,False,False,Good,0.011483110713926522,#1b5e20
10,34,3.8762968020122166,11.59528528382687,613.2840432621791,944,57.48569372683539,11.497138745367078,9.543949457939998,10.458276943875997,False,False,Good,0.00900948828829536,#1b5e20
10,35,3.8762968020122166,11.59798630654649,613.4996526619419,384,38.48626911296114,7.697253822592228,9.033663342699654,10.306813202500217,False,False,Good,0.003468926723596667,#1b5e20
10,36,3.8762968020122166,11.60068732926611,613.7344467266624,339,25.06780447978367,5.013560895956735,8.673270524005877,10.199840970542441,False,False,Good,0.0029402387076379924,#1b5e20
10,37,3.8762968020122166,11.603388351985728,613.9441038644529,551,15.885146917837407,3.1770293835674814,8.426642915533664,10.126636665761056,False,False,Good,0.004643080246459048,#1b5e20
10,38,3.8762968020122166,11.606089374705348,614.0768498598887,309,9.793335297185537,1.9586670594371074,8.263029177230852,10.078072638240634,False,False,Good,0.002553276015764333,#1b5e20
10,39,3.8762968020122166,11.608790397424968,614.0817017613847,944,5.874007038375733,1.1748014076751465,8.157763947773361,10.04682768562635,False,False,Good,0.007700929166698053,#1b5e20
10,40,3.8762968020122166,11.611491420144587,613.9158326439066,569,3.4276995865567175,0.6855399173113434,8.092061077731675,10.027325680342603,False,False,Good,0.004604382753229322,#1b5e20
10,41,3.8762968020122166,11.614192442864207,613.5510591119289,755,1.945967095257067,0.3891934190514134,8.052264740096346,10.015513283314199,False,False,Good,0.006079459878772741,#1b5e20
10,42,3.8762968020122166,11.616893465583825,612.9839359817798,58,1.0748124379405997,0.21496248758811992,8.028867288073988,10.008568423330505,False,False,Good,0.0004656743027082913,#1b5e20
10,43,3.8762968020122166,11.619594488303445,612.2338861802695,566,0.5775562998861278,0.11551125997722554,8.015511993999349,10.0046042888042,False,False,Good,0.0045367797886036315,#1b5e20
10,44,3.8762968020122166,11.622295511023065,611.344785111034,323,0.30193983828437077,0.060387967656874146,8.008109493326547,10.00240706960902,False,False,Good,0.002586619366344475,#1b5e20
10,45,3.8762968020122166,11.624996533742683,610.3795962508544,337,0.15357161858203322,0.030714323716406644,8.004124623047804,10.001224275597409,False,False,Good,0.00269738999796711,#1b5e20
10,46,3.8762968020122166,11.627697556462303,609.414437579943,228,0.0759916642479788,0.01519833284959576,8.002040982394353,10.000605806860696,False,False,Good,0.0018244653439859126,#1b5e20
10,47,3.8762968020122166,11.630398579181923,608.5256329598311,638,0.03658351247803212,0.0073167024956064235,8.000982559148166,10.000291644393723,False,False,Good,0.005104626872736531,#1b5e20
10,48,3.8762968020122166,11.633099601901542,607.7817897101963,273,0.017134415603571825,0.003426883120714365,8.000460195745553,10.000136595857313,False,False,Good,0.0021841256334385363,#1b5e20
10,49,3.8762968020122166,11.635800624621162,607.2338980673843,1030,0.0,0.0,8.0,10.0,False,False,Good,0.00824,#1b5e20
11,0,3.87899173553719,11.50345051135981,606.7363147659405,134,639.3694501522618,659.1728408872899,25.17217018684351,36.27468639791917,True,True,Moderate,0.0033730708050370302,#f9a825
11,1,3.87899173553719,11.50615153407943,607.0058349514377,394,763.6962075923384,819.2905626214207,28.511335417573534,42.65699262226333,True,True,Moderate,0.011233466154523973,#f9a825
11,2,3.87899173553719,11.508852556799049,607.2313472037262,273,930.6705821667933,1027.7172358450873,32.995929381754124,50.96489782743212,True,True,Moderate,0.009007888721218877,#f9a825
11,3,3.87899173553719,11.511553579518669,607.4323286718009,50,1141.6483971688008,1286.0114756226944,38.66236675063385,61.260528544575074,True,True,Unhealthy for Sensitive,0.0019331183375316924,#ef6c00
11,4,3.87899173553719,11.514254602238289,607.6344927897826,447,1394.427990446779,1591.7040553424276,45.45151533209453,73.44546118757555,True,True,Unhealthy for Sensitive,0.020316827353446254,#ef6c00
11,5,3.87899173553719,11.516955624957907,607.864415375899,485,1682.832713104243,1937.6303445110325,53.19748283020373,87.23411296586553,True,True,Unhealthy for Sensitive,0.02580077917264881,#ef6c00
11,6,3.87899173553719,11.519656647677527,608.1470916130289,599,1996.6884407217049,2311.692482841193,61.62701284212276,102.14426212299767,True,True,Unhealthy,0.03691458069243153,#b71c1c
11,7,3.87899173553719,11.522357670397147,608.5014985426451,453,2322.2828359940786,2697.1941705104628,70.37181972360278,117.51039270529598,True,True,Unhealthy,0.03187843433479206,#b71c1c
11,8,3.87899173553719,11.525058693116765,608.9383445770361,801,2643.325593676438,3073.8226125917136,78.99437882595299,132.52283495170488,True,True,Unhealthy,0.06327449743958835,#b71c1c
11,9,3.87899173553719,11.527759715836385,609.4600741119921,352,2942.33975896647,3419.2497933987147,87.02529449359176,146.29159222757264,True,True,Unhealthy,0.030632903661744298,#b71c1c
11,10,3.87899173553719,11.530460738556005,610.0561365102158,546,3202.322428629763,3711.2067225720552,94.00790313719337,157.92902065287493,True,True,Unhealthy,0.05132831511290758,#b71c1c
11,11,3.87899173553719,11.533161761275624,610.709575161781,547,3408.4425940665683,3929.775666854287,99.54387386425617,166.64119765884757,True,True,Unhealthy,0.054450499003748126,#b71c1c
11,12,3.87899173553719,11.535862783995244,611.3950537483424,758,3549.5162520058757,4059.5745194960978,103.33282696865835,171.81499114127115,True,True,Unhealthy,0.07832628284224304,#b71c1c
11,13,3.87899173553719,11.538563806714864,612.0854318062297,50,3619.0262943545204,4091.496027989302,105.19972610908705,173.08738522819755,True,True,Unhealthy,0.005259986305454353,#b71c1c
11,14,3.87899173553719,11.541264829434482,612.7501639324172,299,3615.5346082815418,4023.7210700731575,105.1059464837547,170.38586954912034,True,True,Unhealthy,0.03142667799864266,#b71c1c
11,15,3.87899173553719,11.543965852154102,613.3645690245372,631,3542.4486763774667,3861.8412213531396,103.14300618277231,163.93332479085058,True,True,Unhealthy,0.06508323690132933,#b71c1c
11,16,3.87899173553719,11.54666687487372,613.9094264305,1323,3407.2266047108915,3618.0776597587246,99.5112148497285,154.2168881617082,True,True,Unhealthy,0.13165333724619083,#b71c1c
11,17,3.87899173553719,11.54936789759334,614.3714165660717,517,3220.2025008206188,3309.737632899727,94.48812571045097,141.92642804696663,True,True,Unhealthy,0.04885036099230315,#b71c1c
11,18,3.87899173553719,11.55206892031296,614.7446853503712,1148,2081.192445160148,2444.1314709755643,63.896619476191916,107.42329163429295,True,True,Unhealthy,0.07335331915866833,#b71c1c
11,19,3.87899173553719,11.554769943032579,615.0316097018882,871,1985.7911677067718,2158.1011283904954,61.33433413071363,96.02209746252473,True,True,Unhealthy,0.05342220502785157,#b71c1c
11,20,3.87899173553719,11.557470965752199,615.2351209518035,1045,1863.2482214366607,1862.8283365016423,58.0430784599173,84.25249846285323,True,True,Unhealthy,0.060655016990613576,#b71c1c
11,21,3.87899173553719,11.560171988471819,615.3638306578247,1348,1718.678798722169,1572.5622866755257,54.16023618449146,72.68246863444278,True,True,Unhealthy for Sensitive,0.0730079983766945,#ef6c00
11,22,3.87899173553719,11.562873011191437,615.4254296458586,1574,1557.7805539815724,1298.8987429197227,49.83883477753975,61.77421613264345,True,True,Unhealthy for Sensitive,0.07844632593984756,#ef6c00
11,23,3.87899173553719,11.565574033911057,615.4252723784609,1521,1386.58802620548,1050.2403236966072,45.24094975036664,51.8626700554488,True,True,Unhealthy for Sensitive,0.06881148457030765,#ef6c00
11,24,3.87899173553719,11.568275056630677,615.3696685378018,1463,1211.2017295943806,831.7094231653958,40.53042857496675,43.152009476679254,True,True,Unhealthy for Sensitive,0.05929601700517636,#ef6c00
11,25,3.87899173553719,11.570976079350295,615.2632708870598,1542,1037.4898572567283,645.4323227142805,35.86487904871551,35.72698815620343,True,True,Unhealthy for Sensitive,0.055303643493119316,#ef6c00
11,26,3.87899173553719,11.573677102069915,615.1122814422421,741,870.7784393047341,491.07365910290133,31.387347567535286,29.57423848628134,True,True,Moderate,0.023258024547543645,#f9a825
11,27,3.87899173553719,11.576378124789535,614.92647611022,1037,715.5617367555428,366.49128025376893,27.21854089186345,24.60837409999754,True,False,Moderate,0.028225626904862397,#f9a825
11,28,3.87899173553719,11.579079147509153,614.7178652021151,967,575.2721110177569,268.39730171882695,23.45064530654242,20.69833963914129,True,False,Moderate,0.02267677401142652,#f9a825
11,29,3.87899173553719,11.581780170228773,614.5024050314557,1405,452.1444882243147,192.9423186802342,20.14368640694699,17.690697495040382,True,False,Moderate,0.028301879401760523,#f9a825
11,30,3.87899173553719,11.584481192948394,614.3005398939913,1107,347.19599287789043,136.17584754546192,17.32498209989452,15.427981050329182,True,False,Moderate,0.019178755184583236,#f9a825
11,31,3.87899173553719,11.587182215668012,614.1332476032271,1163,235.1390872329146,47.027817729231934,14.315360270311732,11.874532878434158,False,False,Moderate,0.016648763994372543,#f9a825
11,32,3.87899173553719,11.589883238387632,614.0197555870074,2147,174.92137323932758,34.98427474418017,12.698034274028538,11.394476214348687,False,False,Moderate,0.027262679586339274,#f9a825
11,33,3.87899173553719,11.592584261107252,613.9733697883964,1047,126.59757278725273,25.319514557450546,11.400154737806599,11.009238038158665,False,False,Good,0.011935962010483508,#1b5e20
11,34,3.87899173553719,11.59528528382687,613.9975140835935,827,89.13993876656066,17.827987753312133,10.394118453078507,10.71062513239121,False,False,Good,0.008595935960695926,#1b5e20
11,35,3.87899173553719,11.59798630654649,614.0829663954194,1295,61.0637869935996,12.212757398719921,9.640049805722711,10.486801565236362,False,False,Good,0.01248386449841091,#1b5e20
11,36,3.87899173553719,11.60068732926611,614.2050132520474,614,40.69673687639687,8.139347375279373,9.09303203574123,10.324435089712319,False,False,Good,0.005583121669945115,#1b5e20
11,37,3.87899173553719,11.603388351985728,614.3254023808867,86,26.387600043254096,5.277520008650819,8.708717563307424,10.210362403583545,False,False,Good,0.0007489497104444385,#1b5e20
11,38,3.87899173553719,11.606089374705348,614.3963857679141,891,16.64579907956789,3.329159815913578,8.44707249403654,10.1327005979402,False,False,Good,0.007526341592186557,#1b5e20
11,39,3.87899173553719,11.608790397424968,614.3684154999892,986,10.21583463712056,2.043166927424112,8.274376654917603,10.08144081028036,False,False,Good,0.008158535381748757,#1b5e20
11,40,3.87899173553719,11.611491420144587,614.1976470131451,312,6.099686455587495,1.219937291117499,8.163825240440858,10.048626805840625,False,False,Good,0.0025471134750175476,#1b5e20
11,41,3.87899173553719,11.614192442864207,613.853266489189,1229,3.543281193379179,0.7086562386758357,8.095165365905517,10.028247098909707,False,False,Good,0.00994895823469788,#1b5e20
11,42,3.87899173553719,11.616893465583825,613.3274898933229,1060,2.002479956030769,0.4004959912061538,8.053782561228902,10.015963804816959,False,False,Good,0.008537009514902636,#1b5e20
11,43,3.87899173553719,11.619594488303445,612.6344766107936,137,1.10101994678609,0.220203989357218,8.02957116875199,10.008777350043948,False,False,Good,0.0011000512501190228,#1b5e20
11,44,3.87899173553719,11.622295511023065,611.8116753412584,255,0.5889611486598759,0.11779222973197519,8.015818305168972,10.004695208455727,False,False,Good,0.002044033667818088,#1b5e20
11,45,3.87899173553719,11.624996533742683,610.9148863306813,1172,0.3065085248936994,0.06130170497873988,8.00823219900785,10.002443491257628,False,False,Good,0.0093856481372372,#1b5e20
11,46,3.87899173553719,11.627697556462303,610.0128982951798,87,0.155189709332309,0.0310379418664618,8.004168081692466,10.001237175044833,False,False,Good,0.0006963626231072446,#1b5e20
11,47,3.87899173553719,11.630398579181923,609.1744304701282,481,0.0764447618762137,0.015288952375242738,8.002053151680173,10.000609418962819,False,False,Good,0.003848987565958163,#1b5e20
11,48,3.87899173553719,11.633099601901542,608.4617616202795,368,0.0,0.0,8.0,10.0,False,False,Good,0.002944,#1b5e20
11,49,3.87899173553719,11.635800624621162,607.9207331594295,50,0.0,0.0,8.0,10.0,False,False,Good,0.0004,#1b5e20
12,0,3.8816866690621628,11.50345051135981,607.3969270675866,305,626.0608561021554,618.4241108144129,24.814728269777223,34.65043849605306,True,True,Moderate,0.007568492122282053,#f9a825
12,1,3.8816866690621628,11.50615153407943,607.670987551292,819,716.3579350857391,745.8491257358778,27.239925168552546,39.729610601816645,True,True,Moderate,0.022309498713044534,#f9a825
12,2,3.8816866690621628,11.508852556799049,607.8886769674622,716,848.4469438709377,921.1545746411614,30.787568769808015,46.71730094359811,True,True,Moderate,0.022043899239182537,#f9a825
12,3,3.8816866690621628,11.511553579518669,608.0718484008094,187,1026.5441161567096,1148.952881854178,35.570898582576746,55.79736115351546,True,True,Unhealthy for Sensitive,0.006651758034941851,#ef6c00
12,4,3.8816866690621628,11.514254602238289,608.2490361870769,50,1251.6620018319093,1430.3244017920056,41.617109648801915,67.01285425198851,True,True,Unhealthy for Sensitive,0.0020808554824400956,#ef6c00
12,5,3.8816866690621628,11.516955624957907,608.4491982189685,434,1520.9364066619792,1761.8712571688313,48.84927550471163,80.22834055678892,True,True,Unhealthy for Sensitive,0.021200585569044847,#ef6c00
12,6,3.8816866690621628,11.519656647677527,608.6991426833886,744,1827.2640187368193,2135.0809063626075,57.07661556017694,95.10450942327988,True,True,Unhealthy,0.042465001976771645,#b71c1c
12,7,3.8816866690621628,11.522357670397147,609.0189747540459,541,2159.370816662887,2536.1764481293167,65.9963324043833,111.09221237739135,True,True,Unhealthy,0.03570401583077137,#b71c1c
12,8,3.8816866690621628,11.525058693116765,609.4204919091896,782,2502.3887067643864,2946.5944098740247,75.20909911469792,127.45150779739066,True,True,Unhealthy,0.05881351550769377,#b71c1c
12,9,3.8816866690621628,11.527759715836385,609.907466421636,617,2838.9440296396424,3344.1520652967106,84.2482943410661,143.2981902961151,True,True,Unhealthy,0.05198119760843778,#b71c1c
12,10,3.8816866690621628,11.530460738556005,610.4717657096569,1122,3150.668107196363,3704.8538678126547,92.62057254401437,157.67579531320516,True,True,Unhealthy,0.10392028239438413,#b71c1c
12,11,3.8816866690621628,11.533161761275624,611.0997769306639,814,3419.9476719201634,4005.160938639485,99.85287698423284,169.6460611063643,True,True,Unhealthy,0.08128024186516553,#b71c1c
12,12,3.8816866690621628,11.535862783995244,611.7701760959609,824,3631.6667213646388,4224.437177165251,105.53922241095201,178.38643092200263,True,True,Unhealthy,0.08696431926662446,#b71c1c
12,13,3.8816866690621628,11.538563806714864,612.4602380085211,1517,3774.672412691642,4347.219550994987,109.38006602424899,183.28054695267204,True,True,Unhealthy,0.1659295601587857,#b71c1c
12,14,3.8816866690621628,11.541264829434482,613.1430707501944,409,3842.7363160743175,4364.959663901896,111.20812479713815,183.98766938609222,True,True,Unhealthy,0.045484123042029506,#b71c1c
12,15,3.8816866690621628,11.543965852154102,613.7963776010649,570,3834.8732761203046,4276.955058578918,110.99693944844172,180.47979821330333,True,True,Unhealthy,0.06326825548561178,#b71c1c
12,16,3.8816866690621628,11.54666687487372,614.4015222803071,1286,3755.002567657689,4090.3201735256384,108.85177377257595,173.0405155676685,True,True,Unhealthy,0.13998338107153266,#b71c1c
12,17,3.8816866690621628,11.54936789759334,614.9440808745331,1130,2374.604722778241,3123.5051295170983,71.77707977182752,134.5031843694944,True,True,Unhealthy,0.08110810014216509,#b71c1c
12,18,3.8816866690621628,11.55206892031296,615.4154630633851,1003,2340.3996557802243,2878.3128094723934,70.8584008584036,124.72979730506222,True,True,Unhealthy,0.07107097606097881,#b71c1c
12,19,3.8816866690621628,11.554769943032579,615.8137100586952,1578,2268.7390260695165,2591.5259817194524,68.93374129139491,113.29844956913355,True,True,Unhealthy,0.10877744375782117,#b71c1c
12,20,3.8816866690621628,11.557470965752199,616.1367140711734,1011,2163.06965370229,2280.5725198811037,66.09567568567223,100.90381771028405,True,True,Unhealthy,0.06682272811821463,#b71c1c
12,21,3.8816866690621628,11.560171988471819,616.3871131979981,701,2027.983030100385,1962.331582434596,62.4675222136764,88.21870644397121,True,True,Unhealthy,0.04378973307178716,#b71c1c
12,22,3.8816866690621628,11.562873011191437,616.5663342455766,1021,1868.9870323754465,1651.695717225325,58.197211313915055,75.83673401420077,True,True,Unhealthy,0.05941935275150727,#b71c1c
12,23,3.8816866690621628,11.565574033911057,616.6737720568667,1487,1692.270114800051,1360.5766492478263,53.450952350843835,64.2327028085656,True,True,Unhealthy for Sensitive,0.07948156614570479,#ef6c00
12,24,3.8816866690621628,11.568275056630677,616.7096764446525,1174,1504.4374202522474,1097.4146438727544,48.40614610203082,53.7430425340765,True,True,Unhealthy for Sensitive,0.05682881552378418,#ef6c00
12,25,3.8816866690621628,11.570976079350295,616.6732869134586,1097,1312.2040785561503,867.1616841688224,43.24314737194621,44.56513966376093,True,True,Unhealthy for Sensitive,0.04743773266702499,#ef6c00
12,26,3.8816866690621628,11.573677102069915,616.5660750229953,1579,1122.0483991461483,671.6411557254388,38.13595044840572,36.77167450477429,True,True,Unhealthy for Sensitive,0.06021666575803263,#ef6c00
12,27,3.8816866690621628,11.576378124789535,616.3942060976348,1209,939.8493756920839,510.15066711928773,33.2424532100175,30.334649674288475,True,True,Moderate,0.040190125930911154,#f9a825
12,28,3.8816866690621628,11.579079147509153,616.1675075838692,1733,770.5501764863042,380.17040107470507,28.69541915863198,25.153625037954185,True,True,Moderate,0.04972916140190922,#f9a825
12,29,3.8816866690621628,11.581780170228773,615.9016608475838,1166,617.8953438473312,278.0601399960691,24.595419126887766,21.083501207853068,True,False,Moderate,0.028678258701951134,#f9a825
12,30,3.8816866690621628,11.584481192948394,615.6188741449536,1344,423.2381306253327,84.64762839251615,19.367320110350764,13.374061782259096,True,False,Moderate,0.026029678228311426,#f9a825
12,31,3.8816866690621628,11.587182215668012,615.343989098658,974,331.1339826358305,66.22679733977705,16.893588993211374,12.639805864724215,True,False,Moderate,0.016454355679387876,#f9a825
12,32,3.8816866690621628,11.589883238387632,615.1022158452542,921,252.0502709772155,50.410054195443095,14.7695604596529,12.009349116241655,False,False,Moderate,0.013602765183340321,#f9a825
12,33,3.8816866690621628,11.592584261107252,614.9146324927746,1173,186.65302707649394,37.33060541529879,13.01312276663165,11.488001157649563,False,False,Moderate,0.015264393005258926,#f9a825
12,34,3.8816866690621628,11.59528528382687,614.7934381213952,809,134.47679724925624,26.89535944985125,11.611774769651477,11.072051351740969,False,False,Good,0.009393925788648045,#1b5e20
12,35,3.8816866690621628,11.59798630654649,614.7385378625031,371,94.25928208621559,18.851856417243116,10.531613659815488,10.751436625809584,False,False,Good,0.003907228667791546,#1b5e20
12,36,3.8816866690621628,11.60068732926611,614.7336250401555,500,64.27844307623411,12.855688615246823,9.72638896585935,10.512428859083814,False,False,Good,0.004863194482929676,#1b5e20
12,37,3.8816866690621628,11.603388351985728,614.7472089952545,949,42.645284980476376,8.529056996095276,9.145366096513973,10.339968948873455,False,False,Good,0.00867895242559176,#1b5e20
12,38,3.8816866690621628,11.606089374705348,614.7364563569662,438,27.525875662155357,5.505175132431071,8.739289344055866,10.21943675648946,False,False,Good,0.0038278087326964693,#1b5e20
12,39,3.8816866690621628,11.608790397424968,614.6542512188469,524,17.285252076668836,3.457050415333767,8.464246908125435,10.137798328284314,False,False,Good,0.0044352653798577285,#1b5e20
12,40,3.8816866690621628,11.611491420144587,614.4567937090864,697,10.560263181947096,2.112052636389419,8.28362730896052,10.08418660059224,False,False,Good,0.005773688234345483,#1b5e20
12,41,3.8816866690621628,11.614192442864207,614.1116212659607,628,6.276798933045652,1.2553597866091304,8.168582123342285,10.050038749571835,False,False,Good,0.005129869573458954,#1b5e20
12,42,3.8816866690621628,11.616893465583825,613.6073882371453,378,3.6296616507947728,0.7259323301589545,8.097485370271075,10.02893572540908,False,False,Good,0.003060849469962466,#1b5e20
12,43,3.8816866690621628,11.619594488303445,612.9535645038706,410,2.0420130803678624,0.4084026160735725,8.054844340985461,10.016278963567398,False,False,Good,0.003302486179804039,#1b5e20
12,44,3.8816866690621628,11.622295511023065,612.181555928259,139,1.1176745121321787,0.22353490242643573,8.030018476690215,10.008910120526716,False,False,Good,0.0011161725682599399,#1b5e20
12,45,3.8816866690621628,11.624996533742683,611.3401932262191,508,0.5951639611202423,0.11903279222404846,8.015984900165309,10.00474465738386,False,False,Good,0.004072120329283977,#1b5e20
12,46,3.8816866690621628,11.627697556462303,610.4909475816728,154,0.3083346656968081,0.06166693313936161,8.00828124545611,10.002458049283671,False,False,Good,0.001233275311800241,#1b5e20
12,47,3.8816866690621628,11.630398579181923,609.6949953243048,50,0.0,0.0,8.0,10.0,False,False,Good,0.0004,#1b5e20
12,48,3.8816866690621628,11.633099601901542,609.0082410907618,158,0.0,0.0,8.0,10.0,False,False,Good,0.001264,#1b5e20
12,49,3.8816866690621628,11.635800624621162,608.4713615141258,786,0.0,0.0,8.0,10.0,False,False,Good,0.006288,#1b5e20
13,0,3.884381602587136,11.50345051135981,608.2375761754436,449,647.0497312711428,605.4762308152249,25.378447002892223,34.13433488043895,True,True,Moderate,0.011394922704298607,#f9a825
13,1,3.884381602587136,11.50615153407943,608.5113946815605,574,702.4425711387253,698.7645708534379,26.866186639360887,37.852816175552874,True,True,Moderate,0.01542119113099315,#f9a825
13,2,3.884381602587136,11.508852556799049,608.712132112179,144,796.1669443408747,836.8398347629229,29.38343372850358,43.35650812628354,True,True,Moderate,0.004231214456904516,#f9a825
13,3,3.884381602587136,11.511553579518669,608.8646607468162,573,935.0465453734771,1027.0141532921712,33.113458902281955,50.93687289611842,True,True,Moderate,0.01897401195100756,#f9a825
13,4,3.884381602587136,11.514254602238289,609.0011784385765,408,1123.2229519122527,1273.7513345744142,38.16749655995072,60.771838262972736,True,True,Unhealthy for Sensitive,0.015572338596459895,#ef6c00
13,5,3.884381602587136,11.516955624957907,609.1540322260543,1020,1361.2968720723934,1577.538617802158,44.56168050643947,72.88082562316288,True,True,Unhealthy for Sensitive,0.04545291411656826,#ef6c00
13,6,3.884381602587136,11.519656647677527,609.3527163245847,397,1645.687342723867,1933.9377099593412,52.19983331524294,87.08692423354881,True,True,Unhealthy for Sensitive,0.020723333826151446,#ef6c00
13,7,3.884381602587136,11.522357670397147,609.6192390299303,660,1968.3393897992642,2332.9986541273124,60.865614675601485,102.99352795156183,True,True,Unhealthy,0.04017130568589698,#b71c1c
13,8,3.884381602587136,11.525058693116765,609.9669761463308,353,2316.8945436717345,2759.2170532785444,70.2271010906532,119.98263017192563,True,True,Unhealthy,0.024790166685000583,#b71c1c
13,9,3.884381602587136,11.527759715836385,610.4012954956908,515,2675.389803427368,3192.170010664546,79.85555864400419,137.240172465471,True,True,Unhealthy,0.04112561270166216,#b71c1c
13,10,3.884381602587136,11.530460738556005,610.9166153720007,775,3025.4713585489962,3607.877124639949,89.2580411091764,153.8102939504297,True,True,Unhealthy,0.06917498185961171,#b71c1c
13,11,3.884381602587136,11.533161761275624,611.5027062240715,318,3348.0129481796903,3980.811076665724,97.92085580599104,168.6754735039807,True,True,Unhealthy,0.03113883214630515,#b71c1c
13,12,3.884381602587136,11.535862783995244,612.1424362056988,367,3624.937572119145,4286.35105253655,105.35849107318045,180.85432334437698,True,True,Unhealthy,0.038666566223857224,#b71c1c
13,13,3.884381602587136,11.538563806714864,612.817797697938,481,3840.980896563482,4503.3620532906325,111.16097777974127,189.50440058669327,True,True,Unhealthy,0.05346843031205556,#b71c1c
13,14,3.884381602587136,11.541264829434482,613.5061429943753,770,3985.125662020421,4616.5239712801895,115.03241462017792,194.0150444162546,True,True,Unhealthy,0.08857495925753699,#b71c1c
13,15,3.884381602587136,11.543965852154102,614.1881978552353,1362,4051.486726806861,4618.046342056293,116.81473859268164,194.0757262469405,True,True,Unhealthy,0.15910167396323238,#b71c1c
13,16,3.884381602587136,11.54666687487372,614.8465996117943,1131,2524.1470360726917,3656.0900267333827,75.79348382963015,155.7320643940259,True,True,Unhealthy,0.0857224302113117,#b71c1c
13,17,3.884381602587136,11.54936789759334,615.4663736588699,1204,2570.0799852827768,3518.3361108908107,77.02714993743585,150.2411814050106,True,True,Unhealthy,0.09274068852467277,#b71c1c
13,18,3.884381602587136,11.55206892031296,616.0365841648597,1662,2573.1401051406565,3306.724083319509,77.109338567154,141.80630770029364,True,True,Unhealthy,0.12815572069860995,#b71c1c
13,19,3.884381602587136,11.554769943032579,616.5509794179596,1538,2533.828129001926,3036.0920178146434,76.053498403889,131.01889018353143,True,True,Unhealthy,0.11697028054518127,#b71c1c
13,20,3.884381602587136,11.557470965752199,617.0022485671466,1468,2454.314092425038,2724.115373639125,73.91791221343831,118.58347418830756,True,True,Unhealthy,0.10851149512932745,#b71c1c
13,21,3.884381602587136,11.560171988471819,617.3866300721768,1243,2338.225478039576,2389.394653589838,70.80000684197074,105.24147736340426,True,True,Unhealthy,0.08800440850456963,#b71c1c
13,22,3.884381602587136,11.562873011191437,617.698660724801,1427,2190.4345586705153,2049.6548151326433,66.83064168248245,91.69941804505191,True,True,Unhealthy,0.09536732568090246,#b71c1c
13,23,3.884381602587136,11.565574033911057,617.9309296520564,1523,2016.8433353231485,1720.2893111987112,62.16833254407514,78.57088059725922,True,True,Unhealthy,0.09468237046462644,#b71c1c
13,24,3.884381602587136,11.568275056630677,618.0766393864849,1247,1824.1453188821188,1413.394905469918,56.992853590233196,66.33804306568597,True,True,Unhealthy,0.07107008842702078,#b71c1c
13,25,3.884381602587136,11.570976079350295,618.1286557043596,1787,1619.5388413050866,1137.342470285953,51.497537457367216,55.334569145132264,True,True,Unhealthy for Sensitive,0.0920260994363152,#ef6c00
13,26,3.884381602587136,11.573677102069915,618.0826872199513,1802,1410.3781961673408,896.836875202099,45.879905595475776,45.74799534262681,True,True,Unhealthy for Sensitive,0.08267558988304735,#ef6c00
13,27,3.884381602587136,11.576378124789535,617.940347018735,1118,1203.7719074873255,693.3530798537062,40.3308785813755,37.6371136766882,True,True,Unhealthy for Sensitive,0.045089922253977816,#ef6c00
13,28,3.884381602587136,11.579079147509153,617.7085295623685,1112,1006.1627507323352,525.8037733965099,35.023496332400015,30.958583843107842,True,True,Unhealthy for Sensitive,0.03894612792162882,#ef6c00
13,29,3.884381602587136,11.581780170228773,617.4020094716127,1830,688.717225709965,137.7434615866586,26.497551623221536,15.490466281471253,True,False,Moderate,0.04849051947049541,#f9a825
13,30,3.884381602587136,11.584481192948394,617.044269123538,1438,566.7099255908063,113.34199131642686,23.2206823245953,14.517821567930765,True,False,Moderate,0.03339134118276804,#f9a825
13,31,3.884381602587136,11.587182215668012,616.6637192706563,1195,453.67531058997383,90.73506211799477,20.184801199314165,13.616707416581303,True,False,Moderate,0.024120837433180425,#f9a825
13,32,3.884381602587136,11.589883238387632,616.2913158558696,1051,353.3409161436135,70.6681832287227,17.490022309555712,12.81683989004466,True,False,Moderate,0.018382013447343054,#f9a825
13,33,3.884381602587136,11.592584261107252,615.955826783791,1312,267.7362443468536,53.54724886937072,15.190853976547668,12.134397967034287,True,False,Moderate,0.01993040041723054,#f9a825
13,34,3.884381602587136,11.59528528382687,615.6782633919746,939,197.3716874395031,39.47433748790062,13.301004303487584,11.573450503306699,False,False,Moderate,0.012489643040974842,#f9a825
13,35,3.884381602587136,11.59798630654649,615.4678314719378,669,141.55557950672616,28.31111590134523,11.80189654292659,11.128483526235238,False,False,Good,0.007895468787217889,#1b5e20
13,36,3.884381602587136,11.60068732926611,615.3171011758684,1188,98.77193927150984,19.754387854301967,10.65281450411967,10.787411606879896,False,False,Good,0.012655543630894169,#1b5e20
13,37,3.884381602587136,11.603388351985728,615.2020436005282,972,67.05090132366163,13.410180264732327,9.800851586570124,10.534530944146793,False,False,Good,0.009526427742146161,#1b5e20
13,38,3.884381602587136,11.606089374705348,615.0856540148385,480,44.28331359272851,8.856662718545701,9.18936023181996,10.353027341279251,False,False,Good,0.0044108929112735805,#1b5e20
13,39,3.884381602587136,11.608790397424968,614.9243292507738,1116,28.453785383556642,5.6907570767113285,8.764211122301816,10.226834068824896,False,False,Good,0.009780859612488826,#1b5e20
13,40,3.884381602587136,11.611491420144587,614.6754820094775,718,17.787071190928028,3.5574142381856055,8.477724754511462,10.141798838935783,False,False,Good,0.0060870063737392295,#1b5e20
13,41,3.884381602587136,11.614192442864207,614.3060803339874,912,10.817658966080685,2.163531793216137,8.290540439091252,10.086238564231747,False,False,Good,0.007560972880451222,#1b5e20
13,42,3.884381602587136,11.616893465583825,613.8020730182322,791,6.4006868381312625,1.2801373676262524,8.171909501886436,10.051026386092246,False,False,Good,0.006463980415992171,#1b5e20
13,43,3.884381602587136,11.619594488303445,613.1688326561061,431,3.6845488897093217,0.7369097779418643,8.098959530488617,10.029373287426285,False,False,Good,0.0034906515576405943,#1b5e20
13,44,3.884381602587136,11.622295511023065,612.4320472840213,50,2.063509717760605,0.412701943552121,8.055421697184862,10.016450335132205,False,False,Good,0.0004027710848592431,#1b5e20
13,45,3.884381602587136,11.624996533742683,611.6336427249196,50,1.1243283568790274,0.22486567137580546,8.03019718550147,10.008963165092032,False,False,Good,0.0004015098592750735,#1b5e20
13,46,3.884381602587136,11.627697556462303,610.8275825965734,98,0.0,0.0,8.0,10.0,False,False,Good,0.000784,#1b5e20
13,47,3.884381602587136,11.630398579181923,610.0673275042711,174,0.0,0.0,8.0,10.0,False,False,Good,0.001392,#1b5e20
13,48,3.884381602587136,11.633099601901542,609.4021124254558,326,0.0,0.0,8.0,10.0,False,False,Good,0.002608,#1b5e20
13,49,3.884381602587136,11.635800624621162,608.8672609682811,98,0.0,0.0,8.0,10.0,False,False,Good,0.000784,#1b5e20
14,0,3.887076536112109,11.50345051135981,609.2152772545447,504,705.0469747205515,623.2956074583816,26.93613565167559,34.844616773235266,True,True,Moderate,0.013575812368444497,#f9a825
14,1,3.887076536112109,11.50615153407943,609.4864396040217,50,727.1998296152665,683.4603787889104,27.53111652585702,37.24278975740174,True,True,Moderate,0.001376555826292851,#f9a825
14,2,3.887076536112109,11.508852556799049,609.6658437168829,1102,781.7467537766729,782.8650825663382,28.99613657748046,41.20506983968528,True,True,Moderate,0.03195374250838347,#f9a825
14,3,3.887076536112109,11.511553579518669,609.7817145047305,558,877.7481810206887,931.0310708177449,31.57454073242018,47.11097893464015,True,True,Moderate,0.01761859372869046,#f9a825
14,4,3.887076536112109,11.514254602238289,609.8703361609646,50,1022.2237386154598,1135.4315968367214,35.45486198059007,55.258401564324345,True,True,Unhealthy for Sensitive,0.0017727430990295034,#ef6c00
14,5,3.887076536112109,11.516955624957907,609.967955721685,300,1219.1690711750646,1400.2727682553038,40.74441525438604,65.81499354240714,True,True,Unhealthy for Sensitive,0.012223324576315812,#ef6c00
14,6,3.887076536112109,11.519656647677527,610.1071436683434,465,1468.707078543833,1725.3342350907951,47.44650139503888,78.77197169953742,True,True,Unhealthy for Sensitive,0.02206262314869308,#ef6c00
14,7,3.887076536112109,11.522357670397147,610.3121069245485,50,1766.4958696232109,2105.036227671165,55.44450598992791,93.9069259344315,True,True,Unhealthy,0.0027722252994963957,#b71c1c
14,8,3.887076536112109,11.525058693116765,610.59786441799,1290,2103.520820203462,2527.923645603955,64.4963144665424,110.76325495559291,True,True,Unhealthy,0.0832002456618397,#b71c1c
14,9,3.887076536112109,11.527759715836385,610.9712717332504,1035,2466.3765760007045,2976.7481542879095,74.24188612365255,128.65343865536013,True,True,Unhealthy,0.07684035213798039,#b71c1c
14,10,3.887076536112109,11.530460738556005,611.4291147679862,1174,2838.0903757862516,3429.274877889667,84.22536692523853,146.69119296166517,True,True,Unhealthy,0.09888058077023004,#b71c1c
14,11,3.887076536112109,11.533161761275624,611.9643424798661,1028,3199.4543746092636,3859.84127105862,93.9308730073782,163.85360659929222,True,True,Unhealthy,0.09656093745158478,#b71c1c
14,12,3.887076536112109,11.535862783995244,612.5640588657893,853,3530.736823402713,4241.565701505074,102.82844950128266,179.0691753822904,True,True,Unhealthy,0.0877126674245941,#b71c1c
14,13,3.887076536112109,11.538563806714864,613.215229057823,689,3813.5537451302994,4548.96806680704,110.4243399687874,191.3222602263439,True,True,Unhealthy,0.07608237023849453,#b71c1c
14,14,3.887076536112109,11.541264829434482,613.9001301050059,870,4032.629894557238,4760.656848183968,116.30828221992537,199.76019334438556,True,True,Unhealthy,0.10118820553133508,#b71c1c
14,15,3.887076536112109,11.543965852154102,614.6033640921764,881,2498.1444862307894,3917.2293407014186,75.09510793589502,166.14110001424666,True,True,Unhealthy,0.0661587900915235,#b71c1c
14,16,3.887076536112109,11.54666687487372,615.3098272570387,941,2629.454788731313,3938.3277008160157,78.62183706142315,166.98208247155665,True,True,Unhealthy,0.07398314867479919,#b71c1c
14,17,3.887076536112109,11.54936789759334,616.0048837592124,1320,2719.936529710026,3865.991118427961,81.05199360787424,164.09874004685204,True,True,Unhealthy,0.106988631562394,#b71c1c
14,18,3.887076536112109,11.55206892031296,616.6759311217969,1679,2766.175629039424,3705.996794679097,82.29388228863886,157.72135247686364,True,True,Unhealthy,0.13817142836262464,#b71c1c
14,19,3.887076536112109,11.554769943032579,617.3126636135041,1555,2766.7770694232686,3470.1411395749674,82.3100357608233,148.32012568375853,True,True,Unhealthy,0.12799210560808022,#b71c1c
14,20,3.887076536112109,11.557470965752199,617.902411495494,1343,2722.2488950693896,3174.768275435757,81.1140990642355,136.54653779554042,True,True,Unhealthy,0.10893623504326828,#b71c1c
14,21,3.887076536112109,11.560171988471819,618.434410485877,1209,2634.8301065748856,2838.874475474737,78.76620722611624,123.15778190398777,True,True,Unhealthy,0.09522834453637452,#b71c1c
14,22,3.887076536112109,11.562873011191437,618.8953290603596,1719,2508.3038048152575,2482.0882115532095,75.36796668395266,108.93625059361894,True,True,Unhealthy,0.12955753472971462,#b71c1c
14,23,3.887076536112109,11.565574033911057,619.2696368728796,1479,2347.81015499569,2122.8181066516527,71.05743187821092,94.6157131671536,True,True,Unhealthy,0.10509394174787395,#b71c1c
14,24,3.887076536112109,11.568275056630677,619.5420632397005,1572,2159.6462502427057,1776.799873129979,66.0037299932213,80.82339647900523,True,True,Unhealthy,0.10375786354934388,#b71c1c
14,25,3.887076536112109,11.570976079350295,619.6978262008366,1752,1951.0231185595205,1456.177123816526,60.40053465549792,68.04334598585987,True,True,Unhealthy,0.10582173671643236,#b71c1c
14,26,3.887076536112109,11.573677102069915,619.7257587823653,1281,1729.7508267475052,1169.1445398072035,54.45760846200534,56.60220238431567,True,True,Unhealthy for Sensitive,0.06976019643982884,#ef6c00
14,27,3.887076536112109,11.576378124789535,619.6221722781784,1524,1503.840776118095,920.0888390087622,48.39012144741179,46.674820629198805,True,True,Unhealthy for Sensitive,0.07374654508585556,#ef6c00
14,28,3.887076536112109,11.579079147509153,619.3906841338203,1521,1013.1957067186779,202.63924916630708,35.21238730472486,18.077217982142116,True,False,Unhealthy for Sensitive,0.05355804109048651,#ef6c00
14,29,3.887076536112109,11.581780170228773,619.045042452553,1339,876.8273662418597,175.3655159903803,31.549809509980875,16.990084620983914,True,False,Moderate,0.04224519493386439,#f9a825
14,30,3.887076536112109,11.584481192948394,618.6100201416673,1864,738.242950891493,147.6485901782986,27.827712426559117,15.88528556305161,True,False,Moderate,0.05187085596310619,#f9a825
14,31,3.887076536112109,11.587182215668012,618.1177267691305,1189,604.7125904704419,120.9425180940884,24.241357035767805,14.820779222061711,True,False,Moderate,0.02882297351552792,#f9a825
14,32,3.887076536112109,11.589883238387632,617.6049272170344,1312,481.90692140989995,96.38138428197999,20.943045162226454,13.841770305945245,True,False,Moderate,0.027477275252841108,#f9a825
14,33,3.887076536112109,11.592584261107252,617.1081640567993,806,373.63002387384387,74.72600477476877,18.034946704676166,12.978585007512736,True,False,Moderate,0.014536167043968989,#f9a825
14,34,3.887076536112109,11.59528528382687,616.6573911164252,951,281.8284435586885,56.3656887117377,15.56934194327004,12.246741222696812,True,False,Moderate,0.014806444188049807,#f9a825
14,35,3.887076536112109,11.59798630654649,616.2713061433985,1669,206.81990176359068,41.36398035271814,13.554764229452715,11.648771831185309,False,False,Moderate,0.02262290149895658,#f9a825
14,36,3.887076536112109,11.60068732926611,615.9518182078779,1005,147.66048263919566,29.53209652783913,11.965861892756793,11.177151919514122,False,False,Good,0.012025691202220579,#1b5e20
14,37,3.887076536112109,11.603388351985728,615.6830649414541,798,102.56535569823342,20.513071139646684,10.754697996447545,10.817652788192742,False,False,Good,0.008582249001165141,#1b5e20
14,38,3.887076536112109,11.606089374705348,615.4347755051082,684,69.31090159569031,13.862180319138062,9.861550622603746,10.552547705373433,False,False,Good,0.006745300625860962,#1b5e20
14,39,3.887076536112109,11.608790397424968,615.1679606861491,771,45.56872283157314,9.11374456631463,9.223883723994827,10.363274645946163,False,False,Good,0.007111614351200011,#1b5e20
14,40,3.887076536112109,11.611491420144587,614.8424164372635,751,29.14718489403944,5.8294369788078875,8.78283443062324,10.23236186170601,False,False,Good,0.006595908657398053,#1b5e20
14,41,3.887076536112109,11.614192442864207,614.4256013575308,490,18.138059655531734,3.627611931106346,8.487151594730928,10.144596925041496,False,False,Good,0.004158704281418155,#1b5e20
14,42,3.887076536112109,11.616893465583825,613.9015648278271,650,10.98119204468541,2.196238408937082,8.29493260680635,10.087542252760613,False,False,Good,0.005391706194424127,#1b5e20
14,43,3.887076536112109,11.619594488303445,613.2720660358767,50,6.468038530943899,1.2936077061887798,8.173718432123993,10.051563314951341,False,False,Good,0.00040868592160619966,#1b5e20
14,44,3.887076536112109,11.622295511023065,612.5572274278675,507,3.706467196278031,0.7412934392556062,8.09954821186918,10.029548020545048,False,False,Good,0.004106470943417675,#1b5e20
14,45,3.887076536112109,11.624996533742683,611.7919070107415,1152,0.0,0.0,8.0,10.0,False,False,Good,0.009216,#1b5e20
14,46,3.887076536112109,11.627697556462303,611.0221002076747,532,0.0,0.0,8.0,10.0,False,False,Good,0.004256,#1b5e20
14,47,3.887076536112109,11.630398579181923,610.2930850035249,396,0.0,0.0,8.0,10.0,False,False,Good,0.003168,#1b5e20
14,48,3.887076536112109,11.633099601901542,609.6468503092907,937,0.0,0.0,8.0,10.0,False,False,Good,0.007496,#1b5e20
14,49,3.887076536112109,11.635800624621162,609.1129813994476,50,0.0,0.0,8.0,10.0,False,False,Good,0.0004,#1b5e20
15,0,3.889771469637082,11.50345051135981,610.2640046448945,200,800.0053034532948,672.3878281253258,29.486524290464274,36.8014369311549,True,True,Moderate,0.005897304858092855,#f9a825
15,1,3.889771469637082,11.50615153407943,610.5326543552072,174,793.1584264080623,702.8563860518107,29.302631022118213,38.01591628294014,True,True,Moderate,0.00509865779784857,#f9a825
15,2,3.889771469637082,11.508852556799049,610.6914685873916,50,810.5220441340236,764.8943882059663,29.76898267307447,40.488756409605166,True,True,Moderate,0.0014884491336537235,#f9a825
15,3,3.889771469637082,11.511553579518669,610.772010427877,50,862.9265092497928,869.6511116825931,31.176460608256058,44.66436845957513,True,True,Moderate,0.001558823030412803,#f9a825
15,4,3.889771469637082,11.514254602238289,610.8146173081109,862,959.892743082821,1027.0871399365515,33.780777516674945,50.939782150070315,True,True,Moderate,0.0291190302193738,#f9a825
15,5,3.889771469637082,11.516955624957907,610.8594132028444,557,1108.567071183546,1244.7364450537598,37.77386924783643,59.615302259457664,True,True,Unhealthy for Sensitive,0.02104004517104489,#ef6c00
15,6,3.889771469637082,11.519656647677527,610.941943087159,1274,1312.7254213267227,1526.4333410430822,43.25714958425056,70.84376487545956,True,True,Unhealthy for Sensitive,0.055109608570335214,#ef6c00
15,7,3.889771469637082,11.522357670397147,611.0884384157886,912,1571.9516673792875,1871.1398787414582,50.219442219676175,84.5837972547456,True,True,Unhealthy for Sensitive,0.04580013130434467,#ef6c00
15,8,3.889771469637082,11.525058693116765,611.3152415311256,383,1881.1109884778894,2272.049144033378,58.52283625185881,100.56407521247553,True,True,Unhealthy,0.022414246284461925,#b71c1c
15,9,3.889771469637082,11.527759715836385,611.6302650022222,601,2230.2395534768634,2716.1595277659626,67.89972332993722,118.26635348432627,True,True,Unhealthy,0.04080773372129227,#b71c1c
15,10,3.889771469637082,11.530460738556005,612.0322109676437,733,2604.9450420246467,3184.4980121616654,77.96355484042704,136.93436594219682,True,True,Unhealthy,0.05714728569803302,#b71c1c
15,11,3.889771469637082,11.533161761275624,612.516795285845,863,2987.353108622782,3653.1068989733744,88.23426201744515,155.61315666373528,True,True,Unhealthy,0.07614616812105517,#b71c1c
15,12,3.889771469637082,11.535862783995244,613.0752535715599,828,3357.5480843226073,4094.80007383216,98.1769502761943,173.2190847810016,True,True,Unhealthy,0.08129051482868889,#b71c1c
15,13,3.889771469637082,11.538563806714864,613.699686584731,912,3695.358698620223,4481.558005785177,107.24986009110548,188.63528936900408,True,True,Unhealthy,0.0978118724030882,#b71c1c
15,14,3.889771469637082,11.541264829434482,614.3779769813256,1350,2300.385946312898,3841.241555855242,69.78371355731937,163.11222034405523,True,True,Unhealthy,0.09420801330238116,#b71c1c
15,15,3.889771469637082,11.543965852154102,615.0995709861916,961,2504.586541302662,4035.2100302242347,75.26812850486476,170.84382049352124,True,True,Unhealthy,0.07233267149317503,#b71c1c
15,16,3.889771469637082,11.54666687487372,615.8528056464146,1520,2678.5889747675024,4138.492355971512,79.94148191527806,174.9606629225943,True,True,Unhealthy,0.12151105251122264,#b71c1c
15,17,3.889771469637082,11.54936789759334,616.6245465584489,998,2814.8865940209344,4144.016387198084,83.60216028100878,175.18085128462562,True,True,Unhealthy,0.08343495596044677,#b71c1c
15,18,3.889771469637082,11.55206892031296,617.4014621204994,1402,2907.9049706417545,4051.933012097549,86.10044572998704,171.51039999605044,True,True,Unhealthy,0.12071282491344183,#b71c1c
15,19,3.889771469637082,11.554769943032579,618.1696406314071,1824,2954.135617114139,3869.466684313945,87.34210738410975,164.23727640339644,True,True,Unhealthy,0.1593120038686162,#b71c1c
15,20,3.889771469637082,11.557470965752199,618.910927395661,2062,2952.120163741885,3609.9327719747434,87.28797638316225,153.8922322308263,True,True,Unhealthy,0.17998780730208055,#b71c1c
15,21,3.889771469637082,11.560171988471819,619.60676553922,1960,2902.3411173144023,3291.092953772631,85.9510118835479,141.18324952584481,True,True,Unhealthy,0.16846398329175388,#b71c1c
15,22,3.889771469637082,11.562873011191437,620.2345570419304,1630,2807.073581431571,2933.1216317922554,83.39231856613712,126.91448169884762,True,True,Unhealthy,0.1359294792628035,#b71c1c
15,23,3.889771469637082,11.565574033911057,620.7687389943355,2079,2670.231395158521,2556.500396030802,79.71701423174807,111.90232669696854,True,True,Unhealthy,0.16573167258780425,#b71c1c
15,24,3.889771469637082,11.568275056630677,621.1835387728581,1835,2497.210335517562,2180.1383426530197,75.07001853723219,96.90050272729896,True,True,Unhealthy,0.13775348401582108,#b71c1c
15,25,3.889771469637082,11.570976079350295,621.454799480311,1779,2294.7032264745817,1819.94338707561,69.63108719682549,82.54310067297631,True,True,Unhealthy,0.12387370412315254,#b71c1c
15,26,3.889771469637082,11.573677102069915,621.563262104855,1893,2070.4485426936117,1487.9650921097295,63.60805998749211,69.31041714887482,True,True,Unhealthy,0.12041005755632257,#b71c1c
15,27,3.889771469637082,11.576378124789535,621.4994891057938,1498,1347.54149912447,269.5089389583618,44.19223901187167,20.742649595567457,True,False,Unhealthy for Sensitive,0.06619997403978375,#ef6c00
15,28,3.889771469637082,11.579079147509153,621.2641069516043,2166,1226.4890153531567,245.29806953362626,40.94101414905399,19.777602248198562,True,False,Unhealthy for Sensitive,0.08867823664685094,#ef6c00
15,29,3.889771469637082,11.581780170228773,620.8705053844777,1147,1086.0495985837547,217.2099197167509,37.169095479604124,18.658006169357144,True,False,Unhealthy for Sensitive,0.042632952515105925,#ef6c00
15,30,3.889771469637082,11.584481192948394,620.345527007641,1264,935.6216834541347,187.1243366908269,33.12890594780413,17.458792230201723,True,False,Moderate,0.04187493711802442,#f9a825
15,31,3.889771469637082,11.587182215668012,619.7257214306634,1731,784.1792526702312,156.83585053404624,29.061468577577656,16.251490554717186,True,False,Moderate,0.050305402107786924,#f9a825
15,32,3.889771469637082,11.589883238387632,619.0541522443272,1364,639.4327386964867,127.88654773929734,25.173869989128477,15.097568843764154,True,False,Moderate,0.034337158665171244,#f9a825
15,33,3.889771469637082,11.592584261107252,618.3754538336079,1122,507.2696034783657,101.45392069567315,21.624235501819282,14.043962045720825,True,False,Moderate,0.024262392233041236,#f9a825
15,34,3.889771469637082,11.59528528382687,617.7287724971721,1111,391.5139683531288,78.30279367062576,18.515273279768554,13.121156121977496,True,False,Moderate,0.020570468613822866,#f9a825
15,35,3.889771469637082,11.59798630654649,617.1425151938047,1255,293.9815897501136,58.79631795002271,15.895750867961453,12.34362631416931,True,False,Moderate,0.019949167339291623,#f9a825
15,36,3.889771469637082,11.60068732926611,616.628361654885,937,214.76200884342617,42.952401768685235,13.76807316122071,11.712086446083726,False,False,Moderate,0.012900684552063805,#f9a825
15,37,3.889771469637082,11.603388351985728,616.1792836749667,1013,152.63679275381475,30.527358550762948,12.099515516917908,11.216823149750008,False,False,Moderate,0.01225680921863784,#f9a825
15,38,3.889771469637082,11.606089374705348,615.7725748947956,832,105.54203337552246,21.10840667510449,10.83464553797242,10.841382914079961,False,False,Good,0.009014425087593054,#1b5e20
15,39,3.889771469637082,11.608790397424968,615.3748903706389,882,70.99963775867043,14.199927551734088,9.906906660156784,10.566010339249976,False,False,Good,0.008737891674258282,#1b5e20
15,40,3.889771469637082,11.611491420144587,614.949463221015,430,46.46770885762096,9.293541771524193,9.248028670287164,10.370441378082372,False,False,Good,0.00397665232822348,#1b5e20
15,41,3.889771469637082,11.614192442864207,614.4651570408193,455,29.587674827588756,5.917534965517752,8.794665099265131,10.23587345506895,False,False,Good,0.004001572620165635,#1b5e20
15,42,3.889771469637082,11.616893465583825,613.9047463358012,123,18.32883515767694,3.6657670315353883,8.492275438839428,10.14611779064164,False,False,Good,0.0010445498789772496,#1b5e20
15,43,3.889771469637082,11.619594488303445,613.2666303469676,1000,11.046465598932786,2.209293119786557,8.296685722445469,10.088062614663151,False,False,Good,0.00829668572244547,#1b5e20
15,44,3.889771469637082,11.622295511023065,612.5652404144643,980,0.0,0.0,8.0,10.0,False,False,Good,0.00784,#1b5e20
15,45,3.889771469637082,11.624996533742683,611.8278888704951,639,0.0,0.0,8.0,10.0,False,False,Good,0.005112,#1b5e20
15,46,3.889771469637082,11.627697556462303,611.0918162329842,602,0.0,0.0,8.0,10.0,False,False,Good,0.004816,#1b5e20
15,47,3.889771469637082,11.630398579181923,610.3933117532272,451,0.0,0.0,8.0,10.0,False,False,Good,0.003608,#1b5e20
15,48,3.889771469637082,11.633099601901542,609.7662447360989,95,0.0,0.0,8.0,10.0,False,False,Good,0.00076,#1b5e20
15,49,3.889771469637082,11.635800624621162,609.2338641464013,412,0.0,0.0,8.0,10.0,False,False,Good,0.003296,#1b5e20
16,0,3.892466403162055,11.50345051135981,611.3021853941259,196,928.8432646207161,750.6228091415478,32.946851328557855,39.919890034868075,True,True,Moderate,0.006457582860397339,#f9a825
16,1,3.892466403162055,11.50615153407943,611.570732573437,134,899.7271329922817,757.0645262507608,32.164850925837726,40.17665743548011,True,True,Moderate,0.004310090024062255,#f9a825
16,2,3.892466403162055,11.508852556799049,611.7142961956908,50,884.733647338907,785.7112655138601,31.762156228315924,41.3185189379166,True,True,Moderate,0.0015881078114157964,#f9a825
16,3,3.892466403162055,11.511553579518669,611.7674802136829,834,895.9004711609198,848.696357405999,32.06207452918632,43.82911014337714,True,True,Moderate,0.02673977015734139,#f9a825
16,4,3.892466403162055,11.514254602238289,611.7742798445948,719,944.7678231333313,957.8465161419269,33.37455275980993,48.17984490242644,True,True,Moderate,0.02399630343430334,#f9a825
16,5,3.892466403162055,11.516955624957907,611.7782415970667,285,1041.2550870256996,1123.472833385844,35.96600550442894,54.781724219797,True,True,Unhealthy for Sensitive,0.010250311568762249,#ef6c00
16,6,3.892466403162055,11.519656647677527,611.8173986693349,326,1192.558708965485,1353.0597687727327,40.029714749869235,63.93307930328303,True,True,Unhealthy for Sensitive,0.013049687008457371,#ef6c00
16,7,3.892466403162055,11.522357670397147,611.9194615019013,940,1402.1604777712812,1649.954213432331,45.65919430122942,75.76731752252597,True,True,Unhealthy for Sensitive,0.042919642643155655,#ef6c00
16,8,3.892466403162055,11.525058693116765,612.1014718181631,777,1669.0508855872833,2012.1993888849192,52.827330819420936,90.20644151823592,True,True,Unhealthy for Sensitive,0.04104683604669007,#ef6c00
16,9,3.892466403162055,11.527759715836385,612.3716961999984,739,1987.2840928274486,2431.695477745343,61.37443107973484,106.92759186952279,True,True,Unhealthy,0.045355704567924045,#b71c1c
16,10,3.892466403162055,11.530460738556005,612.7300420072575,817,2345.976743685705,2893.8832930663075,71.00819015884187,125.35043812658536,True,True,Unhealthy,0.05801369135977381,#b71c1c
16,11,3.892466403162055,11.533161761275624,613.1743446442222,857,2729.831232325739,3378.1226314301075,81.3177453062464,144.65225999764183,True,True,Unhealthy,0.06968930772745316,#b71c1c
16,12,3.892466403162055,11.535862783995244,613.6996285931222,1110,3120.2006364965837,3858.8643189089016,91.80227790717383,163.8146652021845,True,True,Unhealthy,0.10190052847696295,#b71c1c
16,13,3.892466403162055,11.538563806714864,614.303076037702,1248,1973.5543397117092,3450.871551998829,61.0056776820386,147.5520382578586,True,True,Unhealthy,0.07613508574718417,#b71c1c
16,14,3.892466403162055,11.541264829434482,614.9786973566428,959,2220.9758585608984,3785.4672839828227,67.65091922204925,160.88905304767889,True,True,Unhealthy,0.06487723153394523,#b71c1c
16,15,3.892466403162055,11.543965852154102,615.7217104720816,905,2456.2069822739586,4055.6247366519083,73.96875140605673,171.65755245579487,True,True,Unhealthy,0.06694172002248135,#b71c1c
16,16,3.892466403162055,11.54666687487372,616.5251502186707,1195,2668.6718962959512,4242.657385038414,79.67512924667746,179.11268998226342,True,True,Unhealthy,0.09521177944977956,#b71c1c
16,17,3.892466403162055,11.54936789759334,617.3787695531062,1361,2849.0073779106947,4333.462464930619,84.51857552062327,182.73218831337508,True,True,Unhealthy,0.11502978128356828,#b71c1c
16,18,3.892466403162055,11.55206892031296,618.2697377267862,1279,2989.539184466601,4321.920181046838,88.29297559286304,182.27211188038083,True,True,Unhealthy,0.11292671578327183,#b71c1c
16,19,3.892466403162055,11.554769943032579,619.1813122975087,1663,3084.568776043234,4209.477913522338,90.84527820749618,177.79015338054285,True,True,Unhealthy,0.15107569765906614,#b71c1c
16,20,3.892466403162055,11.557470965752199,620.0899267723089,1925,3130.483320972351,4004.829129009705,92.07845001354119,169.63283514584907,True,True,Unhealthy,0.17725101627606676,#b71c1c
16,21,3.892466403162055,11.560171988471819,620.9684040102036,1261,3125.7344489072248,3722.749139447991,91.95090491535348,158.38910238694797,True,True,Unhealthy,0.11595009109826074,#b71c1c
16,22,3.892466403162055,11.562873011191437,621.7831219074981,2071,3070.7449757847426,3382.2889742432644,90.47399889377355,144.81833078219444,True,True,Unhealthy,0.18737165170900502,#b71c1c
16,23,3.892466403162055,11.565574033911057,622.4959007729924,2157,2967.7938763773323,3004.6242266444215,87.70894060153628,129.76458130830554,True,True,Unhealthy,0.18918818487751377,#b71c1c
16,24,3.892466403162055,11.568275056630677,623.0676514617633,2410,2820.9025818488553,2610.889097898026,83.76373754560665,114.07026505320854,True,True,Unhealthy,0.201870607484912,#b71c1c
16,25,3.892466403162055,11.570976079350295,623.4624697215017,1779,2635.711619046506,2220.294293024499,78.78988286808017,98.50112237904432,True,True,Unhealthy,0.14016720162231464,#b71c1c
16,26,3.892466403162055,11.573677102069915,623.6516293349905,1952,1620.2728234306514,324.0579897657455,51.51725073264381,22.916979474418206,True,False,Unhealthy for Sensitive,0.10056167343012072,#ef6c00
16,27,3.892466403162055,11.576378124789535,623.6199303559741,2406,1550.9931401672934,310.20012984736655,49.656538571301596,22.364603980592364,True,False,Unhealthy for Sensitive,0.11947363180255163,#ef6c00
16,28,3.892466403162055,11.579079147509153,623.3661963039428,1929,1444.4289928008538,288.88579856017077,46.79444111894978,21.51501289368018,True,False,Unhealthy for Sensitive,0.09026647691845412,#ef6c00
16,29,3.892466403162055,11.581780170228773,622.9052075755055,1580,1308.722992716162,261.7445985432324,43.149652447431045,20.433162315691654,True,False,Unhealthy for Sensitive,0.06817645086694106,#ef6c00
16,30,3.892466403162055,11.584481192948394,622.2676195533685,1945,1153.6225024390417,230.7245004878083,38.98396699832599,19.196698526707465,True,False,Unhealthy for Sensitive,0.07582381581174405,#ef6c00
16,31,3.892466403162055,11.587182215668012,621.4958372332218,1834,989.3367820413738,197.86735640827476,34.57158484702817,17.887009924460262,True,False,Moderate,0.06340428660944966,#f9a825
16,32,3.892466403162055,11.589883238387632,620.6400960719238,1172,825.4467151487331,165.0893430297466,30.169829148592196,16.580475478792945,True,False,Moderate,0.03535903976215005,#f9a825
16,33,3.892466403162055,11.592584261107252,619.753566229297,1133,670.0363778434823,134.00727556869646,25.995821835035102,15.341541583945629,True,False,Moderate,0.02945326613909477,#f9a825
16,34,3.892466403162055,11.59528528382687,618.8848282000583,1348,529.1419233636414,105.82838467272826,22.21168177308168,14.218328557850487,True,False,Moderate,0.029941347030114102,#f9a825
16,35,3.892466403162055,11.59798630654649,618.0721294392971,1252,406.54667340519586,81.30933468103918,18.91902133101067,13.240997106452465,True,False,Moderate,0.023686614706425357,#f9a825
16,36,3.892466403162055,11.60068732926611,617.3372170693561,1703,303.88768640976866,60.777537281953734,16.161808587307302,12.422597887940329,True,False,Moderate,0.027523560024184334,#f9a825
16,37,3.892466403162055,11.603388351985728,616.6824329583197,848,220.99387877193382,44.19877575438676,13.935448582378417,11.761767020854906,False,False,Moderate,0.011817260397856896,#f9a825
16,38,3.892466403162055,11.606089374705348,616.0933062596594,1349,156.35502273050204,31.271004546100407,12.19937965327646,11.246464943383767,False,False,Moderate,0.01645696315226994,#f9a825
16,39,3.892466403162055,11.608790397424968,615.5430086394598,699,107.62369052331292,21.524738104662582,10.890554638421314,10.857977920837993,False,False,Good,0.007612497692256498,#1b5e20
16,40,3.892466403162055,11.611491420144587,614.9990579637399,1355,72.07229880685544,14.414459761371088,9.935716166253524,10.57456161166417,False,False,Good,0.013462895405273524,#1b5e20
16,41,3.892466403162055,11.614192442864207,614.4324146113805,559,46.95624061379374,9.391248122758746,9.261149645111155,10.37433596168554,False,False,Good,0.005176982651617136,#1b5e20
16,42,3.892466403162055,11.616893465583825,613.8249555123555,936,29.763411927727233,5.9526823855454465,8.79938504231371,10.237274434268397,False,False,Good,0.008236224399605634,#1b5e20
16,43,3.892466403162055,11.619594488303445,613.1717069392904,290,0.0,0.0,8.0,10.0,False,False,Good,0.00232,#1b5e20
16,44,3.892466403162055,11.622295511023065,612.4810062662622,161,0.0,0.0,8.0,10.0,False,False,Good,0.001288,#1b5e20
16,45,3.892466403162055,11.624996533742683,611.7718622263384,744,0.0,0.0,8.0,10.0,False,False,Good,0.005952,#1b5e20
16,46,3.892466403162055,11.627697556462303,611.0717226311856,283,0.0,0.0,8.0,10.0,False,False,Good,0.002264,#1b5e20
16,47,3.892466403162055,11.630398579181923,610.4068328772449,504,0.0,0.0,8.0,10.0,False,False,Good,0.004032,#1b5e20
16,48,3.892466403162055,11.633099601901542,609.80187647171,563,0.0,0.0,8.0,10.0,False,False,Good,0.004504,#1b5e20
16,49,3.892466403162055,11.635800624621162,609.2730303293868,50,0.0,0.0,8.0,10.0,False,False,Good,0.0004,#1b5e20
17,0,3.8951613366870284,11.50345051135981,612.2416307720872,424,1085.3500430532627,853.2290611479428,37.15030683303695,44.00978410620902,True,True,Unhealthy for Sensitive,0.015751730097207668,#ef6c00
17,1,3.8951613366870284,11.50615153407943,612.5143434165741,296,1042.9370708096876,843.2443787553727,36.011180186740205,43.61179380324921,True,True,Unhealthy for Sensitive,0.0106593093352751,#ef6c00
17,2,3.8951613366870284,11.508852556799049,612.651823634435,606,1003.1327670238225,844.9316170677047,34.942117098697885,43.67904726817565,True,True,Moderate,0.021174922961810918,#f9a825
17,3,3.8951613366870284,11.511553579518669,612.6911978500917,283,978.5093443447379,870.7134192937253,34.28078177101351,44.70671213275052,True,True,Moderate,0.009701461241196823,#f9a825
17,4,3.8951613366870284,11.514254602238289,612.6794521940128,529,982.0361451588435,933.5917954677743,34.37550450726639,47.21304964046653,True,True,Moderate,0.01818464188434392,#f9a825
17,5,3.8951613366870284,11.516955624957907,612.66277384384,660,1025.9134434599641,1045.9967599629274,35.5539599895956,51.69352123833137,True,True,Unhealthy for Sensitive,0.023465613593133094,#ef6c00
17,6,3.8951613366870284,11.519656647677527,612.680919070659,639,1120.3852868204451,1218.4872792257872,38.09128261529294,58.569008241323374,True,True,Unhealthy for Sensitive,0.02434032959117219,#ef6c00
17,7,3.8951613366870284,11.522357670397147,612.7622662240706,566,1272.615766672236,1458.381043639102,42.179885389506296,68.1311944204319,True,True,Unhealthy for Sensitive,0.023873815130460562,#ef6c00
17,8,3.8951613366870284,11.525058693116765,612.9237203537848,815,1485.7194815090902,1768.4242125328708,47.903420127920135,80.48954192385062,True,True,Unhealthy for Sensitive,0.03904128740425491,#ef6c00
17,9,3.8951613366870284,11.527759715836385,613.1730009323919,499,1758.0480373745822,2145.6530730904224,55.21761430304983,95.52591690260797,True,True,Unhealthy,0.027553589537221864,#b71c1c
17,10,3.8951613366870284,11.530460738556005,613.5102916447366,1580,2082.841737794324,2580.633145577093,63.94091614034319,112.86426017923216,True,True,Unhealthy,0.10102664750174223,#b71c1c
17,11,3.8951613366870284,11.533161761275624,613.9346726867119,266,2448.3467543915713,3057.269909984232,73.7576415839162,131.86304279542586,True,True,Unhealthy,0.019619532661321708,#b71c1c
17,12,3.8951613366870284,11.535862783995244,614.4443234423723,1586,1591.5331829789025,2851.9553269384396,50.74536212140567,123.6791857736677,True,True,Unhealthy for Sensitive,0.08048214432454939,#ef6c00
17,13,3.8951613366870284,11.538563806714864,615.0411445422604,762,1841.0171553988998,3258.408557700248,57.4459969926303,139.88044667409008,True,True,Unhealthy,0.043773849708384285,#b71c1c
17,14,3.8951613366870284,11.541264829434482,615.7254963989085,1439,2100.1022705681316,3641.858372850369,64.40449913799318,155.1647894404696,True,True,Unhealthy,0.0926780742595722,#b71c1c
17,15,3.8951613366870284,11.543965852154102,616.499100780291,1383,2357.2836229287577,3977.8616973653934,71.3118700650331,168.55791099020905,True,True,Unhealthy,0.09862431629994078,#b71c1c
17,16,3.8951613366870284,11.54666687487372,617.360892616318,1317,2601.019910867984,4243.779510355458,77.85813375687066,179.1574179943654,True,True,Unhealthy,0.10253916215779865,#b71c1c
17,17,3.8951613366870284,11.54936789759334,618.3050546970579,1315,2820.461670323839,4421.1021176911945,83.7518955538707,186.22551244549052,True,True,Unhealthy,0.11013374265333997,#b71c1c
17,18,3.8951613366870284,11.55206892031296,619.3208180333202,2311,3006.0617306896493,4497.4148179358845,88.7367377644754,189.26734327154313,True,True,Unhealthy,0.20507060097370264,#b71c1c
17,19,3.8951613366870284,11.554769943032579,620.3898635277197,2072,3150.0139834337015,4467.700550651999,92.60300410283688,188.08293000995135,True,True,Unhealthy,0.191873424501078,#b71c1c
17,20,3.8951613366870284,11.557470965752199,621.4837275873936,2347,3246.505240838449,4334.773207472303,95.19456410512078,182.7844346243499,True,True,Unhealthy,0.22342164195471845,#b71c1c
17,21,3.8951613366870284,11.560171988471819,622.5659857063554,1935,3291.8051064443603,4108.777596943524,96.41122686784833,173.77623006004012,True,True,Unhealthy,0.18655572398928652,#b71c1c
17,22,3.8951613366870284,11.562873011191437,623.589981677909,2112,3284.247079294237,3805.8490223158797,96.20823354611893,161.7014708988523,True,True,Unhealthy,0.2031917892494032,#b71c1c
17,23,3.8951613366870284,11.565574033911057,624.5015284698263,1542,3224.1609505855854,3446.1623254156943,94.59444166443328,147.36432807932326,True,True,Unhealthy,0.14586462904655612,#b71c1c
17,24,3.8951613366870284,11.568275056630677,625.2442496436591,2382,3113.799976228925,3051.687615070212,91.63036911891655,131.64053203777823,True,True,Unhealthy,0.2182635392412592,#b71c1c
17,25,3.8951613366870284,11.570976079350295,625.7670693315524,1932,1761.305978803919,352.2777896054066,55.305116020046185,24.041823134543954,True,False,Unhealthy,0.10684948415072923,#b71c1c
17,26,3.8951613366870284,11.573677102069915,626.0301082894293,2636,1773.1861406070957,354.6448804317803,55.62419313623121,24.13617557942721,True,False,Unhealthy,0.14662537310710547,#b71c1c
17,27,3.8951613366870284,11.576378124789535,626.0130587068259,2166,1736.756455273407,347.3512910546814,54.64576547401764,23.845452476605633,True,False,Unhealthy for Sensitive,0.11836272801672221,#ef6c00
17,28,3.8951613366870284,11.579079147509153,625.7155266222521,2369,1654.9747566173253,330.99495132346505,52.4492744668903,23.19348736154256,True,False,Unhealthy for Sensitive,0.12425233121206312,#ef6c00
17,29,3.8951613366870284,11.581780170228773,625.1569981978288,1631,1534.2929049694833,306.8585809938967,49.2080040332363,22.231409554544612,True,False,Unhealthy for Sensitive,0.0802582545782084,#ef6c00
17,30,3.8951613366870284,11.584481192948394,624.3749161972746,1424,1383.8519511381455,276.7703902276291,45.16746430828138,21.032091670633765,True,False,Unhealthy for Sensitive,0.06431846917499269,#ef6c00
17,31,3.8951613366870284,11.587182215668012,623.4196388032123,1838,1214.3263943775928,242.86527887551856,40.61435075082513,19.68063100234516,True,False,Unhealthy for Sensitive,0.0746491766800166,#ef6c00
17,32,3.8951613366870284,11.589883238387632,622.3496704065136,1935,1036.68231557354,207.33646311470804,35.843190112509106,18.26444933601895,True,False,Unhealthy for Sensitive,0.06935657286770512,#ef6c00
17,33,3.8951613366870284,11.592584261107252,621.2270617920146,1571,861.0341887193824,172.20683774387646,31.125636706381286,16.864179433131962,True,False,Moderate,0.048898375265725,#f9a825
17,34,3.8951613366870284,11.59528528382687,620.1098313630622,1192,695.7601536302649,139.152030726053,26.686710421522363,15.546611969084166,True,False,Moderate,0.031810558822454656,#f9a825
17,35,3.8951613366870284,11.59798630654649,619.0459197760849,883,546.9695637286273,109.39391274572547,22.690496133549598,14.36045081494299,True,False,Moderate,0.020035708085924295,#f9a825
17,36,3.8951613366870284,11.60068732926611,618.0671376924445,549,418.3417597850863,83.66835195701726,19.23581349340717,13.335027738919308,True,False,Moderate,0.010560461607880538,#f9a825
17,37,3.8951613366870284,11.603388351985728,617.1854554429132,824,311.2889669073397,62.25779338146794,16.36059201099855,12.4816010239782,True,False,Moderate,0.013481127817062804,#f9a825
17,38,3.8951613366870284,11.606089374705348,616.3950266678336,1083,225.3516218979152,45.070324379583035,14.052488748392104,11.796507024367102,False,False,Moderate,0.01521884531450865,#f9a825
17,39,3.8951613366870284,11.608790397424968,615.676143990565,1557,158.7165076658602,31.74330153317204,12.262804362095407,11.26529074210036,False,False,Moderate,0.01909318639178255,#f9a825
17,40,3.8951613366870284,11.611491420144587,615.0011638724926,1206,108.75468139133282,21.75093627826656,10.920930765495855,10.866994199583985,False,False,Good,0.013170642503188001,#1b5e20
17,41,3.8951613366870284,11.614192442864207,614.3435598977782,236,72.50004443542318,14.500008887084634,9.94720454864135,10.577971607207544,False,False,Good,0.002347540273479359,#1b5e20
17,42,3.8951613366870284,11.616893465583825,613.6844262797975,1016,0.0,0.0,8.0,10.0,False,False,Good,0.008128,#1b5e20
17,43,3.8951613366870284,11.619594488303445,613.015176616285,1084,0.0,0.0,8.0,10.0,False,False,Good,0.008672,#1b5e20
17,44,3.8951613366870284,11.622295511023065,612.3374703714846,659,0.0,0.0,8.0,10.0,False,False,Good,0.005272,#1b5e20
17,45,3.8951613366870284,11.624996533742683,611.6611191310345,50,0.0,0.0,8.0,10.0,False,False,Good,0.0004,#1b5e20
17,46,3.8951613366870284,11.627697556462303,611.0026756582923,401,0.0,0.0,8.0,10.0,False,False,Good,0.003208,#1b5e20
17,47,3.8951613366870284,11.630398579181923,610.3772370174242,371,0.0,0.0,8.0,10.0,False,False,Good,0.002968,#1b5e20
17,48,3.8951613366870284,11.633099601901542,609.7992377025714,982,0.0,0.0,8.0,10.0,False,False,Good,0.007856,#1b5e20
17,49,3.8951613366870284,11.635800624621162,609.2770508957115,92,0.0,0.0,8.0,10.0,False,False,Good,0.000736,#1b5e20
18,0,3.897856270212001,11.50345051135981,613.0053879895065,514,1260.3484387197632,972.9988478563964,41.850409773667096,48.78381815390178,True,True,Unhealthy for Sensitive,0.021511110623664887,#ef6c00
18,1,3.897856270212001,11.50615153407943,613.2876902916403,190,1215.3949572072704,955.653079868615,40.64305018706217,48.09241434303398,True,True,Unhealthy for Sensitive,0.007722179535541812,#ef6c00
18,2,3.897856270212001,11.508852556799049,613.4307397726545,294,1160.7528683772086,938.9017952139347,39.175474204926985,47.424706689193826,True,True,Unhealthy for Sensitive,0.011517589416248532,#ef6c00
18,3,3.897856270212001,11.511553579518669,613.4735411364788,579,1108.7329437551819,934.7159133140658,37.77832424960228,47.25785707495648,True,True,Unhealthy for Sensitive,0.02187364974051972,#ef6c00
18,4,3.897856270212001,11.514254602238289,613.4652601576197,446,1073.0170637800172,956.5236034645543,36.81906795551387,48.12711348879142,True,True,Unhealthy for Sensitive,0.016421304308159187,#ef6c00
18,5,3.897856270212001,11.516955624957907,613.4537616492189,1154,1067.4729922952065,1018.1385782144894,36.67016540935292,50.58309170656976,True,True,Unhealthy for Sensitive,0.04231737088239327,#ef6c00
18,6,3.897856270212001,11.519656647677527,613.479616286532,105,1104.8955649606987,1132.5028552557949,37.67526001699849,55.14166167183149,True,True,Unhealthy for Sensitive,0.003955902301784842,#ef6c00
18,7,3.897856270212001,11.522357670397147,613.5709236134624,1122,1195.7687952583155,1310.308809581626,40.115931174695,62.229022375748556,True,True,Unhealthy for Sensitive,0.04501007477800779,#ef6c00
18,8,3.897856270212001,11.525058693116765,613.7435061762786,1035,1347.1377911824957,1558.5863940608428,44.18139623312503,72.12538834714289,True,True,Unhealthy for Sensitive,0.045727745101284405,#ef6c00
18,9,3.897856270212001,11.527759715836385,614.0035192425687,741,1561.6803621113495,1879.374123053302,49.943575735814534,84.91201494454955,True,True,Unhealthy for Sensitive,0.037008189620238566,#ef6c00
18,10,3.897856270212001,11.530460738556005,614.350327673834,868,1837.0743533057434,2268.630520681645,57.34010130346248,100.42780859026688,True,True,Unhealthy,0.04977120793140544,#b71c1c
18,11,3.897856270212001,11.533161761275624,614.7831737246605,887,1242.8517088110418,2196.43648771803,41.38048299872618,97.55014819793836,True,True,Unhealthy for Sensitive,0.03670448841987012,#ef6c00
18,12,3.897856270212001,11.535862783995244,615.3024421480865,1032,1450.9076750796446,2592.72368464094,46.96844542061197,113.34619011107941,True,True,Unhealthy for Sensitive,0.04847143567407155,#ef6c00
18,13,3.897856270212001,11.538563806714864,615.9140226533632,1137,1689.235394714637,3009.034569276847,53.36944590763835,129.94037794673858,True,True,Unhealthy for Sensitive,0.0606810599969848,#ef6c00
18,14,3.897856270212001,11.541264829434482,616.6244452562693,1708,1948.0085607473911,3422.7672504767074,60.31956973017088,146.43179837065037,True,True,Unhealthy,0.10302582509913186,#b71c1c
18,15,3.897856270212001,11.543965852154102,617.4423491276448,1213,2215.9729819384115,3808.9993902090337,67.51655207522253,161.8270448353016,True,True,Unhealthy,0.08189757766724493,#b71c1c
18,16,3.897856270212001,11.54666687487372,618.3736112588062,2377,2481.1958521994998,4142.686758386179,74.63990190759554,175.12785216528778,True,True,Unhealthy,0.1774190468343546,#b71c1c
18,17,3.897856270212001,11.54936789759334,619.4184885541471,1309,2731.8356086795484,4401.0936316871275,81.37157880088381,185.42797246440398,True,True,Unhealthy,0.1065153966503569,#b71c1c
18,18,3.897856270212001,11.55206892031296,620.5702294126006,1292,2956.849126569959,4566.133247897614,87.4149867595129,192.00646582788423,True,True,Unhealthy,0.11294016289329066,#b71c1c
18,19,3.897856270212001,11.554769943032579,621.8108823743132,2042,3146.5642418293255,4626.276028465099,92.51035102109068,194.40376225833555,True,True,Unhealthy,0.18890613678506718,#b71c1c
18,20,3.897856270212001,11.557470965752199,623.1084082720239,2055,3293.0754089703973,4577.7302629222595,96.44534462427333,192.46872384888275,True,True,Unhealthy,0.19819518320288168,#b71c1c
18,21,3.897856270212001,11.560171988471819,624.4171248883081,2730,3390.460778627901,4424.709473130207,99.06091867315708,186.36930194500675,True,True,Unhealthy,0.27043630797771884,#b71c1c
18,22,3.897856270212001,11.562873011191437,625.6753207905122,2621,3434.8572080755243,4178.751295828257,100.25331696804155,176.56538774412186,True,True,Unhealthy,0.26276394377323686,#b71c1c
18,23,3.897856270212001,11.565574033911057,626.8084027973927,2512,3424.45248568611,3857.2117216468414,99.97386717015812,163.74879253251527,True,True,Unhealthy,0.25113435433143716,#b71c1c
18,24,3.897856270212001,11.568275056630677,627.7368566715654,2396,1731.0021380845217,346.2731085684212,54.49121615350648,23.802476029535875,True,False,Unhealthy for Sensitive,0.1305609539038015,#ef6c00
18,25,3.897856270212001,11.570976079350295,628.3890806441474,2688,1832.7536927188853,366.58598912372776,57.22405709944328,24.61214920373804,True,False,Unhealthy,0.15381826548330352,#b71c1c
18,26,3.897856270212001,11.573677102069915,628.7116704631698,2455,1887.894987951548,377.5789975903096,58.705040755814046,25.050331471138975,True,True,Unhealthy,0.14412087505552348,#b71c1c
18,27,3.897856270212001,11.576378124789535,628.6809963426235,2795,1892.0438710745993,378.40877421491984,58.81647136460744,25.083406439098226,True,True,Unhealthy,0.1643920374640778,#b71c1c
18,28,3.897856270212001,11.579079147509153,628.3023908990843,2295,1844.7988607452733,368.95977214905463,57.54756594902782,24.706768400249857,True,False,Unhealthy,0.13207166385301883,#b71c1c
18,29,3.897856270212001,11.581780170228773,627.6057359910067,2220,1749.9727742458574,349.9945548491715,55.00072906914167,23.950813199862548,True,False,Unhealthy,0.12210161853349451,#b71c1c
18,30,3.897856270212001,11.584481192948394,626.639749196797,2393,1615.0204026334482,323.0040805266896,51.376181334033966,22.8749705610795,True,False,Unhealthy for Sensitive,0.12294320193234327,#ef6c00
18,31,3.897856270212001,11.587182215668012,625.4653275180501,2373,1450.0707258260466,290.01414516520924,46.945966656546666,21.5599888868592,True,False,Unhealthy for Sensitive,0.11140277887598524,#ef6c00
18,32,3.897856270212001,11.589883238387632,624.1501483892971,1831,1266.673858550866,253.33477171017324,42.02029775598634,20.097945891419677,True,False,Unhealthy for Sensitive,0.076939165191211,#ef6c00
18,33,3.897856270212001,11.592584261107252,622.7649668986453,2111,1076.4773124765957,215.29546249531916,36.91200323650406,18.581695739079642,True,False,Unhealthy for Sensitive,0.07792123883226007,#ef6c00
18,34,3.897856270212001,11.59528528382687,621.3766620233466,1908,890.0397548563631,178.0079509712726,31.904667543640336,17.095412307659203,True,False,Moderate,0.06087410567326576,#f9a825
18,35,3.897856270212001,11.59798630654649,620.0422057617768,1438,715.9428899950088,143.18857799900175,27.228777896921823,15.70750909218824,True,False,Moderate,0.03915498261577358,#f9a825
18,36,3.897856270212001,11.60068732926611,618.8030077808321,1396,560.2886260444849,112.05772520889698,23.048219207059933,14.46663060990919,True,False,Moderate,0.032175314013055664,#f9a825
18,37,3.897856270212001,11.603388351985728,617.6805317481301,1320,426.5890298137065,85.31780596274129,19.457318484730408,13.400775118119357,True,False,Moderate,0.025683660399844137,#f9a825
18,38,3.897856270212001,11.606089374705348,616.677583478988,1373,315.9890333291072,63.19780666582143,16.48682628832418,12.519070034720542,True,False,Moderate,0.022636412493869103,#f9a825
18,39,3.897856270212001,11.608790397424968,615.781846862975,828,227.7187485839065,45.54374971678129,14.11606498322156,11.815377799217247,False,False,Moderate,0.011688101806107453,#f9a825
18,40,3.897856270212001,11.611491420144587,614.9707374158435,1381,159.65775472726276,31.931550945452553,12.288084354316528,11.272794379940787,False,False,Moderate,0.016969844493311122,#f9a825
18,41,3.897856270212001,11.614192442864207,614.2203690866874,1037,0.0,0.0,8.0,10.0,False,False,Good,0.008296,#1b5e20
18,42,3.897856270212001,11.616893465583825,613.5109251566952,50,0.0,0.0,8.0,10.0,False,False,Good,0.0004,#1b5e20
18,43,3.897856270212001,11.619594488303445,612.8298088988656,711,0.0,0.0,8.0,10.0,False,False,Good,0.005688,#1b5e20
18,44,3.897856270212001,11.622295511023065,612.1713554673124,605,0.0,0.0,8.0,10.0,False,False,Good,0.00484,#1b5e20
18,45,3.897856270212001,11.624996533742683,611.5353181771128,619,0.0,0.0,8.0,10.0,False,False,Good,0.004952,#1b5e20
18,46,3.897856270212001,11.627697556462303,610.9263913089527,988,0.0,0.0,8.0,10.0,False,False,Good,0.007904,#1b5e20
18,47,3.897856270212001,11.630398579181923,610.3475887833515,309,0.0,0.0,8.0,10.0,False,False,Good,0.002472,#1b5e20
18,48,3.897856270212001,11.633099601901542,609.8022438907257,473,0.0,0.0,8.0,10.0,False,False,Good,0.003784,#1b5e20
18,49,3.897856270212001,11.635800624621162,609.2903531718174,165,0.0,0.0,8.0,10.0,False,False,Good,0.00132,#1b5e20
19,0,3.900551203736974,11.50345051135981,613.5293524567085,237,1442.1833016968972,1100.7395337294963,46.7341263982276,53.87557293107515,True,True,Unhealthy for Sensitive,0.011075987956379943,#ef6c00
19,1,3.900551203736974,11.50615153407943,613.8271660881936,403,1406.5294442852537,1085.9316714165961,45.77653590474314,53.2853302597125,True,True,Unhealthy for Sensitive,0.018447943969611486,#ef6c00
19,2,3.900551203736974,11.508852556799049,613.9886586989055,787,1348.9240019201673,1060.8166111989353,44.22937024059373,52.28424178920507,True,True,Unhealthy for Sensitive,0.03480851437934727,#ef6c00
19,3,3.900551203736974,11.511553579518669,614.0540363333574,85,1280.505274226404,1036.137934586135,42.391781604407235,51.300547606895975,True,True,Unhealthy for Sensitive,0.003603301436374615,#ef6c00
19,4,3.900551203736974,11.514254602238289,614.0738083723977,327,1214.809194563956,1024.9465455322154,40.62731778727721,50.85445787214138,True,True,Unhealthy for Sensitive,0.013285132916439646,#ef6c00
19,5,3.900551203736974,11.516955624957907,614.0965104353783,574,1166.6139775805877,1041.638372702856,39.33289174294062,51.519795545529895,True,True,Unhealthy for Sensitive,0.022577079860447914,#ef6c00
19,6,3.900551203736974,11.519656647677527,614.1625901533522,644,1150.6336282975217,1100.7623477198952,38.9036918844415,53.876482298703834,True,True,Unhealthy for Sensitive,0.025053977573580327,#ef6c00
19,7,3.900551203736974,11.522357670397147,614.298891549196,653,1180.176535590149,1215.6653427778617,39.69715461826827,58.45652561066114,True,True,Unhealthy for Sensitive,0.025922241965729183,#ef6c00
19,8,3.900551203736974,11.525058693116765,614.5191715512314,249,1265.8723918003411,1397.0495334397124,41.998771980183584,65.68651512413291,True,True,Unhealthy for Sensitive,0.010457694223065713,#ef6c00
19,9,3.900551203736974,11.527759715836385,614.8269416632724,1324,1414.5585425117315,1651.536157424916,45.99218124275409,75.83037394676865,True,True,Unhealthy for Sensitive,0.06089364796540642,#ef6c00
19,10,3.900551203736974,11.530460738556005,615.219515381786,1403,1010.8656982508322,1632.9899077201585,35.14980799015625,75.09111883092669,True,True,Unhealthy for Sensitive,0.04931518061018921,#ef6c00
19,11,3.900551203736974,11.533161761275624,615.6950132017715,739,1141.366746633625,1949.136973385209,38.654802186949894,87.69276818709592,True,True,Unhealthy for Sensitive,0.028565898816155972,#ef6c00
19,12,3.900551203736974,11.535862783995244,616.2547428169416,1028,1316.9638692294743,2317.4292580606498,43.37098572186519,102.3729304789689,True,True,Unhealthy for Sensitive,0.04458537332207742,#ef6c00
19,13,3.900551203736974,11.538563806714864,616.9074454685614,1629,1531.8277227139558,2723.097068395331,49.14179422414482,118.54288445329658,True,True,Unhealthy for Sensitive,0.0800519827911319,#ef6c00
19,14,3.900551203736974,11.541264829434482,617.6651605001853,1779,1777.5557991974792,3146.257410022105,55.74155332751748,135.41009223648393,True,True,Unhealthy,0.0991642233696536,#b71c1c
19,15,3.900551203736974,11.543965852154102,618.5434343705756,1572,2043.7391618558772,3563.181444878099,62.890700042906765,152.02872029289904,True,True,Unhealthy,0.09886418046744944,#b71c1c
19,16,3.900551203736974,11.54666687487372,619.5558661928748,1645,2318.658894861828,3948.162979757404,70.27448799488897,167.37411754004216,True,True,Unhealthy,0.11560153275159235,#b71c1c
19,17,3.900551203736974,11.54936789759334,620.7104626930815,1711,2590.0524123534874,4275.826841995579,77.56356893058745,180.43482740280047,True,True,Unhealthy,0.13271126644023515,#b71c1c
19,18,3.900551203736974,11.55206892031296,622.0068908154857,1948,2845.873086914319,4523.611199663304,84.43439480415014,190.31153331086824,True,True,Unhealthy,0.1644782010784845,#b71c1c
19,19,3.900551203736974,11.554769943032579,623.4304471686568,2397,3074.9641744917203,4674.090027842737,90.58731803692478,196.30963240521032,True,True,Unhealthy,0.2171378013345087,#b71c1c
19,20,3.900551203736974,11.557470965752199,624.9481687695684,2067,3267.5846591585405,4716.793538235686,95.76071464413397,198.01179801955016,True,True,Unhealthy,0.1979373971694249,#b71c1c
19,21,3.900551203736974,11.560171988471819,626.5064598267824,2156,3415.758216074523,4649.244612159642,99.74035667417662,195.3192919891511,True,True,Unhealthy,0.2150402089895248,#b71c1c
19,22,3.900551203736974,11.562873011191437,628.0271300133483,2880,3513.457556976498,4477.049911263119,102.36436335562131,188.4555963318034,True,True,Unhealthy,0.29480936646418937,#b71c1c
19,23,3.900551203736974,11.565574033911057,629.4096250848465,2968,1538.315686354376,307.9509376927963,49.31604780440709,22.274950986954998,True,False,Unhealthy for Sensitive,0.14637002988348025,#ef6c00
19,24,3.900551203736974,11.568275056630677,630.5422008321694,2635,1712.7374113620417,342.69428603749924,54.00066253756515,23.659823854201697,True,False,Unhealthy for Sensitive,0.14229174578648415,#ef6c00
19,25,3.900551203736974,11.570976079350295,631.323484520381,2759,1855.2948209909327,371.0589641981865,57.82946621118436,24.79044237672271,True,False,Unhealthy,0.15955149727665763,#b71c1c
19,26,3.900551203736974,11.573677102069915,631.6825551469445,2895,1955.5423139483191,391.10846278966375,60.521911102723486,25.589617123087386,True,True,Unhealthy,0.1752109326423845,#b71c1c
19,27,3.900551203736974,11.576378124789535,631.5964280848085,3087,2005.3304748620164,401.06609497240333,61.85912039900181,25.986529202345892,True,True,Unhealthy,0.1909591046717186,#b71c1c
19,28,3.900551203736974,11.579079147509153,631.0855323576575,2639,2000.6408895145496,400.12817790290995,61.73316762213195,25.949143746909012,True,True,Unhealthy,0.16291382935480622,#b71c1c
19,29,3.900551203736974,11.581780170228773,630.1996588407997,2039,1941.8549144536266,388.3709828907253,60.15429523762046,25.480500937765804,True,True,Unhealthy,0.12265460798950813,#b71c1c
19,30,3.900551203736974,11.584481192948394,629.0050124871893,2509,1833.7024575555092,366.7404915111018,57.24953900390074,24.618307682249558,True,False,Unhealthy,0.14363909336078698,#b71c1c
19,31,3.900551203736974,11.587182215668012,627.5755090729638,1929,1684.6333979489666,336.9266795897933,53.24584558291127,23.429926562808284,True,False,Unhealthy for Sensitive,0.10271123612943585,#ef6c00
19,32,3.900551203736974,11.589883238387632,625.9879254246864,2139,1505.7275492484523,301.1455098496905,48.44079635734179,22.00368604506118,True,False,Unhealthy for Sensitive,0.10361486340835409,#ef6c00
19,33,3.900551203736974,11.592584261107252,624.3203911630067,1607,1309.3381961644102,261.867639232882,43.166175567687,20.438066728213222,True,False,Unhealthy for Sensitive,0.06936804413727302,#ef6c00
19,34,3.900551203736974,11.59528528382687,622.6470630485456,1404,1107.6989117208166,221.5397823441633,37.75055224068234,18.83059486783597,True,False,Unhealthy for Sensitive,0.053001775345918004,#ef6c00
19,35,3.900551203736974,11.59798630654649,621.0325063288145,1217,911.7086420919627,182.34172841839253,32.486650025413006,17.268157051189863,True,False,Moderate,0.039536253080927626,#f9a825
19,36,3.900551203736974,11.60068732926611,619.5266389748749,1661,730.0537981593158,146.01075963186315,27.60776834826524,15.820001495943206,True,False,Moderate,0.045856503226468566,#f9a825
19,37,3.900551203736974,11.603388351985728,618.1597615844412,1288,568.745677215398,113.7491354430796,23.27535849554358,14.534050368001102,True,False,Moderate,0.02997866174226013,#f9a825
19,38,3.900551203736974,11.606089374705348,616.9429052864256,851,431.06801895045237,86.21360379009047,19.577615073350504,13.43648169692478,True,False,Moderate,0.01666055042742128,#f9a825
19,39,3.900551203736974,11.608790397424968,615.8710024440117,1309,317.8615151744327,63.572303034886545,16.537117363245024,12.533997492352292,True,False,Moderate,0.021647086628487737,#f9a825
19,40,3.900551203736974,11.611491420144587,614.9263778970063,668,0.0,0.0,8.0,10.0,False,False,Good,0.005344,#1b5e20
19,41,3.900551203736974,11.614192442864207,614.0876286084747,517,0.0,0.0,8.0,10.0,False,False,Good,0.004136,#1b5e20
19,42,3.900551203736974,11.616893465583825,613.3337193238272,702,0.0,0.0,8.0,10.0,False,False,Good,0.005616,#1b5e20
19,43,3.900551203736974,11.619594488303445,612.6476234635616,1374,0.0,0.0,8.0,10.0,False,False,Good,0.010992,#1b5e20
19,44,3.900551203736974,11.622295511023065,612.0158511391031,1051,0.0,0.0,8.0,10.0,False,False,Good,0.008408,#1b5e20
19,45,3.900551203736974,11.624996533742683,611.4275415211225,633,0.0,0.0,8.0,10.0,False,False,Good,0.005064,#1b5e20
19,46,3.900551203736974,11.627697556462303,610.8750184690242,549,0.0,0.0,8.0,10.0,False,False,Good,0.004392,#1b5e20
19,47,3.900551203736974,11.630398579181923,610.3487764757955,683,0.0,0.0,8.0,10.0,False,False,Good,0.005464,#1b5e20
19,48,3.900551203736974,11.633099601901542,609.8407040351568,719,0.0,0.0,8.0,10.0,False,False,Good,0.005752,#1b5e20
19,49,3.900551203736974,11.635800624621162,609.3422309602716,902,0.0,0.0,8.0,10.0,False,False,Good,0.007216,#1b5e20
20,0,3.9032461372619474,11.50345051135981,613.7729522430834,294,1617.5631306760754,1225.9802162468854,51.44447386611609,58.8676773584607,True,True,Unhealthy for Sensitive,0.015124675316638131,#ef6c00
20,1,3.9032461372619474,11.50615153407943,614.0919581230374,705,1603.1973812369652,1223.6605176890153,51.05863889359558,58.775213973495234,True,True,Unhealthy for Sensitive,0.03599634041998488,#ef6c00
20,2,3.9032461372619474,11.508852556799049,614.2845587627455,953,1555.6152774062061,1201.0985270821877,49.7806798284021,57.87589107829035,True,True,Unhealthy for Sensitive,0.0474409878764672,#ef6c00
20,3,3.9032461372619474,11.511553579518669,614.391551424731,467,1483.802706077359,1167.032647979439,47.851939416860496,56.51802219356911,True,True,Unhealthy for Sensitive,0.022346855707673852,#ef6c00
20,4,3.9032461372619474,11.514254602238289,614.4640480033881,796,1400.158451713876,1133.291355950806,45.6054239307995,55.17309137767021,True,True,Unhealthy for Sensitive,0.03630191744891641,#ef6c00
20,5,3.9032461372619474,11.516955624957907,614.5503411092673,539,1319.4525516253882,1113.9884327939155,43.437826697194026,54.403675192640904,True,True,Unhealthy for Sensitive,0.02341298858978758,#ef6c00
20,6,3.9032461372619474,11.519656647677527,614.6898969305454,417,1257.5249413937604,1124.4289289307078,41.77457634654187,54.81983427083297,True,True,Unhealthy for Sensitive,0.01741999833650796,#ef6c00
20,7,3.9032461372619474,11.522357670397147,614.9073903514501,1009,1229.8641237494003,1179.8015144414662,41.03166273378937,57.026990314123154,True,True,Unhealthy for Sensitive,0.041400947698393475,#ef6c00
20,8,3.9032461372619474,11.525058693116765,615.2135535218646,915,1250.1962361424526,1293.736909746296,41.57774214716825,61.56846501630863,True,True,Unhealthy for Sensitive,0.03804363406465895,#ef6c00
20,9,3.9032461372619474,11.527759715836385,615.6081603604539,927,955.6216760805037,1266.6828422543228,33.666065296024215,60.49008754829447,True,True,Moderate,0.031208442529414446,#f9a825
20,10,3.9032461372619474,11.530460738556005,616.0851428421314,811,987.9332638088349,1462.0640081256302,34.53388918618019,68.27799770311562,True,True,Moderate,0.028006984129992134,#f9a825
20,11,3.9032461372619474,11.533161761275624,616.6400445092188,1413,1070.6599079807092,1723.8028168020537,36.75575951853274,78.71092923421595,True,True,Unhealthy for Sensitive,0.05193588819968677,#ef6c00
20,12,3.9032461372619474,11.535862783995244,617.273510267037,908,1203.6155612203008,2047.5673730004214,40.32667943688277,91.61621242128243,True,True,Unhealthy for Sensitive,0.036616624928689556,#ef6c00
20,13,3.9032461372619474,11.538563806714864,617.9956050969994,1618,1383.3179681890342,2423.089780539486,45.153122606348596,106.58456803526562,True,True,Unhealthy for Sensitive,0.07305775237707203,#ef6c00
20,14,3.9032461372619474,11.541264829434482,618.8227191916183,1656,1603.2837960126603,2834.3224465472726,51.060959819680704,122.97633763759113,True,True,Unhealthy for Sensitive,0.08455694946139124,#ef6c00
20,15,3.9032461372619474,11.543965852154102,619.7768082782846,1912,1854.503042714408,3260.21188799882,57.808200648196504,139.95232757561976,True,True,Unhealthy,0.11052927963935172,#b71c1c
20,16,3.9032461372619474,11.54666687487372,620.879606120286,1698,2126.063412699572,3676.119379993751,65.10176290438014,156.53043614575182,True,True,Unhealthy,0.11054279341163746,#b71c1c
20,17,3.9032461372619474,11.54936789759334,622.1484409924885,2046,2405.8794582961937,4055.8182515471362,72.61705590884017,171.6652659762406,True,True,Unhealthy,0.148574496389487,#b71c1c
20,18,3.9032461372619474,11.55206892031296,623.5921786481497,2171,2681.4628881666877,4373.8846267380595,80.01866941615303,184.34341917596163,True,True,Unhealthy,0.17372053130246823,#b71c1c
20,19,3.9032461372619474,11.554769943032579,625.2033252073302,2327,2940.6585803693806,4608.1988089815,86.98014143697195,193.6832027276386,True,True,Unhealthy,0.20240278912383372,#b71c1c
20,20,3.9032461372619474,11.557470965752199,626.9525707091249,2401,3172.2739818434843,4742.216465725262,93.20086263511524,199.0251581061194,True,True,Unhealthy,0.2237752711869117,#b71c1c
20,21,3.9032461372619474,11.560171988471819,628.7823132975321,2471,3366.5512945015516,4766.673058313028,98.41875829092497,200.0,True,True,Unhealthy,0.2431927517368756,#b71c1c
20,22,3.9032461372619474,11.562873011191437,630.5985584230199,3006,1237.0444816802035,248.43918633731914,41.224512624194425,19.90280743542256,True,False,Unhealthy for Sensitive,0.12392088494832844,#ef6c00
20,23,3.9032461372619474,11.565574033911057,632.2685753025029,3222,1447.6216207614318,290.0770443800118,46.880188648283976,21.562496054996448,True,False,Unhealthy for Sensitive,0.15104796782477098,#ef6c00
20,24,3.9032461372619474,11.568275056630677,633.6337680949457,2401,1648.330209121301,329.66604182426016,52.27081536098664,23.140516914071114,True,False,Unhealthy for Sensitive,0.12550222768172892,#ef6c00
20,25,3.9032461372619474,11.570976079350295,634.5453073052149,3127,1827.2560987556826,365.4512197511365,57.076402845503246,24.56691719848936,True,False,Unhealthy,0.17847791169788865,#b71c1c
20,26,3.9032461372619474,11.573677102069915,634.9066476444439,2875,1970.6934489652494,394.1386897930498,60.928839943275094,25.710402233288992,True,True,Unhealthy,0.17517041483691592,#b71c1c
20,27,3.9032461372619474,11.576378124789535,634.7041724126797,3149,2067.7745058738888,413.5549011747777,63.53624076725375,26.484334096749727,True,True,Unhealthy,0.20007562217608207,#b71c1c
20,28,3.9032461372619474,11.579079147509153,633.9918067759527,3087,2110.822578021851,422.1645156043701,64.69242491237404,26.827514071883474,True,True,Unhealthy,0.19970551570449865,#b71c1c
20,29,3.9032461372619474,11.581780170228773,632.8548851147209,2153,2096.354553086464,419.2709106172928,64.30384302689485,26.71217472705766,True,True,Unhealthy,0.13844617403690462,#b71c1c
20,30,3.9032461372619474,11.584481192948394,631.3845082587272,2494,2025.5463805220454,405.10927610440905,62.40207873458152,26.14769075164522,True,True,Unhealthy,0.15563078436404632,#b71c1c
20,31,3.9032461372619474,11.587182215668012,629.668394770275,1843,1904.075209845565,380.815041969113,59.139608788363596,25.17932047970971,True,True,Unhealthy,0.1089942989969541,#b71c1c
20,32,3.9032461372619474,11.589883238387632,627.7900287203316,2572,1741.3675864126476,348.2735172825295,54.76961112954283,23.882212493738663,True,False,Unhealthy for Sensitive,0.14086743982518415,#ef6c00
20,33,3.9032461372619474,11.592584261107252,625.8316796854108,2407,1549.3918408293043,309.8783681658609,49.613530910010496,22.35177853216362,True,False,Unhealthy for Sensitive,0.11941976890039527,#ef6c00
20,34,3.9032461372619474,11.59528528382687,623.8718799142102,1859,1341.2091997838027,268.2418399567605,44.022166259840624,20.69214291987163,True,False,Unhealthy for Sensitive,0.08183720707704371,#ef6c00
20,35,3.9032461372619474,11.59798630654649,621.9804963828919,1179,1129.526003768278,225.9052007536556,38.3367837837028,19.004600822860937,True,False,Unhealthy for Sensitive,0.045199068080985595,#ef6c00
20,36,3.9032461372619474,11.60068732926611,620.2142557084652,1869,925.4658426329188,185.09316852658378,32.85614060543301,17.37782969165859,True,False,Moderate,0.0614081267915543,#f9a825
20,37,3.9032461372619474,11.603388351985728,618.6111484505775,1689,737.7156653732084,147.54313307464167,27.813550604071533,15.881082033787134,True,False,Moderate,0.04697708697027682,#f9a825
20,38,3.9032461372619474,11.606089374705348,617.1895799475071,1244,572.113331694695,114.422666338939,23.36580688314671,14.560897367710911,True,False,Moderate,0.029067063762634508,#f9a825
20,39,3.9032461372619474,11.608790397424968,615.9511852250849,1455,0.0,0.0,8.0,10.0,False,False,Good,0.01164,#1b5e20
20,40,3.9032461372619474,11.611491420144587,614.8827041989396,727,0.0,0.0,8.0,10.0,False,False,Good,0.005816,#1b5e20
20,41,3.9032461372619474,11.614192442864207,613.9648110753805,845,0.0,0.0,8.0,10.0,False,False,Good,0.00676,#1b5e20
20,42,3.9032461372619474,11.616893465583825,613.174836986721,776,0.0,0.0,8.0,10.0,False,False,Good,0.006208,#1b5e20
20,43,3.9032461372619474,11.619594488303445,612.4910018531335,957,0.0,0.0,8.0,10.0,False,False,Good,0.007656,#1b5e20
20,44,3.9032461372619474,11.622295511023065,611.8918006871602,838,0.0,0.0,8.0,10.0,False,False,Good,0.006704,#1b5e20
20,45,3.9032461372619474,11.624996533742683,611.3557210449516,153,0.0,0.0,8.0,10.0,False,False,Good,0.001224,#1b5e20
20,46,3.9032461372619474,11.627697556462303,610.8628934751483,813,0.0,0.0,8.0,10.0,False,False,Good,0.006504,#1b5e20
20,47,3.9032461372619474,11.630398579181923,610.3916039190836,369,0.0,0.0,8.0,10.0,False,False,Good,0.002952,#1b5e20
20,48,3.9032461372619474,11.633099601901542,609.9226828516151,788,0.0,0.0,8.0,10.0,False,False,Good,0.006304,#1b5e20
20,49,3.9032461372619474,11.635800624621162,609.4393547351212,394,0.0,0.0,8.0,10.0,False,False,Good,0.003152,#1b5e20
21,0,3.90594107078692,11.50345051135981,613.7220651982328,235,1772.7180118998804,1337.8989554299337,55.61162014603323,63.328767973369565,True,True,Unhealthy,0.013068730734317809,#b71c1c
21,1,3.90594107078692,11.50615153407943,614.0671839900987,50,1790.6694908077409,1357.1855124032763,56.09376055927616,64.09753180090843,True,True,Unhealthy,0.002804688027963808,#b71c1c
21,2,3.90594107078692,11.508852556799049,614.3023100272338,495,1766.1699714499575,1348.0665566419216,55.43575302418431,63.73404943627766,True,True,Unhealthy,0.02744069774697123,#b71c1c
21,3,3.90594107078692,11.511553579518669,614.4683225451818,456,1705.0945124868688,1316.555126937712,53.79538973296986,62.478001125316155,True,True,Unhealthy for Sensitive,0.024530697718234257,#ef6c00
21,4,3.90594107078692,11.514254602238289,614.6163236624511,365,1617.6324636529446,1272.4060667718172,51.44633600963589,60.71821577211453,True,True,Unhealthy for Sensitive,0.0187779126435171,#ef6c00
21,5,3.90594107078692,11.516955624957907,614.7935904662843,366,1517.4758004857358,1228.5371882599552,48.7563306225407,58.96959848385361,True,True,Unhealthy for Sensitive,0.017844817007849897,#ef6c00
21,6,3.90594107078692,11.519656647677527,615.0378557869894,1220,1420.615125103191,1200.0868916060629,46.154848800590095,57.83556720079501,True,True,Unhealthy for Sensitive,0.05630891553671991,#ef6c00
21,7,3.90594107078692,11.522357670397147,615.3708060235745,665,1343.894696483484,1203.1895450773784,44.09429326927492,57.95923923626677,True,True,Unhealthy for Sensitive,0.02932270502406782,#ef6c00
21,8,3.90594107078692,11.525058693116765,615.7992361053598,616,1099.182746642138,1138.6396220023664,37.521825272205035,55.386273724637405,True,True,Unhealthy for Sensitive,0.0231134443676783,#ef6c00
21,9,3.90594107078692,11.527759715836385,616.3181101743296,595,1034.194379141112,1207.9147588956312,35.776369172250654,58.1475866673754,True,True,Unhealthy for Sensitive,0.02128693965748914,#ef6c00
21,10,3.90594107078692,11.530460738556005,616.9166055665431,781,1013.0291628833259,1338.9343466447403,35.20791427417334,63.37003875666153,True,True,Unhealthy for Sensitive,0.02749738104812938,#ef6c00
21,11,3.90594107078692,11.533161761275624,617.5861345664026,861,1042.011137233132,1537.2523087496759,35.98631148374769,71.27500986312823,True,True,Unhealthy for Sensitive,0.03098421418750676,#ef6c00
21,12,3.90594107078692,11.535862783995244,618.3248904423194,1035,1123.9526519266624,1803.277963501712,38.187094826383074,81.87881544923553,True,True,Unhealthy for Sensitive,0.03952364314530648,#ef6c00
21,13,3.90594107078692,11.538563806714864,619.1424466600292,2099,1258.109651014914,2131.6074432636196,41.79028046428154,94.96605688400686,True,True,Unhealthy for Sensitive,0.08771779869452695,#ef6c00
21,14,3.90594107078692,11.541264829434482,620.0579633113686,1339,1440.365755990937,2510.781769504154,46.68531079689151,110.07997829299862,True,True,Unhealthy for Sensitive,0.06251163115703773,#ef6c00
21,15,3.90594107078692,11.543965852154102,621.0988297448379,2126,1663.6132039113347,2923.588476215015,52.68128568833274,126.53448929376398,True,True,Unhealthy for Sensitive,0.1120004133733954,#ef6c00
21,16,3.90594107078692,11.54666687487372,622.2948697112968,1814,1918.2990668225366,3347.988282979898,59.52163281635509,143.4511022644605,True,True,Unhealthy,0.10797224192886813,#b71c1c
21,17,3.90594107078692,11.54936789759334,623.6739857344412,2055,2193.0988576162413,3758.676125648249,66.90219936312192,159.8211551613971,True,True,Unhealthy,0.13748401969121557,#b71c1c
21,18,3.90594107078692,11.55206892031296,625.2571165336786,2374,2475.666421276954,4129.184440890817,74.49139257732375,174.5896486231664,True,True,Unhealthy,0.1768425659785666,#b71c1c
21,19,3.90594107078692,11.554769943032579,627.0488374081157,2121,2753.394666068966,4434.32581426634,81.95061147513943,186.75261013365602,True,True,Unhealthy,0.17381724693877074,#b71c1c
21,20,3.90594107078692,11.557470965752199,629.0303529632679,2501,3014.1151070616293,4652.679471089838,88.95303516436746,195.45620576292023,True,True,Unhealthy,0.22247154094608304,#b71c1c
21,21,3.90594107078692,11.560171988471819,631.1481513444463,2952,902.9807808406733,183.9306105542062,32.25223732593447,17.331490030421175,True,False,Moderate,0.09520860458615855,#f9a825
21,22,3.90594107078692,11.562873011191437,633.2985098846941,3114,1108.211379300521,223.5236308948533,37.764316083311705,18.90967124249392,True,False,Unhealthy for Sensitive,0.11759808028343265,#ef6c00
21,23,3.90594107078692,11.565574033911057,635.3128048387097,3504,1323.9503260664756,264.7900652132951,43.55862782109194,20.55455488032387,True,False,Unhealthy for Sensitive,0.15262943188510614,#ef6c00
21,24,3.90594107078692,11.568275056630677,636.9628111012871,2955,1543.5752613084417,308.7150522616883,49.45730934919965,22.30540865969936,True,False,Unhealthy for Sensitive,0.14614634912688496,#ef6c00
21,25,3.90594107078692,11.570976079350295,638.0151508030814,2877,1750.8477363914617,350.1695472782923,55.02422878259808,23.957788413208675,True,False,Unhealthy,0.15830470620753467,#b71c1c
21,26,3.90594107078692,11.573677102069915,638.3280775528175,3405,1932.1169000799462,386.42338001598915,59.89275186849804,25.40286931888342,True,True,Unhealthy,0.20393482011223582,#b71c1c
21,27,3.90594107078692,11.576378124789535,637.9181657360725,3299,2074.3539864239733,414.8707972847947,63.71295230659954,26.53678582940364,True,True,Unhealthy,0.2101890296594719,#b71c1c
21,28,3.90594107078692,11.579079147509153,636.9112022978509,2983,2166.690065829535,433.338013165907,66.19291263244963,27.27289065020566,True,True,Unhealthy,0.19745345838259726,#b71c1c
21,29,3.90594107078692,11.581780170228773,635.4523666294741,2406,2201.7862979438914,440.35725958877833,67.13552643835038,27.55267841916533,True,True,Unhealthy,0.161528076610671,#b71c1c
21,30,3.90594107078692,11.584481192948394,633.6629811422854,2821,2176.797290035894,435.3594580071789,66.46437223088189,27.353465616254958,True,True,Unhealthy,0.1874959940633178,#b71c1c
21,31,3.90594107078692,11.587182215668012,631.6401877522586,2437,2093.752111145818,418.7504222291636,64.23394670029447,26.691428014930615,True,True,Unhealthy,0.1565381281086176,#b71c1c
21,32,3.90594107078692,11.589883238387632,629.4676560872468,2209,1959.2821742801887,391.85643485603777,60.6223561866708,25.619431354286487,True,True,Unhealthy,0.1339147848163558,#b71c1c
21,33,3.90594107078692,11.592584261107252,627.226116451554,2484,1783.7466192550112,356.7493238510022,55.90782623217182,24.220058875965634,True,False,Unhealthy,0.1388750403607148,#b71c1c
21,34,3.90594107078692,11.59528528382687,624.9942929661179,2072,1579.9152443250803,315.9830488650161,50.433327788616964,22.595111632346914,True,False,Unhealthy for Sensitive,0.10449785517801434,#ef6c00
21,35,3.90594107078692,11.59798630654649,622.8444147597937,1854,1361.4411302922338,272.2882260584468,44.56555499043517,20.85343221953937,True,False,Unhealthy for Sensitive,0.08262453895226679,#ef6c00
21,36,3.90594107078692,11.60068732926611,620.8379208137628,1683,1141.3751030184096,228.2750206036819,38.65502662254285,19.099062046862812,True,False,Unhealthy for Sensitive,0.06505640980573961,#ef6c00
21,37,3.90594107078692,11.603388351985728,619.0190159764282,1145,930.9414634462146,186.1882926892429,33.00320470501135,17.42148143541357,True,False,Moderate,0.037788669387237996,#f9a825
21,38,3.90594107078692,11.606089374705348,617.4123313963628,1399,0.0,0.0,8.0,10.0,False,False,Good,0.011192,#1b5e20
21,39,3.90594107078692,11.608790397424968,616.0253468461532,1165,0.0,0.0,8.0,10.0,False,False,Good,0.00932,#1b5e20
21,40,3.90594107078692,11.611491420144587,614.8484733210736,919,0.0,0.0,8.0,10.0,False,False,Good,0.007352,#1b5e20
21,41,3.90594107078692,11.614192442864207,613.863895207695,1188,0.0,0.0,8.0,10.0,False,False,Good,0.009504,#1b5e20
21,42,3.90594107078692,11.616893465583825,613.046890410897,740,0.0,0.0,8.0,10.0,False,False,Good,0.00592,#1b5e20
21,43,3.90594107078692,11.619594488303445,612.370809728184,758,0.0,0.0,8.0,10.0,False,False,Good,0.006064,#1b5e20
21,44,3.90594107078692,11.622295511023065,611.8063765821996,768,0.0,0.0,8.0,10.0,False,False,Good,0.006144,#1b5e20
21,45,3.90594107078692,11.624996533742683,611.3220428919612,698,0.0,0.0,8.0,10.0,False,False,Good,0.005584,#1b5e20
21,46,3.90594107078692,11.627697556462303,610.8867400933907,54,0.0,0.0,8.0,10.0,False,False,Good,0.000432,#1b5e20
21,47,3.90594107078692,11.630398579181923,610.4677326157206,577,0.0,0.0,8.0,10.0,False,False,Good,0.004616,#1b5e20
21,48,3.90594107078692,11.633099601901542,610.0360115115542,888,0.0,0.0,8.0,10.0,False,False,Good,0.007104,#1b5e20
21,49,3.90594107078692,11.635800624621162,609.5675875084963,540,0.0,0.0,8.0,10.0,False,False,Good,0.00432,#1b5e20
22,0,3.9086360043118935,11.50345051135981,613.383213489399,457,1894.7618419505936,1426.384034912121,58.88947056473241,66.85579088766309,True,True,Unhealthy,0.026912488048082713,#b71c1c
22,1,3.9086360043118935,11.50615153407943,613.7581472626218,732,1953.9422153439723,1474.6678630837034,60.47893569070931,68.78038845086314,True,True,Unhealthy,0.04427058092559921,#b71c1c
22,2,3.9086360043118935,11.508852556799049,614.0450413555383,293,1964.442286104191,1488.8876671495118,60.76094635297263,69.34719106968168,True,True,Unhealthy,0.01780295728142098,#b71c1c
22,3,3.9086360043118935,11.511553579518669,614.284481763024,966,1928.2158493330016,1471.7523754434483,59.78797753603957,68.66417686159075,True,True,Unhealthy,0.05775518629981422,#b71c1c
22,4,3.9086360043118935,11.514254602238289,614.5271089417502,1280,1852.189651787126,1430.1518872703994,57.746067647155364,67.00597780825005,True,True,Unhealthy,0.07391496658835886,#b71c1c
22,5,3.9086360043118935,11.516955624957907,614.8185984278509,666,1747.8138334542664,1374.8839030957236,54.94274428634091,64.80299118325489,True,True,Unhealthy for Sensitive,0.036591867694703045,#ef6c00
22,6,3.9086360043118935,11.519656647677527,615.1943342071899,798,1630.0840206728542,1319.939766438237,51.7807596455887,62.61291314827904,True,True,Unhealthy for Sensitive,0.04132104619717979,#ef6c00
22,7,3.9086360043118935,11.522357670397147,615.6723200057346,875,1415.1614964005496,1224.603041826038,46.00837536462078,58.81278306704194,True,True,Unhealthy for Sensitive,0.04025732844404318,#ef6c00
22,8,3.9086360043118935,11.525058693116765,616.2545772255601,795,1278.650853736278,1194.5202048986591,42.34197562095458,57.61367858761183,True,True,Unhealthy for Sensitive,0.03366187061865889,#ef6c00
22,9,3.9086360043118935,11.527759715836385,616.9302496583374,980,1166.8010630531242,1206.1500397042155,39.3379164803176,58.07724480791344,True,True,Unhealthy for Sensitive,0.03855115815071125,#ef6c00
22,10,3.9086360043118935,11.530460738556005,617.6824081378753,1761,1092.1491550511253,1272.3384178300855,37.33291722882439,60.715519279451456,True,True,Unhealthy for Sensitive,0.06574326723995975,#ef6c00
22,11,3.9086360043118935,11.533161761275624,618.4967617720322,1172,1064.2775321709717,1402.5557249262442,36.584341813831486,65.90599239258466,True,True,Unhealthy for Sensitive,0.0428768486058105,#ef6c00
22,12,3.9086360043118935,11.535862783995244,619.3671731755456,561,1089.267322282703,1601.7481317263487,37.25551702971012,73.84581894016293,True,True,Unhealthy for Sensitive,0.020900345053667377,#ef6c00
22,13,3.9086360043118935,11.538563806714864,620.3007382160116,1583,1169.4674198620642,1869.4314594104994,39.4095294310006,84.51569951258641,True,True,Unhealthy for Sensitive,0.062385285089273955,#ef6c00
22,14,3.9086360043118935,11.541264829434482,621.3174707564018,1418,1303.54077987967,2199.12785792714,43.010468692637176,97.65742644703899,True,True,Unhealthy for Sensitive,0.06098884460615952,#ef6c00
22,15,3.9086360043118935,11.543965852154102,622.4487446037031,1432,1486.7422263466535,2578.2570758033726,47.93088898556444,112.76954983273178,True,True,Unhealthy for Sensitive,0.06863703302732828,#ef6c00
22,16,3.9086360043118935,11.54666687487372,623.7318230061753,2328,1711.3841265144831,2988.5863191057124,53.96431604383133,129.12530892795203,True,True,Unhealthy for Sensitive,0.12562892775003934,#ef6c00
22,17,3.9086360043118935,11.54936789759334,625.2057338386315,2340,1967.4483051269667,3407.3028521833858,60.841681943688926,145.8153861183758,True,True,Unhealthy,0.1423695357482321,#b71c1c
22,18,3.9086360043118935,11.55206892031296,626.9057827629817,2902,2243.298569100049,3808.6981422541994,68.25046207527544,161.81503706579062,True,True,Unhealthy,0.1980628409424493,#b71c1c
22,19,3.9086360043118935,11.554769943032579,628.8534559741387,2542,2526.4383688902917,4166.350758448506,75.85502439446188,176.07110125261525,True,True,Unhealthy,0.19282347201072209,#b71c1c
22,20,3.9086360043118935,11.557470965752199,631.0489049910856,3165,606.5480773506453,131.0659641577664,24.290654500754698,15.224300656942656,True,False,Moderate,0.07687992149488862,#f9a825
22,21,3.9086360043118935,11.560171988471819,633.4559262109791,2976,773.3122706384381,160.45185201384894,28.76960342070649,16.395624686166443,True,False,Moderate,0.0856183397800225,#f9a825
22,22,3.9086360043118935,11.562873011191437,635.977980774377,2883,961.3805926252356,192.27611852504714,33.82073814593034,17.664142699287236,True,False,Moderate,0.09750518807471718,#f9a825
22,23,3.9086360043118935,11.565574033911057,638.4203135610112,2983,1178.8332746911835,235.76665493823668,39.66107734751836,19.397679238801956,True,False,Unhealthy for Sensitive,0.11830899372764726,#ef6c00
22,24,3.9086360043118935,11.568275056630677,640.4577201875238,3836,1406.2867089454348,281.257341789087,45.770016524493215,21.210941947597945,True,False,Unhealthy for Sensitive,0.17557378338795598,#ef6c00
22,25,3.9086360043118935,11.570976079350295,641.6892361348918,3604,1632.149021822157,326.42980436443133,51.83622139960809,23.011520209274018,True,False,Unhealthy for Sensitive,0.18681774192418757,#ef6c00
22,26,3.9086360043118935,11.573677102069915,641.8716247445241,4070,1842.9357585231605,368.5871517046321,57.49752679181444,24.69191571713646,True,False,Unhealthy,0.23401493404268475,#b71c1c
22,27,3.9086360043118935,11.576378124789535,641.1097345113945,4113,2024.533815879342,404.90676317586843,62.3748832963798,26.139618568814132,True,True,Unhealthy,0.2565478949980101,#b71c1c
22,28,3.9086360043118935,11.579079147509153,639.6859882304575,3075,2163.7362668977316,432.7472533795463,66.11357956775197,27.249342914072848,True,True,Unhealthy,0.20329925717083733,#b71c1c
22,29,3.9086360043118935,11.581780170228773,637.8346529988631,2742,2249.8215091674165,449.96430183348326,68.42565505161915,27.93561595319875,True,True,Unhealthy,0.1876231461515397,#b71c1c
22,30,3.9086360043118935,11.584481192948394,635.6993710734115,3023,2275.9161379423113,455.1832275884623,69.1265039992476,28.143642784767714,True,True,Unhealthy,0.2089694215897255,#b71c1c
22,31,3.9086360043118935,11.587182215668012,633.3715401555165,2593,2239.901377896054,447.9802755792108,68.15922039099047,27.85653249526065,True,True,Unhealthy,0.17673685847383827,#b71c1c
22,32,3.9086360043118935,11.589883238387632,630.9232526456873,2685,2144.697222303612,428.9394444607223,65.60222933998105,27.097563321529826,True,True,Unhealthy,0.17614198577784912,#b71c1c
22,33,3.9086360043118935,11.592584261107252,628.4261506957862,2067,1997.8714119275191,399.5742823855038,61.6587850559305,25.927065423722226,True,True,Unhealthy,0.12744870871060834,#b71c1c
22,34,3.9086360043118935,11.59528528382687,625.9545294365228,2385,1810.645903737186,362.12918074743715,56.63028660453122,24.43450043673934,True,False,Unhealthy,0.13506323355180697,#b71c1c
22,35,3.9086360043118935,11.59798630654649,623.5800771604073,1588,1596.4817974522166,319.2963594904433,50.87827189666095,22.727180480184774,True,False,Unhealthy for Sensitive,0.08079469577189759,#ef6c00
22,36,3.9086360043118935,11.60068732926611,621.3669326934786,1448,1369.4900043573691,273.8980008714738,44.78173146747213,20.917597982689777,True,False,Unhealthy for Sensitive,0.06484394716489963,#ef6c00
22,37,3.9086360043118935,11.603388351985728,619.3640270746968,1356,0.0,0.0,8.0,10.0,False,False,Good,0.010848,#1b5e20
22,38,3.9086360043118935,11.606089374705348,617.6009863232858,881,0.0,0.0,8.0,10.0,False,False,Good,0.007048,#1b5e20
22,39,3.9086360043118935,11.608790397424968,616.0901043005077,933,0.0,0.0,8.0,10.0,False,False,Good,0.007464,#1b5e20
22,40,3.9086360043118935,11.611491420144587,614.8245819208486,1662,0.0,0.0,8.0,10.0,False,False,Good,0.013296,#1b5e20
22,41,3.9086360043118935,11.614192442864207,613.7874659527869,1406,0.0,0.0,8.0,10.0,False,False,Good,0.011248,#1b5e20
22,42,3.9086360043118935,11.616893465583825,612.9516308014682,1030,0.0,0.0,8.0,10.0,False,False,Good,0.00824,#1b5e20
22,43,3.9086360043118935,11.619594488303445,612.285705939889,758,0.0,0.0,8.0,10.0,False,False,Good,0.006064,#1b5e20
22,44,3.9086360043118935,11.622295511023065,611.7533613290047,976,0.0,0.0,8.0,10.0,False,False,Good,0.007808,#1b5e20
22,45,3.9086360043118935,11.624996533742683,611.3143130208564,969,0.0,0.0,8.0,10.0,False,False,Good,0.007752,#1b5e20
22,46,3.9086360043118935,11.627697556462303,610.9281134779774,592,0.0,0.0,8.0,10.0,False,False,Good,0.004736,#1b5e20
22,47,3.9086360043118935,11.630398579181923,610.5530725827829,1023,0.0,0.0,8.0,10.0,False,False,Good,0.008184,#1b5e20
22,48,3.9086360043118935,11.633099601901542,610.1523802554277,283,0.0,0.0,8.0,10.0,False,False,Good,0.002264,#1b5e20
22,49,3.9086360043118935,11.635800624621162,609.6964475839676,722,0.0,0.0,8.0,10.0,False,False,Good,0.005776,#1b5e20
23,0,3.9113309378368664,11.50345051135981,612.7813202433231,464,1973.0813105707814,1483.0972142053404,60.992973076103155,69.11638311496495,True,True,Unhealthy,0.028300739507311864,#b71c1c
23,1,3.9113309378368664,11.50615153407943,613.1881189751429,517,2079.2412401690353,1565.2545835914227,63.844214056807516,72.39118295804045,True,True,Unhealthy,0.03300745866736949,#b71c1c
23,2,3.9113309378368664,11.508852556799049,613.5329558723577,895,2134.264049815474,1610.7496335141745,65.32201542999157,74.20461957925944,True,True,Unhealthy,0.058463203809842455,#b71c1c
23,3,3.9113309378368664,11.511553579518669,613.8559041874238,310,2135.659498469782,1618.6429323069508,65.35949435829049,74.51924715121174,True,True,Unhealthy,0.020261443251070054,#b71c1c
23,4,3.9113309378368664,11.514254602238289,614.2068715486793,692,2086.19650408298,1592.3196710539942,64.03101837721448,73.4699996830349,True,True,Unhealthy,0.04430946471703242,#b71c1c
23,5,3.9113309378368664,11.516955624957907,614.6295728537739,833,1993.935822759078,1539.5950186422765,61.55308309133105,71.3683904818845,True,True,Unhealthy,0.05127371821507876,#b71c1c
23,6,3.9113309378368664,11.519656647677527,615.1566043231468,639,1826.475065112009,1446.920824535522,57.05542586162073,67.67438909666782,True,True,Unhealthy,0.036458417125575654,#b71c1c
23,7,3.9113309378368664,11.522357670397147,615.8017680152182,930,1667.2917864955523,1367.1203083988705,52.78008497592382,64.49353362777401,True,True,Unhealthy for Sensitive,0.04908547902760915,#ef6c00
23,8,3.9113309378368664,11.525058693116765,616.5616126474354,1050,1503.6045841417028,1299.699360952639,48.38377780866833,61.80612883661815,True,True,Unhealthy for Sensitive,0.05080296669910175,#ef6c00
23,9,3.9113309378368664,11.527759715836385,617.4185884173359,1061,1351.901813318008,1260.949808529686,44.30934823155946,60.26156832863006,True,True,Unhealthy for Sensitive,0.047012218473684586,#ef6c00
23,10,3.9113309378368664,11.530460738556005,618.3484316703482,1101,1227.4301716589093,1266.1464012977094,40.966291703761925,60.46870496540915,True,True,Unhealthy for Sensitive,0.04510388716584188,#ef6c00
23,11,3.9113309378368664,11.533161761275624,619.3296783978465,1394,1142.9974242116953,1328.1217832994625,38.698598888346595,62.939049047388316,True,True,Unhealthy for Sensitive,0.05394584685035515,#ef6c00
23,12,3.9113309378368664,11.535862783995244,620.3500425581068,1173,1108.1206433735422,1455.9646198332575,37.76187909984343,68.034875558724,True,True,Unhealthy for Sensitive,0.04429468418411635,#ef6c00
23,13,3.9113309378368664,11.538563806714864,621.4121403621732,840,1128.5417586424892,1653.9188720773864,38.31034895044389,75.9253491587102,True,True,Unhealthy for Sensitive,0.03218069311837286,#ef6c00
23,14,3.9113309378368664,11.541264829434482,622.5347191950838,1742,1206.0836934017152,1920.5651094455638,40.392968475016794,86.55389122152242,True,True,Unhealthy for Sensitive,0.07036455108347925,#ef6c00
23,15,3.9113309378368664,11.543965852154102,623.7512602190423,1362,1338.7945104352887,2248.3766807643615,43.95731258810018,99.6204887809981,True,True,Unhealthy for Sensitive,0.05986985974499244,#ef6c00
23,16,3.9113309378368664,11.54666687487372,625.1050730582663,1883,1521.3204825015325,2623.7515776557734,48.85959100489684,114.58296460781925,True,True,Unhealthy for Sensitive,0.09200260986222075,#ef6c00
23,17,3.9113309378368664,11.54936789759334,626.6457029388689,2267,1745.4527683351585,3027.609080712383,54.879330852937294,130.68075957761152,True,True,Unhealthy for Sensitive,0.12441144304360885,#ef6c00
23,18,3.9113309378368664,11.55206892031296,628.4235234700685,2262,2000.7966259320558,3436.596848496877,61.737350387300154,146.98304734277144,True,True,Unhealthy,0.13964988657607294,#b71c1c
23,19,3.9113309378368664,11.554769943032579,630.4798691495689,2639,396.3789675773983,105.08336166650608,18.645937318561966,14.188631876443873,True,False,Moderate,0.049206628583685026,#f9a825
23,20,3.9113309378368664,11.557470965752199,632.8408306956695,2938,505.40979185979546,117.1881652571166,21.574284723561185,14.671130393560539,True,False,Moderate,0.06338524851782276,#f9a825
23,21,3.9113309378368664,11.560171988471819,635.5026195318353,3522,631.1247297023398,126.22494594046796,24.950733672047104,15.031337252481217,True,False,Moderate,0.0878764839929499,#f9a825
23,22,3.9113309378368664,11.562873011191437,638.4058894335603,2952,813.9039377665933,162.78078755331865,29.85981349553316,16.488456258016654,True,False,Moderate,0.08814616943881388,#f9a825
23,23,3.9113309378368664,11.565574033911057,641.376300117789,3671,1021.164132994662,204.2328265989324,35.42640311686591,18.140738116310068,True,False,Unhealthy for Sensitive,0.13005032584201476,#ef6c00
23,24,3.9113309378368664,11.568275056630677,644.0018347727914,3750,1246.4716518667249,249.29433037334496,41.477707347190226,19.936893550592874,True,False,Unhealthy for Sensitive,0.15554140255196333,#ef6c00
23,25,3.9113309378368664,11.570976079350295,645.5323517778471,4298,1480.2453662248442,296.04907324496884,47.75639646380686,21.80054164160595,True,False,Unhealthy for Sensitive,0.2052569920014419,#ef6c00
23,26,3.9113309378368664,11.573677102069915,645.4212764481788,3819,1710.2100937630373,342.0420187526075,53.93278389882823,23.633824423862478,True,False,Unhealthy for Sensitive,0.205969301709625,#ef6c00
23,27,3.9113309378368664,11.576378124789535,644.0657914317819,3509,1922.337646961169,384.46752939223376,59.6301009100954,25.324908944012428,True,True,Unhealthy,0.20924202409352477,#b71c1c
23,28,3.9113309378368664,11.579079147509153,642.0886044866209,3327,2102.2014335231797,420.4402867046359,64.46087840901626,26.758786158946766,True,True,Unhealthy,0.2144613424667971,#b71c1c
23,29,3.9113309378368664,11.581780170228773,639.8049876246258,3420,2236.574841574083,447.3149683148166,68.06987635392396,27.83001329021166,True,True,Unhealthy,0.23279897713041994,#b71c1c
23,30,3.9113309378368664,11.584481192948394,637.3362724917903,3099,2315.0319738791777,463.0063947758355,70.17707623342076,28.45547490486847,True,True,Unhealthy,0.21747875924737095,#b71c1c
23,31,3.9113309378368664,11.587182215668012,634.7396892938885,3010,2331.2830316428913,466.2566063285782,70.61354677415156,28.58502861821664,True,True,Unhealthy,0.2125467757901962,#b71c1c
23,32,3.9113309378368664,11.589883238387632,632.0618035471435,2605,2284.0071676986618,456.8014335397323,69.34381269288284,28.208144613817034,True,True,Unhealthy,0.18064063206495978,#b71c1c
23,33,3.9113309378368664,11.592584261107252,629.3586373141646,1977,2177.029796142069,435.4059592284137,66.47061687460668,27.355319158951616,True,True,Unhealthy,0.1314124095610974,#b71c1c
23,34,3.9113309378368664,11.59528528382687,626.6968472355204,1671,2018.811335007546,403.7622670015092,62.221189034950775,26.093998852406475,True,True,Unhealthy,0.10397160687740276,#b71c1c
23,35,3.9113309378368664,11.59798630654649,624.1457829061474,1816,1821.3421852976783,364.2684370595357,56.91756709201686,24.519771378196058,True,False,Unhealthy,0.10336230183910261,#b71c1c
23,36,3.9113309378368664,11.60068732926611,621.7709721022545,1881,0.0,0.0,8.0,10.0,False,False,Good,0.015048,#1b5e20
23,37,3.9113309378368664,11.603388351985728,619.6249453830211,1515,0.0,0.0,8.0,10.0,False,False,Good,0.01212,#1b5e20
23,38,3.9113309378368664,11.606089374705348,617.7412589893235,1371,0.0,0.0,8.0,10.0,False,False,Good,0.010968,#1b5e20
23,39,3.9113309378368664,11.608790397424968,616.1359882317184,1267,0.0,0.0,8.0,10.0,False,False,Good,0.010136,#1b5e20
23,40,3.9113309378368664,11.611491420144587,614.8042400568254,1034,0.0,0.0,8.0,10.0,False,False,Good,0.008272,#1b5e20
23,41,3.9113309378368664,11.614192442864207,613.7292823867181,1169,0.0,0.0,8.0,10.0,False,False,Good,0.009352,#1b5e20
23,42,3.9113309378368664,11.616893465583825,612.8813574839091,672,0.0,0.0,8.0,10.0,False,False,Good,0.005376,#1b5e20
23,43,3.9113309378368664,11.619594488303445,612.224778238321,625,0.0,0.0,8.0,10.0,False,False,Good,0.005,#1b5e20
23,44,3.9113309378368664,11.622295511023065,611.7172922637736,1185,0.0,0.0,8.0,10.0,False,False,Good,0.00948,#1b5e20
23,45,3.9113309378368664,11.624996533742683,611.3117516761004,517,0.0,0.0,8.0,10.0,False,False,Good,0.004136,#1b5e20
23,46,3.9113309378368664,11.627697556462303,610.9608158663895,781,0.0,0.0,8.0,10.0,False,False,Good,0.006248,#1b5e20
23,47,3.9113309378368664,11.630398579181923,610.6166127292756,763,0.0,0.0,8.0,10.0,False,False,Good,0.006104,#1b5e20
23,48,3.9113309378368664,11.633099601901542,610.2372138534538,269,0.0,0.0,8.0,10.0,False,False,Good,0.002152,#1b5e20
23,49,3.9113309378368664,11.635800624621162,609.7895358207649,197,0.0,0.0,8.0,10.0,False,False,Good,0.001576,#1b5e20
24,0,3.9140258713618397,11.50345051135981,611.9505831269744,316,2000.5390810024398,1502.3829488161618,61.73043325142344,69.88511416306267,True,True,Unhealthy,0.019506816907449806,#b71c1c
24,1,3.9140258713618397,11.50615153407943,612.3894988125937,303,2155.515235920425,1620.2206315001558,65.89277930427363,74.58213437738435,True,True,Unhealthy,0.01996551212919491,#b71c1c
24,2,3.9140258713618397,11.508852556799049,612.7950394661954,944,2261.0832707144314,1702.1355361737824,68.7281231877538,77.84726955606959,True,True,Unhealthy,0.06487934828923958,#b71c1c
24,3,3.9140258713618397,11.511553579518669,613.2066851761676,50,2310.1944598002474,1743.5101335789466,70.0471503900373,79.49646458388283,True,True,Unhealthy,0.0035023575195018654,#b71c1c
24,4,3.9140258713618397,11.514254602238289,613.6734973150405,364,2300.874586763081,1743.8376881569632,69.79683745144463,79.50952093766708,True,True,Unhealthy,0.025406048832325848,#b71c1c
24,5,3.9140258713618397,11.516955624957907,614.2370901604012,468,2218.5697919754098,1696.986758622461,67.58629714028254,77.64203883796003,True,True,Unhealthy,0.03163038706165223,#b71c1c
24,6,3.9140258713618397,11.519656647677527,614.9270167554371,560,2098.2661801644604,1626.2022407939771,64.35518546358668,74.82056184071624,True,True,Unhealthy,0.036038903859608534,#b71c1c
24,7,3.9140258713618397,11.522357670397147,615.7525582848654,683,1941.4409692916645,1537.2950991828493,60.14317750785163,71.2767154934921,True,True,Unhealthy,0.04107779023786267,#b71c1c
24,8,3.9140258713618397,11.525058693116765,616.7042748447259,1104,1763.93032657267,1445.3141432335683,55.37560069288084,67.61034664113612,True,True,Unhealthy,0.06113466316494044,#b71c1c
24,9,3.9140258713618397,11.527759715836385,617.7572466437364,1257,1583.1575041314632,1366.9546137027517,50.520408328939794,64.48692902286878,True,True,Unhealthy for Sensitive,0.06350415326947732,#ef6c00
24,10,3.9140258713618397,11.530460738556005,618.8788563651902,602,1416.462879179929,1319.0699483048954,46.04332787378494,62.57824212232172,True,True,Unhealthy for Sensitive,0.02771808338001853,#ef6c00
24,11,3.9140258713618397,11.533161761275624,620.039196937668,1298,1279.5890083254176,1317.1468540164756,42.36717255562582,62.50158741780772,True,True,Unhealthy for Sensitive,0.05499258997720232,#ef6c00
24,12,3.9140258713618397,11.535862783995244,621.2181991798079,1364,1185.477641658055,1373.8595257069835,39.83953160477414,64.76215941202165,True,True,Unhealthy for Sensitive,0.05434112110891193,#ef6c00
24,13,3.9140258713618397,11.538563806714864,622.4121162920345,1269,1143.4594514878786,1497.7930291827201,38.71100800644833,69.70215956985157,True,True,Unhealthy for Sensitive,0.049124269160182935,#ef6c00
24,14,3.9140258713618397,11.541264829434482,623.6362440874811,1997,1158.8460922375239,1692.4105626195874,39.12426205462627,77.45963126984927,True,True,Unhealthy for Sensitive,0.07813115132308866,#ef6c00
24,15,3.9140258713618397,11.543965852154102,624.9239697182394,1786,1232.883083123496,1955.3388790029117,41.112745876167835,87.93997668093388,True,True,Unhealthy for Sensitive,0.07342736413483575,#ef6c00
24,16,3.9140258713618397,11.54666687487372,626.322505579066,2315,1362.9960390760775,2278.0549902747293,44.60731669527549,100.80346876263032,True,True,Unhealthy for Sensitive,0.10326593814956277,#ef6c00
24,17,3.9140258713618397,11.54936789759334,627.8898965422255,2181,1543.2577152613808,2646.061964820241,49.44878070467183,115.47225856807023,True,True,Unhealthy for Sensitive,0.10784779071688927,#ef6c00
24,18,3.9140258713618397,11.55206892031296,629.6898731463796,2268,299.71494857028796,121.65988766720236,16.049737289081243,14.849373635235054,True,False,Moderate,0.036400804171636256,#f9a825
24,19,3.9140258713618397,11.554769943032579,631.7825627624848,2753,342.3334464820365,108.97558323689373,17.19438393911104,14.343776164572454,True,False,Moderate,0.047336138984372694,#f9a825
24,20,3.9140258713618397,11.557470965752199,634.2205921771307,3344,374.5684826195129,74.91369652390257,18.06015180837657,12.986066416851946,True,False,Moderate,0.06039314764721125,#f9a825
24,21,3.9140258713618397,11.560171988471819,637.0387615597709,3138,508.0308672973123,101.60617345946247,21.64468150819779,14.050030854041866,True,False,Moderate,0.06792101057272466,#f9a825
24,22,3.9140258713618397,11.562873011191437,640.2397407989106,3255,670.3682231353436,134.07364462706872,26.00473452835535,15.344187060347402,True,False,Moderate,0.08464541088979667,#f9a825
24,23,3.9140258713618397,11.565574033911057,643.7533891751449,3695,860.5996989163139,172.11993978326277,31.113967189107722,16.860715672912914,True,False,Moderate,0.11496610876375303,#f9a825
24,24,3.9140258713618397,11.568275056630677,647.2790183546209,4994,1074.863735896937,214.97274717938737,36.86866583333473,18.568832278700267,True,False,Unhealthy for Sensitive,0.18412211717167365,#ef6c00
24,25,3.9140258713618397,11.570976079350295,649.5220587495738,4548,1306.0809122926098,261.216182458522,43.07869151135604,20.412099604893836,True,False,Unhealthy for Sensitive,0.19592188899364726,#ef6c00
24,26,3.9140258713618397,11.573677102069915,648.6667197944729,4412,1544.0138974501997,308.80277949003994,49.46909022874367,22.308905474602106,True,False,Unhealthy for Sensitive,0.21825762608921706,#ef6c00
24,27,3.9140258713618397,11.576378124789535,646.3707698946695,3776,1775.8111493520155,355.1622298704031,55.69469556154881,24.156797172755688,True,False,Unhealthy,0.2103031704404083,#b71c1c
24,28,3.9140258713618397,11.579079147509153,643.7945999675931,3432,1987.0408817907535,397.4081763581507,61.367898923229,25.840724250295338,True,True,Unhealthy,0.21061462910452192,#b71c1c
24,29,3.9140258713618397,11.581780170228773,641.1383933260712,3794,2163.1233101335724,432.62466202671453,66.0971167888863,27.244456412155664,True,True,Unhealthy,0.2507724610970346,#b71c1c
24,30,3.9140258713618397,11.584481192948394,638.4191688062181,3815,2290.9742246315222,458.1948449263044,69.5309337499243,28.263686112092646,True,True,Unhealthy,0.2652605122559612,#b71c1c
24,31,3.9140258713618397,11.587182215668012,635.6364421120377,2515,2360.6063960662304,472.12127921324617,71.40111303057574,28.81879498617502,True,True,Unhealthy,0.17957379927189798,#b71c1c
24,32,3.9140258713618397,11.589883238387632,632.8058462757383,2628,2366.417709413935,473.28354188278695,71.55719315262739,28.865122876615843,True,True,Unhealthy,0.1880523036051048,#b71c1c
24,33,3.9140258713618397,11.592584261107252,629.9672024950157,1928,2307.935592521116,461.5871185042232,69.98648178390123,28.398902430040135,True,True,Unhealthy,0.13493393687936156,#b71c1c
24,34,3.9140258713618397,11.59528528382687,627.1798752590194,1863,2189.88048615097,437.97609723019383,66.81576041532271,27.457765081792203,True,True,Unhealthy,0.12447776165374622,#b71c1c
24,35,3.9140258713618397,11.59798630654649,624.511126862691,2051,0.0,0.0,8.0,10.0,False,False,Good,0.016408,#1b5e20
24,36,3.9140258713618397,11.60068732926611,622.0277176537232,1523,0.0,0.0,8.0,10.0,False,False,Good,0.012184,#1b5e20
24,37,3.9140258713618397,11.603388351985728,619.7852723706765,1473,0.0,0.0,8.0,10.0,False,False,Good,0.011784,#1b5e20
24,38,3.9140258713618397,11.606089374705348,617.8205707580806,1741,0.0,0.0,8.0,10.0,False,False,Good,0.013928,#1b5e20
24,39,3.9140258713618397,11.608790397424968,616.1526044099471,1202,0.0,0.0,8.0,10.0,False,False,Good,0.009616,#1b5e20
24,40,3.9140258713618397,11.611491420144587,614.777659195144,960,0.0,0.0,8.0,10.0,False,False,Good,0.00768,#1b5e20
24,41,3.9140258713618397,11.614192442864207,613.6787192241737,1393,0.0,0.0,8.0,10.0,False,False,Good,0.011144,#1b5e20
24,42,3.9140258713618397,11.616893465583825,612.8233763385891,1040,0.0,0.0,8.0,10.0,False,False,Good,0.00832,#1b5e20
24,43,3.9140258713618397,11.619594488303445,612.1722940084634,729,0.0,0.0,8.0,10.0,False,False,Good,0.005832,#1b5e20
24,44,3.9140258713618397,11.622295511023065,611.6787552225396,550,0.0,0.0,8.0,10.0,False,False,Good,0.0044,#1b5e20
24,45,3.9140258713618397,11.624996533742683,611.2910133340439,600,0.0,0.0,8.0,10.0,False,False,Good,0.0048,#1b5e20
24,46,3.9140258713618397,11.627697556462303,610.9577233271181,50,0.0,0.0,8.0,10.0,False,False,Good,0.0004,#1b5e20
24,47,3.9140258713618397,11.630398579181923,610.6280086853552,521,0.0,0.0,8.0,10.0,False,False,Good,0.004168,#1b5e20
24,48,3.9140258713618397,11.633099601901542,610.2578500107016,169,0.0,0.0,8.0,10.0,False,False,Good,0.001352,#1b5e20
24,49,3.9140258713618397,11.635800624621162,609.8130328385552,355,0.0,0.0,8.0,10.0,False,False,Good,0.00284,#1b5e20
25,0,3.9167208048868125,11.50345051135981,610.9384278740383,50,1974.2881115962184,1481.8756481153785,61.0253853106657,69.06769138506164,True,True,Unhealthy,0.0030512692655332847,#b71c1c
25,1,3.9167208048868125,11.50615153407943,611.4076485272213,350,2175.687507398678,1633.9128906060696,66.43456571398913,75.1279090085155,True,True,Unhealthy,0.023252097999896196,#b71c1c
25,2,3.9167208048868125,11.508852556799049,611.8726534791798,50,2333.5493873710884,1754.0341966087308,70.67441650488277,79.91595464565071,True,True,Unhealthy,0.003533720825244139,#b71c1c
25,3,3.9167208048868125,11.511553579518669,612.3723813816397,875,2436.6290966578763,1834.272087323089,73.4429289983426,83.11424390300613,True,True,Unhealthy,0.06426256287354977,#b71c1c
25,4,3.9167208048868125,11.514254602238289,612.9550877849665,794,2471.398484722438,1866.4299480301552,74.37676443416905,84.39605900960062,True,True,Unhealthy,0.05905515096073022,#b71c1c
25,5,3.9167208048868125,11.516955624957907,613.6603818082516,777,2445.3803674162014,1855.502215380624,73.67797042983,83.9604786419079,True,True,Unhealthy,0.057247783023977906,#b71c1c
25,6,3.9167208048868125,11.519656647677527,614.5147508375264,1047,2358.5921987272995,1803.787191167792,71.34701576414275,81.89911330800862,True,True,Unhealthy,0.07470032550505747,#b71c1c
25,7,3.9167208048868125,11.522357670397147,615.5229103258542,1084,2220.4641220997755,1720.4298386762182,67.63717501578617,78.57648203465585,True,True,Unhealthy,0.07331869771711222,#b71c1c
25,8,3.9167208048868125,11.525058693116765,616.6692122340152,1060,2045.003087702711,1618.5646471297352,62.9246465346264,74.51612669728318,True,True,Unhealthy,0.06670012532670398,#b71c1c
25,9,3.9167208048868125,11.527759715836385,617.9210179727878,1330,1849.31921155869,1514.1870403508578,57.66897342862157,70.35562627164558,True,True,Unhealthy,0.07669973466006669,#b71c1c
25,10,3.9167208048868125,11.530460738556005,619.2367045235619,818,1651.8766324089436,1424.7180286173175,52.36606511718859,66.78938373279001,True,True,Unhealthy for Sensitive,0.042835441265860266,#ef6c00
25,11,3.9167208048868125,11.533161761275624,620.5770194576161,1024,1470.7283222569165,1367.4253941441418,47.50078791282901,64.50569437194346,True,True,Unhealthy for Sensitive,0.04864080682273691,#ef6c00
25,12,3.9167208048868125,11.535862783995244,621.9128389210005,953,1321.9610076477293,1357.851592093164,43.50519875213283,64.12408179490434,True,True,Unhealthy for Sensitive,0.04146045441078259,#ef6c00
25,13,3.9167208048868125,11.538563806714864,623.2324722921874,1842,1218.5060615737148,1408.3682034173266,40.72660815755465,66.13767828750451,True,True,Unhealthy for Sensitive,0.07501841222621566,#ef6c00
25,14,3.9167208048868125,11.541264829434482,624.545710011666,1498,1169.3878817235864,1526.945508539345,39.40739319748184,70.86417991611778,True,True,Unhealthy for Sensitive,0.05903227500982779,#ef6c00
25,15,3.9167208048868125,11.543965852154102,625.8835147709829,1611,1179.405194134999,1716.2062879259245,39.67643794696524,78.40813093678554,True,True,Unhealthy for Sensitive,0.063918741532561,#ef6c00
25,16,3.9167208048868125,11.54666687487372,627.294288888942,2403,1249.1878707487429,1972.8293089740419,41.55065949230073,88.63714673095842,True,True,Unhealthy for Sensitive,0.09984623475999865,#ef6c00
25,17,3.9167208048868125,11.54936789759334,628.8412929654232,1891,333.55575040569937,200.14263906369055,16.958632777031976,17.977702887715854,True,False,Moderate,0.03206877458136747,#f9a825
25,18,3.9167208048868125,11.55206892031296,630.5974542875566,2815,304.5437382105057,153.01831325462717,16.17942881168768,16.099323188880202,True,False,Moderate,0.04554509210490082,#f9a825
25,19,3.9167208048868125,11.554769943032579,632.6359687815427,2629,200.9756549580383,40.195130991607655,13.397799581337352,11.602181394649351,False,False,Moderate,0.0352228150993359,#f9a825
25,20,3.9167208048868125,11.557470965752199,635.0272014689647,2614,286.6838564229839,57.33677128459679,15.699748511824755,12.285448657963732,True,False,Moderate,0.041039142609909915,#f9a825
25,21,3.9167208048868125,11.560171988471819,637.8303675392457,3438,397.85743089961187,79.57148617992237,18.685645852928147,13.171726315027753,True,False,Moderate,0.06424125044236696,#f9a825
25,22,3.9167208048868125,11.562873011191437,641.0881890372239,3987,537.1754554577365,107.43509109154728,22.427446195808507,14.282372014542617,True,False,Moderate,0.08941822798268852,#f9a825
25,23,3.9167208048868125,11.565574033911057,644.8193932187795,4153,705.6174271256152,141.12348542512302,26.95145684942896,15.625194323745568,True,False,Moderate,0.11192940029567848,#f9a825
25,24,3.9167208048868125,11.568275056630677,649.0188070905739,4251,901.7515276318039,180.35030552636078,32.21922207113867,17.18877876263152,True,False,Moderate,0.13696391302441047,#f9a825
25,25,3.9167208048868125,11.570976079350295,653.6588169286302,4893,1121.1634360605326,224.2326872121065,38.11218212992937,18.93793428857029,True,False,Unhealthy for Sensitive,0.18648290716174443,#ef6c00
25,26,3.9167208048868125,11.573677102069915,650.347186361884,4736,1356.174005760767,271.2348011521534,44.42409067926405,20.81144261174643,True,False,Unhealthy for Sensitive,0.21039249345699454,#ef6c00
25,27,3.9167208048868125,11.576378124789535,647.3118666547044,4277,1595.9760014025128,319.19520028050255,50.86468723783297,22.72314826533521,True,False,Unhealthy for Sensitive,0.2175482673162116,#ef6c00
25,28,3.9167208048868125,11.579079147509153,644.4416285839085,4028,1827.2658938710679,365.45317877421354,57.076665922490044,24.56699528531849,True,False,Unhealthy,0.22990481033578988,#b71c1c
25,29,3.9167208048868125,11.581780170228773,641.639229679832,2833,2035.3616646314213,407.0723329262843,62.66569741251223,26.22593836619596,True,True,Unhealthy,0.17753192076964713,#b71c1c
25,30,3.9167208048868125,11.584481192948394,638.834206410176,2907,2205.6971578378975,441.13943156757955,67.2405642246581,27.58385586182904,True,True,Unhealthy,0.1954683202010811,#b71c1c
25,31,3.9167208048868125,11.587182215668012,635.9911588586588,2521,2325.490809426923,465.0981618853846,70.45797940128297,28.538852922607955,True,True,Unhealthy,0.17762456607063437,#b71c1c
25,32,3.9167208048868125,11.589883238387632,633.1092417074723,2490,2385.3264402662417,477.06528805324837,72.06504341687712,29.015863605757012,True,True,Unhealthy,0.17944195810802402,#b71c1c
25,33,3.9167208048868125,11.592584261107252,630.2203943436334,2083,2380.3754780425074,476.0750956085015,71.93207058579432,28.97639444934533,True,True,Unhealthy,0.14983450303020956,#b71c1c
25,34,3.9167208048868125,11.59528528382687,627.3812756839906,2343,0.0,0.0,8.0,10.0,False,False,Good,0.018744,#1b5e20
25,35,3.9167208048868125,11.59798630654649,624.6594679087473,1738,0.0,0.0,8.0,10.0,False,False,Good,0.013904,#1b5e20
25,36,3.9167208048868125,11.60068732926611,622.1239589658621,1501,0.0,0.0,8.0,10.0,False,False,Good,0.012008,#1b5e20
25,37,3.9167208048868125,11.603388351985728,619.833602015482,1537,0.0,0.0,8.0,10.0,False,False,Good,0.012296,#1b5e20
25,38,3.9167208048868125,11.606089374705348,617.828108214165,1219,0.0,0.0,8.0,10.0,False,False,Good,0.009752,#1b5e20
25,39,3.9167208048868125,11.608790397424968,616.1287789417634,1430,0.0,0.0,8.0,10.0,False,False,Good,0.01144,#1b5e20
25,40,3.9167208048868125,11.611491420144587,614.7326066661357,1042,0.0,0.0,8.0,10.0,False,False,Good,0.008336,#1b5e20
25,41,3.9167208048868125,11.614192442864207,613.6219989545331,1415,0.0,0.0,8.0,10.0,False,False,Good,0.01132,#1b5e20
25,42,3.9167208048868125,11.616893465583825,612.7621176349948,682,0.0,0.0,8.0,10.0,False,False,Good,0.005456,#1b5e20
25,43,3.9167208048868125,11.619594488303445,612.1108442310212,844,0.0,0.0,8.0,10.0,False,False,Good,0.006752,#1b5e20
25,44,3.9167208048868125,11.622295511023065,611.6186204095403,188,0.0,0.0,8.0,10.0,False,False,Good,0.001504,#1b5e20
25,45,3.9167208048868125,11.624996533742683,611.2314991606053,658,0.0,0.0,8.0,10.0,False,False,Good,0.005264,#1b5e20
25,46,3.9167208048868125,11.627697556462303,610.8970804781882,339,0.0,0.0,8.0,10.0,False,False,Good,0.002712,#1b5e20
25,47,3.9167208048868125,11.630398579181923,610.5646880934421,648,0.0,0.0,8.0,10.0,False,False,Good,0.005184,#1b5e20
25,48,3.9167208048868125,11.633099601901542,610.1912227155975,469,0.0,0.0,8.0,10.0,False,False,Good,0.003752,#1b5e20
25,49,3.9167208048868125,11.635800624621162,609.7436794187552,414,0.0,0.0,8.0,10.0,False,False,Good,0.003312,#1b5e20
26,0,3.919415738411786,11.50345051135981,609.7917306718906,447,1896.0505555692112,1422.6993164444277,58.92408280586425,66.70891769113857,True,True,Unhealthy,0.02633906501422132,#b71c1c
26,1,3.919415738411786,11.50615153407943,610.2874683346256,294,2137.4521209497607,1604.341220428617,65.4076405721886,73.94917967990816,True,True,Unhealthy,0.019229846328223447,#b71c1c
26,2,3.919415738411786,11.508852556799049,610.8068092331893,150,2344.794964284508,1760.9044749673603,70.97644995449548,80.18980453469713,True,True,Unhealthy,0.01064646749317432,#b71c1c
26,3,3.919415738411786,11.511553579518669,611.3883082605004,110,2501.2695412503863,1880.5086456123083,75.17904059271336,84.95723711178742,True,True,Unhealthy,0.008269694465198471,#b71c1c
26,4,3.919415738411786,11.514254602238289,612.0795844778143,50,2598.224101102632,1956.638355906325,77.78304396162125,87.99177394259377,True,True,Unhealthy,0.0038891521980810623,#b71c1c
26,5,3.919415738411786,11.516955624957907,612.918556490334,1034,2627.5202735764556,1984.2171066038543,78.56987989728225,89.09106532852007,True,True,Unhealthy,0.08124125581378984,#b71c1c
26,6,3.919415738411786,11.519656647677527,613.9288715610496,1227,2588.0356536098343,1963.550066018915,77.50940287000454,88.26727530493324,True,True,Unhealthy,0.09510403732149555,#b71c1c
26,7,3.919415738411786,11.522357670397147,615.1109434696114,946,2484.7966984536047,1899.9880365520205,74.73661335459605,85.73368731788887,True,True,Unhealthy,0.07070083623344786,#b71c1c
26,8,3.919415738411786,11.525058693116765,616.443057658556,1272,2328.5500550767674,1803.6768333277055,70.54014455154152,81.8947144349666,True,True,Unhealthy,0.08972706386956081,#b71c1c
26,9,3.919415738411786,11.527759715836385,617.8849081403605,1182,2134.6324884506726,1688.741528605033,65.33191094649698,77.31338325698219,True,True,Unhealthy,0.07722231873875943,#b71c1c
26,10,3.919415738411786,11.530460738556005,619.3856710625885,688,1921.3348055817928,1572.0217522706898,59.60316661907953,72.66092288635761,True,True,Unhealthy,0.041006978633926716,#b71c1c
26,11,3.919415738411786,11.533161761275624,620.8963058344606,1340,1708.025179173522,1471.5241696172507,53.874101512352084,68.6550805576389,True,True,Unhealthy for Sensitive,0.07219129602655179,#ef6c00
26,12,3.919415738411786,11.535862783995244,622.3778256123039,993,1513.307877037696,1404.7702859024675,48.644388629130745,65.99426498446059,True,True,Unhealthy for Sensitive,0.048303877908726825,#ef6c00
26,13,3.919415738411786,11.538563806714864,623.8094343130855,1742,1353.4492936488796,1387.1978443912985,44.3509104231784,65.29382594736335,True,True,Unhealthy for Sensitive,0.07725928595717677,#ef6c00
26,14,3.919415738411786,11.541264829434482,625.1936663772486,1492,1241.2227301698686,1430.7371323045686,41.336731927338114,67.02930572588397,True,True,Unhealthy for Sensitive,0.061674404035588465,#ef6c00
26,15,3.919415738411786,11.543965852154102,626.5568537464861,1650,1185.2315461367882,1542.646859147271,39.83292197684712,71.49003710812786,True,True,Unhealthy for Sensitive,0.06572432126179774,#ef6c00
26,16,3.919415738411786,11.54666687487372,627.9457162548371,1875,514.0705533269829,363.61544707222555,21.8068952585606,24.493743140875992,True,False,Moderate,0.04088792860980113,#f9a825
26,17,3.919415738411786,11.54936789759334,629.4248848482564,2228,407.48576394514555,270.84323344073505,18.94424340342753,20.79583468893332,True,False,Moderate,0.04220777430283654,#f9a825
26,18,3.919415738411786,11.55206892031296,631.0711149020982,1931,97.48815711154572,19.497631422309144,10.618334711992462,10.77717727331394,False,False,Good,0.020504004328857444,#1b5e20
26,19,3.919415738411786,11.554769943032579,632.962568834485,2488,146.25561978061288,29.251123956122576,11.928130117973037,11.165952328526224,False,False,Good,0.029677187733516915,#1b5e20
26,20,3.919415738411786,11.557470965752199,635.1735011039892,3420,213.47042524935247,42.694085049870495,13.733383838353179,11.701789919350219,False,False,Moderate,0.04696817272716787,#f9a825
26,21,3.919415738411786,11.560171988471819,637.7609298540293,3269,303.1288826599414,60.62577653198827,16.14142865340939,12.416548691332823,True,False,Moderate,0.05276633026799529,#f9a825
26,22,3.919415738411786,11.562873011191437,640.7480385197761,3276,418.77560327717964,83.75512065543593,19.247465652075228,13.338486346736094,True,False,Moderate,0.06305469747619845,#f9a825
26,23,3.919415738411786,11.565574033911057,644.080819259557,3717,562.8593411194234,112.57186822388468,23.117263414220936,14.487124394914499,True,False,Moderate,0.08592686811065922,#f9a825
26,24,3.919415738411786,11.568275056630677,647.4692919670522,4192,736.0085065128831,147.2017013025766,27.767699770131152,15.867472533848968,True,False,Moderate,0.11640219743638978,#f9a825
26,25,3.919415738411786,11.570976079350295,649.6226136242723,4839,936.3328070648269,187.26656141296536,33.148005289606864,17.464461319916023,True,False,Moderate,0.16040319759640762,#f9a825
26,26,3.919415738411786,11.573677102069915,648.7225793831016,4521,1158.8896861940484,231.77793723880967,39.125432900121595,19.238688606631484,True,False,Unhealthy for Sensitive,0.17688608214144974,#ef6c00
26,27,3.919415738411786,11.576378124789535,646.4190668777803,4119,1395.463257311181,279.09265146223623,45.479320506051586,21.124657204115415,True,False,Unhealthy for Sensitive,0.1873293211644265,#ef6c00
26,28,3.919415738411786,11.579079147509153,643.8613177115731,4022,1634.7794317467462,326.9558863493492,51.90686888968672,23.032489882652406,True,False,Unhealthy for Sensitive,0.20876942667432,#ef6c00
26,29,3.919415738411786,11.581780170228773,641.2365568050863,3659,1863.2210183481243,372.64420366962486,58.04234783998253,24.85363015903725,True,False,Unhealthy,0.2123769507464961,#b71c1c
26,30,3.919415738411786,11.584481192948394,638.5496115995682,2990,2066.017687304352,413.20353746087045,63.48905617397,26.4703287087515,True,True,Unhealthy,0.1898322779601703,#b71c1c
26,31,3.919415738411786,11.587182215668012,635.7901465769565,2873,2228.7848476669014,445.7569695333803,67.86065287429611,27.767911324154507,True,True,Unhealthy,0.1949636557078527,#b71c1c
26,32,3.919415738411786,11.589883238387632,632.9672616734282,2535,2339.1965172265504,467.83930344531007,70.82608699042459,28.648115062052895,True,True,Unhealthy,0.17954413052072632,#b71c1c
26,33,3.919415738411786,11.592584261107252,630.1179285755288,1997,0.0,0.0,8.0,10.0,False,False,Good,0.015976,#1b5e20
26,34,3.919415738411786,11.59528528382687,627.3026803916193,1973,0.0,0.0,8.0,10.0,False,False,Good,0.015784,#1b5e20
26,35,3.919415738411786,11.59798630654649,624.5927845718535,1633,0.0,0.0,8.0,10.0,False,False,Good,0.013064,#1b5e20
26,36,3.919415738411786,11.60068732926611,622.0609515560965,1421,0.0,0.0,8.0,10.0,False,False,Good,0.011368,#1b5e20
26,37,3.919415738411786,11.603388351985728,619.769692304232,1968,0.0,0.0,8.0,10.0,False,False,Good,0.015744,#1b5e20
26,38,3.919415738411786,11.606089374705348,617.7616071828166,1694,0.0,0.0,8.0,10.0,False,False,Good,0.013552,#1b5e20
26,39,3.919415738411786,11.608790397424968,616.0599210470692,1423,0.0,0.0,8.0,10.0,False,False,Good,0.011384,#1b5e20
26,40,3.919415738411786,11.611491420144587,614.6621396758446,470,0.0,0.0,8.0,10.0,False,False,Good,0.00376,#1b5e20
26,41,3.919415738411786,11.614192442864207,613.5500693981462,1163,0.0,0.0,8.0,10.0,False,False,Good,0.009304,#1b5e20
26,42,3.919415738411786,11.616893465583825,612.686942722658,628,0.0,0.0,8.0,10.0,False,False,Good,0.005024,#1b5e20
26,43,3.919415738411786,11.619594488303445,612.028908186686,519,0.0,0.0,8.0,10.0,False,False,Good,0.004152,#1b5e20
26,44,3.919415738411786,11.622295511023065,611.5252533701685,432,0.0,0.0,8.0,10.0,False,False,Good,0.003456,#1b5e20
26,45,3.919415738411786,11.624996533742683,611.1221639512135,1327,0.0,0.0,8.0,10.0,False,False,Good,0.010616,#1b5e20
26,46,3.919415738411786,11.627697556462303,610.7689123223571,1096,0.0,0.0,8.0,10.0,False,False,Good,0.008768,#1b5e20
26,47,3.919415738411786,11.630398579181923,610.4179240335573,50,0.0,0.0,8.0,10.0,False,False,Good,0.0004,#1b5e20
26,48,3.919415738411786,11.633099601901542,610.0296898182818,50,0.0,0.0,8.0,10.0,False,False,Good,0.0004,#1b5e20
26,49,3.919415738411786,11.635800624621162,609.5744736049663,321,0.0,0.0,8.0,10.0,False,False,Good,0.002568,#1b5e20
27,0,3.9221106719367587,11.50345051135981,608.5639661623145,495,1771.8073200805318,1329.2226504138835,55.58716080581,62.982929705696776,True,True,Unhealthy,0.02751564459887595,#b71c1c
27,1,3.9221106719367587,11.50615153407943,609.0805152813354,379,2043.4700410456367,1533.3131986297465,62.88347200229086,71.1179965933632,True,True,Unhealthy,0.023832835888868233,#b71c1c
27,2,3.9221106719367587,11.508852556799049,609.6452312203378,146,2292.5358345415048,1720.8644813152814,69.57287543345844,78.59380692780707,True,True,Unhealthy,0.010157639813284932,#b71c1c
27,3,3.9221106719367587,11.511553579518669,610.2965323055085,636,2503.001614750841,1879.937129117019,75.2255605834931,84.93445641489956,True,True,Unhealthy,0.047843456531101614,#b71c1c
27,4,3.9221106719367587,11.514254602238289,611.081689262594,748,2659.3193049172296,1999.2922940434091,79.42393755960957,89.69196360253116,True,True,Unhealthy,0.059409105294587955,#b71c1c
27,5,3.9221106719367587,11.516955624957907,612.0374603243146,925,2749.877524794913,2070.771076989714,81.85614817459413,92.54111406736382,True,True,Unhealthy,0.07571693706149957,#b71c1c
27,6,3.9221106719367587,11.519656647677527,613.1851591929347,50,2768.2625731497596,2090.3777834254424,82.34993338620784,93.322639080138,True,True,Unhealthy,0.004117496669310392,#b71c1c
27,7,3.9221106719367587,11.522357670397147,614.5215206949391,812,2714.264182524935,2059.1159943575253,80.89964583586536,92.07654146651095,True,True,Unhealthy,0.06569051241872267,#b71c1c
27,8,3.9221106719367587,11.525058693116765,616.0193457401134,537,2594.102382808602,1983.2394462016696,77.67234294518943,89.05209570040783,True,True,Unhealthy,0.041710048161566725,#b71c1c
27,9,3.9221106719367587,11.527759715836385,617.6311980235283,1360,2419.836647048939,1873.8716111115127,72.99191776771531,84.69268434306922,True,True,Unhealthy,0.09926900816409281,#b71c1c
27,10,3.9221106719367587,11.530460738556005,619.2974095651828,1107,2208.064050624536,1746.04984150468,67.30413417742405,79.59769756126268,True,True,Unhealthy,0.07450567653440841,#b71c1c
27,11,3.9221106719367587,11.533161761275624,620.9592592627498,1103,1978.1308503141133,1617.332570442477,61.12859349997088,74.46701601406342,True,True,Unhealthy,0.06742483863046789,#b71c1c
27,12,3.9221106719367587,11.535862783995244,622.5676407629437,961,1750.1460168316096,1506.1546172835895,55.00538201457945,70.03545319409008,True,True,Unhealthy,0.05286017211601086,#b71c1c
27,13,3.9221106719367587,11.538563806714864,624.0920092263366,1690,1543.085898720724,1430.1214323541003,49.44416605992087,67.0047638726547,True,True,Unhealthy for Sensitive,0.08356064064126627,#ef6c00
27,14,3.9221106719367587,11.541264829434482,625.5263498359236,1726,1373.2238876032036,1404.4059751201157,44.882016018978305,65.97974352519537,True,True,Unhealthy for Sensitive,0.07746635964875655,#ef6c00
27,15,3.9221106719367587,11.543965852154102,626.890534400489,2003,853.7204890668405,631.5929704749103,30.92920552703889,35.175350380062156,True,True,Moderate,0.061951198670658895,#f9a825
27,16,3.9221106719367587,11.54666687487372,628.2270369178202,1418,666.1582163290036,485.1201988148428,25.891662261062905,29.33693304475155,True,True,Moderate,0.036714377086187196,#f9a825
27,17,3.9221106719367587,11.54936789759334,629.5983553456028,1579,42.75200189982826,8.550400379965652,9.148232297112845,10.340819697998844,False,False,Good,0.014445058797141183,#1b5e20
27,18,3.9221106719367587,11.55206892031296,631.0802970562545,2506,67.45561005005747,13.491122010011496,9.811721244362055,10.537757289107923,False,False,Good,0.02458817343837131,#1b5e20
27,19,3.9221106719367587,11.554769943032579,632.7493388700652,2879,103.54857903736804,20.70971580747361,10.781105386583679,10.825491061644694,False,False,Good,0.031038802407974412,#1b5e20
27,20,3.9221106719367587,11.557470965752199,634.6736574999087,3079,154.6445658578097,30.928913171561945,12.153440241394748,11.232829151634016,False,False,Moderate,0.03742044250325442,#f9a825
27,21,3.9221106719367587,11.560171988471819,636.8926373865776,3786,224.6930474897176,44.93860949794352,14.03480077187778,11.791256857803264,False,False,Moderate,0.05313575572232927,#f9a825
27,22,3.9221106719367587,11.562873011191437,639.3867062444683,3363,317.62088846701414,63.52417769340283,16.530654616596266,12.532079212082165,True,False,Moderate,0.05559259147561324,#f9a825
27,23,3.9221106719367587,11.565574033911057,642.012751469961,3421,436.8103585506824,87.36207171013649,19.731842700057282,13.482259727458716,True,False,Moderate,0.06750263387689595,#f9a825
27,24,3.9221106719367587,11.568275056630677,644.3793193352291,3899,584.4417761861672,116.88835523723345,23.696923965603805,14.659179940260945,True,False,Moderate,0.09239430654188924,#f9a825
27,25,3.9221106719367587,11.570976079350295,645.7431920768062,4452,760.7711343830272,152.15422687660543,28.432773867678858,16.064880631185204,True,False,Moderate,0.12658270925890627,#f9a825
27,26,3.9221106719367587,11.573677102069915,645.5527154245476,4029,963.4545915819245,192.6909183163849,33.87644156285637,17.680676654813453,True,False,Moderate,0.1364881830567483,#f9a825
27,27,3.9221106719367587,11.576378124789535,644.1892833659604,3959,1187.0606983044256,237.4121396608851,39.882049304267625,19.463268402035617,True,False,Unhealthy for Sensitive,0.15789303319559553,#ef6c00
27,28,3.9221106719367587,11.579079147509153,642.253529063512,3770,1422.9153119276325,284.5830623855265,46.21662716613671,21.343505457952723,True,False,Unhealthy for Sensitive,0.17423668441633539,#ef6c00
27,29,3.9221106719367587,11.581780170228773,640.0351442921602,2851,1659.3944377182556,331.87888754365116,52.56797816162999,23.228721135661484,True,False,Unhealthy for Sensitive,0.1498713057388071,#ef6c00
27,30,3.9221106719367587,11.584481192948394,637.6314835841642,3098,1882.715326168548,376.5430652337096,58.56592551715699,25.00903911788837,True,True,Unhealthy,0.18143723725215236,#b71c1c
27,31,3.9221106719367587,11.587182215668012,635.0804579960236,2289,2078.1846693711514,415.63693387423024,63.81583670228832,26.567324100061597,True,True,Unhealthy,0.14607445021153798,#b71c1c
27,32,3.9221106719367587,11.589883238387632,632.4158846167496,1907,0.0,0.0,8.0,10.0,False,False,Good,0.015256,#1b5e20
27,33,3.9221106719367587,11.592584261107252,629.6883187143558,1743,0.0,0.0,8.0,10.0,False,False,Good,0.013944,#1b5e20
27,34,3.9221106719367587,11.59528528382687,626.9668625868437,1476,0.0,0.0,8.0,10.0,False,False,Good,0.011808,#1b5e20
27,35,3.9221106719367587,11.59798630654649,624.3289313877411,1004,0.0,0.0,8.0,10.0,False,False,Good,0.008032,#1b5e20
27,36,3.9221106719367587,11.60068732926611,621.8519932805627,1621,0.0,0.0,8.0,10.0,False,False,Good,0.012968,#1b5e20
27,37,3.9221106719367587,11.603388351985728,619.6024426326896,1661,0.0,0.0,8.0,10.0,False,False,Good,0.013288,#1b5e20
27,38,3.9221106719367587,11.606089374705348,617.62572540555,1597,0.0,0.0,8.0,10.0,False,False,Good,0.012776,#1b5e20
27,39,3.9221106719367587,11.608790397424968,615.9467389389258,1491,0.0,0.0,8.0,10.0,False,False,Good,0.011928,#1b5e20
27,40,3.9221106719367587,11.611491420144587,614.563578785372,724,0.0,0.0,8.0,10.0,False,False,Good,0.005792,#1b5e20
27,41,3.9221106719367587,11.614192442864207,613.4577286805173,1143,0.0,0.0,8.0,10.0,False,False,Good,0.009144,#1b5e20
27,42,3.9221106719367587,11.616893465583825,612.5912971727564,1228,0.0,0.0,8.0,10.0,False,False,Good,0.009824,#1b5e20
27,43,3.9221106719367587,11.619594488303445,611.919910094668,254,0.0,0.0,8.0,10.0,False,False,Good,0.002032,#1b5e20
27,44,3.9221106719367587,11.622295511023065,611.3933608616956,1014,0.0,0.0,8.0,10.0,False,False,Good,0.008112,#1b5e20
27,45,3.9221106719367587,11.624996533742683,610.9600653381974,147,0.0,0.0,8.0,10.0,False,False,Good,0.001176,#1b5e20
27,46,3.9221106719367587,11.627697556462303,610.5732365056019,699,0.0,0.0,8.0,10.0,False,False,Good,0.005592,#1b5e20
27,47,3.9221106719367587,11.630398579181923,610.1907223795577,90,0.0,0.0,8.0,10.0,False,False,Good,0.00072,#1b5e20
27,48,3.9221106719367587,11.633099601901542,609.7786654114155,1065,0.0,0.0,8.0,10.0,False,False,Good,0.00852,#1b5e20
27,49,3.9221106719367587,11.635800624621162,609.3121615810479,360,0.0,0.0,8.0,10.0,False,False,Good,0.00288,#1b5e20
28,0,3.9248056054617315,11.50345051135981,607.3111663638088,50,1610.9517205502416,1208.4121501711506,51.2669047629492,58.167412726597966,True,True,Unhealthy for Sensitive,0.0025633452381474604,#ef6c00
28,1,3.9248056054617315,11.50615153407943,607.841341231903,663,1900.7484496937745,1425.9871763689052,59.050258739680864,66.83997207183734,True,True,Unhealthy,0.039150321544408416,#b71c1c
28,2,3.9248056054617315,11.508852556799049,608.4394323874418,208,2182.1069893023564,1637.4014031789136,66.60698001331963,75.26696142111686,True,True,Unhealthy,0.013854251842770482,#b71c1c
28,3,3.9248056054617315,11.511553579518669,609.143990415653,891,2437.4000812284385,1829.5917731356642,73.46363608444746,82.92768617506214,True,True,Unhealthy,0.06545609975124268,#b71c1c
28,4,3.9248056054617315,11.514254602238289,610.0022659515339,964,2649.1147802441,1989.654416194972,79.14986466744824,89.30779695866842,True,True,Unhealthy,0.07630046953942012,#b71c1c
28,5,3.9248056054617315,11.516955624957907,611.0505055104344,810,2801.8074080182637,2106.372235304453,83.25087980007595,93.96017931414087,True,True,Unhealthy,0.06743321263806153,#b71c1c
28,6,3.9248056054617315,11.519656647677527,612.308404071593,232,2884.084198330629,2171.758714707654,85.46066796767563,96.56649003329997,True,True,Unhealthy,0.019826874968500746,#b71c1c
28,7,3.9248056054617315,11.522357670397147,613.7699410107756,533,2890.1899961227664,2182.3201706943446,85.6246573462549,96.98747058156131,True,True,Unhealthy,0.045637942365553866,#b71c1c
28,8,3.9248056054617315,11.525058693116765,615.4034355596428,757,2820.9280307984914,2139.8235958614628,83.7644210529186,95.29355343652743,True,True,Unhealthy,0.06340966673705939,#b71c1c
28,9,3.9248056054617315,11.527759715836385,617.1553524291828,627,2683.7472887860467,2051.4368399569644,80.0800237961617,91.7704497085369,True,True,Unhealthy,0.05021017492019338,#b71c1c
28,10,3.9248056054617315,11.530460738556005,618.9581306197704,1495,2491.983668911133,1929.2134194217194,74.92964084409387,86.8986136044859,True,True,Unhealthy,0.11201981306192033,#b71c1c
28,11,3.9248056054617315,11.533161761275624,620.74409529201,1235,2263.3914125964125,1789.0002654093935,68.79011521005535,81.30970516951758,True,True,Unhealthy,0.08495579228441835,#b71c1c
28,12,3.9248056054617315,11.535862783995244,622.4544035426154,1192,2018.2170383890723,1648.928681375878,62.20522742985458,75.72643972613794,True,True,Unhealthy,0.07414863109638666,#b71c1c
28,13,3.9248056054617315,11.538563806714864,624.0487439962632,1474,1777.1244937745332,1527.6906473116928,55.729969336253006,70.89388121197217,True,True,Unhealthy,0.08214597480163692,#b71c1c
28,14,3.9248056054617315,11.541264829434482,625.5118735361444,1338,1344.2401208549966,1005.0627216624329,44.10357066920837,50.06188693449966,True,True,Unhealthy for Sensitive,0.05901057755540081,#ef6c00
28,15,3.9248056054617315,11.543965852154102,626.8559762904127,1777,1084.8877034424363,808.2003789595268,37.13788932625845,42.21493694318019,True,True,Unhealthy for Sensitive,0.06599402933276127,#ef6c00
28,16,3.9248056054617315,11.54666687487372,628.117405250194,2226,16.949513525575117,3.389902705115024,8.455229649737046,10.135121814752656,False,False,Good,0.018821341200314663,#1b5e20
28,17,3.9248056054617315,11.54936789759334,629.3540316573706,2149,28.1267642472487,5.62535284944974,8.755427996041972,10.224227050674568,False,False,Good,0.018815414763494197,#1b5e20
28,18,3.9248056054617315,11.55206892031296,630.6377501659114,2681,45.409504081669795,9.08190081633396,9.219607430422112,10.362005351320265,False,False,Good,0.02471776752096168,#1b5e20
28,19,3.9248056054617315,11.554769943032579,632.0404326947847,2804,71.32441129638386,14.264882259276773,9.915629420464569,10.568599439505464,False,False,Good,0.02780342489498265,#1b5e20
28,20,3.9248056054617315,11.557470965752199,633.622458030572,2882,108.99186480812328,21.798372961624654,10.927301032323044,10.868885029881715,False,False,Good,0.03149248157515501,#1b5e20
28,21,3.9248056054617315,11.560171988471819,635.4092778985843,3221,162.03708493262812,32.40741698652562,12.351988350992473,11.291762441458285,False,False,Moderate,0.03978575447854676,#f9a825
28,22,3.9248056054617315,11.562873011191437,637.360971365384,2594,234.36848391918426,46.87369678383685,14.294663423994205,11.868389604232878,False,False,Moderate,0.037080356921840966,#f9a825
28,23,3.9248056054617315,11.565574033911057,639.3271392033769,4196,329.7983287745316,65.95966575490633,16.85771603210653,12.629157976668012,True,False,Moderate,0.07073497647071901,#f9a825
28,24,3.9248056054617315,11.568275056630677,641.011429396243,3187,451.5045603987197,90.30091207974394,20.126499239925174,13.599402158541043,True,False,Moderate,0.06414315307764153,#f9a825
28,25,3.9248056054617315,11.570976079350295,642.0220912480477,3459,601.3679557020262,120.27359114040522,24.151526911037273,14.79411573588488,True,False,Moderate,0.08354013158527793,#f9a825
28,26,3.9248056054617315,11.573677102069915,642.1077950946772,3341,779.2608806647454,155.85217613294907,28.929371053837205,16.212281208088616,True,False,Moderate,0.0966530286908701,#f9a825
28,27,3.9248056054617315,11.576378124789535,641.3498354830369,4025,982.4035383239409,196.48070766478816,34.385371944559544,17.83173798572241,True,False,Moderate,0.13840112207685215,#f9a825
28,28,3.9248056054617315,11.579079147509153,639.998196798423,3218,1204.9288746081286,240.98577492162576,40.36195237805797,19.60571381233213,True,False,Unhealthy for Sensitive,0.12988476275259056,#ef6c00
28,29,3.9248056054617315,11.581780170228773,638.2496961638437,3519,1437.7962826861885,287.55925653723773,46.61629994116609,21.462136814017505,True,False,Unhealthy for Sensitive,0.16404275949296346,#ef6c00
28,30,3.9248056054617315,11.584481192948394,636.213049234103,2727,1669.1591666678241,333.83183333356476,52.830239030225535,23.30656572360453,True,False,Unhealthy for Sensitive,0.14406806183542503,#ef6c00
28,31,3.9248056054617315,11.587182215668012,633.9516066343675,2691,0.0,0.0,8.0,10.0,False,False,Good,0.021528,#1b5e20
28,32,3.9248056054617315,11.589883238387632,631.5190537955107,2503,0.0,0.0,8.0,10.0,False,False,Good,0.020024,#1b5e20
28,33,3.9248056054617315,11.592584261107252,628.9792937488083,1985,0.0,0.0,8.0,10.0,False,False,Good,0.01588,#1b5e20
28,34,3.9248056054617315,11.59528528382687,626.4104181006323,1949,0.0,0.0,8.0,10.0,False,False,Good,0.015592,#1b5e20
28,35,3.9248056054617315,11.59798630654649,623.8961960408045,1840,0.0,0.0,8.0,10.0,False,False,Good,0.01472,#1b5e20
28,36,3.9248056054617315,11.60068732926611,621.5186249877012,2071,0.0,0.0,8.0,10.0,False,False,Good,0.016568,#1b5e20
28,37,3.9248056054617315,11.603388351985728,619.3475201495718,1267,0.0,0.0,8.0,10.0,False,False,Good,0.010136,#1b5e20
28,38,3.9248056054617315,11.606089374705348,617.4308376174127,1776,0.0,0.0,8.0,10.0,False,False,Good,0.014208,#1b5e20
28,39,3.9248056054617315,11.608790397424968,615.7948957102724,874,0.0,0.0,8.0,10.0,False,False,Good,0.006992,#1b5e20
28,40,3.9248056054617315,11.611491420144587,614.4386730347975,1105,0.0,0.0,8.0,10.0,False,False,Good,0.00884,#1b5e20
28,41,3.9248056054617315,11.614192442864207,613.3439291221694,1235,0.0,0.0,8.0,10.0,False,False,Good,0.00988,#1b5e20
28,42,3.9248056054617315,11.616893465583825,612.472790954417,469,0.0,0.0,8.0,10.0,False,False,Good,0.003752,#1b5e20
28,43,3.9248056054617315,11.619594488303445,611.7817583731577,573,0.0,0.0,8.0,10.0,False,False,Good,0.004584,#1b5e20
28,44,3.9248056054617315,11.622295511023065,611.2227513735994,143,0.0,0.0,8.0,10.0,False,False,Good,0.001144,#1b5e20
28,45,3.9248056054617315,11.624996533742683,610.7482085171924,726,0.0,0.0,8.0,10.0,False,False,Good,0.005808,#1b5e20
28,46,3.9248056054617315,11.627697556462303,610.3169756740407,469,0.0,0.0,8.0,10.0,False,False,Good,0.003752,#1b5e20
28,47,3.9248056054617315,11.630398579181923,609.893904490894,81,0.0,0.0,8.0,10.0,False,False,Good,0.000648,#1b5e20
28,48,3.9248056054617315,11.633099601901542,609.4520826997605,63,0.0,0.0,8.0,10.0,False,False,Good,0.000504,#1b5e20
28,49,3.9248056054617315,11.635800624621162,608.9723697140331,723,0.0,0.0,8.0,10.0,False,False,Good,0.005784,#1b5e20
29,0,3.927500538986705,11.50345051135981,606.0924301349736,300,1425.0135575625043,1068.8725767937258,46.27298179979529,52.60535327394196,True,True,Unhealthy for Sensitive,0.013881894539938587,#ef6c00
29,1,3.927500538986705,11.50615153407943,606.6279848496765,328,1720.433840986412,1290.5530420814143,54.20737306980793,61.44155577606348,True,True,Unhealthy for Sensitive,0.017780018366897,#ef6c00
29,2,3.927500538986705,11.508852556799049,607.2451956196218,876,2020.849266020701,1516.085827155309,62.27592373986764,70.43131207774812,True,True,Unhealthy,0.05455370919612406,#b71c1c
29,3,3.927500538986705,11.511553579518669,607.9830068124471,787,2309.4844842830253,1732.9750238977579,70.02808188370294,79.07653420163541,True,True,Unhealthy,0.055112100442474214,#b71c1c
29,4,3.927500538986705,11.514254602238289,608.8889865728681,888,2568.001526227636,1927.6115505742105,76.97132673128681,86.83476297380422,True,True,Unhealthy,0.06835053813738268,#b71c1c
29,5,3.927500538986705,11.516955624957907,609.9995845647965,622,2778.421951939121,2086.746997084828,82.62279375124713,93.1779156228592,True,True,Unhealthy,0.05139137771327572,#b71c1c
29,6,3.927500538986705,11.519656647677527,611.3337562455578,371,2925.255964875858,2199.1346532253933,86.56645833948538,97.65769730821455,True,True,Unhealthy,0.03211615604394907,#b71c1c
29,7,3.927500538986705,11.522357670397147,612.8838999478235,863,2997.5080508949795,2257.090686405728,88.50700322660711,99.96782979885377,True,True,Unhealthy,0.07638154378456193,#b71c1c
29,8,3.927500538986705,11.525058693116765,614.6152322348665,919,2990.221873107912,2257.7208541207715,88.31131122890324,99.99294833842919,True,True,Unhealthy,0.08115809501936207,#b71c1c
29,9,3.927500538986705,11.527759715836385,616.4696011409834,454,2905.2929474130865,2203.603515082745,86.03029206937033,97.8358265280099,True,True,Unhealthy,0.03905775259949413,#b71c1c
29,10,3.927500538986705,11.530460738556005,618.373059058363,862,2751.404146610268,2102.8091465290427,81.89715014867653,93.81815428766096,True,True,Unhealthy,0.07059534342815918,#b71c1c
29,11,3.927500538986705,11.533161761275624,620.2502874831957,1760,2543.097573496989,1968.249043775251,76.30245693384194,88.45457696434677,True,True,Unhealthy,0.13429232420356182,#b71c1c
29,12,3.927500538986705,11.535862783995244,622.0336990903917,1669,2299.1491621703863,1816.4543369263054,69.75049603687867,82.40402683253076,True,True,Unhealthy,0.1164135778855505,#b71c1c
29,13,3.927500538986705,11.538563806714864,623.6738008620388,933,1935.0731183492328,1450.2946946301113,59.97214991170695,67.80887185017951,True,True,Unhealthy,0.05595401586762258,#b71c1c
29,14,3.927500538986705,11.541264829434482,625.1460664746776,1464,1636.1820851565496,1225.273971171783,51.94454132314528,58.83952636873939,True,True,Unhealthy for Sensitive,0.0760468084970847,#ef6c00
29,15,3.927500538986705,11.543965852154102,626.4544046683174,1212,6.075110853938481,1.2150221707876963,8.163165189489312,10.048430888719556,False,False,Good,0.009893756209661047,#1b5e20
29,16,3.927500538986705,11.54666687487372,627.6279516944247,1813,10.602728941504731,2.1205457883009458,8.284767853367299,10.08452513836134,False,False,Good,0.015020284118154913,#1b5e20
29,17,3.927500538986705,11.54936789759334,628.7185867405186,1793,18.003028185539797,3.6006056371079596,8.483524922573338,10.143520451829064,False,False,Good,0.015210960186173994,#1b5e20
29,18,3.927500538986705,11.55206892031296,629.7931725186706,1949,29.739791182269908,5.947958236453981,8.798750636868101,10.23708612927739,False,False,Good,0.01714876499125593,#1b5e20
29,19,3.927500538986705,11.554769943032579,630.9192593089623,2233,47.79634849001705,9.55926969800341,9.28371324339127,10.381033316193799,False,False,Good,0.020730531672492707,#1b5e20
29,20,3.927500538986705,11.557470965752199,632.1531835224166,2349,74.7336121704507,14.946722434090137,10.007193660195869,10.595777647792398,False,False,Good,0.023506897907800094,#1b5e20
29,21,3.927500538986705,11.560171988471819,633.5181663341349,2571,113.6846108946347,22.736922178926942,11.053338700250448,10.906295682784885,False,False,Good,0.0284181337983439,#1b5e20
29,22,3.927500538986705,11.562873011191437,634.9806844590487,3455,168.2487460798046,33.64974921596092,12.518821005159662,11.34128191147544,False,False,Moderate,0.04325252657282663,#f9a825
29,23,3.927500538986705,11.565574033911057,636.4270083589433,3042,242.25148253223867,48.450296506447735,14.506384821902383,11.931233005412585,False,False,Moderate,0.04412842262822705,#f9a825
29,24,3.927500538986705,11.568275056630677,637.6640772236959,3464,339.3481622796539,67.86963245593078,17.11420524373046,12.705289414414043,True,False,Moderate,0.059283606964282316,#f9a825
29,25,3.927500538986705,11.570976079350295,638.4689929807054,3130,462.4757981016934,92.49515962033867,20.421164493247666,13.686865055117497,True,False,Moderate,0.06391824486386519,#f9a825
29,26,3.927500538986705,11.573677102069915,638.6886747282821,3803,613.1926918620574,122.63853837241147,24.469115406556135,14.88838273691142,True,False,Moderate,0.09305604589113298,#f9a825
29,27,3.927500538986705,11.576378124789535,638.3088200038125,3098,790.9870634362122,158.19741268724243,29.244312604681877,16.305762539798295,True,False,Moderate,0.09059888044930446,#f9a825
29,28,3.927500538986705,11.579079147509153,637.4134131245972,3487,992.6730740675022,198.53461481350044,34.66119090257562,17.913606902151393,True,False,Moderate,0.12086357267728119,#f9a825
29,29,3.927500538986705,11.581780170228773,636.099530455379,2243,1212.0137699976399,242.402753999528,40.55223833769476,19.662194720820683,True,False,Unhealthy for Sensitive,0.09095867059144935,#ef6c00
29,30,3.927500538986705,11.584481192948394,634.4438628619125,2421,0.0,0.0,8.0,10.0,False,False,Good,0.019368,#1b5e20
29,31,3.927500538986705,11.587182215668012,632.507795395046,2596,0.0,0.0,8.0,10.0,False,False,Good,0.020768,#1b5e20
29,32,3.927500538986705,11.589883238387632,630.3515891122765,2528,0.0,0.0,8.0,10.0,False,False,Good,0.020224,#1b5e20
29,33,3.927500538986705,11.592584261107252,628.0462356272797,2236,0.0,0.0,8.0,10.0,False,False,Good,0.017888,#1b5e20
29,34,3.927500538986705,11.59528528382687,625.6754280170425,1586,0.0,0.0,8.0,10.0,False,False,Good,0.012688,#1b5e20
29,35,3.927500538986705,11.59798630654649,623.3271029817286,1818,0.0,0.0,8.0,10.0,False,False,Good,0.014544,#1b5e20
29,36,3.927500538986705,11.60068732926611,621.0860383536991,1698,0.0,0.0,8.0,10.0,False,False,Good,0.013584,#1b5e20
29,37,3.927500538986705,11.603388351985728,619.0240782005193,1173,0.0,0.0,8.0,10.0,False,False,Good,0.009384,#1b5e20
29,38,3.927500538986705,11.606089374705348,617.1908583384876,1165,0.0,0.0,8.0,10.0,False,False,Good,0.00932,#1b5e20
29,39,3.927500538986705,11.608790397424968,615.6137305723889,1491,0.0,0.0,8.0,10.0,False,False,Good,0.011928,#1b5e20
29,40,3.927500538986705,11.611491420144587,614.2929630373515,702,0.0,0.0,8.0,10.0,False,False,Good,0.005616,#1b5e20
29,41,3.927500538986705,11.614192442864207,613.2114597475606,962,0.0,0.0,8.0,10.0,False,False,Good,0.007696,#1b5e20
29,42,3.927500538986705,11.616893465583825,612.332821145167,1107,0.0,0.0,8.0,10.0,False,False,Good,0.008856,#1b5e20
29,43,3.927500538986705,11.619594488303445,611.6160146302057,178,0.0,0.0,8.0,10.0,False,False,Good,0.001424,#1b5e20
29,44,3.927500538986705,11.622295511023065,611.0166946467376,1134,0.0,0.0,8.0,10.0,False,False,Good,0.009072,#1b5e20
29,45,3.927500538986705,11.624996533742683,610.4928390926754,773,0.0,0.0,8.0,10.0,False,False,Good,0.006184,#1b5e20
29,46,3.927500538986705,11.627697556462303,610.0100757872407,834,0.0,0.0,8.0,10.0,False,False,Good,0.006672,#1b5e20
29,47,3.927500538986705,11.630398579181923,609.5411223811358,176,0.0,0.0,8.0,10.0,False,False,Good,0.001408,#1b5e20
29,48,3.927500538986705,11.633099601901542,609.0665544044803,50,0.0,0.0,8.0,10.0,False,False,Good,0.0004,#1b5e20
29,49,3.927500538986705,11.635800624621162,608.5733004476309,226,0.0,0.0,8.0,10.0,False,False,Good,0.001808,#1b5e20
30,0,3.9301954725116777,11.50345051135981,604.9660016672691,540,1226.4481137474852,919.8932986696958,40.9399156146568,46.66702637438667,True,True,Unhealthy for Sensitive,0.022107554431914672,#ef6c00
30,1,3.9301954725116777,11.50615153407943,605.4982944580546,729,1515.0470505292617,1136.40377894397,48.691099311310666,55.29715282712704,True,True,Unhealthy for Sensitive,0.03549581139794547,#ef6c00
30,2,3.9301954725116777,11.508852556799049,606.1193801223842,648,1820.8539179710203,1365.879330763814,56.904453219234775,64.44406815200585,True,True,Unhealthy,0.03687408568606414,#b71c1c
30,3,3.9301954725116777,11.511553579518669,606.8687956781532,944,2129.1239917844437,1597.3118794749125,65.1839638680064,73.66898954207721,True,True,Unhealthy,0.06153366189139804,#b71c1c
30,4,3.9301954725116777,11.514254602238289,607.7947000728859,680,2422.210142121552,1817.5535907397493,73.05566504452817,82.44784318452288,True,True,Unhealthy,0.04967785223027915,#b71c1c
30,5,3.9301954725116777,11.516955624957907,608.934411742252,978,2681.1524062918647,2012.531256983871,80.01033050100293,90.21966980933736,True,True,Unhealthy,0.07825010322998086,#b71c1c
30,6,3.9301954725116777,11.519656647677527,610.3070614530342,1103,2887.7088742925293,2168.8013049171677,85.55801943242749,96.4486074234968,True,True,Unhealthy,0.09437049543396751,#b71c1c
30,7,3.9301954725116777,11.522357670397147,611.9047452408706,807,3026.5459331780526,2275.235695893099,89.28690201018476,100.69109144495891,True,True,Unhealthy,0.0720545299222191,#b71c1c
30,8,3.9301954725116777,11.525058693116765,613.6911853270958,1245,3087.2416268006796,2324.5794624470586,90.9170655725008,102.65793824367147,True,True,Unhealthy,0.1131917466377635,#b71c1c
30,9,3.9301954725116777,11.527759715836385,615.6054169126274,993,3065.761344731092,2314.6221889226404,90.340148643998,102.26104046056463,True,True,Unhealthy,0.08970776760349002,#b71c1c
30,10,3.9301954725116777,11.530460738556005,617.5690585709917,1155,2965.1446864675836,2248.7815102330455,87.63778871904232,99.63662531860179,True,True,Unhealthy,0.10122164597049388,#b71c1c
30,11,3.9301954725116777,11.533161761275624,619.5009666298737,1385,2795.2807101594635,2135.995181774755,83.0755858970552,95.14095252021204,True,True,Unhealthy,0.11505968646742146,#b71c1c
30,12,3.9301954725116777,11.535862783995244,621.3263675290484,1288,2524.7476249584934,1893.2647984804926,75.80961443229947,85.46569846739229,True,True,Unhealthy,0.09764278338880172,#b71c1c
30,13,3.9301954725116777,11.538563806714864,622.9877540111512,1796,2243.2330345950027,1681.8509104215689,68.24870195102568,77.03872262076025,True,True,Unhealthy,0.12257466870404213,#b71c1c
30,14,3.9301954725116777,11.541264829434482,624.4518832456807,1398,1.9685541389053167,0.3937108277810633,8.05287138240222,10.01569334761652,False,False,Good,0.011257914192598304,#1b5e20
30,15,3.9301954725116777,11.543965852154102,625.7144165342957,1606,3.6133641521548476,0.7226728304309695,8.097047652422345,10.028805801468263,False,False,Good,0.013003858529790286,#1b5e20
30,16,3.9301954725116777,11.54666687487372,626.7968674027404,1662,6.452686280268935,1.290537256053787,8.173306101723659,10.051440926543638,False,False,Good,0.013584034741064722,#1b5e20
30,17,3.9301954725116777,11.54936789759334,627.7445927504747,1376,11.210728136168868,2.2421456272337736,8.30109748194394,10.089372118448834,False,False,Good,0.011422310135154861,#1b5e20
30,18,3.9301954725116777,11.55206892031296,628.619361930431,2353,18.949228890683262,3.789845778136652,8.508937959645667,10.151063580203003,False,False,Good,0.020021531019046256,#1b5e20
30,19,3.9301954725116777,11.554769943032579,629.4858878946004,1393,31.161166963781714,6.232233392756342,8.836925915361256,10.248417361572262,False,False,Good,0.01230983780009823,#1b5e20
30,20,3.9301954725116777,11.557470965752199,630.4008971713,2529,49.854037464325444,9.970807492865088,9.338978607180549,10.397437248258607,False,False,Good,0.023618276897559607,#1b5e20
30,21,3.9301954725116777,11.560171988471819,631.3944681024238,2666,77.5981574021065,15.5196314804213,10.084129551039872,10.61861385188512,False,False,Good,0.026884289383072302,#1b5e20
30,22,3.9301954725116777,11.562873011191437,632.4525301421716,2639,117.50786424542753,23.501572849085505,11.156023552008065,10.93677472457206,False,False,Good,0.029440746153749284,#1b5e20
30,23,3.9301954725116777,11.565574033911057,633.5048222376427,2743,173.1198661341905,34.623973226838096,12.649649437069478,11.380114564733217,False,False,Moderate,0.03469798840588158,#f9a825
30,24,3.9301954725116777,11.568275056630677,634.432112619673,3218,248.1368890897209,49.627377817944186,14.664454937701288,11.978151568202263,False,False,Moderate,0.04719021598952274,#f9a825
30,25,3.9301954725116777,11.570976079350295,635.0964378497858,2895,346.0192093757352,69.20384187514705,17.293376075291267,12.758471117155118,True,False,Moderate,0.050064323737968215,#f9a825
30,26,3.9301954725116777,11.573677102069915,635.3868143338889,3380,469.4329139594565,93.88658279189131,20.60801855311969,13.742327302970628,True,False,Moderate,0.06965510270954456,#f9a825
30,27,3.9301954725116777,11.576378124789535,635.2524029882645,2917,619.5998650308308,123.91997300616617,24.6411991181638,14.939460832143647,True,False,Moderate,0.07187837782768382,#f9a825
30,28,3.9301954725116777,11.579079147509153,634.6975653529258,3039,795.6343838483125,159.1268767696625,29.369130230876518,16.342811058439995,True,False,Moderate,0.08925278677163373,#f9a825
30,29,3.9301954725116777,11.581780170228773,633.7506840418504,2988,0.0,0.0,8.0,10.0,False,False,Good,0.023904,#1b5e20
30,30,3.9301954725116777,11.584481192948394,632.4502233137031,2692,0.0,0.0,8.0,10.0,False,False,Good,0.021536,#1b5e20
30,31,3.9301954725116777,11.587182215668012,630.8417135446825,2360,0.0,0.0,8.0,10.0,False,False,Good,0.01888,#1b5e20
30,32,3.9301954725116777,11.589883238387632,628.9809009604222,2361,0.0,0.0,8.0,10.0,False,False,Good,0.018888,#1b5e20
30,33,3.9301954725116777,11.592584261107252,626.9383788686216,1985,0.0,0.0,8.0,10.0,False,False,Good,0.01588,#1b5e20
30,34,3.9301954725116777,11.59528528382687,624.7982188475679,1657,0.0,0.0,8.0,10.0,False,False,Good,0.013256,#1b5e20
30,35,3.9301954725116777,11.59798630654649,622.6486896260566,2195,0.0,0.0,8.0,10.0,False,False,Good,0.01756,#1b5e20
30,36,3.9301954725116777,11.60068732926611,620.5743178252453,1580,0.0,0.0,8.0,10.0,False,False,Good,0.01264,#1b5e20
30,37,3.9301954725116777,11.603388351985728,618.6466887783679,1531,0.0,0.0,8.0,10.0,False,False,Good,0.012248,#1b5e20
30,38,3.9301954725116777,11.606089374705348,616.9157391951853,1150,0.0,0.0,8.0,10.0,False,False,Good,0.0092,#1b5e20
30,39,3.9301954725116777,11.608790397424968,615.4092658201008,958,0.0,0.0,8.0,10.0,False,False,Good,0.007664,#1b5e20
30,40,3.9301954725116777,11.611491420144587,614.129267864243,719,0.0,0.0,8.0,10.0,False,False,Good,0.005752,#1b5e20
30,41,3.9301954725116777,11.614192442864207,613.06087788466,701,0.0,0.0,8.0,10.0,False,False,Good,0.005608,#1b5e20
30,42,3.9301954725116777,11.616893465583825,612.1708890656328,1201,0.0,0.0,8.0,10.0,False,False,Good,0.009608,#1b5e20
30,43,3.9301954725116777,11.619594488303445,611.4225141810949,533,0.0,0.0,8.0,10.0,False,False,Good,0.004264,#1b5e20
30,44,3.9301954725116777,11.622295511023065,610.7767480985399,667,0.0,0.0,8.0,10.0,False,False,Good,0.005336,#1b5e20
30,45,3.9301954725116777,11.624996533742683,610.1983758628983,865,0.0,0.0,8.0,10.0,False,False,Good,0.00692,#1b5e20
30,46,3.9301954725116777,11.627697556462303,609.6604642134147,754,0.0,0.0,8.0,10.0,False,False,Good,0.006032,#1b5e20
30,47,3.9301954725116777,11.630398579181923,609.1437902533798,875,0.0,0.0,8.0,10.0,False,False,Good,0.007,#1b5e20
30,48,3.9301954725116777,11.633099601901542,608.6362614337119,560,0.0,0.0,8.0,10.0,False,False,Good,0.00448,#1b5e20
30,49,3.9301954725116777,11.635800624621162,608.1305937966877,416,0.0,0.0,8.0,10.0,False,False,Good,0.003328,#1b5e20
31,0,3.932890406036651,11.50345051135981,603.9825736518198,434,1026.9425344345996,770.235247786001,35.58159929164542,40.70164353397734,True,True,Unhealthy for Sensitive,0.015442414092574111,#ef6c00
31,1,3.932890406036651,11.50615153407943,604.5032952228324,312,1298.027794705813,973.5808821880208,42.86240106191057,48.807018092654815,True,True,Unhealthy for Sensitive,0.013373069131316096,#ef6c00
31,2,3.932890406036651,11.508852556799049,605.1134233095559,733,1596.2135657727988,1197.283948027119,50.8710677363005,57.72384162753159,True,True,Unhealthy for Sensitive,0.03728849265070827,#ef6c00
31,3,3.932890406036651,11.511553579518669,605.8531694781366,507,1909.7212816406511,1432.5393727119774,59.29125085654384,67.10114318425768,True,True,Unhealthy,0.030060664184267727,#b71c1c
31,4,3.932890406036651,11.514254602238289,606.7714180142333,377,2222.9297767959974,1667.6826907387472,67.70339751367909,76.47397615990506,True,True,Unhealthy,0.025524180862657016,#b71c1c
31,5,3.932890406036651,11.516955624957907,607.9068550723981,196,2517.481851450503,1889.0346410092059,75.61447045226015,85.2970840250523,True,True,Unhealthy,0.01482043620864299,#b71c1c
31,6,3.932890406036651,11.519656647677527,609.279597862816,290,2773.9938464221564,2082.2052686146535,82.50386379373272,92.99688193358023,True,True,Unhealthy,0.023926120500182488,#b71c1c
31,7,3.932890406036651,11.522357670397147,610.882661589355,906,2974.1741416065433,2233.7139459597374,87.88030162031365,99.03603090465604,True,True,Unhealthy,0.07961955326800417,#b71c1c
31,8,3.932890406036651,11.525058693116765,612.6799359095298,1302,3103.0478107981316,2332.6996952531927,91.34158770371019,102.98161142500592,True,True,Unhealthy,0.11892674719023068,#b71c1c
31,9,3.932890406036651,11.527759715836385,614.6096008714449,557,3150.929782854601,2372.453641860412,92.6276006229067,104.56620717197013,True,True,Unhealthy,0.05159357354695903,#b71c1c
31,10,3.932890406036651,11.530460738556005,616.5910776501677,787,3114.807309669692,2351.5167015691004,91.65742405761534,103.73165892276484,True,True,Unhealthy,0.07213439273334328,#b71c1c
31,11,3.932890406036651,11.533161761275624,618.5395828138212,1104,2979.777560022717,2234.7547977917748,88.03079810501073,99.07751934862267,True,True,Unhealthy,0.09718600110793185,#b71c1c
31,12,3.932890406036651,11.535862783995244,620.3751610717113,1530,2783.911678318205,2087.7739139206024,82.77023669779139,93.21884861667066,True,True,Unhealthy,0.12663846214762084,#b71c1c
31,13,3.932890406036651,11.538563806714864,622.0339328480686,1155,0.5766824122336387,0.11533648244672774,8.015488523144603,10.004597322156732,False,False,Good,0.009257889244232015,#1b5e20
31,14,3.932890406036651,11.541264829434482,623.4750220025501,1578,1.1132738079334592,0.22265476158669184,8.029900282676683,10.00887503803679,False,False,Good,0.012671182646063806,#1b5e20
31,15,3.932890406036651,11.543965852154102,624.6863462622092,940,2.09089260871852,0.41817852174370396,8.056157146248976,10.016668632012161,False,False,Good,0.007572787717474038,#1b5e20
31,16,3.932890406036651,11.54666687487372,625.6818511348037,1892,3.8205502317419677,0.7641100463483935,8.102612251447475,10.030457492475387,False,False,Good,0.015330142379738624,#1b5e20
31,17,3.932890406036651,11.54936789759334,626.5002305825662,1993,6.791794727959443,1.3583589455918885,8.182413868718394,10.054144304949205,False,False,Good,0.016307550840355758,#1b5e20
31,18,3.932890406036651,11.55206892031296,627.1982899200862,1731,11.746477192122144,2.349295438424429,8.315486617934218,10.093643119181875,False,False,Good,0.01439410733564413,#1b5e20
31,19,3.932890406036651,11.554769943032579,627.838959212932,1834,19.764925368042448,3.95298507360849,8.530845917128913,10.157566326617632,False,False,Good,0.015645571412014427,#1b5e20
31,20,3.932890406036651,11.557470965752199,628.4818114193431,2365,32.355429455584606,6.47108589111692,8.869001390271919,10.25793804279653,False,False,Good,0.02097518828799309,#1b5e20
31,21,3.932890406036651,11.560171988471819,629.1674326865965,2039,51.530411340209575,10.306082268041916,9.384002618707227,10.41080132976877,False,False,Good,0.019133981339544037,#1b5e20
31,22,3.932890406036651,11.562873011191437,629.9032641409592,2679,79.84440715696712,15.968881431393426,10.144459275995352,10.636520993751256,False,False,Good,0.02717700640039155,#1b5e20
31,23,3.932890406036651,11.565574033911057,630.6558459855992,2441,120.36212393718824,24.072424787437647,11.232683194054912,10.959528932162982,False,False,Good,0.027418979676688042,#1b5e20
31,24,3.932890406036651,11.568275056630677,631.3550902360533,2535,176.52232369805316,35.30446473961063,12.741032565128299,11.407239015234662,False,False,Moderate,0.032298517552600235,#f9a825
31,25,3.932890406036651,11.570976079350295,631.9103865415884,3089,251.86851378954768,50.373702757909534,14.764678829230034,12.007900144800383,False,False,Moderate,0.045608092903491576,#f9a825
31,26,3.932890406036651,11.573677102069915,632.2339324426367,2688,349.63312673045186,69.92662534609038,17.390438585615463,12.787281328763765,True,False,Moderate,0.046745498918134364,#f9a825
31,27,3.932890406036651,11.576378124789535,632.2607629779664,2771,472.1888409891966,94.43776819783932,20.682037178760858,13.764297600880505,True,False,Moderate,0.05730992502234634,#f9a825
31,28,3.932890406036651,11.579079147509153,631.9561749547706,2225,0.0,0.0,8.0,10.0,False,False,Good,0.0178,#1b5e20
31,29,3.932890406036651,11.581780170228773,631.3064857364465,2408,0.0,0.0,8.0,10.0,False,False,Good,0.019264,#1b5e20
31,30,3.932890406036651,11.584481192948394,630.3192982468897,2640,0.0,0.0,8.0,10.0,False,False,Good,0.02112,#1b5e20
31,31,3.932890406036651,11.587182215668012,629.0213094000216,2342,0.0,0.0,8.0,10.0,False,False,Good,0.018736,#1b5e20
31,32,3.932890406036651,11.589883238387632,627.4577666628427,1637,0.0,0.0,8.0,10.0,False,False,Good,0.013096,#1b5e20
31,33,3.932890406036651,11.592584261107252,625.6928892736423,2134,0.0,0.0,8.0,10.0,False,False,Good,0.017072,#1b5e20
31,34,3.932890406036651,11.59528528382687,623.8057824534844,1640,0.0,0.0,8.0,10.0,False,False,Good,0.01312,#1b5e20
31,35,3.932890406036651,11.59798630654649,621.8804997833223,1633,0.0,0.0,8.0,10.0,False,False,Good,0.013064,#1b5e20
31,36,3.932890406036651,11.60068732926611,619.9974898751832,1321,0.0,0.0,8.0,10.0,False,False,Good,0.010568,#1b5e20
31,37,3.932890406036651,11.603388351985728,618.225128703536,1715,0.0,0.0,8.0,10.0,False,False,Good,0.01372,#1b5e20
31,38,3.932890406036651,11.606089374705348,616.6118047615199,577,0.0,0.0,8.0,10.0,False,False,Good,0.004616,#1b5e20
31,39,3.932890406036651,11.608790397424968,615.1849689615111,1131,0.0,0.0,8.0,10.0,False,False,Good,0.009048,#1b5e20
31,40,3.932890406036651,11.611491420144587,613.9487651147749,1251,0.0,0.0,8.0,10.0,False,False,Good,0.010008,#1b5e20
31,41,3.932890406036651,11.614192442864207,612.8917792752558,1113,0.0,0.0,8.0,10.0,False,False,Good,0.008904,#1b5e20
31,42,3.932890406036651,11.616893465583825,611.9859022114088,261,0.0,0.0,8.0,10.0,False,False,Good,0.002088,#1b5e20
31,43,3.932890406036651,11.619594488303445,611.2005201592235,970,0.0,0.0,8.0,10.0,False,False,Good,0.00776,#1b5e20
31,44,3.932890406036651,11.622295511023065,610.5035871547616,800,0.0,0.0,8.0,10.0,False,False,Good,0.0064,#1b5e20
31,45,3.932890406036651,11.624996533742683,609.8677771819695,1184,0.0,0.0,8.0,10.0,False,False,Good,0.009472,#1b5e20
31,46,3.932890406036651,11.627697556462303,609.2738796336272,516,0.0,0.0,8.0,10.0,False,False,Good,0.004128,#1b5e20
31,47,3.932890406036651,11.630398579181923,608.7103959090235,53,0.0,0.0,8.0,10.0,False,False,Good,0.000424,#1b5e20
31,48,3.932890406036651,11.633099601901542,608.1718553233957,1123,0.0,0.0,8.0,10.0,False,False,Good,0.008984,#1b5e20
31,49,3.932890406036651,11.635800624621162,607.6560077339622,618,0.0,0.0,8.0,10.0,False,False,Good,0.004944,#1b5e20
32,0,3.935585339561624,11.50345051135981,603.1856003845548,220,836.5812250415337,627.4495900169221,30.46887956268491,35.01019487697079,True,True,Moderate,0.006703153503790681,#f9a825
32,1,3.935585339561624,11.50615153407943,603.6873386377089,514,1081.9535262463344,811.4947555580476,37.0590832616931,42.34625107906945,True,True,Unhealthy for Sensitive,0.01904836879651025,#ef6c00
32,2,3.935585339561624,11.508852556799049,604.2731901570609,595,1361.3711941926472,1021.0908245009966,44.563676648259104,50.70076849865814,True,True,Unhealthy for Sensitive,0.026515387605714168,#ef6c00
32,3,3.935585339561624,11.511553579518669,604.9839876723663,743,1666.531886803026,1250.0270383834854,52.75967560722176,59.826185766748935,True,True,Unhealthy for Sensitive,0.03920043897616576,#ef6c00
32,4,3.935585339561624,11.514254602238289,605.8693077026084,271,1984.8268449277157,1488.8761088645979,61.308434371391286,69.34673035544625,True,True,Unhealthy,0.016614585714647037,#b71c1c
32,5,3.935585339561624,11.516955624957907,606.9694712315223,560,2299.896486473268,1725.42023266763,69.77056765605096,78.77539957038124,True,True,Unhealthy,0.03907151788738854,#b71c1c
32,6,3.935585339561624,11.519656647677527,608.306189093407,937,2592.8574412685775,1945.5858309596033,77.63890633355139,87.55121934315154,True,True,Unhealthy,0.07274765523453766,#b71c1c
32,7,3.935585339561624,11.522357670397147,609.87442393169,751,2844.115655384743,2134.824804476669,84.38719374799956,95.09430117997621,True,True,Unhealthy,0.06337478250474768,#b71c1c
32,8,3.935585339561624,11.525058693116765,611.639773193053,716,3035.548383031819,2279.7811903538086,89.52868960411904,100.87227524694605,True,True,Unhealthy,0.06410254175654923,#b71c1c
32,9,3.935585339561624,11.527759715836385,613.5414813465011,945,3152.7349898470043,2370.0043385958315,92.67608483135402,104.46857773219584,True,True,Unhealthy,0.08757890016562954,#b71c1c
32,10,3.935585339561624,11.530460738556005,615.4990825964259,621,3179.820739928206,2384.8467900625433,93.40355329254174,105.06019913021831,True,True,Unhealthy,0.058003606594668425,#b71c1c
32,11,3.935585339561624,11.533161761275624,617.4265032893576,989,3124.3184419242025,2343.1985798406513,91.91287383192835,103.40009787188698,True,True,Unhealthy,0.09090183221977713,#b71c1c
32,12,3.935585339561624,11.535862783995244,619.2408738720774,884,0.15272925618451677,0.030545851236903346,8.004101998897642,10.001217560269817,False,False,Good,0.0070756261670255165,#1b5e20
32,13,3.935585339561624,11.538563806714864,620.8738984710278,525,0.31009048366031156,0.062018096732062315,8.00832840317514,10.00247204669482,False,False,Good,0.004204372411666948,#1b5e20
32,14,3.935585339561624,11.541264829434482,622.2785264108122,1170,0.6125183316520089,0.12250366633040177,8.016451003455334,10.004883006725663,False,False,Good,0.00937924767404274,#1b5e20
32,15,3.935585339561624,11.543965852154102,623.4357709723458,1857,1.1771022619424203,0.23542045238848405,8.031614585846384,10.009383879575253,False,False,Good,0.014914708285916735,#1b5e20
32,16,3.935585339561624,11.54666687487372,624.3523409156397,1498,2.2007653939599012,0.44015307879198023,8.05910810702231,10.017544539754962,False,False,Good,0.01207254394431942,#1b5e20
32,17,3.935585339561624,11.54936789759334,625.0602217702506,1341,4.003112112180277,0.8006224224360554,8.107515494290514,10.031912878941332,False,False,Good,0.01087217827784358,#1b5e20
32,18,3.935585339561624,11.55206892031296,625.611107688341,2340,7.084124888462179,1.4168249776924358,8.190265265537095,10.056474766040873,False,False,Good,0.0191652207213568,#1b5e20
32,19,3.935585339561624,11.554769943032579,626.0661525151656,1489,12.196609392736853,2.4393218785473705,8.327576258366198,10.0972315808645,False,False,Good,0.01239976104870727,#1b5e20
32,20,3.935585339561624,11.557470965752199,626.4878999220197,2403,20.4294404918268,4.085888098365359,8.548693449247686,10.162863852668798,False,False,Good,0.02054251035854219,#1b5e20
32,21,3.935585339561624,11.560171988471819,626.9269565286718,2297,33.29187694145746,6.658375388291491,8.89415247560235,10.265403418337886,False,False,Good,0.0204298682364586,#1b5e20
32,22,3.935585339561624,11.562873011191437,627.409112459481,2398,52.781841655528225,10.556368331105645,9.41761350572491,10.4207777538701,False,False,Good,0.022583437186728332,#1b5e20
32,23,3.935585339561624,11.565574033911057,627.9288104433791,2454,81.41327944237095,16.282655888474192,10.186596012243793,10.649028070724235,False,False,Good,0.02499790661404627,#1b5e20
32,24,3.935585339561624,11.568275056630677,628.4489667145642,2041,122.17164160914989,24.434328321829977,11.281283178636013,10.973954438316508,False,False,Good,0.0230250989675961,#1b5e20
32,25,3.935585339561624,11.570976079350295,628.908617660193,3001,178.36515709721004,35.67303141944201,12.790527342754576,11.421930114941162,False,False,Moderate,0.038384372555606484,#f9a825
32,26,3.935585339561624,11.573677102069915,629.2362194357116,2075,253.3460180304915,50.6692036060983,14.80436160461323,12.019678834143875,False,False,Moderate,0.03071905032957245,#f9a825
32,27,3.935585339561624,11.576378124789535,629.3635398696027,2395,0.0,0.0,8.0,10.0,False,False,Good,0.01916,#1b5e20
32,28,3.935585339561624,11.579079147509153,629.2378829641447,2252,0.0,0.0,8.0,10.0,False,False,Good,0.018016,#1b5e20
32,29,3.935585339561624,11.581780170228773,628.821871042095,2454,0.0,0.0,8.0,10.0,False,False,Good,0.019632,#1b5e20
32,30,3.935585339561624,11.584481192948394,628.1019306284644,1642,0.0,0.0,8.0,10.0,False,False,Good,0.013136,#1b5e20
32,31,3.935585339561624,11.587182215668012,627.0881681444622,1784,0.0,0.0,8.0,10.0,False,False,Good,0.014272,#1b5e20
32,32,3.935585339561624,11.589883238387632,625.8133314326326,2438,0.0,0.0,8.0,10.0,False,False,Good,0.019504,#1b5e20
32,33,3.935585339561624,11.592584261107252,624.3314165641531,2028,0.0,0.0,8.0,10.0,False,False,Good,0.016224,#1b5e20
32,34,3.935585339561624,11.59528528382687,622.7120272473401,1607,0.0,0.0,8.0,10.0,False,False,Good,0.012856,#1b5e20
32,35,3.935585339561624,11.59798630654649,621.030530566124,1700,0.0,0.0,8.0,10.0,False,False,Good,0.0136,#1b5e20
32,36,3.935585339561624,11.60068732926611,619.3592431402236,1671,0.0,0.0,8.0,10.0,False,False,Good,0.013368,#1b5e20
32,37,3.935585339561624,11.603388351985728,617.7600720660773,1238,0.0,0.0,8.0,10.0,False,False,Good,0.009904,#1b5e20
32,38,3.935585339561624,11.606089374705348,616.2777021323228,1174,0.0,0.0,8.0,10.0,False,False,Good,0.009392,#1b5e20
32,39,3.935585339561624,11.608790397424968,614.9382563213917,947,0.0,0.0,8.0,10.0,False,False,Good,0.007576,#1b5e20
32,40,3.935585339561624,11.611491420144587,613.7482914048957,1388,0.0,0.0,8.0,10.0,False,False,Good,0.011104,#1b5e20
32,41,3.935585339561624,11.614192442864207,612.7010313115234,1124,0.0,0.0,8.0,10.0,False,False,Good,0.008992,#1b5e20
32,42,3.935585339561624,11.616893465583825,611.7753465144058,754,0.0,0.0,8.0,10.0,False,False,Good,0.006032,#1b5e20
32,43,3.935585339561624,11.619594488303445,610.9487169316815,293,0.0,0.0,8.0,10.0,False,False,Good,0.002344,#1b5e20
32,44,3.935585339561624,11.622295511023065,610.1976149935861,618,0.0,0.0,8.0,10.0,False,False,Good,0.004944,#1b5e20
32,45,3.935585339561624,11.624996533742683,609.5035269949598,544,0.0,0.0,8.0,10.0,False,False,Good,0.004352,#1b5e20
32,46,3.935585339561624,11.627697556462303,608.8550143069247,82,0.0,0.0,8.0,10.0,False,False,Good,0.000656,#1b5e20
32,47,3.935585339561624,11.630398579181923,608.2476465426407,239,0.0,0.0,8.0,10.0,False,False,Good,0.001912,#1b5e20
32,48,3.935585339561624,11.633099601901542,607.681540600379,210,0.0,0.0,8.0,10.0,False,False,Good,0.00168,#1b5e20
32,49,3.935585339561624,11.635800624621162,607.1584501064001,148,0.0,0.0,8.0,10.0,False,False,Good,0.001184,#1b5e20
33,0,3.938280273086597,11.50345051135981,602.6022420924457,50,663.0313340278971,497.2799182813542,25.807680527159224,29.821620513426993,True,True,Moderate,0.001290384026357961,#f9a825
33,1,3.938280273086597,11.50615153407943,603.0790903278908,159,877.4011695791891,658.0650933198395,31.565220706997014,36.230531484158405,True,True,Moderate,0.0050188700924125255,#f9a825
33,2,3.938280273086597,11.508852556799049,603.630053577839,334,1129.6107667440767,847.238726652652,38.339060345783786,43.771008855592584,True,True,Unhealthy for Sensitive,0.012805246155491784,#ef6c00
33,3,3.938280273086597,11.511553579518669,604.2963751533282,453,1414.90367335506,1061.242085208939,46.00145075911424,52.30120122000969,True,True,Unhealthy for Sensitive,0.020838657193878753,#ef6c00
33,4,3.938280273086597,11.514254602238289,605.1280858246413,405,1724.2252911001158,1293.3003953087052,54.30920375094533,61.551065513106366,True,True,Unhealthy for Sensitive,0.021995227519132857,#ef6c00
33,5,3.938280273086597,11.516955624957907,606.1671062897736,475,2044.2453424659057,1533.4453917935507,62.90429503024721,71.12326582429546,True,True,Unhealthy,0.029879540139367427,#b71c1c
33,6,3.938280273086597,11.519656647677527,607.4370362461898,593,2358.0260191205707,1769.0255976581027,71.33180932511011,80.513513186909,True,True,Unhealthy,0.0422997629297903,#b71c1c
33,7,3.938280273086597,11.522357670397147,608.9354765074451,423,2646.3585834324576,1985.7228938412266,79.07583879601087,89.15108613791915,True,True,Unhealthy,0.033449079810712594,#b71c1c
33,8,3.938280273086597,11.525058693116765,610.6309650072183,1096,2889.6602261290773,2168.995901719498,85.61042879578326,96.45636406885309,True,True,Unhealthy,0.09382902996017844,#b71c1c
33,9,3.938280273086597,11.527759715836385,612.4654864151968,944,3067.8290920811082,2300.867757193269,90.39568415541387,101.71278762329003,True,True,Unhealthy,0.0853335258427107,#b71c1c
33,10,3.938280273086597,11.530460738556005,614.3608415074658,438,3170.1487853709327,2377.6024254735153,93.14378415646969,104.77143813170284,True,True,Unhealthy,0.04079697746053372,#b71c1c
33,11,3.938280273086597,11.533161761275624,616.2319551813575,1433,0.03656823119091538,0.007313646238183076,8.000982148723704,10.000291522571038,False,False,Good,0.011465407419121068,#1b5e20
33,12,3.938280273086597,11.535862783995244,617.9953661208573,1418,0.07808562169192503,0.015617124338385005,8.002097221855877,10.000622499925628,False,False,Good,0.011346973860591634,#1b5e20
33,13,3.938280273086597,11.538563806714864,619.5804502178355,1476,0.1622193442623111,0.032443868852462227,8.004356883467935,10.001293215415984,False,False,Good,0.01181443075999867,#1b5e20
33,14,3.938280273086597,11.541264829434482,620.9356636467448,1091,0.3278677206649297,0.06557354413298594,8.008805863803298,10.002613767135452,False,False,Good,0.008737607197409398,#1b5e20
33,15,3.938280273086597,11.543965852154102,622.0361704064367,1609,0.6447021703218137,0.12894043406436276,8.017315396264173,10.00513957684375,False,False,Good,0.012899860472589054,#1b5e20
33,16,3.938280273086597,11.54666687487372,622.8819455577291,1851,1.2333435125567558,0.24666870251135117,8.033125112079441,10.009832235797129,False,False,Good,0.014869314582459044,#1b5e20
33,17,3.938280273086597,11.54936789759334,623.4982227379194,1503,2.295479539404456,0.45909590788089116,8.061651937391884,10.018299602559324,False,False,Good,0.012116662861900001,#1b5e20
33,18,3.938280273086597,11.55206892031296,623.9311150341391,1933,4.156494873290204,0.8312989746580407,8.111635045008617,10.03313564896371,False,False,Good,0.015679790542001654,#1b5e20
33,19,3.938280273086597,11.554769943032579,624.2391117804361,1588,7.3222663603696425,1.4644532720739285,8.196661263786881,10.058373233970554,False,False,Good,0.013016298086893566,#1b5e20
33,20,3.938280273086597,11.557470965752199,624.4862631735991,1939,12.549552731140842,2.5099105462281686,8.337055602541843,10.100045251257933,False,False,Good,0.016165550813328634,#1b5e20
33,21,3.938280273086597,11.560171988471819,624.7305740047871,2316,20.925479727547103,4.1850959455094205,8.562016059787043,10.166818286028665,False,False,Good,0.01982962919446679,#1b5e20
33,22,3.938280273086597,11.562873011191437,625.0114290364919,2164,33.945878266393166,6.789175653278632,8.911717628350175,10.270617128202929,False,False,Good,0.01928495694774978,#1b5e20
33,23,3.938280273086597,11.565574033911057,625.3434252342025,1949,53.57511679689786,10.715023359379572,9.43891927147482,10.427101757006726,False,False,Good,0.018396453660104423,#1b5e20
33,24,3.938280273086597,11.568275056630677,625.7123815112221,2048,82.26283157846737,16.45256631569347,10.209413264241318,10.65580071503542,False,False,Good,0.02090887836516622,#1b5e20
33,25,3.938280273086597,11.570976079350295,626.0781699497489,2422,122.88776140827035,24.577552281654068,11.300516707954213,10.979663357731301,False,False,Good,0.027369851466665103,#1b5e20
33,26,3.938280273086597,11.573677102069915,626.3831080850656,1908,0.0,0.0,8.0,10.0,False,False,Good,0.015264,#1b5e20
33,27,3.938280273086597,11.576378124789535,626.5621557568782,1967,0.0,0.0,8.0,10.0,False,False,Good,0.015736,#1b5e20
33,28,3.938280273086597,11.579079147509153,626.5569131359197,1630,0.0,0.0,8.0,10.0,False,False,Good,0.01304,#1b5e20
33,29,3.938280273086597,11.581780170228773,626.3187464594254,1996,0.0,0.0,8.0,10.0,False,False,Good,0.015968,#1b5e20
33,30,3.938280273086597,11.584481192948394,625.8214650973716,1841,0.0,0.0,8.0,10.0,False,False,Good,0.014728,#1b5e20
33,31,3.938280273086597,11.587182215668012,625.0625023404637,1689,0.0,0.0,8.0,10.0,False,False,Good,0.013512,#1b5e20
33,32,3.938280273086597,11.589883238387632,624.0623074309653,2473,0.0,0.0,8.0,10.0,False,False,Good,0.019784,#1b5e20
33,33,3.938280273086597,11.592584261107252,622.862524076262,1906,0.0,0.0,8.0,10.0,False,False,Good,0.015248,#1b5e20
33,34,3.938280273086597,11.59528528382687,621.5197862303783,1020,0.0,0.0,8.0,10.0,False,False,Good,0.00816,#1b5e20
33,35,3.938280273086597,11.59798630654649,620.0968448374542,1736,0.0,0.0,8.0,10.0,False,False,Good,0.013888,#1b5e20
33,36,3.938280273086597,11.60068732926611,618.6540659189473,1141,0.0,0.0,8.0,10.0,False,False,Good,0.009128,#1b5e20
33,37,3.938280273086597,11.603388351985728,617.2436795047499,1723,0.0,0.0,8.0,10.0,False,False,Good,0.013784,#1b5e20
33,38,3.938280273086597,11.606089374705348,615.9044244223647,1114,0.0,0.0,8.0,10.0,False,False,Good,0.008912,#1b5e20
33,39,3.938280273086597,11.608790397424968,614.659999154026,942,0.0,0.0,8.0,10.0,False,False,Good,0.007536,#1b5e20
33,40,3.938280273086597,11.611491420144587,613.5194471184619,704,0.0,0.0,8.0,10.0,False,False,Good,0.005632,#1b5e20
33,41,3.938280273086597,11.614192442864207,612.481640428956,574,0.0,0.0,8.0,10.0,False,False,Good,0.004592,#1b5e20
33,42,3.938280273086597,11.616893465583825,611.5341077872159,229,0.0,0.0,8.0,10.0,False,False,Good,0.001832,#1b5e20
33,43,3.938280273086597,11.619594488303445,610.6641746065724,581,0.0,0.0,8.0,10.0,False,False,Good,0.004648,#1b5e20
33,44,3.938280273086597,11.622295511023065,609.8582302956571,611,0.0,0.0,8.0,10.0,False,False,Good,0.004888,#1b5e20
33,45,3.938280273086597,11.624996533742683,609.1073149959504,1067,0.0,0.0,8.0,10.0,False,False,Good,0.008536,#1b5e20
33,46,3.938280273086597,11.627697556462303,608.4076488004652,661,0.0,0.0,8.0,10.0,False,False,Good,0.005288,#1b5e20
33,47,3.938280273086597,11.630398579181923,607.7610289366045,193,0.0,0.0,8.0,10.0,False,False,Good,0.001544,#1b5e20
33,48,3.938280273086597,11.633099601901542,607.1719640271781,117,0.0,0.0,8.0,10.0,False,False,Good,0.000936,#1b5e20
33,49,3.938280273086597,11.635800624621162,606.6450504127912,289,0.0,0.0,8.0,10.0,False,False,Good,0.002312,#1b5e20
34,0,3.94097520661157,11.50345051135981,602.245696595091,467,511.2382585591622,383.43162627776735,21.730825549942615,25.2836177563558,True,True,Moderate,0.010148295531823202,#f9a825
34,1,3.94097520661157,11.50615153407943,602.693400554918,725,692.2321509523217,519.1807565492451,26.591955405637805,30.694589819270668,True,True,Moderate,0.019279167669087407,#f9a825
34,2,3.94097520661157,11.508852556799049,603.2018804728272,383,911.8975646116962,683.9378226128541,32.49172410216193,37.2618207094808,True,True,Moderate,0.012444330331128019,#f9a825
34,3,3.94097520661157,11.511553579518669,603.8124643112645,866,1168.7100845163288,876.5640055220143,39.38918893546647,44.93991700536839,True,True,Unhealthy for Sensitive,0.03411103761811397,#ef6c00
34,4,3.94097520661157,11.514254602238289,604.575247581767,1072,1457.2529513240415,1093.0054037957575,47.13886670602899,53.567289843598104,True,True,Unhealthy for Sensitive,0.05053286510886308,#ef6c00
34,5,3.94097520661157,11.516955624957907,605.5334633748453,124,1767.7960026644794,1325.9805993244559,55.479424933654236,62.85370126912151,True,True,Unhealthy,0.006879448691773126,#b71c1c
34,6,3.94097520661157,11.519656647677527,606.7126099405464,497,2086.4172425126835,1565.0774282893883,64.03694696495157,72.38412153239308,True,True,Unhealthy,0.03182636264158093,#b71c1c
34,7,3.94097520661157,11.522357670397147,608.11327395717,187,2395.7784426802978,1797.343615923676,72.34576306058973,81.6422718419788,True,True,Unhealthy,0.01352865769233028,#b71c1c
34,8,3.94097520661157,11.525058693116765,609.7077961038251,403,2675.8374377885566,2006.877283460941,79.86758119752153,89.99430193614474,True,True,Unhealthy,0.03218663522260118,#b71c1c
34,9,3.94097520661157,11.527759715836385,611.442217617385,1008,2908.086738267018,2181.0631677034116,86.10532764074262,96.93736633372315,True,True,Unhealthy,0.08679417026186856,#b71c1c
34,10,3.94097520661157,11.530460738556005,613.2424197242045,1171,0.007915563884252446,0.001583112776850489,8.000212596035222,10.000063103012085,False,False,Good,0.009368248949957246,#1b5e20
34,11,3.94097520661157,11.533161761275624,615.026329393026,969,0.01777664883543959,0.0035553297670879187,8.000477444831125,10.000141715751738,False,False,Good,0.00775246264404136,#1b5e20
34,12,3.94097520661157,11.535862783995244,616.7120206842508,1837,0.03884028242045348,0.007768056484090697,8.001043171424081,10.000309635402706,False,False,Good,0.014697916305906037,#1b5e20
34,13,3.94097520661157,11.538563806714864,618.2285152878678,1083,0.08256183097445073,0.016512366194890146,8.002217443783236,10.000658184343388,False,False,Good,0.008666401491617244,#1b5e20
34,14,3.94097520661157,11.541264829434482,619.5214588008643,1264,0.17074213322550777,0.03414842664510155,8.004585788340552,10.001361159236893,False,False,Good,0.010117796436462458,#1b5e20
34,15,3.94097520661157,11.543965852154102,620.5612838962628,1510,0.34353148069761974,0.06870629613952395,8.009226560714893,10.002738638901139,False,False,Good,0.01209393210667949,#1b5e20
34,16,3.94097520661157,11.54666687487372,621.3418278841588,1347,0.6724450952925815,0.1344890190585163,8.018060515113637,10.005360743921077,False,False,Good,0.010800327513858071,#1b5e20
34,17,3.94097520661157,11.54936789759334,621.8815671910176,1675,1.2805943164619853,0.2561188632923971,8.03439417309875,10.010208920022464,False,False,Good,0.013457610239940406,#1b5e20
34,18,3.94097520661157,11.55206892031296,622.2204452308774,1048,2.3726340598816362,0.47452681197632723,8.063724151752458,10.018914679729978,False,False,Good,0.008450782911036576,#1b5e20
34,19,3.94097520661157,11.554769943032579,622.4129982173429,1583,4.276755296113485,0.8553510592226969,8.114864996716461,10.034094367132834,False,False,Good,0.012845831289802158,#1b5e20
34,20,3.94097520661157,11.557470965752199,622.5226855842681,2094,7.500021251373123,1.5000042502746243,8.201435400616734,10.05979029903365,False,False,Good,0.017173805728891444,#1b5e20
34,21,3.94097520661157,11.560171988471819,622.6116787388934,2301,12.796023731854621,2.5592047463709244,8.343675315087337,10.102010122335212,False,False,Good,0.01919879690001596,#1b5e20
34,22,3.94097520661157,11.562873011191437,622.7283378522943,1705,21.239878620336913,4.247975724067382,8.57046017811684,10.169324679435524,False,False,Good,0.01461263460368921,#1b5e20
34,23,3.94097520661157,11.565574033911057,622.9014106942211,1923,34.29994905722002,6.859989811444003,8.921227253617415,10.273439786666561,False,False,Good,0.017155520008706286,#1b5e20
34,24,3.94097520661157,11.568275056630677,623.1332362368743,2036,53.88890639945484,10.777781279890968,9.447347025501363,10.42960329314132,False,False,Good,0.019234798543920777,#1b5e20
34,25,3.94097520661157,11.570976079350295,623.399888278784,1621,0.0,0.0,8.0,10.0,False,False,Good,0.012968,#1b5e20
34,26,3.94097520661157,11.573677102069915,623.6569150090886,1864,0.0,0.0,8.0,10.0,False,False,Good,0.014912,#1b5e20
34,27,3.94097520661157,11.576378124789535,623.8467781379532,1952,0.0,0.0,8.0,10.0,False,False,Good,0.015616,#1b5e20
34,28,3.94097520661157,11.579079147509153,623.9131569001565,1525,0.0,0.0,8.0,10.0,False,False,Good,0.0122,#1b5e20
34,29,3.94097520661157,11.581780170228773,623.8046840640903,2395,0.0,0.0,8.0,10.0,False,False,Good,0.01916,#1b5e20
34,30,3.94097520661157,11.584481192948394,623.4892767771429,1445,0.0,0.0,8.0,10.0,False,False,Good,0.01156,#1b5e20
34,31,3.94097520661157,11.587182215668012,622.9556490531862,1356,0.0,0.0,8.0,10.0,False,False,Good,0.010848,#1b5e20
34,32,3.94097520661157,11.589883238387632,622.2131224347895,1267,0.0,0.0,8.0,10.0,False,False,Good,0.010136,#1b5e20
34,33,3.94097520661157,11.592584261107252,621.290073964173,1385,0.0,0.0,8.0,10.0,False,False,Good,0.01108,#1b5e20
34,34,3.94097520661157,11.59528528382687,620.2278162003198,1548,0.0,0.0,8.0,10.0,False,False,Good,0.012384,#1b5e20
34,35,3.94097520661157,11.59798630654649,619.073437732559,1182,0.0,0.0,8.0,10.0,False,False,Good,0.009456,#1b5e20
34,36,3.94097520661157,11.60068732926611,617.8722009571435,1014,0.0,0.0,8.0,10.0,False,False,Good,0.008112,#1b5e20
34,37,3.94097520661157,11.603388351985728,616.6638813501381,1006,0.0,0.0,8.0,10.0,False,False,Good,0.008048,#1b5e20
34,38,3.94097520661157,11.606089374705348,615.4791942808014,881,0.0,0.0,8.0,10.0,False,False,Good,0.007048,#1b5e20
34,39,3.94097520661157,11.608790397424968,614.3382891399365,556,0.0,0.0,8.0,10.0,False,False,Good,0.004448,#1b5e20
34,40,3.94097520661157,11.611491420144587,613.2525053613887,519,0.0,0.0,8.0,10.0,False,False,Good,0.004152,#1b5e20
34,41,3.94097520661157,11.614192442864207,612.2270079814158,351,0.0,0.0,8.0,10.0,False,False,Good,0.002808,#1b5e20
34,42,3.94097520661157,11.616893465583825,611.2592021255405,620,0.0,0.0,8.0,10.0,False,False,Good,0.00496,#1b5e20
34,43,3.94097520661157,11.619594488303445,610.3475925854723,437,0.0,0.0,8.0,10.0,False,False,Good,0.003496,#1b5e20
34,44,3.94097520661157,11.622295511023065,609.4895448291985,376,0.0,0.0,8.0,10.0,False,False,Good,0.003008,#1b5e20
34,45,3.94097520661157,11.624996533742683,608.686137736725,695,0.0,0.0,8.0,10.0,False,False,Good,0.00556,#1b5e20
34,46,3.94097520661157,11.627697556462303,607.941022436408,484,0.0,0.0,8.0,10.0,False,False,Good,0.003872,#1b5e20
34,47,3.94097520661157,11.630398579181923,607.2613445096644,873,0.0,0.0,8.0,10.0,False,False,Good,0.006984,#1b5e20
34,48,3.94097520661157,11.633099601901542,606.6548356822759,517,0.0,0.0,8.0,10.0,False,False,Good,0.004136,#1b5e20
34,49,3.94097520661157,11.635800624621162,606.1278190405453,50,0.0,0.0,8.0,10.0,False,False,Good,0.0004,#1b5e20
35,0,3.9436701401365433,11.50345051135981,602.1128255945234,296,383.50906452774694,287.63310244181287,18.30027775443334,21.46508031815501,True,False,Moderate,0.0054168822153122685,#f9a825
35,1,3.9436701401365433,11.50615153407943,602.5289975825526,50,531.3353009803687,398.5044974149337,22.270591459350683,25.884423702353516,True,True,Moderate,0.0011135295729675343,#f9a825
35,2,3.9436701401365433,11.508852556799049,602.9908509897666,415,716.1883151567104,537.1480510572741,27.235369520346854,31.410767730942602,True,True,Moderate,0.011302678350943944,#f9a825
35,3,3.9436701401365433,11.511553579518669,603.5393685312514,243,939.1860955027098,704.4045305637591,33.2246388457391,38.07762545696397,True,True,Moderate,0.008073587239514601,#f9a825
35,4,3.9436701401365433,11.514254602238289,604.2241829604061,255,1198.23640886092,898.7092682103422,40.182206284851105,45.82262908973178,True,True,Unhealthy for Sensitive,0.010246462602637032,#ef6c00
35,5,3.9436701401365433,11.516955624957907,605.0893165710406,587,1487.3074909829309,1115.5470911273292,47.94607085034145,54.465803448496864,True,True,Unhealthy for Sensitive,0.028144343589150432,#ef6c00
35,6,3.9436701401365433,11.519656647677527,606.1618880849877,1030,1796.0897610063612,1347.2018967686024,56.239338053301275,63.69958401901055,True,True,Unhealthy,0.057926518194900314,#b71c1c
35,7,3.9436701401365433,11.522357670397147,607.4454547950681,932,2110.017978276747,1582.513343078819,64.67081499067396,73.07911860256434,True,True,Unhealthy,0.06027319957130813,#b71c1c
35,8,3.9436701401365433,11.525058693116765,608.9165947890702,696,2411.7577140491962,1808.8179346120344,72.7749339684946,82.09963917641052,True,True,Unhealthy,0.05065135404207224,#b71c1c
35,9,3.9436701401365433,11.527759715836385,610.5262654317133,846,0.0015490161641310523,0.00030980323282621045,8.000041603440994,10.000012348783631,False,False,Good,0.006768035196511081,#1b5e20
35,10,3.9436701401365433,11.530460738556005,612.2057530146521,660,0.0036586840016546813,0.0007317368003309363,8.000098264851912,10.00002916709209,False,False,Good,0.005280064854802262,#1b5e20
35,11,3.9436701401365433,11.533161761275624,613.8775237667438,773,0.008407334052896877,0.0016814668105793753,8.000225803987256,10.000067023412369,False,False,Good,0.006184174546482149,#1b5e20
35,12,3.9436701401365433,11.535862783995244,615.462914367203,851,0.018795598401567814,0.003759119680313563,8.000504811755455,10.000149838835288,False,False,Good,0.006808429594803892,#1b5e20
35,13,3.9436701401365433,11.538563806714864,616.8922526197106,927,0.04088071293923122,0.008176142587846245,8.001097973260663,10.000325901750065,False,False,Good,0.007417017821212635,#1b5e20
35,14,3.9436701401365433,11.541264829434482,618.1098833792423,1045,0.0865057978237066,0.01730115956474132,8.002323370755397,10.000689625715271,False,False,Good,0.008362427922439391,#1b5e20
35,15,3.9436701401365433,11.543965852154102,619.0825904670053,941,0.17808872370142886,0.03561774474028577,8.004783102900882,10.001419726383132,False,False,Good,0.00753250089982973,#1b5e20
35,16,3.9436701401365433,11.54666687487372,619.7987537552359,1174,0.3566909396226266,0.07133818792452531,8.009579997164153,10.002843546335116,False,False,Good,0.009403246916670716,#1b5e20
35,17,3.9436701401365433,11.54936789759334,620.2702537262661,1303,0.6950438182476182,0.13900876364952364,8.018667471102066,10.005540901331035,False,False,Good,0.010448323714845992,#1b5e20
35,18,3.9436701401365433,11.55206892031296,620.5304586155019,1088,1.317639917013923,0.26352798340278466,8.035389142997923,10.010504248190298,False,False,Good,0.008742503387581741,#1b5e20
35,19,3.9436701401365433,11.554769943032579,620.6288052478956,1618,2.4302209015441343,0.48604418030882673,8.06527081783936,10.019373763026945,False,False,Good,0.013049608183264085,#1b5e20
35,20,3.9436701401365433,11.557470965752199,620.6262250846953,1685,4.360730137422211,0.8721460274844421,8.117120391099197,10.034763816019026,False,False,Good,0.013677347859002148,#1b5e20
35,21,3.9436701401365433,11.560171988471819,620.5861649315774,1937,7.61267206095396,1.522534412190792,8.204460973504753,10.060688353234495,False,False,Good,0.015892040905678705,#1b5e20
35,22,3.9436701401365433,11.562873011191437,620.5621969896634,1513,12.929433082093302,2.5858866164186605,8.347258420389396,10.103073663980938,False,False,Good,0.012629401990049157,#1b5e20
35,23,3.9436701401365433,11.565574033911057,620.5928077731916,2185,21.364183260141782,4.2728366520283565,8.573798749312624,10.17031563817232,False,False,Good,0.018733750267248085,#1b5e20
35,24,3.9436701401365433,11.568275056630677,620.6927074155878,1658,0.0,0.0,8.0,10.0,False,False,Good,0.013264,#1b5e20
35,25,3.9436701401365433,11.570976079350295,620.8515090288081,2169,0.0,0.0,8.0,10.0,False,False,Good,0.017352,#1b5e20
35,26,3.9436701401365433,11.573677102069915,621.0378739586552,1800,0.0,0.0,8.0,10.0,False,False,Good,0.0144,#1b5e20
35,27,3.9436701401365433,11.576378124789535,621.2046123273044,1603,0.0,0.0,8.0,10.0,False,False,Good,0.012824,#1b5e20
35,28,3.9436701401365433,11.579079147509153,621.3024797427942,1988,0.0,0.0,8.0,10.0,False,False,Good,0.015904,#1b5e20
35,29,3.9436701401365433,11.581780170228773,621.2831440522237,1643,0.0,0.0,8.0,10.0,False,False,Good,0.013144,#1b5e20
35,30,3.9436701401365433,11.584481192948394,621.113571575282,1389,0.0,0.0,8.0,10.0,False,False,Good,0.011112,#1b5e20
35,31,3.9436701401365433,11.587182215668012,620.7771408681712,1891,0.0,0.0,8.0,10.0,False,False,Good,0.015128,#1b5e20
35,32,3.9436701401365433,11.589883238387632,620.2735617316964,1120,0.0,0.0,8.0,10.0,False,False,Good,0.00896,#1b5e20
35,33,3.9436701401365433,11.592584261107252,619.6179185663896,1808,0.0,0.0,8.0,10.0,False,False,Good,0.014464,#1b5e20
35,34,3.9436701401365433,11.59528528382687,618.834967277129,1331,0.0,0.0,8.0,10.0,False,False,Good,0.010648,#1b5e20
35,35,3.9436701401365433,11.59798630654649,617.9541873452857,765,0.0,0.0,8.0,10.0,False,False,Good,0.00612,#1b5e20
35,36,3.9436701401365433,11.60068732926611,617.0035459509236,875,0.0,0.0,8.0,10.0,False,False,Good,0.007,#1b5e20
35,37,3.9436701401365433,11.603388351985728,616.008284997786,739,0.0,0.0,8.0,10.0,False,False,Good,0.005912,#1b5e20
35,38,3.9436701401365433,11.606089374705348,614.9893581686517,631,0.0,0.0,8.0,10.0,False,False,Good,0.005048,#1b5e20
35,39,3.9436701401365433,11.608790397424968,613.962254191106,590,0.0,0.0,8.0,10.0,False,False,Good,0.00472,#1b5e20
35,40,3.9436701401365433,11.611491420144587,612.9400766684655,657,0.0,0.0,8.0,10.0,False,False,Good,0.005256,#1b5e20
35,41,3.9436701401365433,11.614192442864207,611.9343894122219,715,0.0,0.0,8.0,10.0,False,False,Good,0.00572,#1b5e20
35,42,3.9436701401365433,11.616893465583825,610.9530149381941,974,0.0,0.0,8.0,10.0,False,False,Good,0.007792,#1b5e20
35,43,3.9436701401365433,11.619594488303445,610.0063425185206,1098,0.0,0.0,8.0,10.0,False,False,Good,0.008784,#1b5e20
35,44,3.9436701401365433,11.622295511023065,609.1032873156893,95,0.0,0.0,8.0,10.0,False,False,Good,0.00076,#1b5e20
35,45,3.9436701401365433,11.624996533742683,608.2551374699915,451,0.0,0.0,8.0,10.0,False,False,Good,0.003608,#1b5e20
35,46,3.9436701401365433,11.627697556462303,607.4726745161142,283,0.0,0.0,8.0,10.0,False,False,Good,0.002264,#1b5e20
35,47,3.9436701401365433,11.630398579181923,606.767598439567,445,0.0,0.0,8.0,10.0,False,False,Good,0.00356,#1b5e20
35,48,3.9436701401365433,11.633099601901542,606.1498791322382,469,0.0,0.0,8.0,10.0,False,False,Good,0.003752,#1b5e20
35,49,3.9436701401365433,11.635800624621162,605.6266409924186,50,0.0,0.0,8.0,10.0,False,False,Good,0.0004,#1b5e20
36,0,3.946365073661516,11.50345051135981,602.1980301978979,569,279.8921377074403,209.91966769313214,15.5173366846461,18.367416093733667,True,False,Moderate,0.008829364573563632,#f9a825
36,1,3.946365073661516,11.50615153407943,602.5816735629519,254,396.77889460700493,297.5855086372331,18.656678549650014,21.861784089107378,True,False,Moderate,0.004738796351611103,#f9a825
36,2,3.946365073661516,11.508852556799049,602.9953151284476,416,547.232328175287,410.42733171374726,22.697553455096656,26.359668907774907,True,True,Moderate,0.009442182237320209,#f9a825
36,3,3.946365073661516,11.511553579518669,603.4791588096682,349,734.2778831244431,550.7153396319189,27.721218726427004,31.95156102589848,True,True,Moderate,0.009674705335523023,#f9a825
36,4,3.946365073661516,11.514254602238289,604.0818475047232,403,958.5505138017079,718.9280225688773,33.7447279530939,38.656533103285554,True,True,Moderate,0.013599125365096842,#f9a825
36,5,3.946365073661516,11.516955624957907,604.8476087788588,50,1217.4075300602944,913.08784348081,40.69710382308955,46.395760342487705,True,True,Unhealthy for Sensitive,0.002034855191154477,#ef6c00
36,6,3.946365073661516,11.519656647677527,605.8047951013377,564,1504.2151681819896,1128.1613536437433,48.400176860970056,54.968609042419196,True,True,Unhealthy for Sensitive,0.02729769974958711,#ef6c00
36,7,3.946365073661516,11.522357670397147,606.959722847925,681,1808.2461190259908,1356.1845302380366,56.56583324120174,64.05763256530554,True,True,Unhealthy,0.03852133243725838,#b71c1c
36,8,3.946365073661516,11.525058693116765,608.2933360293026,897,0.0002740477420120505,5.48095484024101e-05,8.000007360368038,10.000002184713335,False,False,Good,0.0071760066022501295,#1b5e20
36,9,3.946365073661516,11.527759715836385,609.761961482149,404,0.0006807632397236515,0.00013615264794473032,8.000018283923648,10.000005427056312,False,False,Good,0.003232007386705154,#1b5e20
36,10,3.946365073661516,11.530460738556005,611.3030857686425,838,0.00164524437824304,0.000329048875648608,8.000044187936185,10.000013115916618,False,False,Good,0.006704037029490522,#1b5e20
36,11,3.946365073661516,11.533161761275624,612.84466701206,712,0.003868380499846328,0.0007736760999692656,8.000103896875704,10.0000308387962,False,False,Good,0.0056960739745755004,#1b5e20
36,12,3.946365073661516,11.535862783995244,614.3124402193313,835,0.008848963547191849,0.0017697927094383697,8.000237665262194,10.00007054409033,False,False,Good,0.006680198450493932,#1b5e20
36,13,3.946365073661516,11.538563806714864,615.6391612604393,984,0.019693371677209984,0.003938674335441997,8.000528924129723,10.000156995899358,False,False,Good,0.007872520461343646,#1b5e20
36,14,3.946365073661516,11.541264829434482,616.7689836504566,1159,0.04263950945870188,0.008527901891740377,8.00114521097768,10.000339922906313,False,False,Good,0.009273327299523133,#1b5e20
36,15,3.946365073661516,11.543965852154102,617.6659254120459,1148,0.08981911524904557,0.017963823049809112,8.002412359759637,10.000716039539048,False,False,Good,0.009186769389004062,#1b5e20
36,16,3.946365073661516,11.54666687487372,618.3135960202226,1023,0.1840728754555011,0.03681457509110023,8.004943825112932,10.001467432144336,False,False,Good,0.00818905753309053,#1b5e20
36,17,3.946365073661516,11.54936789759334,618.7176686780382,764,0.3670077804158092,0.07340155608316185,8.00985708664012,10.002925792368218,False,False,Good,0.006119530814193051,#1b5e20
36,18,3.946365073661516,11.55206892031296,618.9049315127577,1551,0.7119101691991453,0.14238203383982906,8.019120467173277,10.005675360172308,False,False,Good,0.012437655844585753,#1b5e20
36,19,3.946365073661516,11.554769943032579,618.9191157650139,1324,1.343505883967663,0.2687011767935326,8.036083850551545,10.010710452125878,False,False,Good,0.010639775018130246,#1b5e20
36,20,3.946365073661516,11.557470965752199,618.8173701686171,1556,2.466711734164655,0.49334234683293104,8.066250887794016,10.019664668575242,False,False,Good,0.012551086381407488,#1b5e20
36,21,3.946365073661516,11.560171988471819,618.6623880819445,1715,4.406174345546563,0.8812348691093127,8.11834093061001,10.035126098031574,False,False,Good,0.013922954695996168,#1b5e20
36,22,3.946365073661516,11.562873011191437,618.5103097273925,1132,7.657189692615949,1.5314379385231898,8.205656627045961,10.061043248563472,False,False,Good,0.009288803301816027,#1b5e20
36,23,3.946365073661516,11.565574033911057,618.4062758052161,1523,0.0,0.0,8.0,10.0,False,False,Good,0.012184,#1b5e20
36,24,3.946365073661516,11.568275056630677,618.3745747554977,1973,0.0,0.0,8.0,10.0,False,False,Good,0.015784,#1b5e20
36,25,3.946365073661516,11.570976079350295,618.4165588937086,2032,0.0,0.0,8.0,10.0,False,False,Good,0.016256,#1b5e20
36,26,3.946365073661516,11.573677102069915,618.5137452147926,1473,0.0,0.0,8.0,10.0,False,False,Good,0.011784,#1b5e20
36,27,3.946365073661516,11.576378124789535,618.6308438351418,1802,0.0,0.0,8.0,10.0,False,False,Good,0.014416,#1b5e20
36,28,3.946365073661516,11.579079147509153,618.7285975568757,1987,0.0,0.0,8.0,10.0,False,False,Good,0.015896,#1b5e20
36,29,3.946365073661516,11.581780170228773,618.7653256880467,1509,0.0,0.0,8.0,10.0,False,False,Good,0.012072,#1b5e20
36,30,3.946365073661516,11.584481192948394,618.7103841830348,1565,0.0,0.0,8.0,10.0,False,False,Good,0.01252,#1b5e20
36,31,3.946365073661516,11.587182215668012,618.5444554947261,1252,0.0,0.0,8.0,10.0,False,False,Good,0.010016,#1b5e20
36,32,3.946365073661516,11.589883238387632,618.2592336809881,1044,0.0,0.0,8.0,10.0,False,False,Good,0.008352,#1b5e20
36,33,3.946365073661516,11.592584261107252,617.8572051277436,977,0.0,0.0,8.0,10.0,False,False,Good,0.007816,#1b5e20
36,34,3.946365073661516,11.59528528382687,617.3464500054537,568,0.0,0.0,8.0,10.0,False,False,Good,0.004544,#1b5e20
36,35,3.946365073661516,11.59798630654649,616.738134275542,936,0.0,0.0,8.0,10.0,False,False,Good,0.007488,#1b5e20
36,36,3.946365073661516,11.60068732926611,616.0419092878894,1454,0.0,0.0,8.0,10.0,False,False,Good,0.011632,#1b5e20
36,37,3.946365073661516,11.603388351985728,615.2673136298666,958,0.0,0.0,8.0,10.0,False,False,Good,0.007664,#1b5e20
36,38,3.946365073661516,11.606089374705348,614.4243036787411,638,0.0,0.0,8.0,10.0,False,False,Good,0.005104,#1b5e20
36,39,3.946365073661516,11.608790397424968,613.5226814657009,787,0.0,0.0,8.0,10.0,False,False,Good,0.006296,#1b5e20
36,40,3.946365073661516,11.611491420144587,612.5764295181192,958,0.0,0.0,8.0,10.0,False,False,Good,0.007664,#1b5e20
36,41,3.946365073661516,11.614192442864207,611.6029785352939,293,0.0,0.0,8.0,10.0,False,False,Good,0.002344,#1b5e20
36,42,3.946365073661516,11.616893465583825,610.6202878274739,1245,0.0,0.0,8.0,10.0,False,False,Good,0.00996,#1b5e20
36,43,3.946365073661516,11.619594488303445,609.6505456992973,839,0.0,0.0,8.0,10.0,False,False,Good,0.006712,#1b5e20
36,44,3.946365073661516,11.622295511023065,608.714179444364,299,0.0,0.0,8.0,10.0,False,False,Good,0.002392,#1b5e20
36,45,3.946365073661516,11.624996533742683,607.8324805675204,267,0.0,0.0,8.0,10.0,False,False,Good,0.002136,#1b5e20
36,46,3.946365073661516,11.627697556462303,607.0229995930708,810,0.0,0.0,8.0,10.0,False,False,Good,0.00648,#1b5e20
36,47,3.946365073661516,11.630398579181923,606.3013659371678,956,0.0,0.0,8.0,10.0,False,False,Good,0.007648,#1b5e20
36,48,3.946365073661516,11.633099601901542,605.6791027087535,472,0.0,0.0,8.0,10.0,False,False,Good,0.003776,#1b5e20
36,49,3.946365073661516,11.635800624621162,605.1635122610338,597,0.0,0.0,8.0,10.0,False,False,Good,0.004776,#1b5e20
37,0,3.949060007186489,11.50345051135981,602.4908090851403,50,198.73228148353326,149.04944885957218,13.33754710745441,15.941123911137556,False,False,Moderate,0.0006668773553727206,#f9a825
37,1,3.949060007186489,11.50615153407943,602.8419250883911,88,288.2645468086851,216.19898645494365,15.742202658342865,18.617710282185186,True,False,Moderate,0.0013853138339341721,#f9a825
37,2,3.949060007186489,11.508852556799049,603.2075849655798,379,406.79840772096384,305.10016557566377,18.92578240555248,22.161318964026435,True,False,Moderate,0.00717287153170439,#f9a825
37,3,3.949060007186489,11.511553579518669,603.6268416514104,102,558.5120817311655,418.88718365971937,23.00050482019718,26.696879337370337,True,True,Moderate,0.0023460514916601124,#f9a825
37,4,3.949060007186489,11.514254602238289,604.1469135363717,486,746.0216218356694,559.5231944850084,28.036631794303453,32.302642881443084,True,True,Moderate,0.013625803052031479,#f9a825
37,5,3.949060007186489,11.516955624957907,604.8117194289956,207,969.4625570108524,727.0969145057152,34.03780336204407,38.98214584177459,True,True,Moderate,0.007045825295943123,#f9a825
37,6,3.949060007186489,11.519656647677527,605.6504914581901,932,1225.6845535447874,919.2634061812221,40.9194079320556,46.641918805366124,True,True,Unhealthy for Sensitive,0.03813688819267582,#ef6c00
37,7,3.949060007186489,11.522357670397147,606.672041732764,356,4.383214191574392e-05,8.766428383148784e-06,8.000001177242673,10.000000349430593,False,False,Good,0.0028480004190983917,#1b5e20
37,8,3.949060007186489,11.525058693116765,607.8616246160418,619,0.0001145152903325386,2.2903058066507722e-05,8.00000307564907,10.000000912917873,False,False,Good,0.004952001903826775,#1b5e20
37,9,3.949060007186489,11.527759715836385,609.1810574353112,1368,0.0002910708500669824,5.8214170013396484e-05,8.000007817574287,10.000002320421848,False,False,Good,0.010944010694441626,#1b5e20
37,10,3.949060007186489,11.530460738556005,610.5743029731387,765,0.0007197777223017699,0.00014395554446035397,8.000019331773736,10.000005738080441,False,False,Good,0.006120014788806908,#1b5e20
37,11,3.949060007186489,11.533161761275624,611.9751272610049,1136,0.0017316596526090202,0.000346331930521804,8.000046508875664,10.000013804820677,False,False,Good,0.009088052834082755,#1b5e20
37,12,3.949060007186489,11.535862783995244,613.3140906069519,1181,0.004053135531095201,0.0008106271062190403,8.000108859022141,10.000032311666502,False,False,Good,0.00944812856250515,#1b5e20
37,13,3.949060007186489,11.538563806714864,614.5268081921831,705,0.009229627318150206,0.001845925463630041,8.000247889121118,10.00007357874849,False,False,Good,0.005640174761830388,#1b5e20
37,14,3.949060007186489,11.541264829434482,615.5577833962916,1292,0.02044756769829965,0.00408951353965993,8.000549180309347,10.000163008363073,False,False,Good,0.010336709540959678,#1b5e20
37,15,3.949060007186489,11.543965852154102,616.3688228769182,988,0.04407208482025737,0.008814416964051476,8.00118368705424,10.000351343421855,False,False,Good,0.00790516948280959,#1b5e20
37,16,3.949060007186489,11.54666687487372,616.9393905237173,1563,0.09241659992261542,0.018483319984523083,8.00248212294407,10.000736746731755,False,False,Good,0.01250787955816158,#1b5e20
37,17,3.949060007186489,11.54936789759334,617.2695976358436,1260,0.18853883902985366,0.03770776780597073,8.005063771861291,10.001503034883132,False,False,Good,0.010086380352545228,#1b5e20
37,18,3.949060007186489,11.55206892031296,617.3801840157103,883,0.3742106310375925,0.07484212620751851,8.010050540638709,10.002983213617856,False,False,Good,0.00707287462738398,#1b5e20
37,19,3.949060007186489,11.554769943032579,617.3093649754504,736,0.722596518728106,0.14451930374562122,8.019407480906485,10.005760551935438,False,False,Good,0.0059022839059471735,#1b5e20
37,20,3.949060007186489,11.557470965752199,617.1102400260927,1031,1.3575006909940046,0.2715001381988009,8.03645972276116,10.010822018969353,False,False,Good,0.008285589974166757,#1b5e20
37,21,3.949060007186489,11.560171988471819,616.843848200579,1055,2.48112534147564,0.49622506829512797,8.066638008132173,10.019779574101825,False,False,Good,0.008510303098579444,#1b5e20
37,22,3.949060007186489,11.562873011191437,616.5674495125506,981,0.0,0.0,8.0,10.0,False,False,Good,0.007848,#1b5e20
37,23,3.949060007186489,11.565574033911057,616.3308657230834,1946,0.0,0.0,8.0,10.0,False,False,Good,0.015568,#1b5e20
37,24,3.949060007186489,11.568275056630677,616.1660185371373,1635,0.0,0.0,8.0,10.0,False,False,Good,0.01308,#1b5e20
37,25,3.949060007186489,11.570976079350295,616.084473313582,1466,0.0,0.0,8.0,10.0,False,False,Good,0.011728,#1b5e20
37,26,3.949060007186489,11.573677102069915,616.0798440438713,1392,0.0,0.0,8.0,10.0,False,False,Good,0.011136,#1b5e20
37,27,3.949060007186489,11.576378124789535,616.129015329233,1262,0.0,0.0,8.0,10.0,False,False,Good,0.010096,#1b5e20
37,28,3.949060007186489,11.579079147509153,616.2038460589703,1566,0.0,0.0,8.0,10.0,False,False,Good,0.012528,#1b5e20
37,29,3.949060007186489,11.581780170228773,616.2710990362141,1616,0.0,0.0,8.0,10.0,False,False,Good,0.012928,#1b5e20
37,30,3.949060007186489,11.584481192948394,616.3044444071238,1613,0.0,0.0,8.0,10.0,False,False,Good,0.012904,#1b5e20
37,31,3.949060007186489,11.587182215668012,616.2837687506916,1131,0.0,0.0,8.0,10.0,False,False,Good,0.009048,#1b5e20
37,32,3.949060007186489,11.589883238387632,616.1943474733519,1662,0.0,0.0,8.0,10.0,False,False,Good,0.013296,#1b5e20
37,33,3.949060007186489,11.592584261107252,616.0274028322992,1450,0.0,0.0,8.0,10.0,False,False,Good,0.0116,#1b5e20
37,34,3.949060007186489,11.59528528382687,615.7753116827756,1030,0.0,0.0,8.0,10.0,False,False,Good,0.00824,#1b5e20
37,35,3.949060007186489,11.59798630654649,615.4315032340935,737,0.0,0.0,8.0,10.0,False,False,Good,0.005896,#1b5e20
37,36,3.949060007186489,11.60068732926611,614.9875360397706,1327,0.0,0.0,8.0,10.0,False,False,Good,0.010616,#1b5e20
37,37,3.949060007186489,11.603388351985728,614.43706706392,1067,0.0,0.0,8.0,10.0,False,False,Good,0.008536,#1b5e20
37,38,3.949060007186489,11.606089374705348,613.7783958256545,769,0.0,0.0,8.0,10.0,False,False,Good,0.006152,#1b5e20
37,39,3.949060007186489,11.608790397424968,613.0147338147813,966,0.0,0.0,8.0,10.0,False,False,Good,0.007728,#1b5e20
37,40,3.949060007186489,11.611491420144587,612.1597137032015,269,0.0,0.0,8.0,10.0,False,False,Good,0.002152,#1b5e20
37,41,3.949060007186489,11.614192442864207,611.2354306556551,686,0.0,0.0,8.0,10.0,False,False,Good,0.005488,#1b5e20
37,42,3.949060007186489,11.616893465583825,610.268833819017,783,0.0,0.0,8.0,10.0,False,False,Good,0.006264,#1b5e20
37,43,3.949060007186489,11.619594488303445,609.2929751996601,613,0.0,0.0,8.0,10.0,False,False,Good,0.004904,#1b5e20
37,44,3.949060007186489,11.622295511023065,608.3391064976803,1055,0.0,0.0,8.0,10.0,False,False,Good,0.00844,#1b5e20
37,45,3.949060007186489,11.624996533742683,607.4379389959795,229,0.0,0.0,8.0,10.0,False,False,Good,0.001832,#1b5e20
37,46,3.949060007186489,11.627697556462303,606.6134019757402,50,0.0,0.0,8.0,10.0,False,False,Good,0.0004,#1b5e20
37,47,3.949060007186489,11.630398579181923,605.8846719059464,447,0.0,0.0,8.0,10.0,False,False,Good,0.003576,#1b5e20
37,48,3.949060007186489,11.633099601901542,605.2645272072376,389,0.0,0.0,8.0,10.0,False,False,Good,0.003112,#1b5e20
37,49,3.949060007186489,11.635800624621162,604.7602058066592,775,0.0,0.0,8.0,10.0,False,False,Good,0.0062,#1b5e20
38,0,3.9517549407114623,11.50345051135981,602.9892211904636,600,137.28045709698446,102.9604402847138,11.687075402235257,14.10401204672069,False,False,Good,0.007012245241341154,#1b5e20
38,1,3.9517549407114623,11.50615153407943,603.3080649792594,58,203.7495009431041,152.81236738234225,13.47229947387413,16.091114168614823,False,False,Moderate,0.0007813933694846996,#f9a825
38,2,3.9517549407114623,11.508852556799049,603.6263628403168,328,294.2046395036129,220.6540628458052,15.90174153318062,18.795290012095016,True,False,Moderate,0.005215771222883243,#f9a825
38,3,3.9517549407114623,11.511553579518669,603.981797703001,444,413.302161709792,309.9779910438173,19.10046008263405,22.35574950868753,True,False,Moderate,0.00848060427668952,#f9a825
38,4,3.9517549407114623,11.514254602238289,604.4199508685705,231,564.8711063362183,423.65332932698857,23.171295358772785,26.88685831551776,True,True,Moderate,0.005352569227876513,#f9a825
38,5,3.9517549407114623,11.516955624957907,604.9841665361618,464,751.098918702381,563.324187792514,28.172997718361184,32.454150803130005,True,True,Moderate,0.01307227094131959,#f9a825
38,6,3.9517549407114623,11.519656647677527,605.7044326952916,612,6.338045404071306e-06,1.267609080814261e-06,8.00000017022708,10.000000050527008,False,False,Good,0.004896000104178973,#1b5e20
38,7,3.9517549407114623,11.522357670397147,606.5919524083047,1083,1.7415143109142753e-05,3.4830286218285506e-06,8.000000467735518,10.000000138833823,False,False,Good,0.008664000506557567,#1b5e20
38,8,3.9517549407114623,11.525058693116765,607.6362507562094,896,4.6554664370565366e-05,9.310932874113072e-06,8.00000125036412,10.00000037113459,False,False,Good,0.007168001120326251,#1b5e20
38,9,3.9517549407114623,11.527759715836385,608.8045880551533,546,0.00012107759983059208,2.4215519966118415e-05,8.000003251899429,10.000000965232719,False,False,Good,0.004368001775537088,#1b5e20
38,10,3.9517549407114623,11.530460738556005,610.0472731774597,637,0.0003063577400412969,6.127154800825937e-05,8.000008228149232,10.000002442289198,False,False,Good,0.005096005241331061,#1b5e20
38,11,3.9517549407114623,11.533161761275624,611.3036196756077,690,0.0007541510879020604,0.0001508302175804121,8.00002025497281,10.000006012105507,False,False,Good,0.005520013975931238,#1b5e20
38,12,3.9517549407114623,11.535862783995244,612.5087271614506,775,0.0018061437699279264,0.0003612287539855853,8.000048509368396,10.000014398609348,False,False,Good,0.006200037594760507,#1b5e20
38,13,3.9517549407114623,11.538563806714864,613.6007615672887,1303,0.004208339066488566,0.0008416678132977132,8.000113027475173,10.000033548951768,False,False,Good,0.010424147274800151,#1b5e20
38,14,3.9517549407114623,11.541264829434482,614.5244609139371,658,0.009539675033504898,0.0019079350067009795,8.000256216375623,10.000076050454235,False,False,Good,0.005264168590375161,#1b5e20
38,15,3.9517549407114623,11.543965852154102,615.2395547971024,1130,0.021038796298653697,0.00420775925973074,8.000565059513683,10.000167721647692,False,False,Good,0.009040638517250461,#1b5e20
38,16,3.9517549407114623,11.54666687487372,615.7218379101389,622,0.04514115297140955,0.009028230594281908,8.001212400062391,10.000359866051632,False,False,Good,0.004976754112838808,#1b5e20
38,17,3.9517549407114623,11.54936789759334,615.9667027934493,1292,0.09422992747748897,0.018845985495497795,8.0025308252544,10.000751202610362,False,False,Good,0.010339269826228684,#1b5e20
38,18,3.9517549407114623,11.55206892031296,615.9898812312579,945,0.19136808771988795,0.03827361754397759,8.005139759758421,10.001525589702586,False,False,Good,0.007564857072971709,#1b5e20
38,19,3.9517549407114623,11.554769943032579,615.825069723216,1255,0.37810692209394503,0.075621384418789,8.010155187135505,10.003014274917495,False,False,Good,0.01005274475985506,#1b5e20
38,20,3.9517549407114623,11.557470965752199,615.5220447808775,1126,0.7268155159654291,0.14536310319308585,8.019520794638568,10.00579418585433,False,False,Good,0.009029980414763028,#1b5e20
38,21,3.9517549407114623,11.560171988471819,615.1403753382757,894,0.0,0.0,8.0,10.0,False,False,Good,0.007152,#1b5e20
38,22,3.9517549407114623,11.562873011191437,614.7380371141039,1171,0.0,0.0,8.0,10.0,False,False,Good,0.009368,#1b5e20
38,23,3.9517549407114623,11.565574033911057,614.3683964251962,1518,0.0,0.0,8.0,10.0,False,False,Good,0.012144,#1b5e20
38,24,3.9517549407114623,11.568275056630677,614.0695428481055,1697,0.0,0.0,8.0,10.0,False,False,Good,0.013576,#1b5e20
38,25,3.9517549407114623,11.570976079350295,613.8616675685854,1842,0.0,0.0,8.0,10.0,False,False,Good,0.014736,#1b5e20
38,26,3.9517549407114623,11.573677102069915,613.7490704260357,1335,0.0,0.0,8.0,10.0,False,False,Good,0.01068,#1b5e20
38,27,3.9517549407114623,11.576378124789535,613.719899828964,1460,0.0,0.0,8.0,10.0,False,False,Good,0.01168,#1b5e20
38,28,3.9517549407114623,11.579079147509153,613.7567684760907,1347,0.0,0.0,8.0,10.0,False,False,Good,0.010776,#1b5e20
38,29,3.9517549407114623,11.581780170228773,613.8351952048384,1684,0.0,0.0,8.0,10.0,False,False,Good,0.013472,#1b5e20
38,30,3.9517549407114623,11.584481192948394,613.9339626289841,1220,0.0,0.0,8.0,10.0,False,False,Good,0.00976,#1b5e20
38,31,3.9517549407114623,11.587182215668012,614.0334848675471,1426,0.0,0.0,8.0,10.0,False,False,Good,0.011408,#1b5e20
38,32,3.9517549407114623,11.589883238387632,614.1142646356255,1007,0.0,0.0,8.0,10.0,False,False,Good,0.008056,#1b5e20
38,33,3.9517549407114623,11.592584261107252,614.1581897796997,641,0.0,0.0,8.0,10.0,False,False,Good,0.005128,#1b5e20
38,34,3.9517549407114623,11.59528528382687,614.1439143341354,1106,0.0,0.0,8.0,10.0,False,False,Good,0.008848,#1b5e20
38,35,3.9517549407114623,11.59798630654649,614.0489002129759,379,0.0,0.0,8.0,10.0,False,False,Good,0.003032,#1b5e20
38,36,3.9517549407114623,11.60068732926611,613.8480004974709,530,0.0,0.0,8.0,10.0,False,False,Good,0.00424,#1b5e20
38,37,3.9517549407114623,11.603388351985728,613.5197558498014,810,0.0,0.0,8.0,10.0,False,False,Good,0.00648,#1b5e20
38,38,3.9517549407114623,11.606089374705348,613.0507240091533,1112,0.0,0.0,8.0,10.0,False,False,Good,0.008896,#1b5e20
38,39,3.9517549407114623,11.608790397424968,612.4367740214848,651,0.0,0.0,8.0,10.0,False,False,Good,0.005208,#1b5e20
38,40,3.9517549407114623,11.611491420144587,611.6896842423174,694,0.0,0.0,8.0,10.0,False,False,Good,0.005552,#1b5e20
38,41,3.9517549407114623,11.614192442864207,610.8344123999734,1003,0.0,0.0,8.0,10.0,False,False,Good,0.008024,#1b5e20
38,42,3.9517549407114623,11.616893465583825,609.9049621085491,261,0.0,0.0,8.0,10.0,False,False,Good,0.002088,#1b5e20
38,43,3.9517549407114623,11.619594488303445,608.943515684621,243,0.0,0.0,8.0,10.0,False,False,Good,0.001944,#1b5e20
38,44,3.9517549407114623,11.622295511023065,607.9908457572392,588,0.0,0.0,8.0,10.0,False,False,Good,0.004704,#1b5e20
38,45,3.9517549407114623,11.624996533742683,607.0861456684727,609,0.0,0.0,8.0,10.0,False,False,Good,0.004872,#1b5e20
38,46,3.9517549407114623,11.627697556462303,606.2593115082126,345,0.0,0.0,8.0,10.0,False,False,Good,0.00276,#1b5e20
38,47,3.9517549407114623,11.630398579181923,605.532934882459,551,0.0,0.0,8.0,10.0,False,False,Good,0.004408,#1b5e20
38,48,3.9517549407114623,11.633099601901542,604.9211461097799,424,0.0,0.0,8.0,10.0,False,False,Good,0.003392,#1b5e20
38,49,3.9517549407114623,11.635800624621162,604.4312635782143,448,0.0,0.0,8.0,10.0,False,False,Good,0.003584,#1b5e20
39,0,3.954449874236435,11.50345051135981,603.6965030667938,235,92.2595962577291,69.1947360750719,10.47790614320078,12.758108159177276,False,False,Good,0.0024623079436521833,#1b5e20
39,1,3.954449874236435,11.50615153407943,603.9829517311476,572,140.10849011325013,105.08146620843146,11.763030648826662,14.18855632332123,False,False,Good,0.006728453531128851,#1b5e20
39,2,3.954449874236435,11.508852556799049,604.2536943178334,919,207.00576486314165,155.25456709527123,13.559756136363788,16.18846046020645,False,False,Moderate,0.01246141588931832,#f9a825
39,3,3.954449874236435,11.511553579518669,604.5450590011918,486,297.55340180406785,223.16505130280217,15.99168251507302,18.89537822896934,True,False,Moderate,0.007771957702325488,#f9a825
39,4,3.954449874236435,11.514254602238289,604.9011085317223,448,416.1144533365812,312.0858398490206,19.175992547344023,22.439768544205435,True,False,Moderate,0.008590844661210122,#f9a825
39,5,3.954449874236435,11.516955624957907,605.3647376480558,522,8.285413460637536e-07,1.6570826921275068e-07,8.000000022252944,10.000000006605147,False,False,Good,0.004176000011616037,#1b5e20
39,6,3.954449874236435,11.519656647677527,605.9669492003075,811,2.394345418661328e-06,4.788690837322655e-07,8.000000064307274,10.000000019087762,False,False,Good,0.006488000052153199,#1b5e20
39,7,3.954449874236435,11.522357670397147,606.7215501013353,856,6.731686352522899e-06,1.3463372705045797e-06,8.000000180799478,10.00000005366512,False,False,Good,0.006848000154764353,#1b5e20
39,8,3.954449874236435,11.525058693116765,607.6224676599927,996,1.8413035591546852e-05,3.682607118309371e-06,8.000000494536891,10.000000146789038,False,False,Good,0.007968000492558743,#1b5e20
39,9,3.954449874236435,11.527759715836385,608.642324241294,789,4.899946782217675e-05,9.799893564435351e-06,8.000001316026594,10.000000390624605,False,False,Good,0.006312001038344983,#1b5e20
39,10,3.954449874236435,11.530460738556005,609.7373549542774,845,0.0001268591463390283,2.5371829267805664e-05,8.000003407180074,10.000001011323308,False,False,Good,0.006760002879067162,#1b5e20
39,11,3.954449874236435,11.533161761275624,610.851674201465,1034,0.0003195336915365089,6.390673830730178e-05,8.000008582028638,10.000002547328112,False,False,Good,0.008272008873817611,#1b5e20
39,12,3.954449874236435,11.535862783995244,611.9239733065498,795,0.000783025633838355,0.00015660512676767097,8.000021030484708,10.000006242293885,False,False,Good,0.006360016719235343,#1b5e20
39,13,3.954449874236435,11.538563806714864,612.8939406924809,469,0.00186680843053293,0.000373361686106586,8.000050138698475,10.00001488222907,False,False,Good,0.0037520235150495847,#1b5e20
39,14,3.954449874236435,11.541264829434482,613.7057561744793,977,0.004330000814360778,0.0008660001628721556,8.000116295063638,10.000034518841325,False,False,Good,0.007816113620277175,#1b5e20
39,15,3.954449874236435,11.543965852154102,614.3167337690363,936,0.009771036899313783,0.0019542073798627566,8.000262430287366,10.000077894875027,False,False,Good,0.007488245634748974,#1b5e20
39,16,3.954449874236435,11.54666687487372,614.6992476247864,1062,0.021451505619244138,0.004290301123848828,8.000576144051252,10.000171011773528,False,False,Good,0.008496611864982429,#1b5e20
39,17,3.954449874236435,11.54936789759334,614.8449109133336,883,0.045818340604471666,0.009163668120894333,8.001230587952476,10.000365264603145,False,False,Good,0.007065086609162037,#1b5e20
39,18,3.954449874236435,11.55206892031296,614.7658817178612,865,0.09521061798539787,0.019042123597079574,8.002557164617812,10.000759020692039,False,False,Good,0.006922211947394408,#1b5e20
39,19,3.954449874236435,11.554769943032579,614.49302762024,1332,0.19248454398959405,0.03849690879791881,8.005169745515584,10.001534490111263,False,False,Good,0.010662886101026758,#1b5e20
39,20,3.954449874236435,11.557470965752199,614.0743880557095,1570,0.0,0.0,8.0,10.0,False,False,Good,0.01256,#1b5e20
39,21,3.954449874236435,11.560171988471819,613.5691751782274,1087,0.0,0.0,8.0,10.0,False,False,Good,0.008696,#1b5e20
39,22,3.954449874236435,11.562873011191437,613.0365278763137,932,0.0,0.0,8.0,10.0,False,False,Good,0.007456,#1b5e20
39,23,3.954449874236435,11.565574033911057,612.5328461452739,1392,0.0,0.0,8.0,10.0,False,False,Good,0.011136,#1b5e20
39,24,3.954449874236435,11.568275056630677,612.101195389615,990,0.0,0.0,8.0,10.0,False,False,Good,0.00792,#1b5e20
39,25,3.954449874236435,11.570976079350295,611.7686189678797,841,0.0,0.0,8.0,10.0,False,False,Good,0.006728,#1b5e20
39,26,3.954449874236435,11.573677102069915,611.5480584344797,1058,0.0,0.0,8.0,10.0,False,False,Good,0.008464,#1b5e20
39,27,3.954449874236435,11.576378124789535,611.4370102727461,1015,0.0,0.0,8.0,10.0,False,False,Good,0.00812,#1b5e20
39,28,3.954449874236435,11.579079147509153,611.4272898225602,1570,0.0,0.0,8.0,10.0,False,False,Good,0.01256,#1b5e20
39,29,3.954449874236435,11.581780170228773,611.5023347713914,906,0.0,0.0,8.0,10.0,False,False,Good,0.007248,#1b5e20
39,30,3.954449874236435,11.584481192948394,611.6459880023943,1405,0.0,0.0,8.0,10.0,False,False,Good,0.01124,#1b5e20
39,31,3.954449874236435,11.587182215668012,611.8400910602603,956,0.0,0.0,8.0,10.0,False,False,Good,0.007648,#1b5e20
39,32,3.954449874236435,11.589883238387632,612.0620893648484,1422,0.0,0.0,8.0,10.0,False,False,Good,0.011376,#1b5e20
39,33,3.954449874236435,11.592584261107252,612.2869542945518,1033,0.0,0.0,8.0,10.0,False,False,Good,0.008264,#1b5e20
39,34,3.954449874236435,11.59528528382687,612.4824179436235,460,0.0,0.0,8.0,10.0,False,False,Good,0.00368,#1b5e20
39,35,3.954449874236435,11.59798630654649,612.6127193985419,1344,0.0,0.0,8.0,10.0,False,False,Good,0.010752,#1b5e20
39,36,3.954449874236435,11.60068732926611,612.6383504103327,796,0.0,0.0,8.0,10.0,False,False,Good,0.006368,#1b5e20
39,37,3.954449874236435,11.603388351985728,612.5242927684383,1138,0.0,0.0,8.0,10.0,False,False,Good,0.009104,#1b5e20
39,38,3.954449874236435,11.606089374705348,612.2457909820449,647,0.0,0.0,8.0,10.0,False,False,Good,0.005176,#1b5e20
39,39,3.954449874236435,11.608790397424968,611.7907976928954,697,0.0,0.0,8.0,10.0,False,False,Good,0.005576,#1b5e20
39,40,3.954449874236435,11.611491420144587,611.1675734792543,252,0.0,0.0,8.0,10.0,False,False,Good,0.002016,#1b5e20
39,41,3.954449874236435,11.614192442864207,610.4016993013179,50,0.0,0.0,8.0,10.0,False,False,Good,0.0004,#1b5e20
39,42,3.954449874236435,11.616893465583825,609.5317017841583,408,0.0,0.0,8.0,10.0,False,False,Good,0.003264,#1b5e20
39,43,3.954449874236435,11.619594488303445,608.6065307049945,99,0.0,0.0,8.0,10.0,False,False,Good,0.000792,#1b5e20
39,44,3.954449874236435,11.622295511023065,607.6746876638601,50,0.0,0.0,8.0,10.0,False,False,Good,0.0004,#1b5e20
39,45,3.954449874236435,11.624996533742683,606.7826385584673,607,0.0,0.0,8.0,10.0,False,False,Good,0.004856,#1b5e20
39,46,3.954449874236435,11.627697556462303,605.9658336867988,393,0.0,0.0,8.0,10.0,False,False,Good,0.003144,#1b5e20
39,47,3.954449874236435,11.630398579181923,605.2503838367194,378,0.0,0.0,8.0,10.0,False,False,Good,0.003024,#1b5e20
39,48,3.954449874236435,11.633099601901542,604.6522276174053,325,0.0,0.0,8.0,10.0,False,False,Good,0.0026,#1b5e20
39,49,3.954449874236435,11.635800624621162,604.1792571557671,321,0.0,0.0,8.0,10.0,False,False,Good,0.002568,#1b5e20
40,0,3.9571448077614084,11.50345051135981,604.6181205852923,318,60.32216105643144,45.24163588745491,9.620131233127482,11.80333551587417,False,False,Good,0.0030592017321345393,#1b5e20
40,1,3.9571448077614084,11.50615153407943,604.871269465361,263,93.73351137695201,70.30017269964306,10.517492522034223,12.802170958555182,False,False,Good,0.0027661005332950007,#1b5e20
40,2,3.9571448077614084,11.508852556799049,605.092666437751,50,141.7025664168482,106.27692480726738,11.805844314023963,14.23620740637227,False,False,Good,0.0005902922157011982,#1b5e20
40,3,3.9571448077614084,11.511553579518669,605.3175417503696,773,208.41343070975898,156.31007301507984,13.597563193736583,16.230533017377933,False,False,Moderate,0.010510916348758378,#f9a825
40,4,3.9571448077614084,11.514254602238289,605.5888995508662,148,9.791950562018865e-08,1.9583901124037735e-08,8.00000000262992,10.000000000780616,False,False,Good,0.001184000000389228,#1b5e20
40,5,3.9571448077614084,11.516955624957907,605.9497330415675,449,2.9760672931273777e-07,5.9521345862547555e-08,8.000000007993116,10.000000002372525,False,False,Good,0.003592000003588909,#1b5e20
40,6,3.9571448077614084,11.519656647677527,606.4327481531126,50,8.799960700868319e-07,1.7599921401736637e-07,8.000000023634914,10.000000007015345,False,False,Good,0.00040000000118174575,#1b5e20
40,7,3.9571448077614084,11.522357670397147,607.0549627391413,593,2.531530528957626e-06,5.063061057915251e-07,8.00000006799179,10.000000020181405,False,False,Good,0.004744000040319132,#1b5e20
40,8,3.9571448077614084,11.525058693116765,607.8151167202427,839,7.085166431913569e-06,1.4170332863827136e-06,8.000000190293239,10.000000056483069,False,False,Good,0.006712000159656028,#1b5e20
40,9,3.9571448077614084,11.527759715836385,608.691222359769,446,1.9292183956520228e-05,3.858436791304045e-06,8.000000518149038,10.000000153797624,False,False,Good,0.003568000231094471,#1b5e20
40,10,3.9571448077614084,11.530460738556005,609.6449084124156,670,5.110662281368494e-05,1.0221324562736988e-05,8.000001372620517,10.00000040742288,False,False,Good,0.005360000919655747,#1b5e20
40,11,3.9571448077614084,11.533161761275624,610.6240553711914,1090,0.00013171566316540873,2.6343132633081745e-05,8.000003537616292,10.000001050039543,False,False,Good,0.008720003856001758,#1b5e20
40,12,3.9571448077614084,11.535862783995244,611.56953371092,883,0.00033026466665070483,6.605293333014097e-05,8.000008870240924,10.00000263287563,False,False,Good,0.007064007832422736,#1b5e20
40,13,3.9571448077614084,11.538563806714864,612.4209836410957,977,0.0008056589840982923,0.00016113179681965847,8.000021638370717,10.000006422727346,False,False,Good,0.00781602114068819,#1b5e20
40,14,3.9571448077614084,11.541264829434482,613.1206815067648,915,0.0019120746615667178,0.0003824149323133436,8.00005135445788,10.000015243092246,False,False,Good,0.007320046989328961,#1b5e20
40,15,3.9571448077614084,11.543965852154102,613.6227644754808,732,0.004414920515334846,0.0008829841030669693,8.00011857583504,10.000035195822647,False,False,Good,0.00585608679751125,#1b5e20
40,16,3.9571448077614084,11.54666687487372,613.8961722420211,615,0.00991757246982334,0.001983514493964668,8.000266365936396,10.000079063059127,False,False,Good,0.0049201638150508835,#1b5e20
40,17,3.9571448077614084,11.54936789759334,613.9296426321366,1076,0.021674661663738805,0.004334932332747761,8.000582137571232,10.000172790777372,False,False,Good,0.008608626380026647,#1b5e20
40,18,3.9571448077614084,11.55206892031296,613.7333730027234,918,0.04608543828293592,0.009217087656587184,8.001237761655865,10.000367393910455,False,False,Good,0.0073451362652000845,#1b5e20
40,19,3.9571448077614084,11.554769943032579,613.3375061551865,1333,0.0,0.0,8.0,10.0,False,False,Good,0.010664,#1b5e20
40,20,3.9571448077614084,11.557470965752199,612.7904645228818,1011,0.0,0.0,8.0,10.0,False,False,Good,0.008088,#1b5e20
40,21,3.9571448077614084,11.560171988471819,612.1528063458995,972,0.0,0.0,8.0,10.0,False,False,Good,0.007776,#1b5e20
40,22,3.9571448077614084,11.562873011191437,611.485809868846,1897,0.0,0.0,8.0,10.0,False,False,Good,0.015176,#1b5e20
40,23,3.9571448077614084,11.565574033911057,610.8487644576857,857,0.0,0.0,8.0,10.0,False,False,Good,0.006856,#1b5e20
40,24,3.9571448077614084,11.568275056630677,610.2886306555881,729,0.0,0.0,8.0,10.0,False,False,Good,0.005832,#1b5e20
40,25,3.9571448077614084,11.570976079350295,609.837329827621,917,0.0,0.0,8.0,10.0,False,False,Good,0.007336,#1b5e20
40,26,3.9571448077614084,11.573677102069915,609.5139236902766,1066,0.0,0.0,8.0,10.0,False,False,Good,0.008528,#1b5e20
40,27,3.9571448077614084,11.576378124789535,609.3226465123515,1225,0.0,0.0,8.0,10.0,False,False,Good,0.0098,#1b5e20
40,28,3.9571448077614084,11.579079147509153,609.2621851431486,1114,0.0,0.0,8.0,10.0,False,False,Good,0.008912,#1b5e20
40,29,3.9571448077614084,11.581780170228773,609.3223259794602,1163,0.0,0.0,8.0,10.0,False,False,Good,0.009304,#1b5e20
40,30,3.9571448077614084,11.584481192948394,609.491405785807,1367,0.0,0.0,8.0,10.0,False,False,Good,0.010936,#1b5e20
40,31,3.9571448077614084,11.587182215668012,609.7533547444361,1215,0.0,0.0,8.0,10.0,False,False,Good,0.00972,#1b5e20
40,32,3.9571448077614084,11.589883238387632,610.0843528629523,584,0.0,0.0,8.0,10.0,False,False,Good,0.004672,#1b5e20
40,33,3.9571448077614084,11.592584261107252,610.4551917209675,1671,0.0,0.0,8.0,10.0,False,False,Good,0.013368,#1b5e20
40,34,3.9571448077614084,11.59528528382687,610.8260105848559,975,0.0,0.0,8.0,10.0,False,False,Good,0.0078,#1b5e20
40,35,3.9571448077614084,11.59798630654649,611.1511956831542,1000,0.0,0.0,8.0,10.0,False,False,Good,0.008,#1b5e20
40,36,3.9571448077614084,11.60068732926611,611.3798444040926,1176,0.0,0.0,8.0,10.0,False,False,Good,0.009408,#1b5e20
40,37,3.9571448077614084,11.603388351985728,611.4654762627965,544,0.0,0.0,8.0,10.0,False,False,Good,0.004352,#1b5e20
40,38,3.9571448077614084,11.606089374705348,611.3728464681734,528,0.0,0.0,8.0,10.0,False,False,Good,0.004224,#1b5e20
40,39,3.9571448077614084,11.608790397424968,611.0816177196491,391,0.0,0.0,8.0,10.0,False,False,Good,0.003128,#1b5e20
40,40,3.9571448077614084,11.611491420144587,610.5948722402561,304,0.0,0.0,8.0,10.0,False,False,Good,0.002432,#1b5e20
40,41,3.9571448077614084,11.614192442864207,609.9363848153338,1083,0.0,0.0,8.0,10.0,False,False,Good,0.008664,#1b5e20
40,42,3.9571448077614084,11.616893465583825,609.1463716478214,595,0.0,0.0,8.0,10.0,False,False,Good,0.00476,#1b5e20
40,43,3.9571448077614084,11.619594488303445,608.2778278949431,50,0.0,0.0,8.0,10.0,False,False,Good,0.0004,#1b5e20
40,44,3.9571448077614084,11.622295511023065,607.3849065800797,519,0.0,0.0,8.0,10.0,False,False,Good,0.004152,#1b5e20
40,45,3.9571448077614084,11.624996533742683,606.5199878424435,338,0.0,0.0,8.0,10.0,False,False,Good,0.002704,#1b5e20
40,46,3.9571448077614084,11.627697556462303,605.7236847218876,318,0.0,0.0,8.0,10.0,False,False,Good,0.002544,#1b5e20
40,47,3.9571448077614084,11.630398579181923,605.0259190368414,92,0.0,0.0,8.0,10.0,False,False,Good,0.000736,#1b5e20
40,48,3.9571448077614084,11.633099601901542,604.4451687412203,980,0.0,0.0,8.0,10.0,False,False,Good,0.00784,#1b5e20
40,49,3.9571448077614084,11.635800624621162,603.9906550291952,736,0.0,0.0,8.0,10.0,False,False,Good,0.005888,#1b5e20
41,0,3.9598397412863813,11.50345051135981,605.7572427601599,145,38.37114223354614,28.778362378086914,9.030571267584206,11.147108011173657,False,False,Good,0.00130943283379971,#1b5e20
41,1,3.9598397412863813,11.50615153407943,605.9751691837106,514,61.00813502515141,45.75610126834497,9.638555106416703,11.823842150412203,False,False,Good,0.004954217324698185,#1b5e20
41,2,3.9598397412863813,11.508852556799049,606.1433849673474,432,94.37040989739563,70.77780742129538,10.53459832804701,12.821209519833404,False,False,Good,0.0045509464777163085,#1b5e20
41,3,3.9598397412863813,11.511553579518669,606.296524008051,559,1.0462137553591297e-08,2.0924275107182594e-09,8.000000000280991,10.000000000083404,False,False,Good,0.004472000000157074,#1b5e20
41,4,3.9598397412863813,11.514254602238289,606.4773311916557,705,3.3442202881028873e-08,6.688440576205774e-09,8.00000000089819,10.000000000266601,False,False,Good,0.0056400000006332236,#1b5e20
41,5,3.9598397412863813,11.516955624957907,606.7298667965373,255,1.0400010542783461e-07,2.0800021085566922e-08,8.000000002793232,10.000000000829091,False,False,Good,0.002040000000712274,#1b5e20
41,6,3.9598397412863813,11.519656647677527,607.0896530274586,188,3.1465680796650345e-07,6.293136159330069e-08,8.000000008451046,10.00000000250845,False,False,Good,0.0015040000015887967,#1b5e20
41,7,3.9598397412863813,11.522357670397147,607.5779295799501,535,9.262003409649229e-07,1.8524006819298456e-07,8.000000024875868,10.000000007383685,False,False,Good,0.004280000013308589,#1b5e20
41,8,3.9598397412863813,11.525058693116765,608.1989732397902,670,2.652388835538401e-06,5.304777671076801e-07,8.0000000712378,10.00000002114489,False,False,Good,0.005360000047729326,#1b5e20
41,9,3.9598397412863813,11.527759715836385,608.9363994778568,227,7.3898206230246e-06,1.4779641246049202e-06,8.000000198475634,10.000000058911779,False,False,Good,0.001816000045053969,#1b5e20
41,10,3.9598397412863813,11.530460738556005,609.7567194622671,630,2.003065048044928e-05,4.006130096089855e-06,8.000000537982757,10.000000159684692,False,False,Good,0.005040000338929137,#1b5e20
41,11,3.9598397412863813,11.533161761275624,610.6104373471451,137,5.282270776121455e-05,1.0564541552242909e-05,8.000001418711086,10.00000042110354,False,False,Good,0.0010960001943634188,#1b5e20
41,12,3.9598397412863813,11.535862783995244,611.4389363787324,836,0.0001355222856900931,2.7104457138018618e-05,8.000003639854475,10.000001080386003,False,False,Good,0.00668800304291834,#1b5e20
41,13,3.9598397412863813,11.538563806714864,612.1799117885057,838,0.00033827135758631035,6.765427151726207e-05,8.000009085284448,10.000002696705108,False,False,Good,0.006704007613468368,#1b5e20
41,14,3.9598397412863813,11.541264829434482,612.772017445203,631,0.0008214557724158953,0.00016429115448317907,8.000022062640499,10.000006548659615,False,False,Good,0.0050480139215261545,#1b5e20
41,15,3.9598397412863813,11.543965852154102,613.1651279084444,651,0.0019407410675387421,0.00038814821350774837,8.000052124379563,10.000015471621332,False,False,Good,0.005208033932971095,#1b5e20
41,16,3.9598397412863813,11.54666687487372,613.3244707751612,729,0.004460827782540692,0.0008921655565081383,8.00011980881138,10.000035561796176,False,False,Good,0.005832087340623496,#1b5e20
41,17,3.9598397412863813,11.54936789759334,613.236651525688,982,0.009975341413918218,0.0019950682827836433,8.000267917493385,10.000079523594149,False,False,Good,0.007856263094978505,#1b5e20
41,18,3.9598397412863813,11.55206892031296,612.9114635343386,1660,0.0,0.0,8.0,10.0,False,False,Good,0.01328,#1b5e20
41,19,3.9598397412863813,11.554769943032579,612.3805162493585,749,0.0,0.0,8.0,10.0,False,False,Good,0.005992,#1b5e20
41,20,3.9598397412863813,11.557470965752199,611.6948929666588,1290,0.0,0.0,8.0,10.0,False,False,Good,0.01032,#1b5e20
41,21,3.9598397412863813,11.560171988471819,610.9184148411293,781,0.0,0.0,8.0,10.0,False,False,Good,0.006248,#1b5e20
41,22,3.9598397412863813,11.562873011191437,610.1156815759937,1010,0.0,0.0,8.0,10.0,False,False,Good,0.00808,#1b5e20
41,23,3.9598397412863813,11.565574033911057,609.3488815863968,582,0.0,0.0,8.0,10.0,False,False,Good,0.004656,#1b5e20
41,24,3.9598397412863813,11.568275056630677,608.6678272967043,739,0.0,0.0,8.0,10.0,False,False,Good,0.005912,#1b5e20
41,25,3.9598397412863813,11.570976079350295,608.1072384232838,1196,0.0,0.0,8.0,10.0,False,False,Good,0.009568,#1b5e20
41,26,3.9598397412863813,11.573677102069915,607.6895505558109,1060,0.0,0.0,8.0,10.0,False,False,Good,0.00848,#1b5e20
41,27,3.9598397412863813,11.576378124789535,607.4228051271895,1330,0.0,0.0,8.0,10.0,False,False,Good,0.01064,#1b5e20
41,28,3.9598397412863813,11.579079147509153,607.3098785023069,942,0.0,0.0,8.0,10.0,False,False,Good,0.007536,#1b5e20
41,29,3.9598397412863813,11.581780170228773,607.3450035445111,1383,0.0,0.0,8.0,10.0,False,False,Good,0.011064,#1b5e20
41,30,3.9598397412863813,11.584481192948394,607.520222314969,1151,0.0,0.0,8.0,10.0,False,False,Good,0.009208,#1b5e20
41,31,3.9598397412863813,11.587182215668012,607.8221051776134,959,0.0,0.0,8.0,10.0,False,False,Good,0.007672,#1b5e20
41,32,3.9598397412863813,11.589883238387632,608.2273829449173,789,0.0,0.0,8.0,10.0,False,False,Good,0.006312,#1b5e20
41,33,3.9598397412863813,11.592584261107252,608.7055043227017,1098,0.0,0.0,8.0,10.0,False,False,Good,0.008784,#1b5e20
41,34,3.9598397412863813,11.59528528382687,609.2125381892845,608,0.0,0.0,8.0,10.0,False,False,Good,0.004864,#1b5e20
41,35,3.9598397412863813,11.59798630654649,609.696632367378,1029,0.0,0.0,8.0,10.0,False,False,Good,0.008232,#1b5e20
41,36,3.9598397412863813,11.60068732926611,610.098723848818,540,0.0,0.0,8.0,10.0,False,False,Good,0.00432,#1b5e20
41,37,3.9598397412863813,11.603388351985728,610.3632402847122,1060,0.0,0.0,8.0,10.0,False,False,Good,0.00848,#1b5e20
41,38,3.9598397412863813,11.606089374705348,610.4455438886243,479,0.0,0.0,8.0,10.0,False,False,Good,0.003832,#1b5e20
41,39,3.9598397412863813,11.608790397424968,610.3168608118988,1018,0.0,0.0,8.0,10.0,False,False,Good,0.008144,#1b5e20
41,40,3.9598397412863813,11.611491420144587,609.9736111367655,514,0.0,0.0,8.0,10.0,False,False,Good,0.004112,#1b5e20
41,41,3.9598397412863813,11.614192442864207,609.435414052619,284,0.0,0.0,8.0,10.0,False,False,Good,0.002272,#1b5e20
41,42,3.9598397412863813,11.616893465583825,608.7413568214411,455,0.0,0.0,8.0,10.0,False,False,Good,0.00364,#1b5e20
41,43,3.9598397412863813,11.619594488303445,607.9456965266692,88,0.0,0.0,8.0,10.0,False,False,Good,0.000704,#1b5e20
41,44,3.9598397412863813,11.622295511023065,607.1060921606562,750,0.0,0.0,8.0,10.0,False,False,Good,0.006,#1b5e20
41,45,3.9598397412863813,11.624996533742683,606.2794512495102,326,0.0,0.0,8.0,10.0,False,False,Good,0.002608,#1b5e20
41,46,3.9598397412863813,11.627697556462303,605.5111830500902,280,0.0,0.0,8.0,10.0,False,False,Good,0.00224,#1b5e20
41,47,3.9598397412863813,11.630398579181923,604.8354142122357,72,0.0,0.0,8.0,10.0,False,False,Good,0.000576,#1b5e20
41,48,3.9598397412863813,11.633099601901542,604.2740389160871,278,0.0,0.0,8.0,10.0,False,False,Good,0.002224,#1b5e20
41,49,3.9598397412863813,11.635800624621162,603.8384993613579,417,0.0,0.0,8.0,10.0,False,False,Good,0.003336,#1b5e20
42,0,3.9625346748113546,11.50345051135981,607.0999639297703,50,23.74624909534124,17.809686821460645,8.63777621947259,10.709895655666196,False,False,Good,0.0004318888109736295,#1b5e20
42,1,3.9625346748113546,11.50615153407943,607.2799955159235,151,38.631646387579515,28.97373479052379,9.037567882243188,11.154895572415827,False,False,Good,0.0013646727502187213,#1b5e20
42,2,3.9625346748113546,11.508852556799049,607.3896661642995,50,1.0105733154768836e-09,2.0211466309537674e-10,8.000000000027143,10.000000000008056,False,False,Good,0.0004000000000013571,#1b5e20
42,3,3.9625346748113546,11.511553579518669,607.4636806439959,415,3.397372714785675e-09,6.794745429571351e-10,8.000000000091246,10.000000000027084,False,False,Good,0.0033200000000378673,#1b5e20
42,4,3.9625346748113546,11.514254602238289,607.5455441606678,50,1.1111764115788818e-08,2.2223528231577637e-09,8.00000000029844,10.000000000088583,False,False,Good,0.000400000000014922,#1b5e20
42,5,3.9625346748113546,11.516955624957907,607.6816248350761,603,3.535796676163972e-08,7.071593352327943e-09,8.000000000949644,10.000000000281874,False,False,Good,0.004824000000572635,#1b5e20
42,6,3.9625346748113546,11.519656647677527,607.9116360687912,432,1.0946014112776458e-07,2.1892028225552914e-08,8.000000002939878,10.000000000872618,False,False,Good,0.003456000001270027,#1b5e20
42,7,3.9625346748113546,11.522357670397147,608.2623087205225,427,3.296773989314817e-07,6.593547978629634e-08,8.000000008854467,10.000000002628195,False,False,Good,0.0034160000037808578,#1b5e20
42,8,3.9625346748113546,11.525058693116765,608.7443968241504,557,9.66021510852516e-07,1.9320430217050323e-07,8.000000025945385,10.000000007701141,False,False,Good,0.004456000014451579,#1b5e20
42,9,3.9625346748113546,11.527759715836385,609.3475037096192,411,2.7539044641613285e-06,5.507808928322657e-07,8.000000073964303,10.000000021954174,False,False,Good,0.003288000030399329,#1b5e20
42,10,3.9625346748113546,11.530460738556005,610.0426291039344,923,7.637925073671919e-06,1.5275850147343838e-06,8.000000205139218,10.00000006088967,False,False,Good,0.007384000189343498,#1b5e20
42,11,3.9625346748113546,11.533161761275624,610.7818471300293,444,2.06094483951203e-05,4.121889679024061e-06,8.000000553528098,10.000000164298879,False,False,Good,0.0035520002457664753,#1b5e20
42,12,3.9625346748113546,11.535862783995244,611.505414313105,562,5.4103055577436764e-05,1.0820611115487351e-05,8.000001453098639,10.000000431310495,False,False,Good,0.004496000816641434,#1b5e20
42,13,3.9625346748113546,11.538563806714864,612.1471767152954,652,0.00013817888040234942,2.7635776080469883e-05,8.000003711205235,10.000001101564422,False,False,Good,0.005216002419705813,#1b5e20
42,14,3.9625346748113546,11.541264829434482,612.6403752945636,357,0.00034334125977540116,6.866825195508023e-05,8.000009221451766,10.000002737122456,False,False,Good,0.00285600329205828,#1b5e20
42,15,3.9625346748113546,11.543965852154102,612.9294232859221,337,0.0008299936579724163,0.00016599873159448326,8.000022291950836,10.000006616723786,False,False,Good,0.002696007512387432,#1b5e20
42,16,3.9625346748113546,11.54666687487372,612.9753869925258,1047,0.0019520368069623976,0.00039040736139247953,8.000052427760275,10.00001556167116,False,False,Good,0.008376054891865008,#1b5e20
42,17,3.9625346748113546,11.54936789759334,612.7632554867723,781,0.0,0.0,8.0,10.0,False,False,Good,0.006248,#1b5e20
42,18,3.9625346748113546,11.55206892031296,612.3037105453723,634,0.0,0.0,8.0,10.0,False,False,Good,0.005072,#1b5e20
42,19,3.9625346748113546,11.554769943032579,611.6317698091117,979,0.0,0.0,8.0,10.0,False,False,Good,0.007832,#1b5e20
42,20,3.9625346748113546,11.557470965752199,610.8032146091168,657,0.0,0.0,8.0,10.0,False,False,Good,0.005256,#1b5e20
42,21,3.9625346748113546,11.560171988471819,609.8868581431565,769,0.0,0.0,8.0,10.0,False,False,Good,0.006152,#1b5e20
42,22,3.9625346748113546,11.562873011191437,608.9516732986178,773,0.0,0.0,8.0,10.0,False,False,Good,0.006184,#1b5e20
42,23,3.9625346748113546,11.565574033911057,608.0627055181072,1077,0.0,0.0,8.0,10.0,False,False,Good,0.008616,#1b5e20
42,24,3.9625346748113546,11.568275056630677,607.2715656936226,869,0.0,0.0,8.0,10.0,False,False,Good,0.006952,#1b5e20
42,25,3.9625346748113546,11.570976079350295,606.6137213081015,740,0.0,0.0,8.0,10.0,False,False,Good,0.00592,#1b5e20
42,26,3.9625346748113546,11.573677102069915,606.1122965904331,1165,0.0,0.0,8.0,10.0,False,False,Good,0.00932,#1b5e20
42,27,3.9625346748113546,11.576378124789535,605.7762818816356,1019,0.0,0.0,8.0,10.0,False,False,Good,0.008152,#1b5e20
42,28,3.9625346748113546,11.579079147509153,605.6101383114784,828,0.0,0.0,8.0,10.0,False,False,Good,0.006624,#1b5e20
42,29,3.9625346748113546,11.581780170228773,605.6106928884286,825,0.0,0.0,8.0,10.0,False,False,Good,0.0066,#1b5e20
42,30,3.9625346748113546,11.584481192948394,605.772940238135,1011,0.0,0.0,8.0,10.0,False,False,Good,0.008088,#1b5e20
42,31,3.9625346748113546,11.587182215668012,606.0866232229133,1474,0.0,0.0,8.0,10.0,False,False,Good,0.011792,#1b5e20
42,32,3.9625346748113546,11.589883238387632,606.5307723469955,720,0.0,0.0,8.0,10.0,False,False,Good,0.00576,#1b5e20
42,33,3.9625346748113546,11.592584261107252,607.0761838236568,913,0.0,0.0,8.0,10.0,False,False,Good,0.007304,#1b5e20
42,34,3.9625346748113546,11.59528528382687,607.6782143234428,1265,0.0,0.0,8.0,10.0,False,False,Good,0.01012,#1b5e20
42,35,3.9625346748113546,11.59798630654649,608.2822356231006,629,0.0,0.0,8.0,10.0,False,False,Good,0.005032,#1b5e20
42,36,3.9625346748113546,11.60068732926611,608.8241634065048,695,0.0,0.0,8.0,10.0,False,False,Good,0.00556,#1b5e20
42,37,3.9625346748113546,11.603388351985728,609.2417075769591,572,0.0,0.0,8.0,10.0,False,False,Good,0.004576,#1b5e20
42,38,3.9625346748113546,11.606089374705348,609.4820775347297,50,0.0,0.0,8.0,10.0,False,False,Good,0.0004,#1b5e20
42,39,3.9625346748113546,11.608790397424968,609.5081635619766,335,0.0,0.0,8.0,10.0,False,False,Good,0.00268,#1b5e20
42,40,3.9625346748113546,11.611491420144587,609.3085811737809,555,0.0,0.0,8.0,10.0,False,False,Good,0.00444,#1b5e20
42,41,3.9625346748113546,11.614192442864207,608.8967889568867,117,0.0,0.0,8.0,10.0,False,False,Good,0.000936,#1b5e20
42,42,3.9625346748113546,11.616893465583825,608.3082509501126,534,0.0,0.0,8.0,10.0,False,False,Good,0.004272,#1b5e20
42,43,3.9625346748113546,11.619594488303445,607.5959365536479,97,0.0,0.0,8.0,10.0,False,False,Good,0.000776,#1b5e20
42,44,3.9625346748113546,11.622295511023065,606.819007920839,742,0.0,0.0,8.0,10.0,False,False,Good,0.005936,#1b5e20
42,45,3.9625346748113546,11.624996533742683,606.0375909732871,50,0.0,0.0,8.0,10.0,False,False,Good,0.0004,#1b5e20
42,46,3.9625346748113546,11.627697556462303,605.3015308031338,355,0.0,0.0,8.0,10.0,False,False,Good,0.00284,#1b5e20
42,47,3.9625346748113546,11.630398579181923,604.649540735919,661,0.0,0.0,8.0,10.0,False,False,Good,0.005288,#1b5e20
42,48,3.9625346748113546,11.633099601901542,604.1077901019192,50,0.0,0.0,8.0,10.0,False,False,Good,0.0004,#1b5e20
42,49,3.9625346748113546,11.635800624621162,603.6908173980282,454,0.0,0.0,8.0,10.0,False,False,Good,0.003632,#1b5e20
43,0,3.9652296083363274,11.50345051135981,608.6067464391169,139,14.297095881412183,10.722821911045783,8.383991076825398,10.427412607950027,False,False,Good,0.0011653747596787303,#1b5e20
43,1,3.9652296083363274,11.50615153407943,608.7460388613589,143,8.824932942839867e-11,1.7649865885679735e-11,8.00000000000237,10.000000000000703,False,False,Good,0.0011440000000003388,#1b5e20
43,2,3.9652296083363274,11.508852556799049,608.7913925463456,848,3.120237836327772e-10,6.240475672655543e-11,8.00000000000838,10.000000000002487,False,False,Good,0.006784000000007106,#1b5e20
43,3,3.9652296083363274,11.511553579518669,608.7783095040481,317,1.0733180536729652e-09,2.1466361073459306e-10,8.000000000028827,10.000000000008557,False,False,Good,0.002536000000009138,#1b5e20
43,4,3.9652296083363274,11.514254602238289,608.7521367139403,274,3.591977609370751e-09,7.183955218741503e-10,8.000000000096474,10.000000000028635,False,False,Good,0.002192000000026434,#1b5e20
43,5,3.9652296083363274,11.516955624957907,608.7628593651249,334,1.1695081644125178e-08,2.3390163288250355e-09,8.000000000314106,10.000000000093234,False,False,Good,0.0026720000001049116,#1b5e20
43,6,3.9652296083363274,11.519656647677527,608.8557923011709,225,3.70456608049903e-08,7.40913216099806e-09,8.000000000994971,10.000000000295328,False,False,Good,0.0018000000002238684,#1b5e20
43,7,3.9652296083363274,11.522357670397147,609.0644669023504,594,1.1416576331108089e-07,2.2833152662216177e-08,8.000000003066262,10.00000000091013,False,False,Good,0.004752000001821359,#1b5e20
43,8,3.9652296083363274,11.525058693116765,609.4070930494763,395,3.422936750249622e-07,6.845873500499243e-08,8.000000009193316,10.000000002728772,False,False,Good,0.00316000000363136,#1b5e20
43,9,3.9652296083363274,11.527759715836385,609.8797215251332,175,9.984499844327996e-07,1.996899968865599e-07,8.000000026816346,10.000000007959661,False,False,Good,0.0014000000046928605,#1b5e20
43,10,3.9652296083363274,11.530460738556005,610.4575800147593,458,2.833467304425993e-06,5.666934608851986e-07,8.0000000761012,10.00000002258845,False,False,Good,0.0036640000348543496,#1b5e20
43,11,3.9652296083363274,11.533161761275624,611.093467102564,733,7.823021927412364e-06,1.5646043854824727e-06,8.000000210110546,10.000000062365267,False,False,Good,0.00586400015401103,#1b5e20
43,12,3.9652296083363274,11.535862783995244,611.7251171879965,268,2.1013352226042055e-05,4.2026704452084115e-06,8.000000564376137,10.000000167518808,False,False,Good,0.0021440001512528046,#1b5e20
43,13,3.9652296083363274,11.538563806714864,612.2808885754699,716,5.491368443641256e-05,1.0982736887282512e-05,8.00000147487049,10.000000437772842,False,False,Good,0.005728001056007272,#1b5e20
43,14,3.9652296083363274,11.541264829434482,612.6870280123127,1108,0.00013961442047525187,2.792288409505037e-05,8.000003749760937,10.000001113008572,False,False,Good,0.008864004154735119,#1b5e20
43,15,3.9652296083363274,11.543965852154102,612.8813913838142,457,0.0003453380425439033,6.906760850878064e-05,8.000009275081313,10.000002753040844,False,False,Good,0.00365600423871216,#1b5e20
43,16,3.9652296083363274,11.54666687487372,612.8203880124405,433,0.0,0.0,8.0,10.0,False,False,Good,0.003464,#1b5e20
43,17,3.9652296083363274,11.54936789759334,612.4876751521589,1145,0.0,0.0,8.0,10.0,False,False,Good,0.00916,#1b5e20
43,18,3.9652296083363274,11.55206892031296,611.8957322662121,407,0.0,0.0,8.0,10.0,False,False,Good,0.003256,#1b5e20
43,19,3.9652296083363274,11.554769943032579,611.0844452779828,679,0.0,0.0,8.0,10.0,False,False,Good,0.005432,#1b5e20
43,20,3.9652296083363274,11.557470965752199,610.1158146597696,645,0.0,0.0,8.0,10.0,False,False,Good,0.00516,#1b5e20
43,21,3.9652296083363274,11.560171988471819,609.0649153370538,556,0.0,0.0,8.0,10.0,False,False,Good,0.004448,#1b5e20
43,22,3.9652296083363274,11.562873011191437,608.0058025636803,564,0.0,0.0,8.0,10.0,False,False,Good,0.004512,#1b5e20
43,23,3.9652296083363274,11.565574033911057,607.0061864165986,620,0.0,0.0,8.0,10.0,False,False,Good,0.00496,#1b5e20
43,24,3.9652296083363274,11.568275056630677,606.1184419417943,494,0.0,0.0,8.0,10.0,False,False,Good,0.003952,#1b5e20
43,25,3.9652296083363274,11.570976079350295,605.3769292298518,1050,0.0,0.0,8.0,10.0,False,False,Good,0.0084,#1b5e20
43,26,3.9652296083363274,11.573677102069915,604.8031007453749,1172,0.0,0.0,8.0,10.0,False,False,Good,0.009376,#1b5e20
43,27,3.9652296083363274,11.576378124789535,604.4044289817281,499,0.0,0.0,8.0,10.0,False,False,Good,0.003992,#1b5e20
43,28,3.9652296083363274,11.579079147509153,604.1847471664814,328,0.0,0.0,8.0,10.0,False,False,Good,0.002624,#1b5e20
43,29,3.9652296083363274,11.581780170228773,604.1419264642465,1021,0.0,0.0,8.0,10.0,False,False,Good,0.008168,#1b5e20
43,30,3.9652296083363274,11.584481192948394,604.2733316700081,801,0.0,0.0,8.0,10.0,False,False,Good,0.006408,#1b5e20
43,31,3.9652296083363274,11.587182215668012,604.5723874448074,596,0.0,0.0,8.0,10.0,False,False,Good,0.004768,#1b5e20
43,32,3.9652296083363274,11.589883238387632,605.0219655056322,346,0.0,0.0,8.0,10.0,False,False,Good,0.002768,#1b5e20
43,33,3.9652296083363274,11.592584261107252,605.5965099423759,199,0.0,0.0,8.0,10.0,False,False,Good,0.001592,#1b5e20
43,34,3.9652296083363274,11.59528528382687,606.2535437566122,333,0.0,0.0,8.0,10.0,False,False,Good,0.002664,#1b5e20
43,35,3.9652296083363274,11.59798630654649,606.9386432691977,626,0.0,0.0,8.0,10.0,False,False,Good,0.005008,#1b5e20
43,36,3.9652296083363274,11.60068732926611,607.5854547494184,874,0.0,0.0,8.0,10.0,False,False,Good,0.006992,#1b5e20
43,37,3.9652296083363274,11.603388351985728,608.1271338356422,831,0.0,0.0,8.0,10.0,False,False,Good,0.006648,#1b5e20
43,38,3.9652296083363274,11.606089374705348,608.5040186911557,307,0.0,0.0,8.0,10.0,False,False,Good,0.002456,#1b5e20
43,39,3.9652296083363274,11.608790397424968,608.6710256063145,99,0.0,0.0,8.0,10.0,False,False,Good,0.000792,#1b5e20
43,40,3.9652296083363274,11.611491420144587,608.608293941257,443,0.0,0.0,8.0,10.0,False,False,Good,0.003544,#1b5e20
43,41,3.9652296083363274,11.614192442864207,608.3216747937371,314,0.0,0.0,8.0,10.0,False,False,Good,0.002512,#1b5e20
43,42,3.9652296083363274,11.616893465583825,607.8410864650377,50,0.0,0.0,8.0,10.0,False,False,Good,0.0004,#1b5e20
43,43,3.9652296083363274,11.619594488303445,607.2161381730249,209,0.0,0.0,8.0,10.0,False,False,Good,0.001672,#1b5e20
43,44,3.9652296083363274,11.622295511023065,606.5058033082975,50,0.0,0.0,8.0,10.0,False,False,Good,0.0004,#1b5e20
43,45,3.9652296083363274,11.624996533742683,605.7722726352505,756,0.0,0.0,8.0,10.0,False,False,Good,0.006048,#1b5e20
43,46,3.9652296083363274,11.627697556462303,605.0694416887665,660,0.0,0.0,8.0,10.0,False,False,Good,0.00528,#1b5e20
43,47,3.9652296083363274,11.630398579181923,604.4408628534218,526,0.0,0.0,8.0,10.0,False,False,Good,0.004208,#1b5e20
43,48,3.9652296083363274,11.633099601901542,603.917659307276,300,0.0,0.0,8.0,10.0,False,False,Good,0.0024,#1b5e20
43,49,3.9652296083363274,11.635800624621162,603.5181765394657,333,0.0,0.0,8.0,10.0,False,False,Good,0.002664,#1b5e20
44,0,3.9679245418613007,11.50345051135981,610.2080865399878,170,6.967086278551825e-12,1.3934172557103648e-12,8.000000000000187,10.000000000000055,False,False,Good,0.0013600000000000315,#1b5e20
44,1,3.9679245418613007,11.50615153407943,610.3044477731239,255,2.590767200631685e-11,5.181534401263369e-12,8.000000000000696,10.000000000000206,False,False,Good,0.0020400000000001775,#1b5e20
44,2,3.9679245418613007,11.508852556799049,610.2809027106227,126,9.372814944048693e-11,1.874562988809739e-11,8.000000000002517,10.000000000000748,False,False,Good,0.0010080000000003172,#1b5e20
44,3,3.9679245418613007,11.511553579518669,610.1744036071985,403,3.2989531310135247e-10,6.59790626202705e-11,8.00000000000886,10.00000000000263,False,False,Good,0.003224000000003571,#1b5e20
44,4,3.9679245418613007,11.514254602238289,610.0330874893514,501,1.1296572639569361e-09,2.2593145279138722e-10,8.00000000003034,10.000000000009006,False,False,Good,0.004008000000015201,#1b5e20
44,5,3.9679245418613007,11.516955624957907,609.9116822161554,458,3.763411467186775e-09,7.526822934373549e-10,8.000000000101078,10.000000000030003,False,False,Good,0.003664000000046294,#1b5e20
44,6,3.9679245418613007,11.519656647677527,609.8622697559242,50,1.2197790199284623e-08,2.4395580398569244e-09,8.000000000327608,10.000000000097241,False,False,Good,0.0004000000000163804,#1b5e20
44,7,3.9679245418613007,11.522357670397147,609.9262525751689,251,3.8463169205617006e-08,7.6926338411234e-09,8.000000001033042,10.00000000030663,False,False,Good,0.0020080000002592937,#1b5e20
44,8,3.9679245418613007,11.525058693116765,610.1300760470957,215,1.1799766746147803e-07,2.35995334922956e-08,8.000000003169179,10.000000000940679,False,False,Good,0.0017200000006813733,#1b5e20
44,9,3.9679245418613007,11.527759715836385,610.4766173350508,321,3.5218124966225954e-07,7.04362499324519e-08,8.000000009458876,10.000000002807594,False,False,Good,0.0025680000030362995,#1b5e20
44,10,3.9679245418613007,11.530460738556005,610.9451655645114,408,1.0226416783882252e-06,2.0452833567764503e-07,8.000000027466086,10.000000008152517,False,False,Good,0.0032640000112061636,#1b5e20
44,11,3.9679245418613007,11.533161761275624,611.4886788128186,340,2.8889844084823607e-06,5.77796881696472e-07,8.000000077592277,10.000000023031033,False,False,Good,0.0027200000263813743,#1b5e20
44,12,3.9679245418613007,11.535862783995244,612.0414008515187,205,7.94019847205193e-06,1.5880396944103856e-06,8.000000213257671,10.0000000632994,False,False,Good,0.0016400000437178225,#1b5e20
44,13,3.9679245418613007,11.538563806714864,612.5250798688081,50,2.1231563112712706e-05,4.246312622542541e-06,8.00000057023684,10.000000169258389,False,False,Good,0.00040000002851184205,#1b5e20
44,14,3.9679245418613007,11.541264829434482,612.8578718335178,803,5.523279625849534e-05,1.1046559251699067e-05,8.000001483441189,10.000000440316807,False,False,Good,0.006424001191203274,#1b5e20
44,15,3.9679245418613007,11.543965852154102,612.9703094908838,682,0.0,0.0,8.0,10.0,False,False,Good,0.005456,#1b5e20
44,16,3.9679245418613007,11.54666687487372,612.8137546165183,649,0.0,0.0,8.0,10.0,False,False,Good,0.005192,#1b5e20
44,17,3.9679245418613007,11.54936789759334,612.3706256486488,446,0.0,0.0,8.0,10.0,False,False,Good,0.003568,#1b5e20
44,18,3.9679245418613007,11.55206892031296,611.6556646380417,97,0.0,0.0,8.0,10.0,False,False,Good,0.000776,#1b5e20
44,19,3.9679245418613007,11.554769943032579,610.7144385907877,1123,0.0,0.0,8.0,10.0,False,False,Good,0.008984,#1b5e20
44,20,3.9679245418613007,11.557470965752199,609.6159744785473,855,0.0,0.0,8.0,10.0,False,False,Good,0.00684,#1b5e20
44,21,3.9679245418613007,11.560171988471819,608.4422289938161,1002,0.0,0.0,8.0,10.0,False,False,Good,0.008016,#1b5e20
44,22,3.9679245418613007,11.562873011191437,607.2725754833306,942,0.0,0.0,8.0,10.0,False,False,Good,0.007536,#1b5e20
44,23,3.9679245418613007,11.565574033911057,606.1770190888849,1295,0.0,0.0,8.0,10.0,False,False,Good,0.01036,#1b5e20
44,24,3.9679245418613007,11.568275056630677,605.2077660634761,724,0.0,0.0,8.0,10.0,False,False,Good,0.005792,#1b5e20
44,25,3.9679245418613007,11.570976079350295,604.3965988472534,518,0.0,0.0,8.0,10.0,False,False,Good,0.004144,#1b5e20
44,26,3.9679245418613007,11.573677102069915,603.7615127731075,671,0.0,0.0,8.0,10.0,False,False,Good,0.005368,#1b5e20
44,27,3.9679245418613007,11.576378124789535,603.3066521043411,547,0.0,0.0,8.0,10.0,False,False,Good,0.004376,#1b5e20
44,28,3.9679245418613007,11.579079147509153,603.0336326213595,827,0.0,0.0,8.0,10.0,False,False,Good,0.006616,#1b5e20
44,29,3.9679245418613007,11.581780170228773,602.9402739675489,1079,0.0,0.0,8.0,10.0,False,False,Good,0.008632,#1b5e20
44,30,3.9679245418613007,11.584481192948394,603.0259375156699,815,0.0,0.0,8.0,10.0,False,False,Good,0.00652,#1b5e20
44,31,3.9679245418613007,11.587182215668012,603.2881395901827,672,0.0,0.0,8.0,10.0,False,False,Good,0.005376,#1b5e20
44,32,3.9679245418613007,11.589883238387632,603.7147537375747,941,0.0,0.0,8.0,10.0,False,False,Good,0.007528,#1b5e20
44,33,3.9679245418613007,11.592584261107252,604.285554626509,1174,0.0,0.0,8.0,10.0,False,False,Good,0.009392,#1b5e20
44,34,3.9679245418613007,11.59528528382687,604.9623677073822,599,0.0,0.0,8.0,10.0,False,False,Good,0.004792,#1b5e20
44,35,3.9679245418613007,11.59798630654649,605.6932210190823,362,0.0,0.0,8.0,10.0,False,False,Good,0.002896,#1b5e20
44,36,3.9679245418613007,11.60068732926611,606.4116448874217,538,0.0,0.0,8.0,10.0,False,False,Good,0.004304,#1b5e20
44,37,3.9679245418613007,11.603388351985728,607.0480420129359,50,0.0,0.0,8.0,10.0,False,False,Good,0.0004,#1b5e20
44,38,3.9679245418613007,11.606089374705348,607.5371260471219,50,0.0,0.0,8.0,10.0,False,False,Good,0.0004,#1b5e20
44,39,3.9679245418613007,11.608790397424968,607.8264609207449,452,0.0,0.0,8.0,10.0,False,False,Good,0.003616,#1b5e20
44,40,3.9679245418613007,11.611491420144587,607.8875835715533,333,0.0,0.0,8.0,10.0,False,False,Good,0.002664,#1b5e20
44,41,3.9679245418613007,11.614192442864207,607.7179851444305,515,0.0,0.0,8.0,10.0,False,False,Good,0.00412,#1b5e20
44,42,3.9679245418613007,11.616893465583825,607.340847391379,50,0.0,0.0,8.0,10.0,False,False,Good,0.0004,#1b5e20
44,43,3.9679245418613007,11.619594488303445,606.8009954657242,898,0.0,0.0,8.0,10.0,False,False,Good,0.007184,#1b5e20
44,44,3.9679245418613007,11.622295511023065,606.1559559430393,56,0.0,0.0,8.0,10.0,False,False,Good,0.000448,#1b5e20
44,45,3.9679245418613007,11.624996533742683,605.4690485692678,608,0.0,0.0,8.0,10.0,False,False,Good,0.004864,#1b5e20
44,46,3.9679245418613007,11.627697556462303,604.7977962339844,50,0.0,0.0,8.0,10.0,False,False,Good,0.0004,#1b5e20
44,47,3.9679245418613007,11.630398579181923,604.1906355674067,516,0.0,0.0,8.0,10.0,False,False,Good,0.004128,#1b5e20
44,48,3.9679245418613007,11.633099601901542,603.6840256025703,179,0.0,0.0,8.0,10.0,False,False,Good,0.001432,#1b5e20
44,49,3.9679245418613007,11.635800624621162,603.3005576694486,50,0.0,0.0,8.0,10.0,False,False,Good,0.0004,#1b5e20
45,0,3.9706194753862736,11.50345051135981,611.803730886244,219,1.9447566651747664e-12,3.889513330349533e-13,8.000000000000052,10.000000000000016,False,False,Good,0.0017520000000000114,#1b5e20
45,1,3.9706194753862736,11.50615153407943,611.8565118470892,419,7.399593078437089e-12,1.4799186156874177e-12,8.000000000000199,10.000000000000059,False,False,Good,0.003352000000000083,#1b5e20
45,2,3.9706194753862736,11.508852556799049,611.7624101967899,455,2.7391439553834804e-11,5.4782879107669606e-12,8.000000000000735,10.000000000000218,False,False,Good,0.003640000000000335,#1b5e20
45,3,3.9706194753862736,11.511553579518669,611.5602850990884,50,9.864755544523315e-11,1.9729511089046628e-11,8.00000000000265,10.000000000000787,False,False,Good,0.0004000000000001325,#1b5e20
45,4,3.9706194753862736,11.514254602238289,611.3016940022861,547,3.4563860913441786e-10,6.912772182688357e-11,8.000000000009283,10.000000000002755,False,False,Good,0.004376000000005078,#1b5e20
45,5,3.9706194753862736,11.516955624957907,611.0468033228174,503,1.178209773216934e-09,2.3564195464338677e-10,8.000000000031644,10.000000000009393,False,False,Good,0.004024000000015917,#1b5e20
45,6,3.9706194753862736,11.519656647677527,610.8551028674643,540,3.9073961449686925e-09,7.814792289937385e-10,8.000000000104945,10.00000000003115,False,False,Good,0.004320000000056671,#1b5e20
45,7,3.9706194753862736,11.522357670397147,610.7764050090874,708,1.2607144112705161e-08,2.5214288225410324e-09,8.000000000338602,10.000000000100504,False,False,Good,0.00566400000023973,#1b5e20
45,8,3.9706194753862736,11.525058693116765,610.8457043388064,506,3.957404485545191e-08,7.91480897109038e-09,8.00000000106288,10.000000000315485,False,False,Good,0.004048000000537817,#1b5e20
45,9,3.9706194753862736,11.527759715836385,611.0727977549504,1231,1.2085611149826982e-07,2.4171222299653962e-08,8.000000003245951,10.000000000963468,False,False,Good,0.009848000003995765,#1b5e20
45,10,3.9706194753862736,11.530460738556005,611.4408550075464,289,3.5908002176571607e-07,7.18160043531432e-08,8.000000009644163,10.000000002862592,False,False,Good,0.0023120000027871627,#1b5e20
45,11,3.9706194753862736,11.533161761275624,611.9026986018033,50,1.0379545083374721e-06,2.0759090166749437e-07,8.000000027877359,10.000000008274592,False,False,Good,0.00040000000139386795,#1b5e20
45,12,3.9706194753862736,11.535862783995244,612.3886368403801,624,2.918971449258383e-06,5.837942898516765e-07,8.000000078397669,10.000000023270092,False,False,Good,0.004992000048920146,#1b5e20
45,13,3.9706194753862736,11.538563806714864,612.8133701777092,161,7.986303775593116e-06,1.5972607551186233e-06,8.000000214495966,10.000000063666953,False,False,Good,0.0012880000345338505,#1b5e20
45,14,3.9706194753862736,11.541264829434482,613.0865689382105,599,0.0,0.0,8.0,10.0,False,False,Good,0.004792,#1b5e20
45,15,3.9706194753862736,11.543965852154102,613.1312107100009,720,0.0,0.0,8.0,10.0,False,False,Good,0.00576,#1b5e20
45,16,3.9706194753862736,11.54666687487372,612.8934957997135,547,0.0,0.0,8.0,10.0,False,False,Good,0.004376,#1b5e20
45,17,3.9706194753862736,11.54936789759334,612.3546153320071,1027,0.0,0.0,8.0,10.0,False,False,Good,0.008216,#1b5e20
45,18,3.9706194753862736,11.55206892031296,611.5316502907655,466,0.0,0.0,8.0,10.0,False,False,Good,0.003728,#1b5e20
45,19,3.9706194753862736,11.554769943032579,610.4760004661188,1208,0.0,0.0,8.0,10.0,False,False,Good,0.009664,#1b5e20
45,20,3.9706194753862736,11.557470965752199,609.2637858754568,1056,0.0,0.0,8.0,10.0,False,False,Good,0.008448,#1b5e20
45,21,3.9706194753862736,11.560171988471819,607.9837903179096,829,0.0,0.0,8.0,10.0,False,False,Good,0.006632,#1b5e20
45,22,3.9706194753862736,11.562873011191437,606.720469482416,188,0.0,0.0,8.0,10.0,False,False,Good,0.001504,#1b5e20
45,23,3.9706194753862736,11.565574033911057,605.5456321196493,681,0.0,0.0,8.0,10.0,False,False,Good,0.005448,#1b5e20
45,24,3.9706194753862736,11.568275056630677,604.5105827803628,319,0.0,0.0,8.0,10.0,False,False,Good,0.002552,#1b5e20
45,25,3.9706194753862736,11.570976079350295,603.6435784511871,518,0.0,0.0,8.0,10.0,False,False,Good,0.004144,#1b5e20
45,26,3.9706194753862736,11.573677102069915,602.9580856132645,847,0.0,0.0,8.0,10.0,False,False,Good,0.006776,#1b5e20
45,27,3.9706194753862736,11.576378124789535,602.4538795745259,272,0.0,0.0,8.0,10.0,False,False,Good,0.002176,#1b5e20
45,28,3.9706194753862736,11.579079147509153,602.1294591587736,732,0.0,0.0,8.0,10.0,False,False,Good,0.005856,#1b5e20
45,29,3.9706194753862736,11.581780170228773,601.9819540787398,283,0.0,0.0,8.0,10.0,False,False,Good,0.002264,#1b5e20
45,30,3.9706194753862736,11.584481192948394,602.0124894058866,630,0.0,0.0,8.0,10.0,False,False,Good,0.00504,#1b5e20
45,31,3.9706194753862736,11.587182215668012,602.2228592817625,244,0.0,0.0,8.0,10.0,False,False,Good,0.001952,#1b5e20
45,32,3.9706194753862736,11.589883238387632,602.6065586702565,50,0.0,0.0,8.0,10.0,False,False,Good,0.0004,#1b5e20
45,33,3.9706194753862736,11.592584261107252,603.1495978728786,945,0.0,0.0,8.0,10.0,False,False,Good,0.00756,#1b5e20
45,34,3.9706194753862736,11.59528528382687,603.819340093243,1257,0.0,0.0,8.0,10.0,False,False,Good,0.010056,#1b5e20
45,35,3.9706194753862736,11.59798630654649,604.5676435868247,450,0.0,0.0,8.0,10.0,False,False,Good,0.0036,#1b5e20
45,36,3.9706194753862736,11.60068732926611,605.3293703907589,768,0.0,0.0,8.0,10.0,False,False,Good,0.006144,#1b5e20
45,37,3.9706194753862736,11.603388351985728,606.0335306560231,50,0.0,0.0,8.0,10.0,False,False,Good,0.0004,#1b5e20
45,38,3.9706194753862736,11.606089374705348,606.6103782796683,242,0.0,0.0,8.0,10.0,False,False,Good,0.001936,#1b5e20
45,39,3.9706194753862736,11.608790397424968,607.0009858001373,448,0.0,0.0,8.0,10.0,False,False,Good,0.003584,#1b5e20
45,40,3.9706194753862736,11.611491420144587,607.1687229063394,555,0.0,0.0,8.0,10.0,False,False,Good,0.00444,#1b5e20
45,41,3.9706194753862736,11.614192442864207,607.1027131825603,158,0.0,0.0,8.0,10.0,False,False,Good,0.001264,#1b5e20
45,42,3.9706194753862736,11.616893465583825,606.8190060514895,50,0.0,0.0,8.0,10.0,False,False,Good,0.0004,#1b5e20
45,43,3.9706194753862736,11.619594488303445,606.3569506203958,50,0.0,0.0,8.0,10.0,False,False,Good,0.0004,#1b5e20
45,44,3.9706194753862736,11.622295511023065,605.7718600367483,595,0.0,0.0,8.0,10.0,False,False,Good,0.00476,#1b5e20
45,45,3.9706194753862736,11.624996533742683,605.1274907642891,679,0.0,0.0,8.0,10.0,False,False,Good,0.005432,#1b5e20
45,46,3.9706194753862736,11.627697556462303,604.484515414069,214,0.0,0.0,8.0,10.0,False,False,Good,0.001712,#1b5e20
45,47,3.9706194753862736,11.630398579181923,603.8960369178824,367,0.0,0.0,8.0,10.0,False,False,Good,0.002936,#1b5e20
45,48,3.9706194753862736,11.633099601901542,603.403851729457,112,0.0,0.0,8.0,10.0,False,False,Good,0.000896,#1b5e20
45,49,3.9706194753862736,11.635800624621162,603.0348905552271,150,0.0,0.0,8.0,10.0,False,False,Good,0.0012,#1b5e20
46,0,3.9733144089112464,11.50345051135981,613.272977000333,460,5.281311937133311e-13,1.0562623874266622e-13,8.000000000000014,10.000000000000004,False,False,Good,0.003680000000000006,#1b5e20
46,1,3.9733144089112464,11.50615153407943,613.2836858341869,510,2.0561261469394195e-12,4.1122522938788384e-13,8.000000000000055,10.000000000000016,False,False,Good,0.004080000000000028,#1b5e20
46,2,3.9733144089112464,11.508852556799049,613.1214954806405,58,7.787931858771034e-12,1.5575863717542066e-12,8.00000000000021,10.000000000000062,False,False,Good,0.00046400000000001215,#1b5e20
46,3,3.9733144089112464,11.511553579518669,612.8273534593537,454,2.8698485662283036e-11,5.739697132456608e-12,8.000000000000771,10.00000000000023,False,False,Good,0.0036320000000003502,#1b5e20
46,4,3.9733144089112464,11.514254602238289,612.4564346633663,236,1.028869444129112e-10,2.057738888258224e-11,8.000000000002764,10.00000000000082,False,False,Good,0.0018880000000006524,#1b5e20
46,5,3.9733144089112464,11.516955624957907,612.0744533948844,236,3.588607901035003e-10,7.177215802070006e-11,8.000000000009639,10.000000000002862,False,False,Good,0.0018880000000022746,#1b5e20
46,6,3.9733144089112464,11.519656647677527,611.7482473221057,820,1.2177445630702275e-09,2.435489126140455e-10,8.000000000032706,10.000000000009708,False,False,Good,0.0065600000000268196,#1b5e20
46,7,3.9733144089112464,11.522357670397147,611.5358564340577,313,4.02022944641052e-09,8.040458892821039e-10,8.000000000107976,10.000000000032049,False,False,Good,0.0025040000000337965,#1b5e20
46,8,3.9733144089112464,11.525058693116765,611.4804949279159,210,1.2912488034594591e-08,2.5824976069189177e-09,8.000000000346803,10.000000000102938,False,False,Good,0.0016800000000728287,#1b5e20
46,9,3.9733144089112464,11.527759715836385,611.5985371826305,50,4.034906493801782e-08,8.069812987603564e-09,8.000000001083695,10.000000000321663,False,False,Good,0.00040000000005418476,#1b5e20
46,10,3.9733144089112464,11.530460738556005,611.8767397270345,866,1.2266522734739187e-07,2.453304546947837e-08,8.00000000329454,10.00000000097789,False,False,Good,0.006928000002853071,#1b5e20
46,11,3.9733144089112464,11.533161761275624,612.2677143950675,441,3.628055418479476e-07,7.256110836958952e-08,8.000000009744223,10.000000002892293,False,False,Good,0.0035280000042972022,#1b5e20
46,12,3.9733144089112464,11.535862783995244,612.6979264820476,647,1.0439767030783958e-06,2.0879534061567916e-07,8.000000028039103,10.0000000083226,False,False,Good,0.0051760000181413,#1b5e20
46,13,3.9733144089112464,11.538563806714864,613.0753352956355,132,0.0,0.0,8.0,10.0,False,False,Good,0.001056,#1b5e20
46,14,3.9733144089112464,11.541264829434482,613.3015317902631,50,0.0,0.0,8.0,10.0,False,False,Good,0.0004,#1b5e20
46,15,3.9733144089112464,11.543965852154102,613.2923465959059,787,0.0,0.0,8.0,10.0,False,False,Good,0.006296,#1b5e20
46,16,3.9733144089112464,11.54666687487372,612.9890875166664,50,0.0,0.0,8.0,10.0,False,False,Good,0.0004,#1b5e20
46,17,3.9733144089112464,11.54936789759334,612.3717376262849,811,0.0,0.0,8.0,10.0,False,False,Good,0.006488,#1b5e20
46,18,3.9733144089112464,11.55206892031296,611.4594802184911,478,0.0,0.0,8.0,10.0,False,False,Good,0.003824,#1b5e20
46,19,3.9733144089112464,11.554769943032579,610.3090840116053,871,0.0,0.0,8.0,10.0,False,False,Good,0.006968,#1b5e20
46,20,3.9733144089112464,11.557470965752199,609.003135408148,673,0.0,0.0,8.0,10.0,False,False,Good,0.005384,#1b5e20
46,21,3.9733144089112464,11.560171988471819,607.6365663775077,50,0.0,0.0,8.0,10.0,False,False,Good,0.0004,#1b5e20
46,22,3.9733144089112464,11.562873011191437,606.2982701478304,162,0.0,0.0,8.0,10.0,False,False,Good,0.001296,#1b5e20
46,23,3.9733144089112464,11.565574033911057,605.0613279362375,1442,0.0,0.0,8.0,10.0,False,False,Good,0.011536,#1b5e20
46,24,3.9733144089112464,11.568275056630677,603.9757023011643,489,0.0,0.0,8.0,10.0,False,False,Good,0.003912,#1b5e20
46,25,3.9733144089112464,11.570976079350295,603.065792219228,1255,0.0,0.0,8.0,10.0,False,False,Good,0.01004,#1b5e20
46,26,3.9733144089112464,11.573677102069915,602.3402481123334,627,0.0,0.0,8.0,10.0,False,False,Good,0.005016,#1b5e20
46,27,3.9733144089112464,11.576378124789535,601.7942392478931,860,0.0,0.0,8.0,10.0,False,False,Good,0.00688,#1b5e20
46,28,3.9733144089112464,11.579079147509153,601.4229296747995,600,0.0,0.0,8.0,10.0,False,False,Good,0.0048,#1b5e20
46,29,3.9733144089112464,11.581780170228773,601.2225285350835,795,0.0,0.0,8.0,10.0,False,False,Good,0.00636,#1b5e20
46,30,3.9733144089112464,11.584481192948394,601.1957487909666,645,0.0,0.0,8.0,10.0,False,False,Good,0.00516,#1b5e20
46,31,3.9733144089112464,11.587182215668012,601.3485256306237,1017,0.0,0.0,8.0,10.0,False,False,Good,0.008136,#1b5e20
46,32,3.9733144089112464,11.589883238387632,601.6799607093664,733,0.0,0.0,8.0,10.0,False,False,Good,0.005864,#1b5e20
46,33,3.9733144089112464,11.592584261107252,602.1823634850398,735,0.0,0.0,8.0,10.0,False,False,Good,0.00588,#1b5e20
46,34,3.9733144089112464,11.59528528382687,602.8289217954296,799,0.0,0.0,8.0,10.0,False,False,Good,0.006392,#1b5e20
46,35,3.9733144089112464,11.59798630654649,603.5758080868017,526,0.0,0.0,8.0,10.0,False,False,Good,0.004208,#1b5e20
46,36,3.9733144089112464,11.60068732926611,604.3599371755998,528,0.0,0.0,8.0,10.0,False,False,Good,0.004224,#1b5e20
46,37,3.9733144089112464,11.603388351985728,605.1098227660513,845,0.0,0.0,8.0,10.0,False,False,Good,0.00676,#1b5e20
46,38,3.9733144089112464,11.606089374705348,605.7523056123357,735,0.0,0.0,8.0,10.0,False,False,Good,0.00588,#1b5e20
46,39,3.9733144089112464,11.608790397424968,606.2230202965834,363,0.0,0.0,8.0,10.0,False,False,Good,0.002904,#1b5e20
46,40,3.9733144089112464,11.611491420144587,606.4781176095004,434,0.0,0.0,8.0,10.0,False,False,Good,0.003472,#1b5e20
46,41,3.9733144089112464,11.614192442864207,606.4990560209479,383,0.0,0.0,8.0,10.0,False,False,Good,0.003064,#1b5e20
46,42,3.9733144089112464,11.616893465583825,606.2951252666347,50,0.0,0.0,8.0,10.0,False,False,Good,0.0004,#1b5e20
46,43,3.9733144089112464,11.619594488303445,605.9002394109684,162,0.0,0.0,8.0,10.0,False,False,Good,0.001296,#1b5e20
46,44,3.9733144089112464,11.622295511023065,605.3672250130912,50,0.0,0.0,8.0,10.0,False,False,Good,0.0004,#1b5e20
46,45,3.9733144089112464,11.624996533742683,604.7598246250508,142,0.0,0.0,8.0,10.0,False,False,Good,0.001136,#1b5e20
46,46,3.9733144089112464,11.627697556462303,604.141316621105,539,0.0,0.0,8.0,10.0,False,False,Good,0.004312,#1b5e20
46,47,3.9733144089112464,11.630398579181923,603.5689611191368,385,0.0,0.0,8.0,10.0,False,False,Good,0.00308,#1b5e20
46,48,3.9733144089112464,11.633099601901542,603.0894693222846,382,0.0,0.0,8.0,10.0,False,False,Good,0.003056,#1b5e20
46,49,3.9733144089112464,11.635800624621162,602.7338227917702,50,0.0,0.0,8.0,10.0,False,False,Good,0.0004,#1b5e20
47,0,3.9760093424362197,11.50345051135981,614.4841324661523,614,1.3953425618331654e-13,2.79068512366633e-14,8.000000000000004,10.000000000000002,False,False,Good,0.0049120000000000014,#1b5e20
47,1,3.9760093424362197,11.50615153407943,614.4568906225722,554,5.558455656627693e-13,1.1116911313255383e-13,8.000000000000014,10.000000000000004,False,False,Good,0.004432000000000008,#1b5e20
47,2,3.9760093424362197,11.508852556799049,614.2341081592546,50,2.154229158098011e-12,4.308458316196022e-13,8.000000000000059,10.000000000000018,False,False,Good,0.00040000000000000295,#1b5e20
47,3,3.9760093424362197,11.511553579518669,613.8586839389712,50,8.122582015528034e-12,1.624516403105607e-12,8.000000000000218,10.000000000000064,False,False,Good,0.0004000000000000109,#1b5e20
47,4,3.9760093424362197,11.514254602238289,613.3891067817922,129,2.9796191808091185e-11,5.959238361618237e-12,8.000000000000801,10.000000000000238,False,False,Good,0.0010320000000001034,#1b5e20
47,5,3.9760093424362197,11.516955624957907,612.8960684696078,50,1.0633882768608317e-10,2.1267765537216633e-11,8.000000000002856,10.000000000000847,False,False,Good,0.0004000000000001428,#1b5e20
47,6,3.9760093424362197,11.519656647677527,612.4528832814367,93,3.692218770882478e-10,7.384437541764957e-11,8.000000000009917,10.000000000002943,False,False,Good,0.0007440000000009223,#1b5e20
47,7,3.9760093424362197,11.522357670397147,612.124784836165,604,1.2472325439496474e-09,2.494465087899295e-10,8.000000000033499,10.000000000009942,False,False,Good,0.004832000000020233,#1b5e20
47,8,3.9760093424362197,11.525058693116765,611.9620969727628,763,4.09894313729549e-09,8.197886274590981e-10,8.00000000011009,10.000000000032676,False,False,Good,0.006104000000083998,#1b5e20
47,9,3.9760093424362197,11.527759715836385,611.9868544193123,50,1.3105717540433373e-08,2.6211435080866746e-09,8.000000000351992,10.000000000104478,False,False,Good,0.00040000000001759966,#1b5e20
47,10,3.9760093424362197,11.530460738556005,612.1888658409457,352,4.076750794058728e-08,8.153501588117456e-09,8.000000001094932,10.000000000324999,False,False,Good,0.002816000000385416,#1b5e20
47,11,3.9760093424362197,11.533161761275624,612.5205680685576,750,1.233763665530201e-07,2.4675273310604022e-08,8.00000000331364,10.000000000983558,False,False,Good,0.00600000000248523,#1b5e20
47,12,3.9760093424362197,11.535862783995244,612.9051372392389,822,0.0,0.0,8.0,10.0,False,False,Good,0.006576,#1b5e20
47,13,3.9760093424362197,11.538563806714864,613.2448023830259,982,0.0,0.0,8.0,10.0,False,False,Good,0.007856,#1b5e20
47,14,3.9760093424362197,11.541264829434482,613.4342898023932,672,0.0,0.0,8.0,10.0,False,False,Good,0.005376,#1b5e20
47,15,3.9760093424362197,11.543965852154102,613.3833793097846,1060,0.0,0.0,8.0,10.0,False,False,Good,0.00848,#1b5e20
47,16,3.9760093424362197,11.54666687487372,613.0292273781256,258,0.0,0.0,8.0,10.0,False,False,Good,0.002064,#1b5e20
47,17,3.9760093424362197,11.54936789759334,612.3507638524785,679,0.0,0.0,8.0,10.0,False,False,Good,0.005432,#1b5e20
47,18,3.9760093424362197,11.55206892031296,611.3688823350222,803,0.0,0.0,8.0,10.0,False,False,Good,0.006424,#1b5e20
47,19,3.9760093424362197,11.554769943032579,610.1448072314647,50,0.0,0.0,8.0,10.0,False,False,Good,0.0004,#1b5e20
47,20,3.9760093424362197,11.557470965752199,608.7664475847521,277,0.0,0.0,8.0,10.0,False,False,Good,0.002216,#1b5e20
47,21,3.9760093424362197,11.560171988471819,607.3337446675794,255,0.0,0.0,8.0,10.0,False,False,Good,0.00204,#1b5e20
47,22,3.9760093424362197,11.562873011191437,605.939114405638,594,0.0,0.0,8.0,10.0,False,False,Good,0.004752,#1b5e20
47,23,3.9760093424362197,11.565574033911057,604.6564414763498,505,0.0,0.0,8.0,10.0,False,False,Good,0.00404,#1b5e20
47,24,3.9760093424362197,11.568275056630677,603.5342536621308,625,0.0,0.0,8.0,10.0,False,False,Good,0.005,#1b5e20
47,25,3.9760093424362197,11.570976079350295,602.593376219584,180,0.0,0.0,8.0,10.0,False,False,Good,0.00144,#1b5e20
47,26,3.9760093424362197,11.573677102069915,601.8380881720004,655,0.0,0.0,8.0,10.0,False,False,Good,0.00524,#1b5e20
47,27,3.9760093424362197,11.576378124789535,601.2594179490479,198,0.0,0.0,8.0,10.0,False,False,Good,0.001584,#1b5e20
47,28,3.9760093424362197,11.579079147509153,600.8495288588421,471,0.0,0.0,8.0,10.0,False,False,Good,0.003768,#1b5e20
47,29,3.9760093424362197,11.581780170228773,600.6037481520575,1507,0.0,0.0,8.0,10.0,False,False,Good,0.012056,#1b5e20
47,30,3.9760093424362197,11.584481192948394,600.5261327287681,305,0.0,0.0,8.0,10.0,False,False,Good,0.00244,#1b5e20
47,31,3.9760093424362197,11.587182215668012,600.6262082725417,580,0.0,0.0,8.0,10.0,False,False,Good,0.00464,#1b5e20
47,32,3.9760093424362197,11.589883238387632,600.9079931363472,938,0.0,0.0,8.0,10.0,False,False,Good,0.007504,#1b5e20
47,33,3.9760093424362197,11.592584261107252,601.3693337690937,572,0.0,0.0,8.0,10.0,False,False,Good,0.004576,#1b5e20
47,34,3.9760093424362197,11.59528528382687,601.988634805957,505,0.0,0.0,8.0,10.0,False,False,Good,0.00404,#1b5e20
47,35,3.9760093424362197,11.59798630654649,602.7260482807034,938,0.0,0.0,8.0,10.0,False,False,Good,0.007504,#1b5e20
47,36,3.9760093424362197,11.60068732926611,603.5206069085391,337,0.0,0.0,8.0,10.0,False,False,Good,0.002696,#1b5e20
47,37,3.9760093424362197,11.603388351985728,604.3008048347276,50,0.0,0.0,8.0,10.0,False,False,Good,0.0004,#1b5e20
47,38,3.9760093424362197,11.606089374705348,604.9909986752886,438,0.0,0.0,8.0,10.0,False,False,Good,0.003504,#1b5e20
47,39,3.9760093424362197,11.608790397424968,605.5225853953104,448,0.0,0.0,8.0,10.0,False,False,Good,0.003584,#1b5e20
47,40,3.9760093424362197,11.611491420144587,605.8458758137657,50,0.0,0.0,8.0,10.0,False,False,Good,0.0004,#1b5e20
47,41,3.9760093424362197,11.614192442864207,605.9359779207476,440,0.0,0.0,8.0,10.0,False,False,Good,0.00352,#1b5e20
47,42,3.9760093424362197,11.616893465583825,605.7964603272751,303,0.0,0.0,8.0,10.0,False,False,Good,0.002424,#1b5e20
47,43,3.9760093424362197,11.619594488303445,605.4564993156214,545,0.0,0.0,8.0,10.0,False,False,Good,0.00436,#1b5e20
47,44,3.9760093424362197,11.622295511023065,604.9666054317987,50,0.0,0.0,8.0,10.0,False,False,Good,0.0004,#1b5e20
47,45,3.9760093424362197,11.624996533742683,604.3902787074617,323,0.0,0.0,8.0,10.0,False,False,Good,0.002584,#1b5e20
47,46,3.9760093424362197,11.627697556462303,603.7928009179285,244,0.0,0.0,8.0,10.0,False,False,Good,0.001952,#1b5e20
47,47,3.9760093424362197,11.630398579181923,603.2348143615914,171,0.0,0.0,8.0,10.0,False,False,Good,0.001368,#1b5e20
47,48,3.9760093424362197,11.633099601901542,602.7671249969989,410,0.0,0.0,8.0,10.0,False,False,Good,0.00328,#1b5e20
47,49,3.9760093424362197,11.635800624621162,602.4241198295737,521,0.0,0.0,8.0,10.0,False,False,Good,0.004168,#1b5e20
48,0,3.9787042759611926,11.50345051135981,615.3168923672447,472,3.586594967752763e-14,7.173189935505524e-15,8.000000000000002,10.0,False,False,Good,0.0037760000000000007,#1b5e20
48,1,3.9787042759611926,11.50615153407943,615.2583252390555,294,1.4619112425498666e-13,2.9238224850997334e-14,8.000000000000004,10.000000000000002,False,False,Good,0.002352000000000001,#1b5e20
48,2,3.9787042759611926,11.508852556799049,614.9872713832978,715,5.797278014721149e-13,1.1594556029442298e-13,8.000000000000016,10.000000000000005,False,False,Good,0.0057200000000000115,#1b5e20
48,3,3.9787042759611926,11.511553579518669,614.548130513077,50,2.2366174075244847e-12,4.4732348150489693e-13,8.00000000000006,10.000000000000018,False,False,Good,0.000400000000000003,#1b5e20
48,4,3.9787042759611926,11.514254602238289,614.0019165614877,50,8.395058449615749e-12,1.6790116899231498e-12,8.000000000000226,10.000000000000068,False,False,Good,0.00040000000000001124,#1b5e20
48,5,3.9787042759611926,11.516955624957907,613.423073289222,200,3.065633255134792e-11,6.131266510269585e-12,8.000000000000824,10.000000000000245,False,False,Good,0.0016000000000001649,#1b5e20
48,6,3.9787042759611926,11.519656647677527,612.889750145701,221,1.0891335180251268e-10,2.1782670360502538e-11,8.000000000002926,10.000000000000869,False,False,Good,0.0017680000000006467,#1b5e20
48,7,3.9787042759611926,11.522357670397147,612.4725322561178,50,3.764493048691633e-10,7.528986097383265e-11,8.000000000010111,10.000000000003,False,False,Good,0.0004000000000005056,#1b5e20
48,8,3.9787042759611926,11.525058693116765,612.227006757657,50,1.2658910408271593e-09,2.5317820816543183e-10,8.000000000034,10.000000000010091,False,False,Good,0.00040000000000169994,#1b5e20
48,9,3.9787042759611926,11.527759715836385,612.1794016543764,86,4.1414326561238475e-09,8.282865312247695e-10,8.00000000011123,10.000000000033015,False,False,Good,0.0006880000000095658,#1b5e20
48,10,3.9787042759611926,11.530460738556005,612.3217980533424,301,1.3181636520756782e-08,2.636327304151356e-09,8.000000000354031,10.000000000105084,False,False,Good,0.0024080000001065636,#1b5e20
48,11,3.9787042759611926,11.533161761275624,612.6065624834578,779,0.0,0.0,8.0,10.0,False,False,Good,0.006232,#1b5e20
48,12,3.9787042759611926,11.535862783995244,612.9545241415325,440,0.0,0.0,8.0,10.0,False,False,Good,0.00352,#1b5e20
48,13,3.9787042759611926,11.538563806714864,613.2637977853135,1053,0.0,0.0,8.0,10.0,False,False,Good,0.008424,#1b5e20
48,14,3.9787042759611926,11.541264829434482,613.424166196978,141,0.0,0.0,8.0,10.0,False,False,Good,0.001128,#1b5e20
48,15,3.9787042759611926,11.543965852154102,613.341060975857,163,0.0,0.0,8.0,10.0,False,False,Good,0.001304,#1b5e20
48,16,3.9787042759611926,11.54666687487372,612.9486567188054,131,0.0,0.0,8.0,10.0,False,False,Good,0.001048,#1b5e20
48,17,3.9787042759611926,11.54936789759334,612.225132117408,81,0.0,0.0,8.0,10.0,False,False,Good,0.000648,#1b5e20
48,18,3.9787042759611926,11.55206892031296,611.1926101943599,432,0.0,0.0,8.0,10.0,False,False,Good,0.003456,#1b5e20
48,19,3.9787042759611926,11.554769943032579,609.9155245196766,455,0.0,0.0,8.0,10.0,False,False,Good,0.00364,#1b5e20
48,20,3.9787042759611926,11.557470965752199,608.485590530703,349,0.0,0.0,8.0,10.0,False,False,Good,0.002792,#1b5e20
48,21,3.9787042759611926,11.560171988471819,607.0063088434686,739,0.0,0.0,8.0,10.0,False,False,Good,0.005912,#1b5e20
48,22,3.9787042759611926,11.562873011191437,605.5725608662871,752,0.0,0.0,8.0,10.0,False,False,Good,0.006016,#1b5e20
48,23,3.9787042759611926,11.565574033911057,604.2587083169094,50,0.0,0.0,8.0,10.0,False,False,Good,0.0004,#1b5e20
48,24,3.9787042759611926,11.568275056630677,603.1121239032707,405,0.0,0.0,8.0,10.0,False,False,Good,0.00324,#1b5e20
48,25,3.9787042759611926,11.570976079350295,602.1509244719074,628,0.0,0.0,8.0,10.0,False,False,Good,0.005024,#1b5e20
48,26,3.9787042759611926,11.573677102069915,601.3761082864162,456,0.0,0.0,8.0,10.0,False,False,Good,0.003648,#1b5e20
48,27,3.9787042759611926,11.576378124789535,600.7756112788967,767,0.0,0.0,8.0,10.0,False,False,Good,0.006136,#1b5e20
48,28,3.9787042759611926,11.579079147509153,600.3393527259734,637,0.0,0.0,8.0,10.0,False,False,Good,0.005096,#1b5e20
48,29,3.9787042759611926,11.581780170228773,600.0619751523299,310,0.0,0.0,8.0,10.0,False,False,Good,0.00248,#1b5e20
48,30,3.9787042759611926,11.584481192948394,599.9484960086676,645,0.0,0.0,8.0,10.0,False,False,Good,0.00516,#1b5e20
48,31,3.9787042759611926,11.587182215668012,600.0110523903437,534,0.0,0.0,8.0,10.0,False,False,Good,0.004272,#1b5e20
48,32,3.9787042759611926,11.589883238387632,600.2572564647353,217,0.0,0.0,8.0,10.0,False,False,Good,0.001736,#1b5e20
48,33,3.9787042759611926,11.592584261107252,600.6889980066237,854,0.0,0.0,8.0,10.0,False,False,Good,0.006832,#1b5e20
48,34,3.9787042759611926,11.59528528382687,601.2885207020406,423,0.0,0.0,8.0,10.0,False,False,Good,0.003384,#1b5e20
48,35,3.9787042759611926,11.59798630654649,602.0189343133138,888,0.0,0.0,8.0,10.0,False,False,Good,0.007104,#1b5e20
48,36,3.9787042759611926,11.60068732926611,602.8209084118529,303,0.0,0.0,8.0,10.0,False,False,Good,0.002424,#1b5e20
48,37,3.9787042759611926,11.603388351985728,603.6230437507567,483,0.0,0.0,8.0,10.0,False,False,Good,0.003864,#1b5e20
48,38,3.9787042759611926,11.606089374705348,604.3480331697142,403,0.0,0.0,8.0,10.0,False,False,Good,0.003224,#1b5e20
48,39,3.9787042759611926,11.608790397424968,604.9243365330789,50,0.0,0.0,8.0,10.0,False,False,Good,0.0004,#1b5e20
48,40,3.9787042759611926,11.611491420144587,605.2981357406431,84,0.0,0.0,8.0,10.0,False,False,Good,0.000672,#1b5e20
48,41,3.9787042759611926,11.614192442864207,605.4399878932854,50,0.0,0.0,8.0,10.0,False,False,Good,0.0004,#1b5e20
48,42,3.9787042759611926,11.616893465583825,605.3493099915115,50,0.0,0.0,8.0,10.0,False,False,Good,0.0004,#1b5e20
48,43,3.9787042759611926,11.619594488303445,605.0517756523639,50,0.0,0.0,8.0,10.0,False,False,Good,0.0004,#1b5e20
48,44,3.9787042759611926,11.622295511023065,604.59611280616,60,0.0,0.0,8.0,10.0,False,False,Good,0.00048,#1b5e20
48,45,3.9787042759611926,11.624996533742683,604.0455295482734,302,0.0,0.0,8.0,10.0,False,False,Good,0.002416,#1b5e20
48,46,3.9787042759611926,11.627697556462303,603.4666537281487,50,0.0,0.0,8.0,10.0,False,False,Good,0.0004,#1b5e20
48,47,3.9787042759611926,11.630398579181923,602.9225019483391,88,0.0,0.0,8.0,10.0,False,False,Good,0.000704,#1b5e20
48,48,3.9787042759611926,11.633099601901542,602.4668062224118,50,0.0,0.0,8.0,10.0,False,False,Good,0.0004,#1b5e20
48,49,3.9787042759611926,11.635800624621162,602.1364023719858,116,0.0,0.0,8.0,10.0,False,False,Good,0.000928,#1b5e20
49,0,3.981399209486166,11.50345051135981,615.6797674035075,50,8.969046984727496e-15,1.793809396945499e-15,8.0,10.0,False,False,Good,0.0004,#1b5e20
49,1,3.981399209486166,11.50615153407943,615.59846627273,177,3.7406781053958276e-14,7.481356210791655e-15,8.000000000000002,10.0,False,False,Good,0.0014160000000000002,#1b5e20
49,2,3.981399209486166,11.508852556799049,615.2952622866735,50,1.517814953159575e-13,3.03562990631915e-14,8.000000000000004,10.000000000000002,False,False,Good,0.0004000000000000002,#1b5e20
49,3,3.981399209486166,11.511553579518669,614.8153722968713,160,5.991723548073004e-13,1.1983447096146008e-13,8.000000000000016,10.000000000000005,False,False,Good,0.0012800000000000025,#1b5e20
49,4,3.981399209486166,11.514254602238289,614.2211820002865,50,2.301172409074865e-12,4.602344818149731e-13,8.000000000000062,10.000000000000018,False,False,Good,0.0004000000000000031,#1b5e20
49,5,3.981399209486166,11.516955624957907,613.5891633319823,371,8.598268443934679e-12,1.7196536887869357e-12,8.000000000000231,10.00000000000007,False,False,Good,0.0029680000000000856,#1b5e20
49,6,3.981399209486166,11.519656647677527,613.0000668025586,243,3.125628027178989e-11,6.251256054357978e-12,8.00000000000084,10.000000000000249,False,False,Good,0.0019440000000002042,#1b5e20
49,7,3.981399209486166,11.522357670397147,612.527353998324,242,1.105421827465068e-10,2.2108436549301358e-11,8.000000000002968,10.000000000000881,False,False,Good,0.0019360000000007182,#1b5e20
49,8,3.981399209486166,11.525058693116765,612.2294389659346,398,3.803498330350187e-10,7.606996660700374e-11,8.000000000010216,10.000000000003032,False,False,Good,0.003184000000004066,#1b5e20
49,9,3.981399209486166,11.527759715836385,612.1348148629402,626,1.2732183079927482e-09,2.546436615985496e-10,8.000000000034197,10.00000000001015,False,False,Good,0.005008000000021407,#1b5e20
49,10,3.981399209486166,11.530460738556005,612.2368166808297,50,0.0,0.0,8.0,10.0,False,False,Good,0.0004,#1b5e20
49,11,3.981399209486166,11.533161761275624,612.487841564374,452,0.0,0.0,8.0,10.0,False,False,Good,0.003616,#1b5e20
49,12,3.981399209486166,11.535862783995244,612.8075572840106,272,0.0,0.0,8.0,10.0,False,False,Good,0.002176,#1b5e20
49,13,3.981399209486166,11.538563806714864,613.0919999246956,50,0.0,0.0,8.0,10.0,False,False,Good,0.0004,#1b5e20
49,14,3.981399209486166,11.541264829434482,613.2284469187344,50,0.0,0.0,8.0,10.0,False,False,Good,0.0004,#1b5e20
49,15,3.981399209486166,11.543965852154102,613.1201493705723,417,0.0,0.0,8.0,10.0,False,False,Good,0.003336,#1b5e20
49,16,3.981399209486166,11.54666687487372,612.6998252720473,267,0.0,0.0,8.0,10.0,False,False,Good,0.002136,#1b5e20
49,17,3.981399209486166,11.54936789759334,611.9453706322198,313,0.0,0.0,8.0,10.0,False,False,Good,0.002504,#1b5e20
49,18,3.981399209486166,11.55206892031296,610.8796626706666,591,0.0,0.0,8.0,10.0,False,False,Good,0.004728,#1b5e20
49,19,3.981399209486166,11.554769943032579,609.568925700236,372,0.0,0.0,8.0,10.0,False,False,Good,0.002976,#1b5e20
49,20,3.981399209486166,11.557470965752199,608.1069650951704,294,0.0,0.0,8.0,10.0,False,False,Good,0.002352,#1b5e20
49,21,3.981399209486166,11.560171988471819,606.5992263655006,705,0.0,0.0,8.0,10.0,False,False,Good,0.00564,#1b5e20
49,22,3.981399209486166,11.562873011191437,605.1419426960493,426,0.0,0.0,8.0,10.0,False,False,Good,0.003408,#1b5e20
49,23,3.981399209486166,11.565574033911057,603.809761279006,818,0.0,0.0,8.0,10.0,False,False,Good,0.006544,#1b5e20
49,24,3.981399209486166,11.568275056630677,602.6494610182418,574,0.0,0.0,8.0,10.0,False,False,Good,0.004592,#1b5e20
49,25,3.981399209486166,11.570976079350295,601.6777275091507,50,0.0,0.0,8.0,10.0,False,False,Good,0.0004,#1b5e20
49,26,3.981399209486166,11.573677102069915,600.89380795803,181,0.0,0.0,8.0,10.0,False,False,Good,0.001448,#1b5e20
49,27,3.981399209486166,11.576378124789535,600.2839723069579,710,0.0,0.0,8.0,10.0,False,False,Good,0.00568,#1b5e20
49,28,3.981399209486166,11.579079147509153,599.8369065025865,50,0.0,0.0,8.0,10.0,False,False,Good,0.0004,#1b5e20
49,29,3.981399209486166,11.581780170228773,599.5468282318212,525,0.0,0.0,8.0,10.0,False,False,Good,0.0042,#1b5e20
49,30,3.981399209486166,11.584481192948394,599.419187672328,559,0.0,0.0,8.0,10.0,False,False,Good,0.004472,#1b5e20
49,31,3.981399209486166,11.587182215668012,599.4674149951812,354,0.0,0.0,8.0,10.0,False,False,Good,0.002832,#1b5e20
49,32,3.981399209486166,11.589883238387632,599.7009266315695,50,0.0,0.0,8.0,10.0,False,False,Good,0.0004,#1b5e20
49,33,3.981399209486166,11.592584261107252,600.1236445090874,595,0.0,0.0,8.0,10.0,False,False,Good,0.00476,#1b5e20
49,34,3.981399209486166,11.59528528382687,600.7197411984997,50,0.0,0.0,8.0,10.0,False,False,Good,0.0004,#1b5e20
49,35,3.981399209486166,11.59798630654649,601.4537957686451,357,0.0,0.0,8.0,10.0,False,False,Good,0.002856,#1b5e20
49,36,3.981399209486166,11.60068732926611,602.2672643446085,546,0.0,0.0,8.0,10.0,False,False,Good,0.004368,#1b5e20
49,37,3.981399209486166,11.603388351985728,603.0887415737031,750,0.0,0.0,8.0,10.0,False,False,Good,0.006,#1b5e20
49,38,3.981399209486166,11.606089374705348,603.8399967680377,417,0.0,0.0,8.0,10.0,False,False,Good,0.003336,#1b5e20
49,39,3.981399209486166,11.608790397424968,604.4479055718667,633,0.0,0.0,8.0,10.0,False,False,Good,0.005064,#1b5e20
49,40,3.981399209486166,11.611491420144587,604.8564401797971,372,0.0,0.0,8.0,10.0,False,False,Good,0.002976,#1b5e20
49,41,3.981399209486166,11.614192442864207,605.033719750063,50,0.0,0.0,8.0,10.0,False,False,Good,0.0004,#1b5e20
49,42,3.981399209486166,11.616893465583825,604.9769253070891,637,0.0,0.0,8.0,10.0,False,False,Good,0.005096,#1b5e20
49,43,3.981399209486166,11.619594488303445,604.7098236244753,190,0.0,0.0,8.0,10.0,False,False,Good,0.00152,#1b5e20
49,44,3.981399209486166,11.622295511023065,604.2801363101032,671,0.0,0.0,8.0,10.0,False,False,Good,0.005368,#1b5e20
49,45,3.981399209486166,11.624996533742683,603.7508515945913,885,0.0,0.0,8.0,10.0,False,False,Good,0.00708,#1b5e20
49,46,3.981399209486166,11.627697556462303,603.189247477668,352,0.0,0.0,8.0,10.0,False,False,Good,0.002816,#1b5e20
49,47,3.981399209486166,11.630398579181923,602.6595462052809,305,0.0,0.0,8.0,10.0,False,False,Good,0.00244,#1b5e20
49,48,3.981399209486166,11.633099601901542,602.2169924509049,50,0.0,0.0,8.0,10.0,False,False,Good,0.0004,#1b5e20
49,49,3.981399209486166,11.635800624621162,601.899697216414,152,0.0,0.0,8.0,10.0,False,False,Good,0.001216,#1b5e20
