row,col,lat,lon,population,jobs,income_index,car_ownership,transit_score,demand,gap_score,gap_class,gap_color
0,0,-1.289405066475027,36.824595618945466,200,131,12.1,0.137,0.0,1.5674399245868558,1.5674399245868558,Well Served,#1b5e20
0,1,-1.289405066475027,36.829986856836406,200,0,12.5,0.177,0.0,1.4017039654296217,1.4017039654296217,Well Served,#1b5e20
0,2,-1.289405066475027,36.83537809472734,200,73,27.4,0.326,0.0,0.7962393817392404,0.7962393817392404,Well Served,#1b5e20
0,3,-1.289405066475027,36.84076933261828,312,115,34.3,0.311,0.0,2.713522379517237,2.713522379517237,Well Served,#1b5e20
0,4,-1.289405066475027,36.84616057050922,200,91,14.5,0.175,0.0,1.5946268164092121,1.5946268164092121,Well Served,#1b5e20
0,5,-1.289405066475027,36.85155180840015,499,0,23.0,0.251,0.0,6.535458490890021,6.535458490890021,Low Gap,#f9a825
0,6,-1.289405066475027,36.85694304629109,506,0,19.4,0.245,0.0,6.843346179659417,6.843346179659417,Low Gap,#f9a825
0,7,-1.289405066475027,36.86233428418203,245,321,32.6,0.406,0.0,1.2836305513688366,1.2836305513688366,Well Served,#1b5e20
0,8,-1.289405066475027,36.867725522072966,200,103,35.0,0.279,0.0,1.2525120030387353,1.2525120030387353,Well Served,#1b5e20
0,9,-1.289405066475027,36.87311675996391,200,179,30.3,0.31,0.0,1.1452401808678938,1.1452401808678938,Well Served,#1b5e20
0,10,-1.289405066475027,36.87850799785485,200,267,29.3,0.303,0.0,1.2227329488507956,1.2227329488507956,Well Served,#1b5e20
0,11,-1.289405066475027,36.88389923574578,200,288,10.0,0.172,0.0,1.9141500113429177,1.9141500113429177,Well Served,#1b5e20
0,12,-1.289405066475027,36.88929047363672,200,0,34.0,0.313,0.0,1.189954919250067,1.189954919250067,Well Served,#1b5e20
0,13,-1.289405066475027,36.89468171152766,200,110,49.3,0.417,0.0,0.6898266543220123,0.6898266543220123,Well Served,#1b5e20
0,14,-1.289405066475027,36.90007294941859,437,35,46.0,0.408,0.0,4.343288200133687,4.343288200133687,Well Served,#1b5e20
0,15,-1.289405066475027,36.90546418730953,200,0,30.1,0.285,0.0,1.3954283469962276,1.3954283469962276,Well Served,#1b5e20
0,16,-1.289405066475027,36.910855425200474,200,0,23.5,0.242,0.0,1.6469823340691192,1.6469823340691192,Well Served,#1b5e20
0,17,-1.289405066475027,36.91624666309141,200,357,20.7,0.233,0.0,1.7506775786132436,1.7506775786132436,Well Served,#1b5e20
0,18,-1.289405066475027,36.92163790098235,200,0,35.1,0.391,0.0,0.9179634920502213,0.9179634920502213,Well Served,#1b5e20
0,19,-1.289405066475027,36.92702913887329,610,87,31.5,0.312,0.0,8.83771959359868,8.83771959359868,Low Gap,#f9a825
0,20,-1.289405066475027,36.93242037676422,200,0,33.3,0.298,0.0,1.4491202871986564,1.4491202871986564,Well Served,#1b5e20
0,21,-1.289405066475027,36.93781161465516,200,225,53.8,0.574,0.0,0.0,0.0,Well Served,#1b5e20
0,22,-1.289405066475027,36.9432028525461,200,798,22.8,0.201,9.999904618973233,2.05651879142982,1.850868873815577,Well Served,#1b5e20
0,23,-1.289405066475027,36.948594090437034,681,296,34.7,0.367,39.99993641262246,9.373633292281013,5.6241859358161985,Low Gap,#f9a825
0,24,-1.289405066475027,36.953985328327974,200,324,48.8,0.343,69.99996820631122,1.2752431613272532,0.3825733538450178,Well Served,#1b5e20
0,25,-1.289405066475027,36.959376566218914,786,525,37.2,0.381,100.0,10.949587147695265,0.0,Well Served,#1b5e20
0,26,-1.289405066475027,36.96476780410985,200,340,31.3,0.285,69.99996820635077,1.5976626854472844,0.4792993135894554,Well Served,#1b5e20
0,27,-1.289405066475027,36.97015904200079,345,414,30.7,0.285,39.999936412661995,4.41651576977425,2.6499122702093607,Well Served,#1b5e20
0,28,-1.289405066475027,36.97555027989173,200,488,36.6,0.323,9.999904618973233,1.390841195783534,1.2517584028037938,Well Served,#1b5e20
0,29,-1.289405066475027,36.98094151778266,200,0,23.4,0.22,0.0,1.9105609990567787,1.9105609990567787,Well Served,#1b5e20
0,30,-1.289405066475027,36.9863327556736,201,77,18.8,0.172,0.0,2.1871725469586165,2.1871725469586165,Well Served,#1b5e20
0,31,-1.289405066475027,36.99172399356454,200,413,30.1,0.251,0.0,1.7522049472824306,1.7522049472824306,Well Served,#1b5e20
0,32,-1.289405066475027,36.997115231455474,200,296,14.2,0.187,0.0,2.0722059956195533,2.0722059956195533,Well Served,#1b5e20
0,33,-1.289405066475027,37.002506469346415,200,418,33.8,0.263,0.0,1.6495260443784978,1.6495260443784978,Well Served,#1b5e20
0,34,-1.289405066475027,37.007897707237355,200,88,38.7,0.363,0.0,1.0752586851500885,1.0752586851500885,Well Served,#1b5e20
0,35,-1.289405066475027,37.01328894512829,200,199,18.4,0.155,0.0,2.1527387861972835,2.1527387861972835,Well Served,#1b5e20
0,36,-1.289405066475027,37.01868018301923,200,590,23.2,0.219,0.0,1.8157466268910059,1.8157466268910059,Well Served,#1b5e20
0,37,-1.289405066475027,37.02407142091017,200,366,12.0,0.162,0.0,2.0511730685560647,2.0511730685560647,Well Served,#1b5e20
0,38,-1.289405066475027,37.0294626588011,200,444,30.6,0.285,0.0,1.3750537247081143,1.3750537247081143,Well Served,#1b5e20
0,39,-1.289405066475027,37.03485389669204,200,0,10.0,0.128,0.0,2.0418016098865865,2.0418016098865865,Well Served,#1b5e20
1,0,-1.2840151994250808,36.824595618945466,200,0,17.9,0.208,0.0,1.2548417997605583,1.2548417997605583,Well Served,#1b5e20
1,1,-1.2840151994250808,36.829986856836406,200,364,17.1,0.25,0.0,1.2425565371177303,1.2425565371177303,Well Served,#1b5e20
1,2,-1.2840151994250808,36.83537809472734,200,0,14.7,0.103,0.0,1.8728565162530533,1.8728565162530533,Well Served,#1b5e20
1,3,-1.2840151994250808,36.84076933261828,200,196,19.7,0.232,0.0,1.3696987609067335,1.3696987609067335,Well Served,#1b5e20
1,4,-1.2840151994250808,36.84616057050922,200,217,29.6,0.29,0.0,1.1430758726963768,1.1430758726963768,Well Served,#1b5e20
1,5,-1.2840151994250808,36.85155180840015,225,121,23.6,0.267,0.0,1.7187499241025461,1.7187499241025461,Well Served,#1b5e20
1,6,-1.2840151994250808,36.85694304629109,200,255,34.4,0.4,0.0,0.673412145955833,0.673412145955833,Well Served,#1b5e20
1,7,-1.2840151994250808,36.86233428418203,299,0,31.6,0.336,0.0,2.6075326495996807,2.6075326495996807,Well Served,#1b5e20
1,8,-1.2840151994250808,36.867725522072966,200,0,34.6,0.385,0.0,0.7769092604295711,0.7769092604295711,Well Served,#1b5e20
1,9,-1.2840151994250808,36.87311675996391,200,200,29.0,0.254,0.0,1.495649451372638,1.495649451372638,Well Served,#1b5e20
1,10,-1.2840151994250808,36.87850799785485,200,437,36.3,0.28,0.0,1.4201156598498499,1.4201156598498499,Well Served,#1b5e20
1,11,-1.2840151994250808,36.88389923574578,400,183,24.9,0.259,0.0,5.355700247194339,5.355700247194339,Low Gap,#f9a825
1,12,-1.2840151994250808,36.88929047363672,385,545,31.4,0.354,0.0,4.221930597305061,4.221930597305061,Well Served,#1b5e20
1,13,-1.2840151994250808,36.89468171152766,287,242,38.1,0.338,0.0,2.682918976465068,2.682918976465068,Well Served,#1b5e20
1,14,-1.2840151994250808,36.90007294941859,200,314,30.4,0.303,0.0,1.382596927716817,1.382596927716817,Well Served,#1b5e20
1,15,-1.2840151994250808,36.90546418730953,200,0,35.5,0.413,0.0,0.8004214638304968,0.8004214638304968,Well Served,#1b5e20
1,16,-1.2840151994250808,36.910855425200474,299,0,31.0,0.277,0.0,3.436367629148944,3.436367629148944,Well Served,#1b5e20
1,17,-1.2840151994250808,36.91624666309141,347,238,31.4,0.344,0.0,3.810117508164068,3.810117508164068,Well Served,#1b5e20
1,18,-1.2840151994250808,36.92163790098235,200,228,32.6,0.336,0.0,1.292811402830321,1.292811402830321,Well Served,#1b5e20
1,19,-1.2840151994250808,36.92702913887329,307,718,43.1,0.363,0.0,3.0493809168053865,3.0493809168053865,Well Served,#1b5e20
1,20,-1.2840151994250808,36.93242037676422,435,352,24.9,0.206,0.0,7.131498845426776,7.131498845426776,Low Gap,#f9a825
1,21,-1.2840151994250808,36.93781161465516,611,204,25.3,0.252,0.0,10.19503497542478,10.19503497542478,Low Gap,#f9a825
1,22,-1.2840151994250808,36.9432028525461,405,269,28.1,0.198,5.131399302421613,6.624066200228645,6.284158913438167,Low Gap,#f9a825
1,23,-1.2840151994250808,36.948594090437034,480,124,51.9,0.501,32.91779040833981,4.2839292435592,2.873754393922805,Well Served,#1b5e20
1,24,-1.2840151994250808,36.953985328327974,200,409,36.8,0.329,57.57352582496551,1.41074726140668,0.5985303225357114,Well Served,#1b5e20
1,25,-1.2840151994250808,36.959376566218914,335,156,39.1,0.374,69.99999999999973,3.4826179789765472,1.0447853936929736,Well Served,#1b5e20
1,26,-1.2840151994250808,36.96476780410985,200,375,21.6,0.225,57.57352582499347,1.9883851713293204,0.8436017212136935,Well Served,#1b5e20
1,27,-1.2840151994250808,36.97015904200079,476,342,35.4,0.263,32.91779040837518,7.381612017450815,4.9517484447869204,Well Served,#1b5e20
1,28,-1.2840151994250808,36.97555027989173,200,226,30.1,0.215,5.131399302421613,2.028119119537895,1.924048229185648,Well Served,#1b5e20
1,29,-1.2840151994250808,36.98094151778266,200,108,23.1,0.216,0.0,2.0076063544318625,2.0076063544318625,Well Served,#1b5e20
1,30,-1.2840151994250808,36.9863327556736,200,381,35.4,0.345,0.0,1.3081857075954497,1.3081857075954497,Well Served,#1b5e20
1,31,-1.2840151994250808,36.99172399356454,460,821,22.8,0.19,0.0,7.968366636883342,7.968366636883342,Low Gap,#f9a825
1,32,-1.2840151994250808,36.997115231455474,200,207,31.0,0.306,0.0,1.4897667782782398,1.4897667782782398,Well Served,#1b5e20
1,33,-1.2840151994250808,37.002506469346415,200,532,17.3,0.245,0.0,1.8153148772403176,1.8153148772403176,Well Served,#1b5e20
1,34,-1.2840151994250808,37.007897707237355,200,206,16.6,0.116,0.0,2.463718890067311,2.463718890067311,Well Served,#1b5e20
1,35,-1.2840151994250808,37.01328894512829,200,666,23.0,0.212,0.0,1.9479498381379117,1.9479498381379117,Well Served,#1b5e20
1,36,-1.2840151994250808,37.01868018301923,200,322,10.0,0.172,0.0,2.0966223796386854,2.0966223796386854,Well Served,#1b5e20
1,37,-1.2840151994250808,37.02407142091017,200,248,25.4,0.265,0.0,1.5558497246371392,1.5558497246371392,Well Served,#1b5e20
1,38,-1.2840151994250808,37.0294626588011,200,328,40.4,0.358,0.0,1.0331974214646578,1.0331974214646578,Well Served,#1b5e20
1,39,-1.2840151994250808,37.03485389669204,200,333,27.2,0.303,0.0,1.2611350678649997,1.2611350678649997,Well Served,#1b5e20
2,0,-1.2786253323751346,36.824595618945466,200,0,27.4,0.299,0.0,0.9029336164360496,0.9029336164360496,Well Served,#1b5e20
2,1,-1.2786253323751346,36.829986856836406,200,198,17.3,0.164,0.0,1.6505265811247698,1.6505265811247698,Well Served,#1b5e20
2,2,-1.2786253323751346,36.83537809472734,200,0,20.0,0.16,0.0,1.6688704283517746,1.6688704283517746,Well Served,#1b5e20
2,3,-1.2786253323751346,36.84076933261828,200,60,22.5,0.175,0.0,1.6702846426869953,1.6702846426869953,Well Served,#1b5e20
2,4,-1.2786253323751346,36.84616057050922,200,233,14.5,0.123,0.0,2.0134444096056217,2.0134444096056217,Well Served,#1b5e20
2,5,-1.2786253323751346,36.85155180840015,200,314,13.4,0.125,0.0,2.058860841381469,2.058860841381469,Well Served,#1b5e20
2,6,-1.2786253323751346,36.85694304629109,200,254,28.7,0.264,0.0,1.3991091311885644,1.3991091311885644,Well Served,#1b5e20
2,7,-1.2786253323751346,36.86233428418203,200,0,15.5,0.18,0.0,1.82845207289185,1.82845207289185,Well Served,#1b5e20
2,8,-1.2786253323751346,36.867725522072966,200,297,39.3,0.45,0.0,0.5261575061430716,0.5261575061430716,Well Served,#1b5e20
2,9,-1.2786253323751346,36.87311675996391,286,118,43.1,0.379,0.0,2.27483865081846,2.27483865081846,Well Served,#1b5e20
2,10,-1.2786253323751346,36.87850799785485,283,0,27.2,0.278,0.0,2.9900295551935265,2.9900295551935265,Well Served,#1b5e20
2,11,-1.2786253323751346,36.88389923574578,200,399,24.3,0.26,0.0,1.6028324664460813,1.6028324664460813,Well Served,#1b5e20
2,12,-1.2786253323751346,36.88929047363672,200,289,39.3,0.474,0.0,0.49566242948036143,0.49566242948036143,Well Served,#1b5e20
2,13,-1.2786253323751346,36.89468171152766,329,465,28.6,0.326,0.0,3.6360088394397945,3.6360088394397945,Well Served,#1b5e20
2,14,-1.2786253323751346,36.90007294941859,781,327,38.8,0.285,0.0,12.682096684278262,12.682096684278262,Low Gap,#f9a825
2,15,-1.2786253323751346,36.90546418730953,872,193,31.5,0.296,0.0,14.217980869490795,14.217980869490795,Low Gap,#f9a825
2,16,-1.2786253323751346,36.910855425200474,1066,389,27.8,0.288,0.0,18.311848755676692,18.311848755676692,Low Gap,#f9a825
2,17,-1.2786253323751346,36.91624666309141,990,517,28.1,0.263,0.0,17.6758392610574,17.6758392610574,Low Gap,#f9a825
2,18,-1.2786253323751346,36.92163790098235,664,297,37.9,0.363,0.0,9.319673906726187,9.319673906726187,Low Gap,#f9a825
2,19,-1.2786253323751346,36.92702913887329,373,428,33.1,0.33,5.131620134504178,4.618652244039058,4.381640555541221,Well Served,#1b5e20
2,20,-1.2786253323751346,36.93242037676422,671,109,25.3,0.227,10.000000000000409,12.047119866992388,10.8424078802931,Low Gap,#f9a825
2,21,-1.2786253323751346,36.93781161465516,1007,226,43.9,0.391,5.131620134491676,14.731938030276096,13.97595093211361,Low Gap,#f9a825
2,22,-1.2786253323751346,36.9432028525461,502,677,53.6,0.463,9.99952508596963,5.251219133371371,4.726122158810663,Well Served,#1b5e20
2,23,-1.2786253323751346,36.948594090437034,985,393,39.1,0.38,39.99968339062006,14.764152646210116,8.858538332418217,Low Gap,#f9a825
2,24,-1.2786253323751346,36.953985328327974,773,226,51.5,0.448,69.99984169531004,9.619550596971008,2.8858804072910504,Well Served,#1b5e20
2,25,-1.2786253323751346,36.959376566218914,709,475,35.2,0.386,100.0,9.900493562501758,0.0,Well Served,#1b5e20
2,26,-1.2786253323751346,36.96476780410985,507,444,51.0,0.477,69.99984169534956,5.135015607252889,1.5405128111443736,Well Served,#1b5e20
2,27,-1.2786253323751346,36.97015904200079,200,254,28.0,0.228,39.9996833906596,2.0248550042032947,1.2149194134020496,Well Served,#1b5e20
2,28,-1.2786253323751346,36.97555027989173,561,424,43.0,0.366,9.99952508596963,7.652078028698346,6.886906566620685,Low Gap,#f9a825
2,29,-1.2786253323751346,36.98094151778266,200,391,28.5,0.224,0.0,2.041650610948589,2.041650610948589,Well Served,#1b5e20
2,30,-1.2786253323751346,36.9863327556736,386,562,59.2,0.517,0.0,2.9123891511846876,2.9123891511846876,Well Served,#1b5e20
2,31,-1.2786253323751346,36.99172399356454,409,527,30.2,0.216,0.0,6.629134846641614,6.629134846641614,Low Gap,#f9a825
2,32,-1.2786253323751346,36.997115231455474,200,533,16.3,0.15,0.0,2.4190663355594766,2.4190663355594766,Well Served,#1b5e20
2,33,-1.2786253323751346,37.002506469346415,424,437,22.6,0.3,0.0,5.870823727686325,5.870823727686325,Low Gap,#f9a825
2,34,-1.2786253323751346,37.007897707237355,200,500,34.4,0.392,0.0,1.0354848699060384,1.0354848699060384,Well Served,#1b5e20
2,35,-1.2786253323751346,37.01328894512829,200,521,25.4,0.26,0.0,1.726473321740268,1.726473321740268,Well Served,#1b5e20
2,36,-1.2786253323751346,37.01868018301923,371,20,43.1,0.398,0.0,3.6601690750256073,3.6601690750256073,Well Served,#1b5e20
2,37,-1.2786253323751346,37.02407142091017,200,256,39.4,0.335,0.0,1.2258821445029338,1.2258821445029338,Well Served,#1b5e20
2,38,-1.2786253323751346,37.0294626588011,200,0,22.1,0.214,0.0,1.788607345091295,1.788607345091295,Well Served,#1b5e20
2,39,-1.2786253323751346,37.03485389669204,200,229,13.4,0.149,0.0,2.079590949190139,2.079590949190139,Well Served,#1b5e20
3,0,-1.2732354653251887,36.824595618945466,200,248,13.0,0.094,0.0,1.9759331199938588,1.9759331199938588,Well Served,#1b5e20
3,1,-1.2732354653251887,36.829986856836406,200,0,14.7,0.176,0.0,1.5902147491881962,1.5902147491881962,Well Served,#1b5e20
3,2,-1.2732354653251887,36.83537809472734,200,144,22.5,0.253,0.0,1.309362878858987,1.309362878858987,Well Served,#1b5e20
3,3,-1.2732354653251887,36.84076933261828,200,334,33.4,0.408,0.0,0.6264498781316565,0.6264498781316565,Well Served,#1b5e20
3,4,-1.2732354653251887,36.84616057050922,496,57,34.8,0.318,0.0,6.033289326612917,6.033289326612917,Low Gap,#f9a825
3,5,-1.2732354653251887,36.85155180840015,259,76,26.5,0.252,5.131600257160606,2.535364059734314,2.40525931112503,Well Served,#1b5e20
3,6,-1.2732354653251887,36.85694304629109,200,0,37.2,0.377,9.999999999999176,0.8474960135285999,0.7627464121757469,Well Served,#1b5e20
3,7,-1.2732354653251887,36.86233428418203,200,418,25.5,0.3,5.131600257160606,1.3173693322235378,1.2497672041833998,Well Served,#1b5e20
3,8,-1.2732354653251887,36.867725522072966,200,253,37.5,0.411,0.0,0.7652633556224766,0.7652633556224766,Well Served,#1b5e20
3,9,-1.2732354653251887,36.87311675996391,200,401,10.0,0.06,0.0,2.641020950969524,2.641020950969524,Well Served,#1b5e20
3,10,-1.2732354653251887,36.87850799785485,200,3,33.3,0.282,0.0,1.476755840174421,1.476755840174421,Well Served,#1b5e20
3,11,-1.2732354653251887,36.88389923574578,200,0,36.4,0.266,0.0,1.594694010277671,1.594694010277671,Well Served,#1b5e20
3,12,-1.2732354653251887,36.88929047363672,764,221,38.8,0.356,0.0,10.884290407842068,10.884290407842068,Low Gap,#f9a825
3,13,-1.2732354653251887,36.89468171152766,546,6,40.9,0.465,0.0,5.572872995446784,5.572872995446784,Low Gap,#f9a825
3,14,-1.2732354653251887,36.90007294941859,200,682,44.4,0.415,0.0,0.91077782776721,0.91077782776721,Well Served,#1b5e20
3,15,-1.2732354653251887,36.90546418730953,1834,0,38.9,0.339,0.0,30.775930323652283,30.775930323652283,Moderate Gap,#f57c00
3,16,-1.2732354653251887,36.910855425200474,1462,452,46.8,0.435,0.0,20.510612140419365,20.510612140419365,Moderate Gap,#f57c00
3,17,-1.2732354653251887,36.91624666309141,1458,445,37.4,0.36,0.0,23.618807347662408,23.618807347662408,Moderate Gap,#f57c00
3,18,-1.2732354653251887,36.92163790098235,1436,448,60.0,0.563,15.146873486810108,15.225701927039578,12.919484118672084,Low Gap,#f9a825
3,19,-1.2732354653251887,36.92702913887329,1305,678,31.4,0.29,32.91786176809273,23.751365742166346,15.932923999125897,Low Gap,#f9a825
3,20,-1.2732354653251887,36.93242037676422,1519,923,48.3,0.46,39.999999999999446,20.885172496546193,12.531103497927832,Low Gap,#f9a825
3,21,-1.2732354653251887,36.93781161465516,1197,259,42.6,0.345,32.91786176807504,19.794829720813212,13.278795036090084,Low Gap,#f9a825
3,22,-1.2732354653251887,36.9432028525461,1427,791,41.5,0.433,15.146873486782154,20.649046629215324,17.521361660061423,Low Gap,#f9a825
3,23,-1.2732354653251887,36.948594090437034,968,350,35.1,0.3,32.91756504815863,16.882160877311435,11.324964588987655,Low Gap,#f9a825
3,24,-1.2732354653251887,36.953985328327974,822,339,28.2,0.324,57.57343674339195,13.449129865847933,5.706003589997339,Low Gap,#f9a825
3,25,-1.2732354653251887,36.959376566218914,1010,693,44.4,0.385,70.00000000000097,15.37224683869995,4.611674051609837,Well Served,#1b5e20
3,26,-1.2732354653251887,36.96476780410985,1076,296,47.8,0.492,57.573436743419904,13.205650206212635,5.602703538181504,Low Gap,#f9a825
3,27,-1.2732354653251887,36.97015904200079,721,437,31.4,0.266,32.917565048194,12.725437606725976,8.536533404864612,Low Gap,#f9a825
3,28,-1.2732354653251887,36.97555027989173,709,882,43.8,0.342,5.131040756757422,10.984328021506547,10.42071767386712,Low Gap,#f9a825
3,29,-1.2732354653251887,36.98094151778266,863,579,39.6,0.478,0.0,10.476095558360127,10.476095558360127,Low Gap,#f9a825
3,30,-1.2732354653251887,36.9863327556736,304,683,32.1,0.31,0.0,3.6437814863400018,3.6437814863400018,Well Served,#1b5e20
3,31,-1.2732354653251887,36.99172399356454,830,797,37.2,0.298,0.0,14.149124210744837,14.149124210744837,Low Gap,#f9a825
3,32,-1.2732354653251887,36.997115231455474,200,937,32.8,0.319,0.0,1.543631834060947,1.543631834060947,Well Served,#1b5e20
3,33,-1.2732354653251887,37.002506469346415,200,486,44.8,0.487,0.0,0.5675315448515337,0.5675315448515337,Well Served,#1b5e20
3,34,-1.2732354653251887,37.007897707237355,200,661,32.4,0.257,0.0,1.8240729301713887,1.8240729301713887,Well Served,#1b5e20
3,35,-1.2732354653251887,37.01328894512829,200,449,31.9,0.336,0.0,1.3454847670589272,1.3454847670589272,Well Served,#1b5e20
3,36,-1.2732354653251887,37.01868018301923,341,611,28.9,0.269,0.0,4.475356517166601,4.475356517166601,Well Served,#1b5e20
3,37,-1.2732354653251887,37.02407142091017,492,0,32.6,0.345,0.0,6.274861569795117,6.274861569795117,Low Gap,#f9a825
3,38,-1.2732354653251887,37.0294626588011,420,372,28.3,0.27,0.0,5.800507254244095,5.800507254244095,Low Gap,#f9a825
3,39,-1.2732354653251887,37.03485389669204,347,0,37.7,0.445,0.0,2.670104831578787,2.670104831578787,Well Served,#1b5e20
4,0,-1.2678455982752426,36.824595618945466,200,438,14.7,0.207,0.0,1.5222495342571083,1.5222495342571083,Well Served,#1b5e20
4,1,-1.2678455982752426,36.829986856836406,200,0,41.4,0.44,0.0,0.3792810288663546,0.3792810288663546,Well Served,#1b5e20
4,2,-1.2678455982752426,36.83537809472734,339,329,27.4,0.278,0.0,3.726159741662296,3.726159741662296,Well Served,#1b5e20
4,3,-1.2678455982752426,36.84076933261828,200,116,30.0,0.296,0.0,1.1857413795568614,1.1857413795568614,Well Served,#1b5e20
4,4,-1.2678455982752426,36.84616057050922,200,132,16.6,0.172,15.146784968270321,1.840745543357752,1.5619317740923342,Well Served,#1b5e20
4,5,-1.2678455982752426,36.85155180840015,376,0,25.5,0.279,32.917833775984285,4.515819173091715,3.0293093240693563,Well Served,#1b5e20
4,6,-1.2678455982752426,36.85694304629109,200,243,30.0,0.283,39.999999999999446,1.3822408310193255,0.829344498611603,Well Served,#1b5e20
4,7,-1.2678455982752426,36.86233428418203,200,114,39.0,0.36,32.917833775984285,1.0195899550905394,0.6839630284772028,Well Served,#1b5e20
4,8,-1.2678455982752426,36.867725522072966,300,417,19.4,0.27,15.146784968270321,3.470601238363744,2.9449167316826608,Well Served,#1b5e20
4,9,-1.2678455982752426,36.87311675996391,705,262,39.1,0.312,0.0,10.552577351601828,10.552577351601828,Low Gap,#f9a825
4,10,-1.2678455982752426,36.87850799785485,985,395,30.8,0.324,0.0,15.542040472312909,15.542040472312909,Low Gap,#f9a825
4,11,-1.2678455982752426,36.88389923574578,1220,335,30.2,0.295,0.0,20.924193082970653,20.924193082970653,Moderate Gap,#f57c00
4,12,-1.2678455982752426,36.88929047363672,1003,126,36.3,0.372,0.0,14.801149468590397,14.801149468590397,Low Gap,#f9a825
4,13,-1.2678455982752426,36.89468171152766,1029,465,36.2,0.331,0.0,16.6172498690581,16.6172498690581,Low Gap,#f9a825
4,14,-1.2678455982752426,36.90007294941859,1371,246,49.0,0.435,0.0,19.07693584417644,19.07693584417644,Low Gap,#f9a825
4,15,-1.2678455982752426,36.90546418730953,798,476,48.8,0.347,0.0,12.216768622307073,12.216768622307073,Low Gap,#f9a825
4,16,-1.2678455982752426,36.910855425200474,1576,737,34.1,0.359,0.0,26.08011595242773,26.08011595242773,Moderate Gap,#f57c00
4,17,-1.2678455982752426,36.91624666309141,1479,497,35.4,0.382,5.130862617231657,23.450134560069213,22.2469403722361,Moderate Gap,#f57c00
4,18,-1.2678455982752426,36.92163790098235,1687,447,40.4,0.349,32.91745308039575,28.768021708327197,19.298321660330526,Low Gap,#f9a825
4,19,-1.2678455982752426,36.92702913887329,1660,573,48.7,0.436,57.573392484149146,24.32851364898833,10.321763000296485,Low Gap,#f9a825
4,20,-1.2678455982752426,36.93242037676422,1952,569,44.2,0.471,69.99999999999973,27.16163603880007,8.148490811640094,Low Gap,#f9a825
4,21,-1.2678455982752426,36.93781161465516,1020,436,47.2,0.336,57.573392484121186,17.052349095844757,7.234733223131564,Low Gap,#f9a825
4,22,-1.2678455982752426,36.9432028525461,1308,319,40.7,0.391,32.917453080360396,20.485666977742465,13.742307162145204,Low Gap,#f9a825
4,23,-1.2678455982752426,36.948594090437034,2066,637,42.9,0.369,39.99943249247026,35.138168665220384,21.083100610885214,Moderate Gap,#f57c00
4,24,-1.2678455982752426,36.953985328327974,1522,910,36.7,0.259,69.99971624623514,30.194928321182925,9.058564175600788,Low Gap,#f9a825
4,25,-1.2678455982752426,36.959376566218914,1333,757,47.1,0.452,100.0,18.7471442354339,0.0,Well Served,#1b5e20
4,26,-1.2678455982752426,36.96476780410985,1270,958,36.0,0.312,69.99971624627467,22.91186266072993,6.873623811482822,Low Gap,#f9a825
4,27,-1.2678455982752426,36.97015904200079,1141,939,40.2,0.395,39.999432492509804,17.61880582503748,10.571383483065226,Low Gap,#f9a825
4,28,-1.2678455982752426,36.97555027989173,1288,1195,37.1,0.349,9.999148738744934,21.918471099768897,19.726810573244183,Low Gap,#f9a825
4,29,-1.2678455982752426,36.98094151778266,933,1181,39.5,0.391,0.0,14.082073487184113,14.082073487184113,Low Gap,#f9a825
4,30,-1.2678455982752426,36.9863327556736,622,526,22.4,0.222,0.0,11.543024539281596,11.543024539281596,Low Gap,#f9a825
4,31,-1.2678455982752426,36.99172399356454,200,670,39.1,0.387,0.0,1.2071848900458806,1.2071848900458806,Well Served,#1b5e20
4,32,-1.2678455982752426,36.997115231455474,200,1167,25.7,0.245,0.0,2.011378295434127,2.011378295434127,Well Served,#1b5e20
4,33,-1.2678455982752426,37.002506469346415,548,540,34.5,0.369,0.0,7.437601219054423,7.437601219054423,Low Gap,#f9a825
4,34,-1.2678455982752426,37.007897707237355,200,699,19.3,0.257,0.0,1.8619292990144447,1.8619292990144447,Well Served,#1b5e20
4,35,-1.2678455982752426,37.01328894512829,281,229,25.2,0.311,0.0,3.040101491703025,3.040101491703025,Well Served,#1b5e20
4,36,-1.2678455982752426,37.01868018301923,200,353,31.6,0.272,0.0,1.6841620594211695,1.6841620594211695,Well Served,#1b5e20
4,37,-1.2678455982752426,37.02407142091017,200,567,24.1,0.168,0.0,2.2135897583494604,2.2135897583494604,Well Served,#1b5e20
4,38,-1.2678455982752426,37.0294626588011,352,260,18.2,0.22,0.0,5.007473119947411,5.007473119947411,Low Gap,#f9a825
4,39,-1.2678455982752426,37.03485389669204,293,0,13.6,0.169,0.0,4.040268925018934,4.040268925018934,Well Served,#1b5e20
5,0,-1.2624557312252964,36.824595618945466,200,17,18.3,0.232,0.0,1.3374070685032107,1.3374070685032107,Well Served,#1b5e20
5,1,-1.2624557312252964,36.829986856836406,200,0,28.7,0.285,0.0,1.1510368536211768,1.1510368536211768,Well Served,#1b5e20
5,2,-1.2624557312252964,36.83537809472734,200,262,24.1,0.184,0.0,1.7471355362915875,1.7471355362915875,Well Served,#1b5e20
5,3,-1.2624557312252964,36.84076933261828,200,0,21.0,0.253,5.130685233246945,1.4175883350997909,1.3448563397225948,Well Served,#1b5e20
5,4,-1.2624557312252964,36.84616057050922,200,310,40.9,0.394,32.91734158746231,0.783534410878581,0.525615712394368,Well Served,#1b5e20
5,5,-1.2624557312252964,36.85155180840015,200,0,32.6,0.289,57.57334841253081,1.3227292233068841,0.561189719018049,Well Served,#1b5e20
5,6,-1.2624557312252964,36.85694304629109,200,0,28.8,0.265,69.99999999999973,1.4876204764138292,0.4462861429241528,Well Served,#1b5e20
5,7,-1.2624557312252964,36.86233428418203,200,0,43.4,0.42,57.57334841253081,0.7320508785577639,0.3105846756887097,Well Served,#1b5e20
5,8,-1.2624557312252964,36.867725522072966,471,445,35.9,0.361,32.91734158746231,5.711156936961523,3.831195899425849,Well Served,#1b5e20
5,9,-1.2624557312252964,36.87311675996391,964,42,45.1,0.4,5.131560754250774,13.146087090609122,12.471487644747796,Low Gap,#f9a825
5,10,-1.2624557312252964,36.87850799785485,839,216,31.1,0.308,0.0,13.419253917075514,13.419253917075514,Low Gap,#f9a825
5,11,-1.2624557312252964,36.88389923574578,517,549,39.6,0.435,0.0,5.722219055062697,5.722219055062697,Low Gap,#f9a825
5,12,-1.2624557312252964,36.88929047363672,1760,371,47.8,0.437,0.0,25.046412457851307,25.046412457851307,Moderate Gap,#f57c00
5,13,-1.2624557312252964,36.89468171152766,1377,797,44.7,0.413,0.0,20.272553811392676,20.272553811392676,Moderate Gap,#f57c00
5,14,-1.2624557312252964,36.90007294941859,1367,280,33.5,0.338,0.0,23.01781049271867,23.01781049271867,Moderate Gap,#f57c00
5,15,-1.2624557312252964,36.90546418730953,1876,385,51.7,0.534,0.0,22.350842072886703,22.350842072886703,Moderate Gap,#f57c00
5,16,-1.2624557312252964,36.910855425200474,1932,687,38.6,0.406,0.0,30.33484086547978,30.33484086547978,Moderate Gap,#f57c00
5,17,-1.2624557312252964,36.91624666309141,1136,435,49.7,0.525,9.998961759803837,13.092624372191958,11.783497867861726,Low Gap,#f9a825
5,18,-1.2624557312252964,36.92163790098235,2219,375,35.6,0.283,39.999307839882405,43.24902486272115,25.949714270134038,Moderate Gap,#f57c00
5,19,-1.2624557312252964,36.92702913887329,1941,339,44.1,0.441,69.99965391996096,28.879717702061765,8.664015257556828,Low Gap,#f9a825
5,20,-1.2624557312252964,36.93242037676422,1777,429,42.6,0.428,100.0,27.02153896669278,0.0,Well Served,#1b5e20
5,21,-1.2624557312252964,36.93781161465516,2029,224,52.5,0.44,69.99965391992143,30.507552499319274,9.152371330357443,Low Gap,#f9a825
5,22,-1.2624557312252964,36.9432028525461,1764,510,54.9,0.461,39.99930783984287,25.260843990449438,15.156681239767119,Low Gap,#f9a825
5,23,-1.2624557312252964,36.948594090437034,2332,786,53.8,0.55,32.917341587426954,28.216685802210385,18.92850295204579,Low Gap,#f9a825
5,24,-1.2624557312252964,36.953985328327974,2517,642,29.5,0.287,57.57334841253081,49.89058783509485,21.166905875735978,Moderate Gap,#f57c00
5,25,-1.2624557312252964,36.959376566218914,2166,815,44.5,0.395,69.99999999999973,35.87602923026597,10.76280876907989,Low Gap,#f9a825
5,26,-1.2624557312252964,36.96476780410985,1628,878,33.3,0.284,57.573348412558765,31.681837484532277,13.441542806061864,Low Gap,#f9a825
5,27,-1.2624557312252964,36.97015904200079,1651,935,38.9,0.266,32.91734158746231,33.03945861099419,22.163747161365002,Moderate Gap,#f57c00
5,28,-1.2624557312252964,36.97555027989173,920,1262,42.4,0.402,5.130685233246945,13.772424606693425,13.065804851137736,Low Gap,#f9a825
5,29,-1.2624557312252964,36.98094151778266,1163,1324,25.4,0.201,0.0,24.799216193142133,24.799216193142133,Moderate Gap,#f57c00
5,30,-1.2624557312252964,36.9863327556736,936,1131,31.9,0.335,0.0,15.773744824055902,15.773744824055902,Low Gap,#f9a825
5,31,-1.2624557312252964,36.99172399356454,561,1370,52.1,0.496,0.0,5.894149639211334,5.894149639211334,Low Gap,#f9a825
5,32,-1.2624557312252964,36.997115231455474,611,1209,38.0,0.344,0.0,9.233076995633366,9.233076995633366,Low Gap,#f9a825
5,33,-1.2624557312252964,37.002506469346415,200,902,27.4,0.259,0.0,1.9312068797149509,1.9312068797149509,Well Served,#1b5e20
5,34,-1.2624557312252964,37.007897707237355,266,810,31.7,0.318,0.0,2.826413388329707,2.826413388329707,Well Served,#1b5e20
5,35,-1.2624557312252964,37.01328894512829,200,253,27.1,0.272,0.0,1.751541679070964,1.751541679070964,Well Served,#1b5e20
5,36,-1.2624557312252964,37.01868018301923,200,546,20.7,0.22,0.0,2.0089460095320733,2.0089460095320733,Well Served,#1b5e20
5,37,-1.2624557312252964,37.02407142091017,200,77,34.6,0.356,0.0,1.1998138856831093,1.1998138856831093,Well Served,#1b5e20
5,38,-1.2624557312252964,37.0294626588011,264,702,24.2,0.307,0.0,2.643778263621068,2.643778263621068,Well Served,#1b5e20
5,39,-1.2624557312252964,37.03485389669204,281,173,20.4,0.205,0.0,3.587132890091252,3.587132890091252,Well Served,#1b5e20
6,0,-1.2570658641753503,36.824595618945466,200,0,24.8,0.24,0.0,1.3310304349918962,1.3310304349918962,Well Served,#1b5e20
6,1,-1.2570658641753503,36.829986856836406,200,417,34.8,0.33,0.0,1.0237576881202735,1.0237576881202735,Well Served,#1b5e20
6,2,-1.2570658641753503,36.83537809472734,200,0,28.9,0.274,0.0,1.3008553527398712,1.3008553527398712,Well Served,#1b5e20
6,3,-1.2570658641753503,36.84076933261828,393,402,26.1,0.245,9.998775577312468,5.240637038005542,4.716637501753852,Well Served,#1b5e20
6,4,-1.2570658641753503,36.84616057050922,200,124,22.7,0.269,39.99918371822149,1.4375406343261783,0.8625361149779637,Well Served,#1b5e20
6,5,-1.2570658641753503,36.85155180840015,200,132,22.0,0.2,69.99959185909097,1.836574048997192,0.5509797105091762,Well Served,#1b5e20
6,6,-1.2570658641753503,36.85694304629109,316,0,33.8,0.335,100.0,3.1732523723771133,0.0,Well Served,#1b5e20
6,7,-1.2570658641753503,36.86233428418203,304,0,40.3,0.413,69.99959185909097,2.4103843004687335,0.7231251279050152,Well Served,#1b5e20
6,8,-1.2570658641753503,36.867725522072966,1174,65,41.8,0.334,40.00000000000069,18.58899404801576,11.153396428809328,Low Gap,#f9a825
6,9,-1.2570658641753503,36.87311675996391,745,97,38.3,0.374,32.91777814785025,10.320361401617664,6.923127731376792,Low Gap,#f9a825
6,10,-1.2570658641753503,36.87850799785485,1618,569,52.0,0.459,15.146609057242744,21.784861641862445,18.485193815308307,Low Gap,#f9a825
6,11,-1.2570658641753503,36.88389923574578,1545,374,47.0,0.385,0.0,24.032615648050086,24.032615648050086,Moderate Gap,#f57c00
6,12,-1.2570658641753503,36.88929047363672,1532,159,46.1,0.416,0.0,22.637190101148054,22.637190101148054,Moderate Gap,#f57c00
6,13,-1.2570658641753503,36.89468171152766,2047,71,44.7,0.397,0.0,32.35077354658743,32.35077354658743,Moderate Gap,#f57c00
6,14,-1.2570658641753503,36.90007294941859,1481,220,24.3,0.23,0.0,29.9905331081809,29.9905331081809,Moderate Gap,#f57c00
6,15,-1.2570658641753503,36.90546418730953,2304,523,37.5,0.362,0.0,39.71561861562304,39.71561861562304,Moderate Gap,#f57c00
6,16,-1.2570658641753503,36.910855425200474,2130,488,32.3,0.274,0.0,42.15207257276213,42.15207257276213,High Gap,#c62828
6,17,-1.2570658641753503,36.91624666309141,2012,98,35.3,0.315,5.130508604805362,37.41465687273489,35.49509468242083,Moderate Gap,#f57c00
6,18,-1.2570658641753503,36.92163790098235,2623,739,46.0,0.44,32.91723056939524,40.382536228884504,27.089723668653026,Moderate Gap,#f57c00
6,19,-1.2570658641753503,36.92702913887329,2521,315,41.3,0.326,57.57330452864977,47.12326394453005,19.992843689906348,Low Gap,#f9a825
6,20,-1.2570658641753503,36.93242037676422,2211,711,43.8,0.396,70.00000000000097,36.7441488329151,11.023244649874178,Low Gap,#f9a825
6,21,-1.2570658641753503,36.93781161465516,2248,634,40.1,0.372,57.573304528621804,39.05536843036792,16.569902229176975,Low Gap,#f9a825
6,22,-1.2570658641753503,36.9432028525461,3014,768,43.8,0.38,32.91723056935988,52.55826280505256,35.257538254263295,Moderate Gap,#f57c00
6,23,-1.2570658641753503,36.948594090437034,2414,949,28.5,0.274,39.99918371818195,49.2590868662961,29.555854212747487,Moderate Gap,#f57c00
6,24,-1.2570658641753503,36.953985328327974,2133,784,63.0,0.613,69.99959185909097,21.98747879182009,6.596333377441841,Low Gap,#f9a825
6,25,-1.2570658641753503,36.959376566218914,2509,1035,46.6,0.395,100.0,42.42204828748347,0.0,Well Served,#1b5e20
6,26,-1.2570658641753503,36.96476780410985,2020,1006,43.3,0.361,69.99959185913052,35.728458952061786,10.718683508061556,Low Gap,#f9a825
6,27,-1.2570658641753503,36.97015904200079,1339,1377,47.7,0.453,39.99918371822149,19.31656964995353,11.590099467610404,Low Gap,#f9a825
6,28,-1.2570658641753503,36.97555027989173,1872,1465,37.4,0.372,9.998775577312468,32.37948639005951,29.14193421283103,Moderate Gap,#f57c00
6,29,-1.2570658641753503,36.98094151778266,2115,1839,34.0,0.25,0.0,44.49755771431014,44.49755771431014,High Gap,#c62828
6,30,-1.2570658641753503,36.9863327556736,1241,1699,43.7,0.385,0.0,20.136674348131635,20.136674348131635,Moderate Gap,#f57c00
6,31,-1.2570658641753503,36.99172399356454,950,1456,42.0,0.353,0.0,15.666426378728426,15.666426378728426,Low Gap,#f9a825
6,32,-1.2570658641753503,36.997115231455474,589,1162,25.7,0.289,0.0,9.843390728218598,9.843390728218598,Low Gap,#f9a825
6,33,-1.2570658641753503,37.002506469346415,591,858,36.4,0.259,0.0,10.27289589810686,10.27289589810686,Low Gap,#f9a825
6,34,-1.2570658641753503,37.007897707237355,200,975,45.6,0.426,0.0,0.9770525715546973,0.9770525715546973,Well Served,#1b5e20
6,35,-1.2570658641753503,37.01328894512829,200,234,38.4,0.372,0.0,1.2230425940920218,1.2230425940920218,Well Served,#1b5e20
6,36,-1.2570658641753503,37.01868018301923,200,607,28.9,0.29,0.0,1.652619679321112,1.652619679321112,Well Served,#1b5e20
6,37,-1.2570658641753503,37.02407142091017,200,701,40.5,0.338,0.0,1.349092680703977,1.349092680703977,Well Served,#1b5e20
6,38,-1.2570658641753503,37.0294626588011,653,129,29.9,0.374,0.0,8.70549500855893,8.70549500855893,Low Gap,#f9a825
6,39,-1.2570658641753503,37.03485389669204,200,246,33.4,0.284,0.0,1.5068977946339506,1.5068977946339506,Well Served,#1b5e20
7,0,-1.2516759971254043,36.824595618945466,200,149,31.9,0.253,0.0,1.3248143957512788,1.3248143957512788,Well Served,#1b5e20
7,1,-1.2516759971254043,36.829986856836406,200,0,44.4,0.418,0.0,0.5625644276463264,0.5625644276463264,Well Served,#1b5e20
7,2,-1.2516759971254043,36.83537809472734,200,192,31.3,0.329,0.0,1.077734906239252,1.077734906239252,Well Served,#1b5e20
7,3,-1.2516759971254043,36.84076933261828,200,19,32.7,0.238,5.130332731908127,1.569366703074828,1.4888529694233126,Well Served,#1b5e20
7,4,-1.2516759971254043,36.84616057050922,200,105,41.6,0.343,32.917120026195015,1.090348052189419,0.7314368751469486,Well Served,#1b5e20
7,5,-1.2516759971254043,36.85155180840015,324,304,28.4,0.28,57.5732608323934,3.8162011797765154,1.619089720654908,Well Served,#1b5e20
7,6,-1.2516759971254043,36.85694304629109,200,197,28.0,0.293,70.00000000000097,1.4490807154009588,0.4347242146202737,Well Served,#1b5e20
7,7,-1.2516759971254043,36.86233428418203,231,11,38.7,0.39,57.57326083242047,1.4711937773562107,0.6241795465685802,Well Served,#1b5e20
7,8,-1.2516759971254043,36.867725522072966,389,357,34.3,0.269,69.99999999999973,5.434955690025949,1.6304867070077993,Well Served,#1b5e20
7,9,-1.2516759971254043,36.87311675996391,1477,353,43.3,0.301,57.57326083239253,26.06293618914578,11.057653956388856,Low Gap,#f9a825
7,10,-1.2516759971254043,36.87850799785485,1637,476,40.6,0.375,32.9171200261591,26.150143217993126,17.542269187913824,Low Gap,#f9a825
7,11,-1.2516759971254043,36.88389923574578,2052,571,31.3,0.263,5.131521587020494,40.17503322751944,38.113442724856625,Moderate Gap,#f57c00
7,12,-1.2516759971254043,36.88929047363672,1876,403,29.9,0.303,0.0,34.66929197325621,34.66929197325621,Moderate Gap,#f57c00
7,13,-1.2516759971254043,36.89468171152766,2184,514,48.9,0.383,0.0,36.12791520149619,36.12791520149619,Moderate Gap,#f57c00
7,14,-1.2516759971254043,36.90007294941859,2469,533,58.5,0.48,0.0,34.60114673702749,34.60114673702749,Moderate Gap,#f57c00
7,15,-1.2516759971254043,36.90546418730953,2618,855,43.0,0.43,0.0,40.97082650645353,40.97082650645353,High Gap,#c62828
7,16,-1.2516759971254043,36.910855425200474,2762,728,50.0,0.451,0.0,41.89033903603733,41.89033903603733,High Gap,#c62828
7,17,-1.2516759971254043,36.91624666309141,2890,776,43.5,0.335,9.998590191272449,53.998029453049625,48.598987776676594,High Gap,#c62828
7,18,-1.2516759971254043,36.92163790098235,2690,912,38.0,0.402,39.99906012752814,45.04950224792972,27.030124756628172,Moderate Gap,#f57c00
7,19,-1.2516759971254043,36.92702913887329,3106,666,58.0,0.547,69.99953006378384,39.193473814311176,11.75822632862118,Low Gap,#f9a825
7,20,-1.2516759971254043,36.93242037676422,3236,645,58.0,0.495,100.0,46.01277367404985,0.0,Well Served,#1b5e20
7,21,-1.2516759971254043,36.93781161465516,3160,973,49.6,0.458,69.9995300637443,48.505952487373605,14.552013693268993,Low Gap,#f9a825
7,22,-1.2516759971254043,36.9432028525461,3081,673,36.9,0.345,39.999060127488605,57.54843891369376,34.52960423017434,Moderate Gap,#f57c00
7,23,-1.2516759971254043,36.948594090437034,3007,965,38.2,0.401,32.91712002615965,51.223823625457655,34.36241612067744,Moderate Gap,#f57c00
7,24,-1.2516759971254043,36.953985328327974,2735,1108,59.6,0.513,57.5732608323934,37.31487906027057,15.831486409608846,Low Gap,#f9a825
7,25,-1.2516759971254043,36.959376566218914,2335,1331,42.4,0.409,70.00000000000097,38.78687500732671,11.636062502197639,Low Gap,#f9a825
7,26,-1.2516759971254043,36.96476780410985,2506,1293,54.6,0.437,57.573260832421354,39.675657158382315,16.833087575609607,Low Gap,#f9a825
7,27,-1.2516759971254043,36.97015904200079,2278,1442,61.9,0.497,32.917120026195015,31.794003158038365,21.328332977374643,Moderate Gap,#f57c00
7,28,-1.2516759971254043,36.97555027989173,2288,1522,53.7,0.478,5.130332731908127,33.22093711299387,31.516592502439334,Moderate Gap,#f57c00
7,29,-1.2516759971254043,36.98094151778266,1760,1875,48.6,0.413,0.0,28.41458519078643,28.41458519078643,Moderate Gap,#f57c00
7,30,-1.2516759971254043,36.9863327556736,1483,1814,53.9,0.44,0.0,22.310115299544417,22.310115299544417,Moderate Gap,#f57c00
7,31,-1.2516759971254043,36.99172399356454,1439,1930,33.2,0.353,0.0,25.163460791370824,25.163460791370824,Moderate Gap,#f57c00
7,32,-1.2516759971254043,36.997115231455474,1251,1477,26.7,0.294,0.0,23.52073606215372,23.52073606215372,Moderate Gap,#f57c00
7,33,-1.2516759971254043,37.002506469346415,251,1512,47.6,0.459,0.0,1.6500770377727365,1.6500770377727365,Well Served,#1b5e20
7,34,-1.2516759971254043,37.007897707237355,636,984,33.1,0.361,0.0,9.346550945385479,9.346550945385479,Low Gap,#f9a825
7,35,-1.2516759971254043,37.01328894512829,200,764,41.7,0.359,0.0,1.336057982324645,1.336057982324645,Well Served,#1b5e20
7,36,-1.2516759971254043,37.01868018301923,200,364,34.2,0.308,0.0,1.5679809206035684,1.5679809206035684,Well Served,#1b5e20
7,37,-1.2516759971254043,37.02407142091017,200,366,46.2,0.402,0.0,1.0037711986890652,1.0037711986890652,Well Served,#1b5e20
7,38,-1.2516759971254043,37.0294626588011,388,303,34.5,0.262,0.0,5.4728893757045425,5.4728893757045425,Low Gap,#f9a825
7,39,-1.2516759971254043,37.03485389669204,374,34,28.2,0.285,0.0,4.807674714644094,4.807674714644094,Well Served,#1b5e20
8,0,-1.2462861300754582,36.824595618945466,200,0,25.8,0.221,0.0,1.484885851255848,1.484885851255848,Well Served,#1b5e20
8,1,-1.2462861300754582,36.829986856836406,200,0,33.9,0.321,0.0,1.0687667376671242,1.0687667376671242,Well Served,#1b5e20
8,2,-1.2462861300754582,36.83537809472734,200,0,18.4,0.185,0.0,1.8146303486899602,1.8146303486899602,Well Served,#1b5e20
8,3,-1.2462861300754582,36.84076933261828,554,358,38.6,0.357,0.0,6.89958924946778,6.89958924946778,Low Gap,#f9a825
8,4,-1.2462861300754582,36.84616057050922,529,0,35.9,0.306,15.146434647721929,7.225147844494982,6.13079554802726,Low Gap,#f9a825
8,5,-1.2462861300754582,36.85155180840015,622,135,25.9,0.257,32.917722994449164,9.884573907191358,6.630797249240506,Low Gap,#f9a825
8,6,-1.2462861300754582,36.85694304629109,851,68,39.9,0.384,40.00000000000069,11.683350364311055,7.010010218586553,Low Gap,#f9a825
8,7,-1.2462861300754582,36.86233428418203,1080,398,33.1,0.296,69.99946853392149,18.350540170729754,5.505259578115158,Low Gap,#f9a825
8,8,-1.2462861300754582,36.867725522072966,1679,651,44.8,0.44,100.0,23.629336836319165,0.0,Well Served,#1b5e20
8,9,-1.2462861300754582,36.87311675996391,1084,397,40.9,0.369,69.99946853388197,16.71679022729374,5.015125912264202,Low Gap,#f9a825
8,10,-1.2462861300754582,36.87850799785485,2153,376,30.4,0.323,39.999999999999446,38.62210231290757,23.173261387744756,Moderate Gap,#f57c00
8,11,-1.2462861300754582,36.88389923574578,2287,437,46.1,0.33,32.91772299446573,41.16077816908828,27.61158722902128,Moderate Gap,#f57c00
8,12,-1.2462861300754582,36.88929047363672,2647,401,48.7,0.387,15.14643464772104,44.105180980318806,37.42481856687573,Moderate Gap,#f57c00
8,13,-1.2462861300754582,36.89468171152766,2659,460,40.6,0.387,0.0,44.7130389268546,44.7130389268546,High Gap,#c62828
8,14,-1.2462861300754582,36.90007294941859,3645,579,51.0,0.443,0.0,56.739154865050814,56.739154865050814,High Gap,#c62828
8,15,-1.2462861300754582,36.90546418730953,2896,635,47.0,0.377,0.0,50.53977950666222,50.53977950666222,High Gap,#c62828
8,16,-1.2462861300754582,36.910855425200474,3082,649,40.7,0.394,0.0,52.71381024615812,52.71381024615812,High Gap,#c62828
8,17,-1.2462861300754582,36.91624666309141,3232,925,50.3,0.437,5.1301576145572625,51.6245271649454,48.97610755361377,High Gap,#c62828
8,18,-1.2462861300754582,36.92163790098235,3629,945,52.9,0.463,32.9170099578632,55.67562280893894,37.348872504818154,Moderate Gap,#f57c00
8,19,-1.2462861300754582,36.92702913887329,3987,740,50.8,0.41,57.5732173238745,67.82250460433245,28.77490663398534,Moderate Gap,#f57c00
8,20,-1.2462861300754582,36.93242037676422,3464,661,52.6,0.506,69.99999999999973,48.81170808769375,14.643512426308257,Low Gap,#f9a825
8,21,-1.2462861300754582,36.93781161465516,3208,875,31.2,0.314,57.57321732384655,63.596360541995566,26.981889677095463,Moderate Gap,#f57c00
8,22,-1.2462861300754582,36.9432028525461,2979,1070,37.2,0.391,32.91700995782784,52.1129908864388,34.95895248702783,Moderate Gap,#f57c00
8,23,-1.2462861300754582,36.948594090437034,3071,829,51.2,0.498,39.998937067763926,43.91075512255552,26.346919815104616,Moderate Gap,#f57c00
8,24,-1.2462861300754582,36.953985328327974,3054,701,37.3,0.341,69.99946853388197,57.9780617217865,17.393726650289892,Low Gap,#f9a825
8,25,-1.2462861300754582,36.959376566218914,2700,1183,51.2,0.44,100.0,43.05446614742161,0.0,Well Served,#1b5e20
8,26,-1.2462861300754582,36.96476780410985,2239,943,47.8,0.488,69.99946853392149,32.02043653224589,9.606301137432128,Low Gap,#f9a825
8,27,-1.2462861300754582,36.97015904200079,2958,1096,55.0,0.503,39.99893706780347,41.6938786181692,25.016770348561337,Moderate Gap,#f57c00
8,28,-1.2462861300754582,36.97555027989173,2102,1839,47.1,0.482,9.998405601685423,30.343750132687664,27.309858919659593,Moderate Gap,#f57c00
8,29,-1.2462861300754582,36.98094151778266,2308,1778,43.8,0.337,0.0,43.45620930860213,43.45620930860213,High Gap,#c62828
8,30,-1.2462861300754582,36.9863327556736,1982,2575,45.1,0.49,0.0,27.92480431810779,27.92480431810779,Moderate Gap,#f57c00
8,31,-1.2462861300754582,36.99172399356454,1255,1845,58.7,0.51,0.0,15.937381060201863,15.937381060201863,Low Gap,#f9a825
8,32,-1.2462861300754582,36.997115231455474,1267,1370,42.1,0.369,0.0,21.18052511077456,21.18052511077456,Moderate Gap,#f57c00
8,33,-1.2462861300754582,37.002506469346415,584,1251,38.1,0.349,0.0,8.772394258545237,8.772394258545237,Low Gap,#f9a825
8,34,-1.2462861300754582,37.007897707237355,200,1025,34.7,0.287,0.0,1.815006847942124,1.815006847942124,Well Served,#1b5e20
8,35,-1.2462861300754582,37.01328894512829,200,434,35.3,0.37,0.0,1.2825668231655687,1.2825668231655687,Well Served,#1b5e20
8,36,-1.2462861300754582,37.01868018301923,403,1002,40.1,0.431,0.0,4.169453798092052,4.169453798092052,Well Served,#1b5e20
8,37,-1.2462861300754582,37.02407142091017,200,716,40.6,0.348,0.0,1.3326708581429285,1.3326708581429285,Well Served,#1b5e20
8,38,-1.2462861300754582,37.0294626588011,200,519,47.4,0.443,0.0,0.7555682680165058,0.7555682680165058,Well Served,#1b5e20
8,39,-1.2462861300754582,37.03485389669204,200,186,26.6,0.25,0.0,1.7218246391921057,1.7218246391921057,Well Served,#1b5e20
9,0,-1.240896263025512,36.824595618945466,200,247,39.6,0.386,0.0,0.7535708207908057,0.7535708207908057,Well Served,#1b5e20
9,1,-1.240896263025512,36.829986856836406,200,310,24.4,0.212,0.0,1.6952431666320402,1.6952431666320402,Well Served,#1b5e20
9,2,-1.240896263025512,36.83537809472734,200,358,30.4,0.31,0.0,1.2574951455169021,1.2574951455169021,Well Served,#1b5e20
9,3,-1.240896263025512,36.84076933261828,200,0,35.6,0.344,0.0,1.1027453182765994,1.1027453182765994,Well Served,#1b5e20
9,4,-1.240896263025512,36.84616057050922,200,141,42.9,0.453,0.0,0.5875757264041679,0.5875757264041679,Well Served,#1b5e20
9,5,-1.240896263025512,36.85155180840015,653,196,37.6,0.336,5.131482755442063,9.259568968181458,8.784415783350962,Low Gap,#f9a825
9,6,-1.240896263025512,36.85694304629109,1306,0,39.8,0.377,32.91690036440244,19.60154992244848,13.149327264597511,Low Gap,#f9a825
9,7,-1.240896263025512,36.86233428418203,1405,431,44.9,0.421,57.573174003011914,20.0155967857062,8.49198242053031,Low Gap,#f9a825
9,8,-1.240896263025512,36.867725522072966,1207,146,39.7,0.4,69.99999999999973,17.74954331478278,5.324862994434882,Low Gap,#f9a825
9,9,-1.240896263025512,36.87311675996391,2266,210,52.5,0.501,57.57317400298396,29.381490280960236,12.465633756833178,Low Gap,#f9a825
9,10,-1.240896263025512,36.87850799785485,2760,469,49.9,0.435,69.99999999999973,41.981019502073316,12.594305850622108,Low Gap,#f9a825
9,11,-1.240896263025512,36.88389923574578,2457,641,28.4,0.293,57.573174003011914,47.56889635843029,20.181972886678818,Moderate Gap,#f57c00
9,12,-1.240896263025512,36.88929047363672,2415,462,56.3,0.542,32.91690036440244,29.69864821325109,19.922773771320845,Low Gap,#f9a825
9,13,-1.240896263025512,36.89468171152766,3480,632,36.5,0.357,5.131482755442063,63.014331927055856,59.78076235076196,High Gap,#c62828
9,14,-1.240896263025512,36.90007294941859,2915,697,44.6,0.432,0.0,46.40578299958381,46.40578299958381,High Gap,#c62828
9,15,-1.240896263025512,36.90546418730953,3373,849,48.6,0.5,0.0,47.658563086350306,47.658563086350306,High Gap,#c62828
9,16,-1.240896263025512,36.910855425200474,3361,630,61.5,0.526,0.0,45.10455322610946,45.10455322610946,High Gap,#c62828
9,17,-1.240896263025512,36.91624666309141,3861,455,55.1,0.482,9.998221808553042,57.433098365347576,51.690809799255675,High Gap,#c62828
9,18,-1.240896263025512,36.92163790098235,3597,571,62.8,0.558,39.99881453904853,45.3819254674934,27.22969326550148,Moderate Gap,#f57c00
9,19,-1.240896263025512,36.92702913887329,3577,1150,43.3,0.418,69.99940726954404,60.44880862491272,18.135000885972804,Low Gap,#f9a825
9,20,-1.240896263025512,36.93242037676422,4232,917,56.8,0.508,100.0,60.53398718487727,0.0,Well Served,#1b5e20
9,21,-1.240896263025512,36.93781161465516,3866,846,56.1,0.533,69.9994072695045,52.24790002907193,15.67467969795831,Low Gap,#f9a825
9,22,-1.240896263025512,36.9432028525461,4345,797,51.6,0.547,39.998814539009,57.20477511405366,34.323543208726164,Moderate Gap,#f57c00
9,23,-1.240896263025512,36.948594090437034,3816,1332,56.9,0.466,32.91690036436707,59.416795796848355,39.85862832470034,Moderate Gap,#f57c00
9,24,-1.240896263025512,36.953985328327974,3822,1003,65.0,0.572,57.57317400298396,47.160030545748306,20.008504099784247,Moderate Gap,#f57c00
9,25,-1.240896263025512,36.959376566218914,3207,1465,56.9,0.599,69.99999999999973,36.6137446826988,10.98412340480974,Low Gap,#f9a825
9,26,-1.240896263025512,36.96476780410985,2903,934,61.6,0.539,57.573174003011914,38.06235690929855,16.148649936260668,Low Gap,#f9a825
9,27,-1.240896263025512,36.97015904200079,3294,1460,57.0,0.563,32.91690036440244,41.13117758466577,27.592068840415912,Moderate Gap,#f57c00
9,28,-1.240896263025512,36.97555027989173,2333,1979,43.0,0.405,5.129983252755599,39.5807425154135,37.55025705305647,Moderate Gap,#f57c00
9,29,-1.240896263025512,36.98094151778266,2937,1578,43.5,0.41,0.0,49.74025175663551,49.74025175663551,High Gap,#c62828
9,30,-1.240896263025512,36.9863327556736,2120,2144,53.0,0.528,0.0,27.697021697804843,27.697021697804843,Moderate Gap,#f57c00
9,31,-1.240896263025512,36.99172399356454,1149,1513,49.8,0.47,0.0,15.807081864445987,15.807081864445987,Low Gap,#f9a825
9,32,-1.240896263025512,36.997115231455474,1481,1530,47.3,0.427,0.0,22.73843282834314,22.73843282834314,Moderate Gap,#f57c00
9,33,-1.240896263025512,37.002506469346415,1205,1193,57.8,0.47,0.0,16.3514781758968,16.3514781758968,Low Gap,#f9a825
9,34,-1.240896263025512,37.007897707237355,1003,915,28.0,0.213,0.0,20.484010922171215,20.484010922171215,Moderate Gap,#f57c00
9,35,-1.240896263025512,37.01328894512829,656,465,25.2,0.209,0.0,12.469006274723704,12.469006274723704,Low Gap,#f9a825
9,36,-1.240896263025512,37.01868018301923,200,727,20.1,0.209,0.0,2.170764393026712,2.170764393026712,Well Served,#1b5e20
9,37,-1.240896263025512,37.02407142091017,200,350,51.1,0.516,0.0,0.39755393432451397,0.39755393432451397,Well Served,#1b5e20
9,38,-1.240896263025512,37.0294626588011,200,567,16.5,0.216,0.0,2.0116498099837026,2.0116498099837026,Well Served,#1b5e20
9,39,-1.240896263025512,37.03485389669204,200,11,22.1,0.281,0.0,1.5615060866671915,1.5615060866671915,Well Served,#1b5e20
10,0,-1.2355063959755659,36.824595618945466,200,280,25.8,0.26,0.0,1.407255072322303,1.407255072322303,Well Served,#1b5e20
10,1,-1.2355063959755659,36.829986856836406,200,251,36.9,0.324,0.0,1.1484294058886937,1.1484294058886937,Well Served,#1b5e20
10,2,-1.2355063959755659,36.83537809472734,215,99,26.0,0.233,0.0,1.956307727069697,1.956307727069697,Well Served,#1b5e20
10,3,-1.2355063959755659,36.84076933261828,200,429,30.3,0.267,0.0,1.5727334154885635,1.5727334154885635,Well Served,#1b5e20
10,4,-1.2355063959755659,36.84616057050922,453,448,31.6,0.291,0.0,6.288642343551981,6.288642343551981,Low Gap,#f9a825
10,5,-1.2355063959755659,36.85155180840015,1508,135,41.1,0.409,0.0,21.692676408149783,21.692676408149783,Moderate Gap,#f57c00
10,6,-1.2355063959755659,36.85694304629109,672,98,39.5,0.4,15.14626173963942,8.693315723652738,7.376603370295065,Low Gap,#f9a825
10,7,-1.2355063959755659,36.86233428418203,1467,341,43.0,0.402,32.91766831580533,21.971840556186535,14.739222959023452,Low Gap,#f9a825
10,8,-1.2355063959755659,36.867725522072966,2135,392,45.3,0.427,39.999999999999446,31.962199425687505,19.17731965541268,Low Gap,#f9a825
10,9,-1.2355063959755659,36.87311675996391,1779,117,46.1,0.346,69.99934627061246,30.602665839378133,9.180999810433402,Low Gap,#f9a825
10,10,-1.2355063959755659,36.87850799785485,2142,797,50.7,0.415,100.0,33.72654562178491,0.0,Well Served,#1b5e20
10,11,-1.2355063959755659,36.88389923574578,2299,599,41.8,0.447,69.999346270652,34.56157880066729,10.368699579383941,Low Gap,#f9a825
10,12,-1.2355063959755659,36.88929047363672,3052,512,55.6,0.498,40.00000000000069,42.47845278585973,25.487071671515544,Moderate Gap,#f57c00
10,13,-1.2355063959755659,36.89468171152766,3210,557,44.8,0.332,32.91766831578875,60.89814578903733,40.85189614773655,High Gap,#c62828
10,14,-1.2355063959755659,36.90007294941859,3447,860,58.1,0.481,15.146261739640309,50.873650504572566,43.16819424264016,High Gap,#c62828
10,15,-1.2355063959755659,36.90546418730953,3632,683,54.4,0.508,0.0,51.10604580794569,51.10604580794569,High Gap,#c62828
10,16,-1.2355063959755659,36.910855425200474,4314,1296,49.7,0.433,0.0,71.363681853823,71.363681853823,Critical Gap,#880e4f
10,17,-1.2355063959755659,36.91624666309141,3859,1421,52.4,0.446,5.129809646504713,62.38683394134914,59.186508115676936,High Gap,#c62828
10,18,-1.2355063959755659,36.92163790098235,4423,955,48.3,0.479,32.91679124581376,67.53517799140049,45.30476443448242,High Gap,#c62828
10,19,-1.2355063959755659,36.92702913887329,3854,1102,65.7,0.627,57.57313086983369,41.397098327138316,17.563492730941242,Low Gap,#f9a825
10,20,-1.2355063959755659,36.93242037676422,4116,857,66.2,0.529,69.99999999999973,56.69613280982047,17.008839842946294,Low Gap,#f9a825
10,21,-1.2355063959755659,36.93781161465516,4214,1655,60.6,0.576,57.57313086980573,52.287162558260505,22.183806030485123,Moderate Gap,#f57c00
10,22,-1.2355063959755659,36.9432028525461,3952,1611,49.3,0.504,32.9167912457784,57.60905513331369,38.64600271641544,Moderate Gap,#f57c00
10,23,-1.2355063959755659,36.948594090437034,3914,1580,59.7,0.496,39.998692541224926,57.96442681877936,34.77941395225248,Moderate Gap,#f57c00
10,24,-1.2355063959755659,36.953985328327974,3856,1205,64.4,0.464,69.99934627061246,60.697745886807475,18.209720565044677,Low Gap,#f9a825
10,25,-1.2355063959755659,36.959376566218914,3331,1286,63.0,0.524,100.0,45.98423885400464,0.0,Well Served,#1b5e20
10,26,-1.2355063959755659,36.96476780410985,3459,1426,46.4,0.364,69.999346270652,64.59941142810364,19.380245733742235,Low Gap,#f9a825
10,27,-1.2355063959755659,36.97015904200079,3285,1459,67.5,0.629,39.99869254126446,34.69438667709323,20.817085621045287,Moderate Gap,#f57c00
10,28,-1.2355063959755659,36.97555027989173,3157,1703,68.0,0.627,9.998038811876919,33.3773590436108,30.040277732051084,Moderate Gap,#f57c00
10,29,-1.2355063959755659,36.98094151778266,2675,1963,42.0,0.43,0.0,43.75499004916274,43.75499004916274,High Gap,#c62828
10,30,-1.2355063959755659,36.9863327556736,2899,1654,41.6,0.41,0.0,49.0424083656692,49.0424083656692,High Gap,#c62828
10,31,-1.2355063959755659,36.99172399356454,2484,1980,34.7,0.326,0.0,47.70006166993604,47.70006166993604,High Gap,#c62828
10,32,-1.2355063959755659,36.997115231455474,1682,1464,40.1,0.395,0.0,27.795416047217614,27.795416047217614,Moderate Gap,#f57c00
10,33,-1.2355063959755659,37.002506469346415,1724,1121,30.3,0.335,0.0,31.25041189798226,31.25041189798226,Moderate Gap,#f57c00
10,34,-1.2355063959755659,37.007897707237355,1847,1070,55.7,0.482,0.0,25.411135823580988,25.411135823580988,Moderate Gap,#f57c00
10,35,-1.2355063959755659,37.01328894512829,607,663,37.3,0.318,0.0,9.534815140632299,9.534815140632299,Low Gap,#f9a825
10,36,-1.2355063959755659,37.01868018301923,693,357,42.8,0.41,0.0,9.225296259497176,9.225296259497176,Low Gap,#f9a825
10,37,-1.2355063959755659,37.02407142091017,200,433,24.6,0.268,0.0,1.7850909213773267,1.7850909213773267,Well Served,#1b5e20
10,38,-1.2355063959755659,37.0294626588011,200,120,33.9,0.364,0.0,1.1913256197184876,1.1913256197184876,Well Served,#1b5e20
10,39,-1.2355063959755659,37.03485389669204,597,316,11.1,0.174,0.0,11.013005662454466,11.013005662454466,Low Gap,#f9a825
11,0,-1.2301165289256197,36.824595618945466,617,0,27.1,0.212,0.0,9.788946775993645,9.788946775993645,Low Gap,#f9a825
11,1,-1.2301165289256197,36.829986856836406,200,282,26.3,0.313,0.0,1.2272559657671014,1.2272559657671014,Well Served,#1b5e20
11,2,-1.2301165289256197,36.83537809472734,410,251,28.6,0.272,0.0,5.481377052949605,5.481377052949605,Low Gap,#f9a825
11,3,-1.2301165289256197,36.84076933261828,201,205,42.0,0.431,0.0,0.736304001933381,0.736304001933381,Well Served,#1b5e20
11,4,-1.2301165289256197,36.84616057050922,720,514,37.6,0.328,0.0,10.763452027949933,10.763452027949933,Low Gap,#f9a825
11,5,-1.2301165289256197,36.85155180840015,1061,468,53.4,0.418,0.0,14.568791355713016,14.568791355713016,Low Gap,#f9a825
11,6,-1.2301165289256197,36.85694304629109,1615,523,52.8,0.408,0.0,24.142127046947,24.142127046947,Moderate Gap,#f57c00
11,7,-1.2301165289256197,36.86233428418203,1638,289,43.0,0.407,5.131444259565909,24.814731374647984,23.54137726599691,Moderate Gap,#f57c00
11,8,-1.2301165289256197,36.867725522072966,1626,40,45.1,0.356,32.91668260206332,27.2251842857609,18.263556786590165,Low Gap,#f9a825
11,9,-1.2301165289256197,36.87311675996391,2930,556,35.3,0.277,57.573087924312816,58.38905984324852,24.772675081515423,Moderate Gap,#f57c00
11,10,-1.2301165289256197,36.87850799785485,2457,745,49.1,0.469,69.99999999999973,35.546834871036225,10.664050461310964,Low Gap,#f9a825
11,11,-1.2301165289256197,36.88389923574578,2770,837,46.5,0.418,57.57308792434077,44.930513022965116,19.06262925539603,Low Gap,#f9a825
11,12,-1.2301165289256197,36.88929047363672,3210,282,58.5,0.52,70.00000000000097,43.097025006842635,12.929107502052377,Low Gap,#f9a825
11,13,-1.2301165289256197,36.89468171152766,3573,1058,50.6,0.41,57.57308792431369,60.52403503824194,25.67847913033248,Moderate Gap,#f57c00
11,14,-1.2301165289256197,36.90007294941859,4787,775,33.6,0.287,32.916682602099236,100.0,67.08331739790077,Critical Gap,#880e4f
11,15,-1.2301165289256197,36.90546418730953,4185,1267,52.9,0.462,5.1314442595545735,65.72686440691436,62.35412699632053,Critical Gap,#880e4f
11,16,-1.2301165289256197,36.910855425200474,4358,1397,53.6,0.469,0.0,68.00984579237067,68.00984579237067,Critical Gap,#880e4f
11,17,-1.2301165289256197,36.91624666309141,4535,1493,56.8,0.421,9.997856611658673,77.82238755437436,70.0418168349187,Critical Gap,#880e4f
11,18,-1.2301165289256197,36.92163790098235,3922,1256,45.7,0.364,39.99857107445229,73.98702511313127,44.39327228738259,High Gap,#c62828
11,19,-1.2301165289256197,36.92702913887329,4488,1385,52.2,0.448,69.99928553724591,73.66699793615534,22.100625704108907,Moderate Gap,#f57c00
11,20,-1.2301165289256197,36.93242037676422,3494,1501,53.6,0.452,100.0,56.54078744410358,0.0,Well Served,#1b5e20
11,21,-1.2301165289256197,36.93781161465516,3704,1460,64.0,0.572,69.99928553720638,46.46837115863426,13.94084334681301,Low Gap,#f9a825
11,22,-1.2301165289256197,36.9432028525461,4032,1754,48.7,0.407,39.99857107441276,71.32616453208546,42.79671791706667,High Gap,#c62828
11,23,-1.2301165289256197,36.948594090437034,3831,1534,51.4,0.454,32.91668260206387,62.03015197168836,41.611883729589835,High Gap,#c62828
11,24,-1.2301165289256197,36.953985328327974,3303,1346,59.9,0.521,57.57308792431369,46.26800398795387,19.630085371144222,Low Gap,#f9a825
11,25,-1.2301165289256197,36.959376566218914,3898,1660,61.5,0.549,70.00000000000097,51.62047360878238,15.486142082634219,Low Gap,#f9a825
11,26,-1.2301165289256197,36.96476780410985,3841,1665,46.1,0.416,57.57308792434165,66.35398924174805,28.15194867428825,Moderate Gap,#f57c00
11,27,-1.2301165289256197,36.97015904200079,3007,1466,45.0,0.404,32.916682602099236,52.37099741127389,35.13220241785126,Moderate Gap,#f57c00
11,28,-1.2301165289256197,36.97555027989173,3325,2091,53.1,0.53,5.129636795807013,45.30929954429991,42.985097042953086,High Gap,#c62828
11,29,-1.2301165289256197,36.98094151778266,3301,1737,57.2,0.555,0.0,42.1983370985022,42.1983370985022,High Gap,#c62828
11,30,-1.2301165289256197,36.9863327556736,3019,1243,57.8,0.521,0.0,41.164743650103304,41.164743650103304,High Gap,#c62828
11,31,-1.2301165289256197,36.99172399356454,2682,1422,34.0,0.339,0.0,50.643684017383606,50.643684017383606,High Gap,#c62828
11,32,-1.2301165289256197,36.997115231455474,2224,541,39.2,0.413,0.0,36.219569980571045,36.219569980571045,Moderate Gap,#f57c00
11,33,-1.2301165289256197,37.002506469346415,2236,1335,38.0,0.393,0.0,37.540246882769836,37.540246882769836,Moderate Gap,#f57c00
11,34,-1.2301165289256197,37.007897707237355,951,378,46.1,0.377,0.0,14.828288091107952,14.828288091107952,Low Gap,#f9a825
11,35,-1.2301165289256197,37.01328894512829,1323,677,36.8,0.42,0.0,19.67220219926435,19.67220219926435,Low Gap,#f9a825
11,36,-1.2301165289256197,37.01868018301923,933,663,36.3,0.305,0.0,16.05381528009125,16.05381528009125,Low Gap,#f9a825
11,37,-1.2301165289256197,37.02407142091017,722,421,31.8,0.352,0.0,10.758209198827515,10.758209198827515,Low Gap,#f9a825
11,38,-1.2301165289256197,37.0294626588011,200,634,32.1,0.376,0.0,1.1546897050043783,1.1546897050043783,Well Served,#1b5e20
11,39,-1.2301165289256197,37.03485389669204,200,334,31.1,0.304,0.0,1.479957813456136,1.479957813456136,Well Served,#1b5e20
12,0,-1.2247266618756738,36.824595618945466,200,145,28.1,0.257,0.0,1.4457649471019953,1.4457649471019953,Well Served,#1b5e20
12,1,-1.2247266618756738,36.829986856836406,200,0,41.0,0.389,0.0,0.8369337762564844,0.8369337762564844,Well Served,#1b5e20
12,2,-1.2247266618756738,36.83537809472734,200,238,33.1,0.395,0.0,0.8813562320617209,0.8813562320617209,Well Served,#1b5e20
12,3,-1.2247266618756738,36.84076933261828,200,301,28.6,0.258,0.0,1.669047573962879,1.669047573962879,Well Served,#1b5e20
12,4,-1.2247266618756738,36.84616057050922,1281,501,38.5,0.362,0.0,19.895181003567487,19.895181003567487,Low Gap,#f9a825
12,5,-1.2247266618756738,36.85155180840015,663,353,39.6,0.314,0.0,10.204776321512703,10.204776321512703,Low Gap,#f9a825
12,6,-1.2247266618756738,36.85694304629109,1566,446,40.1,0.363,0.0,25.48491744155647,25.48491744155647,Moderate Gap,#f57c00
12,7,-1.2247266618756738,36.86233428418203,2230,64,55.2,0.484,0.0,30.034202404031628,30.034202404031628,Moderate Gap,#f57c00
12,8,-1.2247266618756738,36.867725522072966,2329,578,47.8,0.438,15.146090333013184,35.09808864591808,29.782100434446285,Moderate Gap,#f57c00
12,9,-1.2247266618756738,36.87311675996391,2850,608,42.3,0.38,32.917614111875636,48.799956857902174,32.73617537265614,Moderate Gap,#f57c00
12,10,-1.2247266618756738,36.87850799785485,3066,305,58.0,0.555,40.00000000000069,37.51328354856165,22.507970129136734,Moderate Gap,#f57c00
12,11,-1.2247266618756738,36.88389923574578,3032,886,57.1,0.502,69.9992250692868,42.30953994562292,12.69318985330653,Low Gap,#f9a825
12,12,-1.2247266618756738,36.88929047363672,3683,704,52.3,0.462,100.0,56.67497654123797,0.0,Well Served,#1b5e20
12,13,-1.2247266618756738,36.89468171152766,4669,1103,56.9,0.59,69.9992250692868,55.212359656323315,16.564135754429454,Low Gap,#f9a825
12,14,-1.2247266618756738,36.90007294941859,4223,1287,58.1,0.552,39.999999999999446,54.963436903532426,32.97806214211976,Moderate Gap,#f57c00
12,15,-1.2247266618756738,36.90546418730953,4280,1407,50.2,0.444,32.917614111874514,70.1692529671463,47.07120905023603,High Gap,#c62828
12,16,-1.2247266618756738,36.910855425200474,3623,1481,57.8,0.535,15.146090333012319,49.278649123205234,41.81486041211639,High Gap,#c62828
12,17,-1.2247266618756738,36.91624666309141,4279,1574,50.8,0.492,5.1294647006637,64.52674822690454,61.216871454119335,Critical Gap,#880e4f
12,18,-1.2247266618756738,36.92163790098235,3713,1468,48.9,0.447,32.91657443325931,61.003561926048356,40.92327905772121,High Gap,#c62828
12,19,-1.2247266618756738,36.92702913887329,3692,1592,55.1,0.484,57.57304516653499,56.58607318629543,24.00774771278102,Moderate Gap,#f57c00
12,20,-1.2247266618756738,36.93242037676422,3667,1756,54.4,0.512,70.00000000000097,53.123602562819286,15.937080768845275,Low Gap,#f9a825
12,21,-1.2247266618756738,36.93781161465516,4029,1740,78.2,0.693,57.57304516650703,36.040358167571284,15.290826481584563,Low Gap,#f9a825
12,22,-1.2247266618756738,36.9432028525461,3429,1586,68.9,0.608,32.91657443322394,39.34520254841471,26.39410966566306,Moderate Gap,#f57c00
12,23,-1.2247266618756738,36.948594090437034,3283,1760,62.1,0.534,39.99845013857358,45.07044884803319,27.04296783832132,Moderate Gap,#f57c00
12,24,-1.2247266618756738,36.953985328327974,4061,1421,49.5,0.485,69.9992250692868,62.28670508939267,18.68649420562578,Low Gap,#f9a825
12,25,-1.2247266618756738,36.959376566218914,3716,1620,64.6,0.545,100.0,49.8318931789271,0.0,Well Served,#1b5e20
12,26,-1.2247266618756738,36.96476780410985,3972,1491,62.2,0.558,69.99922506932633,51.667580390483344,15.50067450507379,Low Gap,#f9a825
12,27,-1.2247266618756738,36.97015904200079,3517,1499,50.0,0.479,39.99845013861313,53.83551391238803,32.302142723275374,Moderate Gap,#f57c00
12,28,-1.2247266618756738,36.97555027989173,3719,1303,46.7,0.434,9.997675207899913,61.88976348193569,55.70222594207431,High Gap,#c62828
12,29,-1.2247266618756738,36.98094151778266,3306,1540,48.2,0.466,0.0,51.30547935950133,51.30547935950133,High Gap,#c62828
12,30,-1.2247266618756738,36.9863327556736,3040,1190,70.3,0.634,0.0,31.234709348653915,31.234709348653915,Moderate Gap,#f57c00
12,31,-1.2247266618756738,36.99172399356454,3022,1626,46.3,0.444,0.0,48.0417780797395,48.0417780797395,High Gap,#c62828
12,32,-1.2247266618756738,36.997115231455474,2492,669,44.3,0.384,0.0,43.11396407590242,43.11396407590242,High Gap,#c62828
12,33,-1.2247266618756738,37.002506469346415,2181,1021,53.9,0.466,0.0,31.89850928400601,31.89850928400601,Moderate Gap,#f57c00
12,34,-1.2247266618756738,37.007897707237355,1291,616,36.9,0.303,0.0,23.794661817584263,23.794661817584263,Moderate Gap,#f57c00
12,35,-1.2247266618756738,37.01328894512829,1293,427,26.4,0.282,0.0,24.28762558800152,24.28762558800152,Moderate Gap,#f57c00
12,36,-1.2247266618756738,37.01868018301923,1125,298,45.7,0.418,0.0,16.214102546046455,16.214102546046455,Low Gap,#f9a825
12,37,-1.2247266618756738,37.02407142091017,200,224,39.3,0.347,0.0,1.353207015372657,1.353207015372657,Well Served,#1b5e20
12,38,-1.2247266618756738,37.0294626588011,569,172,44.7,0.392,0.0,7.216660553539605,7.216660553539605,Low Gap,#f9a825
12,39,-1.2247266618756738,37.03485389669204,288,497,36.9,0.286,0.0,3.296415641539591,3.296415641539591,Well Served,#1b5e20
13,0,-1.2193367948257277,36.824595618945466,200,73,42.8,0.403,0.0,0.7219400766875306,0.7219400766875306,Well Served,#1b5e20
13,1,-1.2193367948257277,36.829986856836406,200,518,23.0,0.186,0.0,1.951249874773842,1.951249874773842,Well Served,#1b5e20
13,2,-1.2193367948257277,36.83537809472734,350,258,29.0,0.303,0.0,4.144628126245068,4.144628126245068,Well Served,#1b5e20
13,3,-1.2193367948257277,36.84076933261828,1524,303,43.0,0.389,0.0,22.670611033368694,22.670611033368694,Moderate Gap,#f57c00
13,4,-1.2193367948257277,36.84616057050922,777,86,38.5,0.305,0.0,12.362788722615829,12.362788722615829,Low Gap,#f9a825
13,5,-1.2193367948257277,36.85155180840015,1944,426,34.6,0.327,0.0,33.893632476014034,33.893632476014034,Moderate Gap,#f57c00
13,6,-1.2193367948257277,36.85694304629109,1827,452,43.6,0.385,0.0,29.21623340395401,29.21623340395401,Moderate Gap,#f57c00
13,7,-1.2193367948257277,36.86233428418203,2198,391,55.9,0.5,0.0,28.915724631894875,28.915724631894875,Moderate Gap,#f57c00
13,8,-1.2193367948257277,36.867725522072966,3018,399,44.0,0.459,0.0,44.674663717921646,44.674663717921646,High Gap,#c62828
13,9,-1.2193367948257277,36.87311675996391,2773,963,49.3,0.453,5.131406099351721,42.01058958346567,39.8548556272061,Moderate Gap,#f57c00
13,10,-1.2193367948257277,36.87850799785485,3252,802,54.8,0.445,32.91646673929552,50.90613739325153,34.149635609941804,Moderate Gap,#f57c00
13,11,-1.2193367948257277,36.88389923574578,3519,829,48.1,0.399,57.5730025963867,60.619018669303095,25.718829476921083,Moderate Gap,#f57c00
13,12,-1.2193367948257277,36.88929047363672,4010,761,38.2,0.418,69.99999999999973,67.66986126923148,20.300958380769625,Moderate Gap,#f57c00
13,13,-1.2193367948257277,36.89468171152766,4115,1222,62.8,0.568,57.57300259641466,51.49341346990346,21.847109195893406,Moderate Gap,#f57c00
13,14,-1.2193367948257277,36.90007294941859,4123,1407,47.8,0.394,69.99999999999973,73.85092239186574,22.15527671755992,Moderate Gap,#f57c00
13,15,-1.2193367948257277,36.90546418730953,3836,1594,56.5,0.494,57.5730025963867,57.23464539165517,24.28294151428482,Moderate Gap,#f57c00
13,16,-1.2193367948257277,36.910855425200474,3557,1791,71.7,0.557,32.91646673926015,46.30010395106267,31.059745633768248,Moderate Gap,#f57c00
13,17,-1.2193367948257277,36.91624666309141,3079,1993,72.9,0.626,9.997494600602263,33.384642819449056,30.047014956144285,Moderate Gap,#f57c00
13,18,-1.2193367948257277,36.92163790098235,3981,1948,52.6,0.495,39.998329733748015,60.17112063110783,36.10367739658604,Moderate Gap,#f57c00
13,19,-1.2193367948257277,36.92702913887329,2966,2036,46.8,0.417,69.99916486689376,51.5672833955979,15.470615674134995,Low Gap,#f9a825
13,20,-1.2193367948257277,36.93242037676422,3356,2188,59.8,0.477,100.0,52.473679632605155,0.0,Well Served,#1b5e20
13,21,-1.2193367948257277,36.93781161465516,3308,2000,76.1,0.65,69.99916486685424,33.83965791031576,10.152179979294345,Low Gap,#f9a825
13,22,-1.2193367948257277,36.9432028525461,3609,1985,79.3,0.756,39.99832973370848,25.180067241324465,15.108460918969993,Low Gap,#f9a825
13,23,-1.2193367948257277,36.948594090437034,3364,1774,52.9,0.439,32.91646673926015,56.4721719464776,37.8835282507775,Moderate Gap,#f57c00
13,24,-1.2193367948257277,36.953985328327974,3682,2040,61.6,0.513,57.5730025963867,53.463346910484,22.682892805595817,Moderate Gap,#f57c00
13,25,-1.2193367948257277,36.959376566218914,3755,1598,55.1,0.428,69.99999999999973,64.23559608233982,19.27067882470212,Low Gap,#f9a825
13,26,-1.2193367948257277,36.96476780410985,3697,1675,67.4,0.59,57.57300259641466,44.51273306067185,18.88541609991612,Low Gap,#f9a825
13,27,-1.2193367948257277,36.97015904200079,4763,1403,52.2,0.561,32.91646673929552,61.96900583736981,41.57099864223987,High Gap,#c62828
13,28,-1.2193367948257277,36.97555027989173,4040,1831,51.9,0.446,5.129293361076758,66.27105671905855,62.871819806452464,Critical Gap,#880e4f
13,29,-1.2193367948257277,36.98094151778266,3527,1418,49.0,0.445,0.0,57.278649724320594,57.278649724320594,High Gap,#c62828
13,30,-1.2193367948257277,36.9863327556736,3502,1515,51.3,0.435,0.0,57.543911025821814,57.543911025821814,High Gap,#c62828
13,31,-1.2193367948257277,36.99172399356454,2918,874,51.4,0.462,0.0,44.70547924139149,44.70547924139149,High Gap,#c62828
13,32,-1.2193367948257277,36.997115231455474,2411,1281,40.8,0.425,0.0,38.91768801537765,38.91768801537765,Moderate Gap,#f57c00
13,33,-1.2193367948257277,37.002506469346415,2399,719,46.8,0.378,0.0,41.53071957598669,41.53071957598669,High Gap,#c62828
13,34,-1.2193367948257277,37.007897707237355,2246,647,33.0,0.299,0.0,43.43837472884162,43.43837472884162,High Gap,#c62828
13,35,-1.2193367948257277,37.01328894512829,999,634,48.6,0.462,0.0,13.149540883108548,13.149540883108548,Low Gap,#f9a825
13,36,-1.2193367948257277,37.01868018301923,1583,730,30.9,0.334,0.0,27.663273676765044,27.663273676765044,Moderate Gap,#f57c00
13,37,-1.2193367948257277,37.02407142091017,200,652,46.3,0.434,0.0,0.886221323498284,0.886221323498284,Well Served,#1b5e20
13,38,-1.2193367948257277,37.0294626588011,422,350,47.6,0.479,0.0,3.7702035808450067,3.7702035808450067,Well Served,#1b5e20
13,39,-1.2193367948257277,37.03485389669204,865,401,43.5,0.364,0.0,12.640734904231143,12.640734904231143,Low Gap,#f9a825
14,0,-1.2139469277757815,36.824595618945466,385,62,23.3,0.313,0.0,4.40513887626608,4.40513887626608,Well Served,#1b5e20
14,1,-1.2139469277757815,36.829986856836406,200,0,44.0,0.449,0.0,0.5588526706029334,0.5588526706029334,Well Served,#1b5e20
14,2,-1.2139469277757815,36.83537809472734,358,300,34.0,0.323,0.0,4.1358283860382965,4.1358283860382965,Well Served,#1b5e20
14,3,-1.2139469277757815,36.84076933261828,936,521,51.1,0.473,0.0,11.035670819654168,11.035670819654168,Low Gap,#f9a825
14,4,-1.2139469277757815,36.84616057050922,1660,78,28.6,0.303,0.0,29.2559121292589,29.2559121292589,Moderate Gap,#f57c00
14,5,-1.2139469277757815,36.85155180840015,1305,388,42.8,0.392,0.0,19.75878026893448,19.75878026893448,Low Gap,#f9a825
14,6,-1.2139469277757815,36.85694304629109,2228,566,47.1,0.412,0.0,34.71563135405026,34.71563135405026,Moderate Gap,#f57c00
14,7,-1.2139469277757815,36.86233428418203,2680,557,51.2,0.502,0.0,35.92001443326785,35.92001443326785,Moderate Gap,#f57c00
14,8,-1.2139469277757815,36.867725522072966,3140,896,69.4,0.609,0.0,33.37976913757474,33.37976913757474,Moderate Gap,#f57c00
14,9,-1.2139469277757815,36.87311675996391,3256,951,53.0,0.505,0.0,45.08195834501397,45.08195834501397,High Gap,#c62828
14,10,-1.2139469277757815,36.87850799785485,3807,877,54.6,0.511,15.145920427938753,52.95326768982845,44.933007901533635,High Gap,#c62828
14,11,-1.2139469277757815,36.88389923574578,3729,975,61.9,0.562,32.917560382715195,46.62477576344826,31.27703704820962,Moderate Gap,#f57c00
14,12,-1.2139469277757815,36.88929047363672,4379,1205,71.7,0.663,39.999999999999446,42.301240481187854,25.380744288712947,Moderate Gap,#f57c00
14,13,-1.2139469277757815,36.89468171152766,3752,1228,47.8,0.427,69.9991049299488,63.15761000493022,18.947848306331277,Low Gap,#f9a825
14,14,-1.2139469277757815,36.90007294941859,3353,1415,56.1,0.436,100.0,55.67767672073369,0.0,Well Served,#1b5e20
14,15,-1.2139469277757815,36.90546418730953,3767,1325,51.5,0.442,69.99910492990927,62.49172182269436,18.74807589151953,Low Gap,#f9a825
14,16,-1.2139469277757815,36.910855425200474,3657,1649,54.3,0.548,40.00000000000069,48.956771169029246,29.37406270141721,Moderate Gap,#f57c00
14,17,-1.2139469277757815,36.91624666309141,2945,2384,53.7,0.462,32.91756038273399,47.13020064372076,31.616088388320296,Moderate Gap,#f57c00
14,18,-1.2139469277757815,36.92163790098235,3055,2211,70.8,0.647,32.91635952021049,31.444353310424432,21.094016925959917,Moderate Gap,#f57c00
14,19,-1.2139469277757815,36.92702913887329,2732,2523,68.0,0.57,57.57296021398335,34.5677709038667,14.666081914522614,Low Gap,#f9a825
14,20,-1.2139469277757815,36.93242037676422,2520,2293,41.1,0.424,69.99999999999973,43.285849508803075,12.98575485264104,Low Gap,#f9a825
14,21,-1.2139469277757815,36.93781161465516,2665,2560,51.6,0.472,57.57296021395539,41.93707649394078,17.792660129188214,Low Gap,#f9a825
14,22,-1.2139469277757815,36.9432028525461,3183,2684,78.2,0.709,32.91635952017514,26.81305013506246,17.987170154280495,Low Gap,#f9a825
14,23,-1.2139469277757815,36.948594090437034,2593,2307,63.4,0.571,39.99820985981851,32.572311007535305,19.543969694548572,Low Gap,#f9a825
14,24,-1.2139469277757815,36.953985328327974,3307,1989,69.2,0.63,69.99910492990927,35.935369824438965,10.780932594078985,Low Gap,#f9a825
14,25,-1.2139469277757815,36.959376566218914,3263,1813,55.7,0.538,100.0,44.62657333313152,0.0,Well Served,#1b5e20
14,26,-1.2139469277757815,36.96476780410985,3576,1464,53.7,0.476,69.9991049299488,55.75624209920442,16.727371687186032,Low Gap,#f9a825
14,27,-1.2139469277757815,36.97015904200079,3884,1491,56.7,0.475,39.99820985985805,60.596234945971574,36.35882572510923,Moderate Gap,#f57c00
14,28,-1.2139469277757815,36.97555027989173,4155,1483,57.1,0.527,9.997314789767309,58.014652432033465,52.21474500421368,High Gap,#c62828
14,29,-1.2139469277757815,36.98094151778266,4013,1240,55.7,0.487,0.0,60.46451815288043,60.46451815288043,Critical Gap,#880e4f
14,30,-1.2139469277757815,36.9863327556736,3350,1191,61.7,0.612,0.0,37.06034945789061,37.06034945789061,Moderate Gap,#f57c00
14,31,-1.2139469277757815,36.99172399356454,3048,1027,45.9,0.39,0.0,53.50793521383652,53.50793521383652,High Gap,#c62828
14,32,-1.2139469277757815,36.997115231455474,2778,1021,33.7,0.312,0.0,54.56735284051436,54.56735284051436,High Gap,#c62828
14,33,-1.2139469277757815,37.002506469346415,2254,923,45.9,0.451,0.0,34.147882979658704,34.147882979658704,Moderate Gap,#f57c00
14,34,-1.2139469277757815,37.007897707237355,1773,787,43.2,0.419,0.0,27.704326920717175,27.704326920717175,Moderate Gap,#f57c00
14,35,-1.2139469277757815,37.01328894512829,1574,444,44.3,0.442,0.0,22.937616433911504,22.937616433911504,Moderate Gap,#f57c00
14,36,-1.2139469277757815,37.01868018301923,1256,576,41.4,0.499,0.0,15.584125014737005,15.584125014737005,Low Gap,#f9a825
14,37,-1.2139469277757815,37.02407142091017,1142,342,40.3,0.357,0.0,18.251057387496346,18.251057387496346,Low Gap,#f9a825
14,38,-1.2139469277757815,37.0294626588011,437,69,28.5,0.243,0.0,6.79705495326829,6.79705495326829,Low Gap,#f9a825
14,39,-1.2139469277757815,37.03485389669204,220,412,48.4,0.469,0.0,0.882000530759062,0.882000530759062,Well Served,#1b5e20
15,0,-1.2085570607258354,36.824595618945466,200,209,30.8,0.308,0.0,1.2434888236363764,1.2434888236363764,Well Served,#1b5e20
15,1,-1.2085570607258354,36.829986856836406,200,0,39.8,0.411,0.0,0.7660088882270673,0.7660088882270673,Well Served,#1b5e20
15,2,-1.2085570607258354,36.83537809472734,265,241,43.7,0.354,0.0,2.2573639260416716,2.2573639260416716,Well Served,#1b5e20
15,3,-1.2085570607258354,36.84076933261828,1266,11,35.7,0.371,0.0,19.133764984031075,19.133764984031075,Low Gap,#f9a825
15,4,-1.2085570607258354,36.84616057050922,1503,177,35.6,0.356,0.0,24.237942392426483,24.237942392426483,Moderate Gap,#f57c00
15,5,-1.2085570607258354,36.85155180840015,1925,0,32.3,0.397,0.0,30.000550138185073,30.000550138185073,Moderate Gap,#f57c00
15,6,-1.2085570607258354,36.85694304629109,2461,700,37.6,0.348,0.0,43.33021891506658,43.33021891506658,High Gap,#c62828
15,7,-1.2085570607258354,36.86233428418203,2835,497,57.4,0.541,0.0,35.16345655593784,35.16345655593784,Moderate Gap,#f57c00
15,8,-1.2085570607258354,36.867725522072966,2645,633,50.7,0.466,0.0,38.91018547132541,38.91018547132541,Moderate Gap,#f57c00
15,9,-1.2085570607258354,36.87311675996391,3464,928,56.3,0.506,0.0,48.26608055774004,48.26608055774004,High Gap,#c62828
15,10,-1.2085570607258354,36.87850799785485,3977,993,45.3,0.428,0.0,65.59264048717961,65.59264048717961,Critical Gap,#880e4f
15,11,-1.2085570607258354,36.88389923574578,4053,819,67.5,0.61,5.131368274837344,45.262684771475016,42.940089724771916,High Gap,#c62828
15,12,-1.2085570607258354,36.88929047363672,3829,1039,49.0,0.361,32.91625277600521,71.97852381506335,48.285890971659995,High Gap,#c62828
15,13,-1.2085570607258354,36.89468171152766,3750,1720,55.0,0.537,57.572918019241136,50.92137849397057,21.604454999369405,Moderate Gap,#f57c00
15,14,-1.2085570607258354,36.90007294941859,3157,1664,57.1,0.579,69.99999999999973,38.70210680531185,11.610632041593659,Low Gap,#f9a825
15,15,-1.2085570607258354,36.90546418730953,2790,1867,48.4,0.457,57.57291801921405,44.72686249356254,18.976302617577183,Low Gap,#f9a825
15,16,-1.2085570607258354,36.910855425200474,3215,2003,76.4,0.604,70.00000000000097,37.430897704387725,11.229269311315958,Low Gap,#f9a825
15,17,-1.2085570607258354,36.91624666309141,3009,2450,65.4,0.596,57.572918019242,35.84322591379083,15.207234842992332,Low Gap,#f9a825
15,18,-1.2085570607258354,36.92163790098235,2368,2794,72.9,0.671,39.99809051694427,22.24956155708251,13.350161785857413,Low Gap,#f9a825
15,19,-1.2085570607258354,36.92702913887329,2080,2696,58.1,0.524,69.9990452584919,28.963400907683084,8.68929679791555,Low Gap,#f9a825
15,20,-1.2085570607258354,36.93242037676422,2816,3021,64.5,0.546,100.0,38.13793280057545,0.0,Well Served,#1b5e20
15,21,-1.2085570607258354,36.93781161465516,2472,2901,56.0,0.443,69.99904525845237,41.253669703840686,12.376494777076788,Low Gap,#f9a825
15,22,-1.2085570607258354,36.9432028525461,3198,3205,57.5,0.529,39.998090516904725,45.32936216440757,27.198482855152267,Moderate Gap,#f57c00
15,23,-1.2085570607258354,36.948594090437034,2797,2679,72.1,0.582,32.91625277597039,34.561220146677385,23.184961560737452,Moderate Gap,#f57c00
15,24,-1.2085570607258354,36.953985328327974,3329,2549,72.2,0.691,57.57291801921405,30.02716989126845,12.739651986278341,Low Gap,#f9a825
15,25,-1.2085570607258354,36.959376566218914,3528,1973,60.0,0.458,70.00000000000097,57.49250035049634,17.24775010514835,Low Gap,#f9a825
15,26,-1.2085570607258354,36.96476780410985,3218,2020,46.7,0.419,57.572918019242,55.91306329116349,23.72228120049504,Moderate Gap,#f57c00
15,27,-1.2085570607258354,36.97015904200079,3674,1426,61.8,0.577,32.91625277600576,45.78400983793798,30.713629428690968,Moderate Gap,#f57c00
15,28,-1.2085570607258354,36.97555027989173,4013,1404,59.3,0.523,5.128952948582199,56.58299852296111,53.680883151821476,High Gap,#c62828
15,29,-1.2085570607258354,36.98094151778266,4668,1274,42.0,0.375,0.0,86.84528886443378,86.84528886443378,Critical Gap,#880e4f
15,30,-1.2085570607258354,36.9863327556736,3738,1539,48.2,0.451,0.0,60.02018915751167,60.02018915751167,Critical Gap,#880e4f
15,31,-1.2085570607258354,36.99172399356454,2937,465,60.3,0.531,0.0,39.032655439322504,39.032655439322504,Moderate Gap,#f57c00
15,32,-1.2085570607258354,36.997115231455474,3239,890,44.7,0.376,0.0,57.89177898747673,57.89177898747673,High Gap,#c62828
15,33,-1.2085570607258354,37.002506469346415,2643,767,43.0,0.411,0.0,43.581206752389704,43.581206752389704,High Gap,#c62828
15,34,-1.2085570607258354,37.007897707237355,2225,732,58.2,0.499,0.0,30.19963862028334,30.19963862028334,Moderate Gap,#f57c00
15,35,-1.2085570607258354,37.01328894512829,1589,714,47.0,0.419,0.0,24.30225035122991,24.30225035122991,Moderate Gap,#f57c00
15,36,-1.2085570607258354,37.01868018301923,658,548,23.4,0.273,0.0,11.302391205697413,11.302391205697413,Low Gap,#f9a825
15,37,-1.2085570607258354,37.02407142091017,1109,534,39.3,0.334,0.0,18.407625910732357,18.407625910732357,Low Gap,#f9a825
15,38,-1.2085570607258354,37.0294626588011,773,537,28.7,0.287,0.0,12.924114812444248,12.924114812444248,Low Gap,#f9a825
15,39,-1.2085570607258354,37.03485389669204,1030,307,52.6,0.469,0.0,12.51435125371197,12.51435125371197,Low Gap,#f9a825
16,0,-1.2031671936758894,36.824595618945466,214,0,26.0,0.341,0.0,1.3067917635569084,1.3067917635569084,Well Served,#1b5e20
16,1,-1.2031671936758894,36.829986856836406,641,34,43.0,0.357,0.0,8.456489064393743,8.456489064393743,Low Gap,#f9a825
16,2,-1.2031671936758894,36.83537809472734,850,320,33.5,0.302,0.0,13.542069272660676,13.542069272660676,Low Gap,#f9a825
16,3,-1.2031671936758894,36.84076933261828,1260,0,50.9,0.45,0.0,16.41837162204151,16.41837162204151,Low Gap,#f9a825
16,4,-1.2031671936758894,36.84616057050922,1296,30,40.1,0.373,0.0,20.040840009067455,20.040840009067455,Moderate Gap,#f57c00
16,5,-1.2031671936758894,36.85155180840015,1786,428,42.0,0.405,0.0,27.527256752928846,27.527256752928846,Moderate Gap,#f57c00
16,6,-1.2031671936758894,36.85694304629109,2069,668,58.8,0.561,0.0,23.64019395018804,23.64019395018804,Moderate Gap,#f57c00
16,7,-1.2031671936758894,36.86233428418203,3019,767,56.1,0.483,0.0,42.91629646605852,42.91629646605852,High Gap,#c62828
16,8,-1.2031671936758894,36.867725522072966,3679,1072,54.4,0.491,0.0,52.70781944335406,52.70781944335406,High Gap,#c62828
16,9,-1.2031671936758894,36.87311675996391,3494,595,60.1,0.509,0.0,48.533167963865594,48.533167963865594,High Gap,#c62828
16,10,-1.2031671936758894,36.87850799785485,4150,914,61.7,0.505,0.0,59.2535034376901,59.2535034376901,High Gap,#c62828
16,11,-1.2031671936758894,36.88389923574578,4083,1092,61.2,0.598,0.0,47.35551912509139,47.35551912509139,High Gap,#c62828
16,12,-1.2031671936758894,36.88929047363672,4098,941,56.9,0.515,15.14575202435079,58.29844097892348,49.46870367419323,High Gap,#c62828
16,13,-1.2031671936758894,36.89468171152766,3558,1734,55.4,0.504,32.91750712833493,52.048213913487885,34.915239388344496,Moderate Gap,#f57c00
16,14,-1.2031671936758894,36.90007294941859,3197,1934,59.7,0.434,40.00000000000069,53.82474725167549,32.29484835100492,Moderate Gap,#f57c00
16,15,-1.2031671936758894,36.90546418730953,2572,2467,57.6,0.525,69.9989858524841,35.860417719635294,10.758488993426084,Low Gap,#f9a825
16,16,-1.2031671936758894,36.910855425200474,3106,2537,54.4,0.519,100.0,44.610164522097456,0.0,Well Served,#1b5e20
16,17,-1.2031671936758894,36.91624666309141,2501,3089,69.9,0.507,69.99898585252365,36.63462482417073,10.990758976374346,Low Gap,#f9a825
16,18,-1.2031671936758894,36.92163790098235,2691,3297,61.4,0.524,39.999999999999446,38.306673891698466,22.984004335019293,Moderate Gap,#f57c00
16,19,-1.2031671936758894,36.92702913887329,2323,3910,64.5,0.606,57.57287601218981,26.8179472180281,11.378083717178274,Low Gap,#f9a825
16,20,-1.2031671936758894,36.93242037676422,2603,3546,75.8,0.634,70.00000000000097,28.02331206232899,8.406993618698428,Low Gap,#f9a825
16,21,-1.2031671936758894,36.93781161465516,2582,3773,79.1,0.612,57.57287601216184,29.597474511381744,12.557357208212728,Low Gap,#f9a825
16,22,-1.2031671936758894,36.9432028525461,2816,3438,59.8,0.502,32.91614650664633,42.2662516236595,28.353830316347956,Moderate Gap,#f57c00
16,23,-1.2031671936758894,36.948594090437034,2556,3321,65.9,0.612,39.997971704968194,29.139098904044918,17.484050369322336,Low Gap,#f9a825
16,24,-1.2031671936758894,36.953985328327974,3112,2629,67.6,0.596,69.9989858524841,37.368652824663215,11.210974820663312,Low Gap,#f9a825
16,25,-1.2031671936758894,36.959376566218914,2780,2802,50.1,0.354,100.0,54.151831295176535,0.0,Well Served,#1b5e20
16,26,-1.2031671936758894,36.96476780410985,3186,2092,57.1,0.521,69.99898585252365,45.37928769069286,13.614246520108763,Low Gap,#f9a825
16,27,-1.2031671936758894,36.97015904200079,3536,2095,60.0,0.501,39.99797170500774,52.53108919882058,31.519719004743948,Moderate Gap,#f57c00
16,28,-1.2031671936758894,36.97555027989173,3612,1589,47.7,0.459,9.996957557491836,57.980476752401074,52.184193099832115,High Gap,#c62828
16,29,-1.2031671936758894,36.98094151778266,4492,1414,52.8,0.484,0.0,68.69393086587432,68.69393086587432,Critical Gap,#880e4f
16,30,-1.2031671936758894,36.9863327556736,4123,1117,50.0,0.449,0.0,66.69831168484023,66.69831168484023,Critical Gap,#880e4f
16,31,-1.2031671936758894,36.99172399356454,3587,929,56.3,0.486,0.0,53.190601918158876,53.190601918158876,High Gap,#c62828
16,32,-1.2031671936758894,36.997115231455474,3320,1302,61.3,0.436,0.0,53.638840222245,53.638840222245,High Gap,#c62828
16,33,-1.2031671936758894,37.002506469346415,2874,695,44.2,0.366,0.0,51.428377883654754,51.428377883654754,High Gap,#c62828
16,34,-1.2031671936758894,37.007897707237355,2519,873,33.8,0.363,0.0,44.53503279681102,44.53503279681102,High Gap,#c62828
16,35,-1.2031671936758894,37.01328894512829,1548,621,56.3,0.479,0.0,20.93352408191755,20.93352408191755,Moderate Gap,#f57c00
16,36,-1.2031671936758894,37.01868018301923,1083,705,40.7,0.357,0.0,17.523610483467312,17.523610483467312,Low Gap,#f9a825
16,37,-1.2031671936758894,37.02407142091017,860,324,37.7,0.286,0.0,14.876082478178459,14.876082478178459,Low Gap,#f9a825
16,38,-1.2031671936758894,37.0294626588011,372,221,33.7,0.297,0.0,4.897386895527326,4.897386895527326,Well Served,#1b5e20
16,39,-1.2031671936758894,37.03485389669204,708,322,14.8,0.154,0.0,13.88584939554979,13.88584939554979,Low Gap,#f9a825
17,0,-1.1977773266259433,36.824595618945466,200,343,30.0,0.301,0.0,1.3281788652449908,1.3281788652449908,Well Served,#1b5e20
17,1,-1.1977773266259433,36.829986856836406,537,218,32.6,0.291,0.0,7.722945738707961,7.722945738707961,Low Gap,#f9a825
17,2,-1.1977773266259433,36.83537809472734,553,276,40.8,0.341,0.0,7.4706664562857945,7.4706664562857945,Low Gap,#f9a825
17,3,-1.1977773266259433,36.84076933261828,810,59,36.9,0.398,0.0,10.947333568041866,10.947333568041866,Low Gap,#f9a825
17,4,-1.1977773266259433,36.84616057050922,1725,399,52.9,0.436,5.13133078603124,24.673209658526915,23.40714565541689,Moderate Gap,#f57c00
17,5,-1.1977773266259433,36.85155180840015,1723,361,39.6,0.364,9.999999999999176,28.562301378036043,25.706071240232674,Moderate Gap,#f57c00
17,6,-1.1977773266259433,36.85694304629109,2789,216,40.8,0.403,5.13133078601874,45.262633506217384,42.940058058550015,High Gap,#c62828
17,7,-1.1977773266259433,36.86233428418203,3269,685,51.2,0.446,9.999999999999176,50.3184782273447,45.28663040461064,High Gap,#c62828
17,8,-1.1977773266259433,36.867725522072966,3268,345,62.8,0.622,5.13133078603124,33.98106307854754,32.23738232737734,Moderate Gap,#f57c00
17,9,-1.1977773266259433,36.87311675996391,3431,816,61.3,0.596,9.999999999999176,38.95795275398709,35.0621574785887,Moderate Gap,#f57c00
17,10,-1.1977773266259433,36.87850799785485,3986,901,58.7,0.518,5.13133078603124,55.47746577598692,52.63073349531376,High Gap,#c62828
17,11,-1.1977773266259433,36.88389923574578,4405,1151,50.1,0.479,9.999999999999176,67.41068121382965,60.669613092447236,Critical Gap,#880e4f
17,12,-1.1977773266259433,36.88929047363672,3596,1559,54.6,0.501,5.13133078601874,52.738959935930154,50.03274944851168,High Gap,#c62828
17,13,-1.1977773266259433,36.89468171152766,3318,2085,57.0,0.413,9.999999999999176,57.97344503624733,52.176100532623074,High Gap,#c62828
17,14,-1.1977773266259433,36.90007294941859,3508,2373,60.7,0.519,32.916040712204456,50.29650541140135,33.74088721336836,Moderate Gap,#f57c00
17,15,-1.1977773266259433,36.90546418730953,2858,2265,69.1,0.648,57.57283419279972,29.238018858701942,12.404862739921962,Low Gap,#f9a825
17,16,-1.1977773266259433,36.910855425200474,3101,2983,70.3,0.6,69.99999999999973,36.84626856428392,11.053880569285274,Low Gap,#f9a825
17,17,-1.1977773266259433,36.91624666309141,2063,3484,76.8,0.628,57.572834192827685,22.06099545845485,9.359855121871394,Low Gap,#f9a825
17,18,-1.1977773266259433,36.92163790098235,2437,3943,69.7,0.594,69.99999999999973,29.246101373418227,8.773830412025548,Low Gap,#f9a825
17,19,-1.1977773266259433,36.92702913887329,2217,4384,75.4,0.639,69.99892671204452,23.300606510620653,6.9904320357894285,Low Gap,#f9a825
17,20,-1.1977773266259433,36.93242037676422,2453,4310,66.5,0.56,100.0,32.25265719117763,0.0,Well Served,#1b5e20
17,21,-1.1977773266259433,36.93781161465516,2869,4231,75.5,0.66,69.99892671200499,28.914921973422054,8.674786932412925,Low Gap,#f9a825
17,22,-1.1977773266259433,36.9432028525461,2251,4178,68.6,0.567,39.99785342400995,28.83922436736217,17.30415367628329,Low Gap,#f9a825
17,23,-1.1977773266259433,36.948594090437034,2469,3648,62.4,0.615,32.916040712204456,27.95559764726614,18.753721744351942,Low Gap,#f9a825
17,24,-1.1977773266259433,36.953985328327974,2894,3095,72.3,0.627,57.57283419279972,31.892490556652742,13.531079848516752,Low Gap,#f9a825
17,25,-1.1977773266259433,36.959376566218914,2705,2911,78.8,0.599,69.99999999999973,31.89918600509917,9.569755801529837,Low Gap,#f9a825
17,26,-1.1977773266259433,36.96476780410985,3058,2369,64.7,0.532,57.572834192827685,42.540735017340566,18.048828181396896,Low Gap,#f9a825
17,27,-1.1977773266259433,36.97015904200079,2714,2028,62.7,0.605,32.91604071223983,31.081283024344668,20.85055525016489,Moderate Gap,#f57c00
17,28,-1.1977773266259433,36.97555027989173,4180,1706,46.1,0.395,5.13133078603124,75.86538569624265,71.97248180407001,Critical Gap,#880e4f
17,29,-1.1977773266259433,36.98094151778266,4505,1538,49.4,0.419,9.999999999999176,77.9986774411126,70.19880969700199,Critical Gap,#880e4f
17,30,-1.1977773266259433,36.9863327556736,4315,1044,74.4,0.583,5.13133078601874,52.391536586114995,49.703153540003406,High Gap,#c62828
17,31,-1.1977773266259433,36.99172399356454,3866,985,53.6,0.503,0.0,55.58644194610262,55.58644194610262,High Gap,#c62828
17,32,-1.1977773266259433,36.997115231455474,3702,808,55.4,0.493,0.0,53.67838965939071,53.67838965939071,High Gap,#c62828
17,33,-1.1977773266259433,37.002506469346415,2879,724,39.9,0.4,0.0,48.66464238630678,48.66464238630678,High Gap,#c62828
17,34,-1.1977773266259433,37.007897707237355,1925,608,46.2,0.409,0.0,30.862744243467837,30.862744243467837,Moderate Gap,#f57c00
17,35,-1.1977773266259433,37.01328894512829,1996,239,45.8,0.487,0.0,27.103344986056012,27.103344986056012,Moderate Gap,#f57c00
17,36,-1.1977773266259433,37.01868018301923,1502,713,42.1,0.38,0.0,24.178706805009785,24.178706805009785,Moderate Gap,#f57c00
17,37,-1.1977773266259433,37.02407142091017,1120,513,37.8,0.37,0.0,17.443164243305958,17.443164243305958,Low Gap,#f9a825
17,38,-1.1977773266259433,37.0294626588011,678,214,36.7,0.327,0.0,10.220252552058358,10.220252552058358,Low Gap,#f9a825
17,39,-1.1977773266259433,37.03485389669204,479,0,35.3,0.34,0.0,6.184086873548161,6.184086873548161,Low Gap,#f9a825
18,0,-1.1923874595759971,36.824595618945466,200,190,31.4,0.339,0.0,1.136416369986057,1.136416369986057,Well Served,#1b5e20
18,1,-1.1923874595759971,36.829986856836406,200,79,25.9,0.22,0.0,1.8194529049595656,1.8194529049595656,Well Served,#1b5e20
18,2,-1.1923874595759971,36.83537809472734,528,0,50.1,0.49,0.0,4.920534047419978,4.920534047419978,Well Served,#1b5e20
18,3,-1.1923874595759971,36.84076933261828,1604,240,46.0,0.4,15.14558512228863,24.008983926442426,20.372682828866495,Moderate Gap,#f57c00
18,4,-1.1923874595759971,36.84616057050922,1680,305,33.2,0.363,32.91745434870145,27.46492744127233,18.424172488887535,Low Gap,#f9a825
18,5,-1.1923874595759971,36.85155180840015,1948,247,67.6,0.642,39.999999999999446,17.400376557824508,10.440225934694801,Low Gap,#f9a825
18,6,-1.1923874595759971,36.85694304629109,2646,442,41.7,0.409,32.91745434868376,42.605686015318476,28.580978771282474,Moderate Gap,#f57c00
18,7,-1.1923874595759971,36.86233428418203,2738,597,43.6,0.378,39.999999999999446,47.321678115209686,28.393006869126072,Moderate Gap,#f57c00
18,8,-1.1923874595759971,36.867725522072966,2690,739,58.8,0.537,32.91745434870145,34.463687511956216,23.119118908328907,Moderate Gap,#f57c00
18,9,-1.1923874595759971,36.87311675996391,3562,834,50.8,0.462,39.999999999999446,54.90769557977742,32.94461734786675,Moderate Gap,#f57c00
18,10,-1.1923874595759971,36.87850799785485,4383,870,64.7,0.579,32.91745434870145,53.35174977659353,35.78971189964993,Moderate Gap,#f57c00
18,11,-1.1923874595759971,36.88389923574578,3463,1186,60.7,0.569,39.999999999999446,43.18596064851818,25.911576389111147,Moderate Gap,#f57c00
18,12,-1.1923874595759971,36.88929047363672,3283,1704,60.3,0.474,32.91745434868376,50.85642827664682,34.1157867153105,Moderate Gap,#f57c00
18,13,-1.1923874595759971,36.89468171152766,2973,2008,58.2,0.479,39.999999999999446,45.775400054247086,27.465240032548504,Moderate Gap,#f57c00
18,14,-1.1923874595759971,36.90007294941859,2887,2262,70.9,0.64,32.91745434870145,30.190551655201837,20.252590596479642,Moderate Gap,#f57c00
18,15,-1.1923874595759971,36.90546418730953,2880,2731,71.7,0.631,39.999999999999446,31.15069852103021,18.690419112618297,Low Gap,#f9a825
18,16,-1.1923874595759971,36.910855425200474,2952,3277,56.3,0.548,39.999999999999446,39.9689788781496,23.98138732688998,Moderate Gap,#f57c00
18,17,-1.1923874595759971,36.91624666309141,2515,3907,55.8,0.551,69.99886783701554,33.688443142330485,10.106914350782443,Low Gap,#f9a825
18,18,-1.1923874595759971,36.92163790098235,2594,4967,67.5,0.708,100.0,21.982143909923995,0.0,Well Served,#1b5e20
18,19,-1.1923874595759971,36.92702913887329,2539,5208,81.8,0.785,69.99886783701554,15.256508089369042,4.577125155348021,Well Served,#1b5e20
18,20,-1.1923874595759971,36.93242037676422,1691,5485,79.3,0.707,69.99999999999973,13.659346359861024,4.097803907958344,Well Served,#1b5e20
18,21,-1.1923874595759971,36.93781161465516,2234,5136,54.5,0.483,57.572792561130335,34.84315115758339,14.782976019866823,Low Gap,#f9a825
18,22,-1.1923874595759971,36.9432028525461,2540,4956,62.6,0.646,32.91745434870145,26.55024722910591,17.8105817179976,Low Gap,#f9a825
18,23,-1.1923874595759971,36.948594090437034,1991,4132,72.4,0.609,39.999999999999446,22.563420550156863,13.538052330094242,Low Gap,#f9a825
18,24,-1.1923874595759971,36.953985328327974,2933,2834,85.0,0.68,69.99886783701554,27.4770739319015,8.243433264830719,Low Gap,#f9a825
18,25,-1.1923874595759971,36.959376566218914,2467,2786,61.3,0.578,100.0,30.56643839054653,0.0,Well Served,#1b5e20
18,26,-1.1923874595759971,36.96476780410985,3276,2179,55.0,0.453,69.99886783705507,53.890179551430265,16.167663990072917,Low Gap,#f9a825
18,27,-1.1923874595759971,36.97015904200079,3291,2439,62.2,0.548,39.999999999999446,44.09699883912836,26.45819930347726,Moderate Gap,#f57c00
18,28,-1.1923874595759971,36.97555027989173,3342,1596,58.5,0.472,32.91745434870145,52.263036845840446,35.0593755508659,Moderate Gap,#f57c00
18,29,-1.1923874595759971,36.98094151778266,4235,1690,45.9,0.455,39.999999999999446,68.57707225041152,41.14624335024729,High Gap,#c62828
18,30,-1.1923874595759971,36.9863327556736,4221,1303,59.1,0.5,32.91745434868376,61.92730599086047,41.54241331194927,High Gap,#c62828
18,31,-1.1923874595759971,36.99172399356454,4167,838,59.4,0.549,15.145585122260673,54.30803389888812,46.08276439650584,High Gap,#c62828
18,32,-1.1923874595759971,36.997115231455474,3127,699,53.6,0.544,0.0,40.22381857846061,40.22381857846061,High Gap,#c62828
18,33,-1.1923874595759971,37.002506469346415,2923,703,51.5,0.467,0.0,43.66633428775389,43.66633428775389,High Gap,#c62828
18,34,-1.1923874595759971,37.007897707237355,1949,916,42.3,0.388,0.0,32.52164083868372,32.52164083868372,Moderate Gap,#f57c00
18,35,-1.1923874595759971,37.01328894512829,2041,595,46.5,0.412,0.0,32.20582102493647,32.20582102493647,Moderate Gap,#f57c00
18,36,-1.1923874595759971,37.01868018301923,1454,165,36.9,0.37,0.0,23.59528186648315,23.59528186648315,Moderate Gap,#f57c00
18,37,-1.1923874595759971,37.02407142091017,1316,281,42.9,0.415,0.0,19.159798457950643,19.159798457950643,Low Gap,#f9a825
18,38,-1.1923874595759971,37.0294626588011,355,93,40.6,0.414,0.0,3.397112908441994,3.397112908441994,Well Served,#1b5e20
18,39,-1.1923874595759971,37.03485389669204,843,0,36.2,0.336,0.0,12.677719374391922,12.677719374391922,Low Gap,#f9a825
19,0,-1.186997592526051,36.824595618945466,220,532,38.8,0.406,0.0,1.1351705305457107,1.1351705305457107,Well Served,#1b5e20
19,1,-1.186997592526051,36.829986856836406,267,259,33.6,0.329,0.0,2.46409965680079,2.46409965680079,Well Served,#1b5e20
19,2,-1.186997592526051,36.83537809472734,637,464,42.9,0.364,5.128281190359174,8.669281493939172,8.2246963617462,Low Gap,#f9a825
19,3,-1.186997592526051,36.84076933261828,1164,381,41.0,0.279,32.91583054801141,20.769184429176676,13.932834876264911,Low Gap,#f9a825
19,4,-1.186997592526051,36.84616057050922,1379,584,30.5,0.343,57.572751117181696,23.056343573010256,9.782172270998743,Low Gap,#f9a825
19,5,-1.186997592526051,36.85155180840015,2759,428,56.4,0.535,69.99999999999973,34.10573156132811,10.231719468398527,Low Gap,#f9a825
19,6,-1.186997592526051,36.85694304629109,2767,689,46.6,0.388,57.57275111715374,46.54764767114022,19.74888632654505,Low Gap,#f9a825
19,7,-1.186997592526051,36.86233428418203,3080,618,48.0,0.375,69.99999999999973,53.96395107680602,16.18918532304195,Low Gap,#f9a825
19,8,-1.186997592526051,36.867725522072966,3265,767,53.2,0.446,57.572751117181696,51.239454441415496,21.73949086205765,Moderate Gap,#f57c00
19,9,-1.186997592526051,36.87311675996391,3933,830,40.7,0.265,69.99999999999973,84.19052944438486,25.25715883331569,Moderate Gap,#f57c00
19,10,-1.186997592526051,36.87850799785485,3728,975,56.5,0.492,57.572751117181696,54.965380713358215,23.3202988746451,Moderate Gap,#f57c00
19,11,-1.186997592526051,36.88389923574578,3919,1472,58.8,0.571,69.99999999999973,49.0944458000576,14.728333740017412,Low Gap,#f9a825
19,12,-1.186997592526051,36.88929047363672,3474,2006,62.8,0.519,57.57275111715374,49.29258541432661,20.913487894525925,Moderate Gap,#f57c00
19,13,-1.186997592526051,36.89468171152766,3096,2257,62.8,0.526,69.99999999999973,43.375070078747406,13.01252102362434,Low Gap,#f9a825
19,14,-1.186997592526051,36.90007294941859,3160,2756,67.2,0.6,57.572751117181696,37.339897281812554,15.842291152343318,Low Gap,#f9a825
19,15,-1.186997592526051,36.90546418730953,2221,3112,55.0,0.478,69.99999999999973,34.300162455750225,10.290048736725161,Low Gap,#f9a825
19,16,-1.186997592526051,36.910855425200474,2043,3703,65.0,0.57,57.572751117181696,25.61711642340181,10.86863774155801,Low Gap,#f9a825
19,17,-1.186997592526051,36.91624666309141,2363,3954,53.8,0.479,69.99999999999973,37.02705865020032,11.108117595060195,Low Gap,#f9a825
19,18,-1.186997592526051,36.92163790098235,2315,5423,63.4,0.545,69.99999999999973,31.569328418763504,9.470798525629137,Low Gap,#f9a825
19,19,-1.186997592526051,36.92702913887329,1830,6189,86.5,0.752,69.99999999999973,12.359780422471975,3.707934126741626,Well Served,#1b5e20
19,20,-1.186997592526051,36.93242037676422,1467,6743,62.0,0.531,100.0,19.96034853999892,0.0,Well Served,#1b5e20
19,21,-1.186997592526051,36.93781161465516,2037,6065,82.4,0.672,69.99999999999973,19.274737478269945,5.782421243481036,Low Gap,#f9a825
19,22,-1.186997592526051,36.9432028525461,1572,5162,68.3,0.649,57.572751117181696,15.448836879679687,6.554516472442322,Low Gap,#f9a825
19,23,-1.186997592526051,36.948594090437034,2530,4200,74.9,0.699,69.99999999999973,22.06127395026043,6.618382185078188,Low Gap,#f9a825
19,24,-1.186997592526051,36.953985328327974,2625,3450,67.2,0.625,57.57275111715374,29.000032904753265,12.303916136606977,Low Gap,#f9a825
19,25,-1.186997592526051,36.959376566218914,2584,3047,59.2,0.561,69.99999999999973,33.558403205801305,10.067520961740483,Low Gap,#f9a825
19,26,-1.186997592526051,36.96476780410985,3331,2206,71.8,0.632,57.572751117181696,36.15932316792376,15.341406034797593,Low Gap,#f9a825
19,27,-1.186997592526051,36.97015904200079,3234,2029,69.9,0.545,69.99999999999973,43.55195659442527,13.0655869783277,Low Gap,#f9a825
19,28,-1.186997592526051,36.97555027989173,3333,1272,62.3,0.543,57.572751117181696,44.74719076067424,18.985001992100738,Low Gap,#f9a825
19,29,-1.186997592526051,36.98094151778266,3503,1248,69.1,0.597,69.99999999999973,40.984555492400624,12.295366647720298,Low Gap,#f9a825
19,30,-1.186997592526051,36.9863327556736,3864,975,51.7,0.407,57.57275111715374,67.33591628829416,28.568776791179573,Moderate Gap,#f57c00
19,31,-1.186997592526051,36.99172399356454,3595,887,55.1,0.49,32.915830547976036,52.9217130625629,35.50209166780359,Moderate Gap,#f57c00
19,32,-1.186997592526051,36.997115231455474,4041,1092,38.2,0.329,5.128281190359174,78.66207117821153,74.62805897803237,Critical Gap,#880e4f
19,33,-1.186997592526051,37.002506469346415,3243,983,48.3,0.421,0.0,53.14466332986941,53.14466332986941,High Gap,#c62828
19,34,-1.186997592526051,37.007897707237355,2906,590,43.7,0.456,0.0,43.720647199637966,43.720647199637966,High Gap,#c62828
19,35,-1.186997592526051,37.01328894512829,2475,446,47.9,0.456,0.0,36.334918897118335,36.334918897118335,Moderate Gap,#f57c00
19,36,-1.186997592526051,37.01868018301923,2028,509,48.6,0.385,0.0,33.00124931581189,33.00124931581189,Moderate Gap,#f57c00
19,37,-1.186997592526051,37.02407142091017,1242,689,43.6,0.35,0.0,20.263661430837228,20.263661430837228,Moderate Gap,#f57c00
19,38,-1.186997592526051,37.0294626588011,844,763,28.9,0.243,0.0,15.292072955409688,15.292072955409688,Low Gap,#f9a825
19,39,-1.186997592526051,37.03485389669204,577,159,30.2,0.322,0.0,8.177939749129441,8.177939749129441,Low Gap,#f9a825
20,0,-1.1816077254761048,36.824595618945466,200,420,38.7,0.314,0.0,1.3053401086414693,1.3053401086414693,Well Served,#1b5e20
20,1,-1.1816077254761048,36.829986856836406,732,62,39.0,0.322,0.0,10.861325205044569,10.861325205044569,Low Gap,#f9a825
20,2,-1.1816077254761048,36.83537809472734,1081,0,39.9,0.274,9.996252650562775,18.843780129596365,16.960108258925366,Low Gap,#f9a825
20,3,-1.1816077254761048,36.84076933261828,1114,0,37.1,0.314,39.997501767055034,18.648083922666057,11.189316226175796,Low Gap,#f9a825
20,4,-1.1816077254761048,36.84616057050922,1259,525,40.1,0.347,69.99875088354727,20.742651663884715,6.223054599040079,Low Gap,#f9a825
20,5,-1.1816077254761048,36.85155180840015,2122,256,41.2,0.364,100.0,36.018309393516795,0.0,Well Served,#1b5e20
20,6,-1.1816077254761048,36.85694304629109,2883,708,62.1,0.508,69.99875088350775,38.70490859259482,11.611956047174985,Low Gap,#f9a825
20,7,-1.1816077254761048,36.86233428418203,2254,933,48.2,0.416,100.0,36.3203283062607,0.0,Well Served,#1b5e20
20,8,-1.1816077254761048,36.867725522072966,3279,1052,62.2,0.542,69.99875088354727,42.296018818512934,12.689333972083789,Low Gap,#f9a825
20,9,-1.1816077254761048,36.87311675996391,3869,600,68.2,0.59,100.0,45.19947695422229,0.0,Well Served,#1b5e20
20,10,-1.1816077254761048,36.87850799785485,3911,886,51.6,0.429,69.99875088354727,65.29033354234272,19.58791561500113,Low Gap,#f9a825
20,11,-1.1816077254761048,36.88389923574578,4173,1281,58.6,0.556,100.0,54.37371795698361,0.0,Well Served,#1b5e20
20,12,-1.1816077254761048,36.88929047363672,3390,1625,38.1,0.359,69.99875088350775,64.79393507430676,19.438989874021015,Low Gap,#f9a825
20,13,-1.1816077254761048,36.89468171152766,3459,2519,51.7,0.473,100.0,54.52657606921987,0.0,Well Served,#1b5e20
20,14,-1.1816077254761048,36.90007294941859,3545,2166,74.5,0.649,69.99875088354727,36.71149472265502,11.013906986117126,Low Gap,#f9a825
20,15,-1.1816077254761048,36.90546418730953,2795,2880,52.6,0.458,100.0,45.54420263258579,0.0,Well Served,#1b5e20
20,16,-1.1816077254761048,36.910855425200474,2781,3603,56.2,0.471,69.99875088354727,44.48374170459398,13.345678165114613,Low Gap,#f9a825
20,17,-1.1816077254761048,36.91624666309141,1905,4278,66.1,0.61,100.0,21.47404855948366,0.0,Well Served,#1b5e20
20,18,-1.1816077254761048,36.92163790098235,1417,5357,70.8,0.631,69.99875088350775,14.534651989601887,4.360577151615659,Well Served,#1b5e20
20,19,-1.1816077254761048,36.92702913887329,1387,6984,82.2,0.659,100.0,13.010276939682939,0.0,Well Served,#1b5e20
20,20,-1.1816077254761048,36.93242037676422,1210,7938,77.1,0.695,100.0,9.678107004040323,0.0,Well Served,#1b5e20
20,21,-1.1816077254761048,36.93781161465516,2059,6960,64.5,0.566,100.0,26.613963903559608,0.0,Well Served,#1b5e20
20,22,-1.1816077254761048,36.9432028525461,2116,5094,66.9,0.566,69.99875088354727,27.2439680288352,8.173530717537583,Low Gap,#f9a825
20,23,-1.1816077254761048,36.948594090437034,2650,4313,71.8,0.612,100.0,30.600544546251818,0.0,Well Served,#1b5e20
20,24,-1.1816077254761048,36.953985328327974,1863,3595,68.7,0.615,69.99875088350775,20.519704891816147,6.156167782562808,Low Gap,#f9a825
20,25,-1.1816077254761048,36.959376566218914,2341,2995,71.0,0.617,100.0,26.04055981262005,0.0,Well Served,#1b5e20
20,26,-1.1816077254761048,36.96476780410985,3115,2598,76.4,0.628,69.99875088354727,34.07811036914692,10.223858786027474,Low Gap,#f9a825
20,27,-1.1816077254761048,36.97015904200079,3248,1691,54.1,0.426,100.0,55.714765731399794,0.0,Well Served,#1b5e20
20,28,-1.1816077254761048,36.97555027989173,3528,1400,66.3,0.524,69.99875088354727,49.54828938696588,14.865105731924539,Low Gap,#f9a825
20,29,-1.1816077254761048,36.98094151778266,3845,1250,57.0,0.467,100.0,60.484704541920095,0.0,Well Served,#1b5e20
20,30,-1.1816077254761048,36.9863327556736,4216,1223,63.8,0.544,69.99875088350775,56.12331743778024,16.837696276948183,Low Gap,#f9a825
20,31,-1.1816077254761048,36.99172399356454,4094,953,56.0,0.461,39.9975017670155,64.12167602670439,38.47460752488335,Moderate Gap,#f57c00
20,32,-1.1816077254761048,36.997115231455474,3264,1277,53.3,0.454,9.996252650562775,50.899823811488545,45.81174882460084,High Gap,#c62828
20,33,-1.1816077254761048,37.002506469346415,2824,796,60.8,0.522,0.0,37.473476094293275,37.473476094293275,Moderate Gap,#f57c00
20,34,-1.1816077254761048,37.007897707237355,2657,780,56.7,0.503,0.0,36.11912958892179,36.11912958892179,Moderate Gap,#f57c00
20,35,-1.1816077254761048,37.01328894512829,2203,652,51.2,0.429,0.0,33.777751398614846,33.777751398614846,Moderate Gap,#f57c00
20,36,-1.1816077254761048,37.01868018301923,1566,384,56.1,0.51,0.0,19.342217833512716,19.342217833512716,Low Gap,#f9a825
20,37,-1.1816077254761048,37.02407142091017,1316,614,36.0,0.329,0.0,22.28837450227338,22.28837450227338,Moderate Gap,#f57c00
20,38,-1.1816077254761048,37.0294626588011,841,611,32.2,0.342,0.0,12.864210279171578,12.864210279171578,Low Gap,#f9a825
20,39,-1.1816077254761048,37.03485389669204,595,285,30.4,0.332,0.0,8.338893851000043,8.338893851000043,Low Gap,#f9a825
21,0,-1.176217858426159,36.824595618945466,200,0,32.7,0.261,0.0,1.5587683899228502,1.5587683899228502,Well Served,#1b5e20
21,1,-1.176217858426159,36.829986856836406,871,558,28.2,0.295,0.0,14.166745640821787,14.166745640821787,Low Gap,#f9a825
21,2,-1.176217858426159,36.83537809472734,1079,285,47.6,0.472,5.127949844662794,13.163992471359157,12.488949539872673,Low Gap,#f9a825
21,3,-1.176217858426159,36.84076933261828,1339,0,43.0,0.41,32.915622283332404,19.406874556953305,13.018981030786417,Low Gap,#f9a825
21,4,-1.176217858426159,36.84616057050922,1636,411,28.7,0.293,57.57266879231145,30.115186788036937,12.777070042374497,Low Gap,#f9a825
21,5,-1.176217858426159,36.85155180840015,2494,346,44.5,0.396,70.00000000000097,40.5324732778057,12.15974198334132,Low Gap,#f9a825
21,6,-1.176217858426159,36.85694304629109,2279,270,46.7,0.395,57.57266879228349,37.466286229464416,15.89594534980595,Low Gap,#f9a825
21,7,-1.176217858426159,36.86233428418203,3494,764,58.8,0.518,70.00000000000097,47.08675369956505,14.126026109869063,Low Gap,#f9a825
21,8,-1.176217858426159,36.867725522072966,3296,688,47.9,0.363,57.57266879231145,59.98406372074191,25.449637386630123,Moderate Gap,#f57c00
21,9,-1.176217858426159,36.87311675996391,3686,810,54.9,0.471,70.00000000000097,56.185570440303486,16.855671132090507,Low Gap,#f9a825
21,10,-1.176217858426159,36.87850799785485,4616,930,51.7,0.443,57.57266879231145,75.59435463853687,32.072667216806714,Moderate Gap,#f57c00
21,11,-1.176217858426159,36.88389923574578,3650,1336,54.4,0.463,70.00000000000097,57.70537477157641,17.31161243147237,Low Gap,#f9a825
21,12,-1.176217858426159,36.88929047363672,3132,1713,62.6,0.481,57.57266879228349,47.919944192085346,20.33115343692896,Moderate Gap,#f57c00
21,13,-1.176217858426159,36.89468171152766,3356,2223,57.1,0.534,70.00000000000097,46.41905373081111,13.925716119242885,Low Gap,#f9a825
21,14,-1.176217858426159,36.90007294941859,2461,2290,64.8,0.507,57.57266879231145,35.74751504671614,15.166716607388558,Low Gap,#f9a825
21,15,-1.176217858426159,36.90546418730953,2699,3135,64.9,0.573,70.00000000000097,34.11916471727969,10.235749415183578,Low Gap,#f9a825
21,16,-1.176217858426159,36.910855425200474,2179,3658,64.4,0.621,57.57266879231145,23.967411075559415,10.168732878935824,Low Gap,#f9a825
21,17,-1.176217858426159,36.91624666309141,2514,4413,82.7,0.716,70.00000000000097,20.546487356736982,6.1639462070208975,Low Gap,#f9a825
21,18,-1.176217858426159,36.92163790098235,1952,5155,73.8,0.604,57.57266879228349,22.556384000055512,9.570071748187926,Low Gap,#f9a825
21,19,-1.176217858426159,36.92702913887329,1877,6074,78.3,0.69,70.00000000000097,16.489249258893594,4.94677477766792,Well Served,#1b5e20
21,20,-1.176217858426159,36.93242037676422,1218,6867,90.6,0.742,100.0,7.874936168365941,0.0,Well Served,#1b5e20
21,21,-1.176217858426159,36.93781161465516,1288,6299,61.6,0.487,70.00000000000097,19.038810142443893,5.711643042732985,Low Gap,#f9a825
21,22,-1.176217858426159,36.9432028525461,1913,5035,74.2,0.612,57.57266879231145,21.554027681858116,9.144798713178819,Low Gap,#f9a825
21,23,-1.176217858426159,36.948594090437034,2420,4247,70.9,0.66,70.00000000000097,24.002933971503566,7.200880191450839,Low Gap,#f9a825
21,24,-1.176217858426159,36.953985328327974,2717,3682,81.0,0.717,57.57266879228349,22.14100673132372,9.393838258621523,Low Gap,#f9a825
21,25,-1.176217858426159,36.959376566218914,2966,2816,82.9,0.693,70.00000000000097,26.43980604707664,7.931941814122738,Low Gap,#f9a825
21,26,-1.176217858426159,36.96476780410985,2633,2718,57.3,0.492,57.57266879231145,39.6532410711884,16.82381192385629,Low Gap,#f9a825
21,27,-1.176217858426159,36.97015904200079,3112,1919,63.9,0.488,70.00000000000097,47.25266182465602,14.175798547396353,Low Gap,#f9a825
21,28,-1.176217858426159,36.97555027989173,3191,1494,53.7,0.539,57.57266879231145,43.082444919410015,18.27873159832808,Low Gap,#f9a825
21,29,-1.176217858426159,36.98094151778266,3819,1589,61.5,0.548,70.00000000000097,50.57458489605189,15.17237546881508,Low Gap,#f9a825
21,30,-1.176217858426159,36.9863327556736,3868,1360,52.9,0.476,57.57266879228349,59.24080772785759,25.13429370482466,Moderate Gap,#f57c00
21,31,-1.176217858426159,36.99172399356454,3681,1202,54.6,0.542,32.91562228329704,48.404931935114384,32.47214737286511,Moderate Gap,#f57c00
21,32,-1.176217858426159,36.997115231455474,3230,989,58.2,0.515,5.127949844662794,44.30059046475066,42.02887840482878,High Gap,#c62828
21,33,-1.176217858426159,37.002506469346415,2667,431,52.9,0.487,0.0,37.82135030998332,37.82135030998332,Moderate Gap,#f57c00
21,34,-1.176217858426159,37.007897707237355,2804,646,52.5,0.474,0.0,40.44600076637982,40.44600076637982,High Gap,#c62828
21,35,-1.176217858426159,37.01328894512829,2996,699,45.8,0.406,0.0,48.581145428305156,48.581145428305156,High Gap,#c62828
21,36,-1.176217858426159,37.01868018301923,1533,304,57.4,0.493,0.0,19.522680230248916,19.522680230248916,Low Gap,#f9a825
21,37,-1.176217858426159,37.02407142091017,1457,111,37.3,0.322,0.0,24.934911041389636,24.934911041389636,Moderate Gap,#f57c00
21,38,-1.176217858426159,37.0294626588011,1023,126,36.0,0.361,0.0,15.422582817013858,15.422582817013858,Low Gap,#f9a825
21,39,-1.176217858426159,37.03485389669204,294,271,35.4,0.312,0.0,3.095557993753452,3.095557993753452,Well Served,#1b5e20
22,0,-1.1708279913762127,36.824595618945466,200,603,26.2,0.241,0.0,1.720810952729558,1.720810952729558,Well Served,#1b5e20
22,1,-1.1708279913762127,36.829986856836406,333,539,26.2,0.26,0.0,4.329562397730777,4.329562397730777,Well Served,#1b5e20
22,2,-1.1708279913762127,36.83537809472734,812,540,29.4,0.314,0.0,12.911852341481792,12.911852341481792,Low Gap,#f9a825
22,3,-1.1708279913762127,36.84076933261828,1736,647,35.2,0.335,15.145255822808634,29.71196442026783,25.212011398836385,Moderate Gap,#f57c00
22,4,-1.1708279913762127,36.84616057050922,1940,1,43.0,0.299,32.91735021376317,35.72712421732343,23.966701617400883,Moderate Gap,#f57c00
22,5,-1.1708279913762127,36.85155180840015,2287,235,51.1,0.421,40.00000000000069,35.34898713533835,21.209392281202764,Moderate Gap,#f57c00
22,6,-1.1708279913762127,36.85694304629109,2264,245,39.2,0.385,32.917350213745486,37.86160958290211,25.398570959937203,Moderate Gap,#f57c00
22,7,-1.1708279913762127,36.86233428418203,3011,367,35.0,0.357,40.00000000000069,54.34817886988653,32.60890732193155,Moderate Gap,#f57c00
22,8,-1.1708279913762127,36.867725522072966,3191,756,34.8,0.307,32.91735021376317,63.32186842971392,42.477987236806655,High Gap,#c62828
22,9,-1.1708279913762127,36.87311675996391,3425,1147,50.9,0.508,40.00000000000069,48.325234743277626,28.99514084596624,Moderate Gap,#f57c00
22,10,-1.1708279913762127,36.87850799785485,3975,1168,61.9,0.496,32.91735021376317,58.46358236691015,39.21892021168245,Moderate Gap,#f57c00
22,11,-1.1708279913762127,36.88389923574578,3551,1608,52.6,0.472,40.00000000000069,55.147091353029154,33.08825481181711,Moderate Gap,#f57c00
22,12,-1.1708279913762127,36.88929047363672,4364,1924,64.8,0.584,32.917350213745486,53.79610927743642,36.08785558521345,Moderate Gap,#f57c00
22,13,-1.1708279913762127,36.89468171152766,3766,1693,44.7,0.337,40.00000000000069,75.31832007274876,45.190992043648734,High Gap,#c62828
22,14,-1.1708279913762127,36.90007294941859,2713,2578,61.9,0.57,32.91735021376317,34.26985491772321,22.989126756707723,Moderate Gap,#f57c00
22,15,-1.1708279913762127,36.90546418730953,2340,2774,60.8,0.476,40.00000000000069,36.37789039850839,21.826734239104784,Moderate Gap,#f57c00
22,16,-1.1708279913762127,36.910855425200474,2427,3692,71.0,0.619,32.91735021376317,27.072192329456936,18.16074396982607,Low Gap,#f9a825
22,17,-1.1708279913762127,36.91624666309141,2400,4253,54.4,0.49,40.00000000000069,36.7833360882585,22.070001652954847,Moderate Gap,#f57c00
22,18,-1.1708279913762127,36.92163790098235,2353,4893,58.9,0.586,69.99863499196486,28.943052406273644,8.683310796873053,Low Gap,#f9a825
22,19,-1.1708279913762127,36.92702913887329,1916,4791,74.2,0.603,100.0,22.147225046535503,0.0,Well Served,#1b5e20
22,20,-1.1708279913762127,36.93242037676422,1915,5372,69.2,0.5,69.99999999999973,28.518647030238895,8.555594109071746,Low Gap,#f9a825
22,21,-1.1708279913762127,36.93781161465516,1614,5147,70.0,0.548,57.57262791138991,21.1549540870368,8.975491085681732,Low Gap,#f9a825
22,22,-1.1708279913762127,36.9432028525461,1740,4785,73.7,0.58,32.91735021376317,21.120092110111123,14.167917424756482,Low Gap,#f9a825
22,23,-1.1708279913762127,36.948594090437034,2270,3733,65.3,0.593,40.00000000000069,27.140426216637607,16.284255729982377,Low Gap,#f9a825
22,24,-1.1708279913762127,36.953985328327974,2907,3074,65.2,0.594,69.99863499196486,35.088265774076696,10.526958689870217,Low Gap,#f9a825
22,25,-1.1708279913762127,36.959376566218914,2824,2686,65.2,0.578,100.0,35.222426543267794,0.0,Well Served,#1b5e20
22,26,-1.1708279913762127,36.96476780410985,3148,2429,62.4,0.523,69.99863499200441,44.67010173167159,13.401640269961751,Low Gap,#f9a825
22,27,-1.1708279913762127,36.97015904200079,3742,1930,57.7,0.536,40.00000000000069,51.59067300762262,30.954403804573214,Moderate Gap,#f57c00
22,28,-1.1708279913762127,36.97555027989173,3837,1515,60.8,0.547,32.91735021376317,51.21362724729408,34.35545820913105,Moderate Gap,#f57c00
22,29,-1.1708279913762127,36.98094151778266,4133,1644,55.3,0.489,40.00000000000069,62.251987505629394,37.351192503377206,Moderate Gap,#f57c00
22,30,-1.1708279913762127,36.9863327556736,4607,1188,58.4,0.53,32.917350213745486,63.23940884766645,42.422671164177736,High Gap,#c62828
22,31,-1.1708279913762127,36.99172399356454,4762,1118,37.8,0.364,15.14525582278068,88.48343220609158,75.0823900377023,Critical Gap,#880e4f
22,32,-1.1708279913762127,36.997115231455474,3245,700,53.1,0.471,0.0,48.530688324842,48.530688324842,High Gap,#c62828
22,33,-1.1708279913762127,37.002506469346415,2475,974,46.9,0.424,0.0,39.47493199535115,39.47493199535115,Moderate Gap,#f57c00
22,34,-1.1708279913762127,37.007897707237355,2495,538,55.2,0.451,0.0,37.212459148583115,37.212459148583115,Moderate Gap,#f57c00
22,35,-1.1708279913762127,37.01328894512829,2103,361,44.0,0.38,0.0,34.720416359997266,34.720416359997266,Moderate Gap,#f57c00
22,36,-1.1708279913762127,37.01868018301923,1201,281,39.9,0.317,0.0,20.620988485961984,20.620988485961984,Moderate Gap,#f57c00
22,37,-1.1708279913762127,37.02407142091017,992,152,34.4,0.309,0.0,16.51996727914283,16.51996727914283,Low Gap,#f9a825
22,38,-1.1708279913762127,37.0294626588011,773,315,25.9,0.279,0.0,12.776214989826332,12.776214989826332,Low Gap,#f9a825
22,39,-1.1708279913762127,37.03485389669204,339,157,41.8,0.442,0.0,2.716055958347488,2.716055958347488,Well Served,#1b5e20
23,0,-1.1654381243262666,36.824595618945466,200,165,36.1,0.334,0.0,1.1978627408288411,1.1978627408288411,Well Served,#1b5e20
23,1,-1.1654381243262666,36.829986856836406,200,317,36.3,0.405,0.0,0.8958658041612299,0.8958658041612299,Well Served,#1b5e20
23,2,-1.1654381243262666,36.83537809472734,381,0,55.6,0.618,0.0,1.65564750582088,1.65564750582088,Well Served,#1b5e20
23,3,-1.1654381243262666,36.84076933261828,585,358,43.6,0.45,0.0,6.611672306653846,6.611672306653846,Low Gap,#f9a825
23,4,-1.1654381243262666,36.84616057050922,961,444,46.5,0.429,5.1312203337930296,13.128559985466387,12.454904645957921,Low Gap,#f9a825
23,5,-1.1654381243262666,36.85155180840015,1733,524,25.2,0.248,10.000000000000409,34.873118886395545,31.385806997755846,Moderate Gap,#f57c00
23,6,-1.1654381243262666,36.85694304629109,3078,747,45.6,0.386,5.131220333780528,52.41777672831569,49.728105110316676,High Gap,#c62828
23,7,-1.1654381243262666,36.86233428418203,3101,762,51.0,0.447,10.000000000000409,47.97471851185941,43.17724666067327,High Gap,#c62828
23,8,-1.1654381243262666,36.867725522072966,3296,778,63.1,0.511,5.1312203337930296,45.51995171697432,43.18422269854016,High Gap,#c62828
23,9,-1.1654381243262666,36.87311675996391,4149,937,54.1,0.497,10.000000000000409,60.30864932733929,54.27778439460511,High Gap,#c62828
23,10,-1.1654381243262666,36.87850799785485,4407,1130,31.9,0.274,5.1312203337930296,94.6490264217669,89.79237633227606,Critical Gap,#880e4f
23,11,-1.1654381243262666,36.88389923574578,4225,1715,74.1,0.62,10.000000000000409,46.85633778869282,42.170704009823346,High Gap,#c62828
23,12,-1.1654381243262666,36.88929047363672,4379,1857,49.6,0.394,5.131220333780528,79.56507627670868,75.48241690421021,Critical Gap,#880e4f
23,13,-1.1654381243262666,36.89468171152766,3772,1867,59.0,0.558,10.000000000000409,49.46565217429273,44.519086956863255,High Gap,#c62828
23,14,-1.1654381243262666,36.90007294941859,3065,1929,58.6,0.534,5.1312203337930296,42.32621384030802,40.15436254920942,High Gap,#c62828
23,15,-1.1654381243262666,36.90546418730953,3170,2682,61.0,0.594,10.000000000000409,38.20595804241832,34.38536223817633,Moderate Gap,#f57c00
23,16,-1.1654381243262666,36.910855425200474,3094,3089,71.9,0.611,32.91541591821295,35.79345916792233,24.011893211284974,Moderate Gap,#f57c00
23,17,-1.1654381243262666,36.91624666309141,1742,3247,68.7,0.634,57.57258721819362,17.969532702066317,7.624007814467363,Low Gap,#f9a825
23,18,-1.1654381243262666,36.92163790098235,1861,3917,77.9,0.667,69.99999999999973,17.483477432934638,5.245043229880439,Low Gap,#f9a825
23,19,-1.1654381243262666,36.92702913887329,2409,4282,77.7,0.7,69.99999999999973,20.8229619260384,6.246888577811577,Low Gap,#f9a825
23,20,-1.1654381243262666,36.93242037676422,2127,4270,78.1,0.7,100.0,18.128393581083397,0.0,Well Served,#1b5e20
23,21,-1.1654381243262666,36.93781161465516,2011,4504,70.3,0.611,69.99857744443155,22.72700084820221,6.8184235586767725,Low Gap,#f9a825
23,22,-1.1654381243262666,36.9432028525461,2043,3816,67.0,0.541,39.99715488886311,27.593946560993103,16.557153015042577,Low Gap,#f9a825
23,23,-1.1654381243262666,36.948594090437034,2180,3322,70.7,0.599,32.91541591817758,25.445665169183478,17.07011864559989,Low Gap,#f9a825
23,24,-1.1654381243262666,36.953985328327974,2747,3156,66.6,0.55,57.57258721819362,36.74495172385412,15.589932344355068,Low Gap,#f9a825
23,25,-1.1654381243262666,36.959376566218914,2242,2995,69.5,0.613,69.99999999999973,24.955666011957668,7.486699803587368,Low Gap,#f9a825
23,26,-1.1654381243262666,36.96476780410985,2916,1499,58.3,0.497,57.572587218221585,43.33825432243476,18.38730005379632,Low Gap,#f9a825
23,27,-1.1654381243262666,36.97015904200079,3590,1791,61.1,0.515,32.91541591821295,51.5607912677047,34.58934237121808,Moderate Gap,#f57c00
23,28,-1.1654381243262666,36.97555027989173,3836,1811,50.7,0.45,5.1312203337930296,62.51543818812909,59.30763331206,High Gap,#c62828
23,29,-1.1654381243262666,36.98094151778266,3868,1158,61.2,0.577,10.000000000000409,47.47329483152776,42.72596534837479,High Gap,#c62828
23,30,-1.1654381243262666,36.9863327556736,3732,966,69.1,0.601,5.131220333780528,42.58037367239685,40.39548088031909,High Gap,#c62828
23,31,-1.1654381243262666,36.99172399356454,4081,818,50.8,0.452,0.0,64.4005608426529,64.4005608426529,Critical Gap,#880e4f
23,32,-1.1654381243262666,36.997115231455474,2502,401,45.2,0.46,0.0,37.48374539234099,37.48374539234099,Moderate Gap,#f57c00
23,33,-1.1654381243262666,37.002506469346415,2966,685,54.3,0.486,0.0,42.107011734363745,42.107011734363745,High Gap,#c62828
23,34,-1.1654381243262666,37.007897707237355,2564,178,48.2,0.466,0.0,36.90804151896288,36.90804151896288,Moderate Gap,#f57c00
23,35,-1.1654381243262666,37.01328894512829,2094,347,43.6,0.333,0.0,37.15430116747226,37.15430116747226,Moderate Gap,#f57c00
23,36,-1.1654381243262666,37.01868018301923,1635,367,39.3,0.406,0.0,24.73312292532485,24.73312292532485,Moderate Gap,#f57c00
23,37,-1.1654381243262666,37.02407142091017,1437,357,32.7,0.322,0.0,24.3910368822361,24.3910368822361,Moderate Gap,#f57c00
23,38,-1.1654381243262666,37.0294626588011,662,244,35.3,0.354,0.0,9.208637903575346,9.208637903575346,Low Gap,#f9a825
23,39,-1.1654381243262666,37.03485389669204,390,290,50.7,0.56,0.0,2.2436574760526273,2.2436574760526273,Well Served,#1b5e20
24,0,-1.1600482572763204,36.824595618945466,200,350,36.8,0.375,0.0,0.9931735234983188,0.9931735234983188,Well Served,#1b5e20
24,1,-1.1600482572763204,36.829986856836406,200,183,29.6,0.218,0.0,1.8849631207777569,1.8849631207777569,Well Served,#1b5e20
24,2,-1.1600482572763204,36.83537809472734,200,242,35.9,0.296,0.0,1.5370677185354997,1.5370677185354997,Well Served,#1b5e20
24,3,-1.1600482572763204,36.84076933261828,1095,477,27.7,0.297,0.0,19.026826353413384,19.026826353413384,Low Gap,#f9a825
24,4,-1.1600482572763204,36.84616057050922,1667,552,51.2,0.475,0.0,22.325007687483264,22.325007687483264,Moderate Gap,#f57c00
24,5,-1.1600482572763204,36.85155180840015,1866,610,39.8,0.406,0.0,29.32872141085619,29.32872141085619,Moderate Gap,#f57c00
24,6,-1.1600482572763204,36.85694304629109,1990,757,57.7,0.583,0.0,21.71142160969723,21.71142160969723,Moderate Gap,#f57c00
24,7,-1.1600482572763204,36.86233428418203,2915,794,39.2,0.337,0.0,54.3145905041213,54.3145905041213,High Gap,#c62828
24,8,-1.1600482572763204,36.867725522072966,3416,846,41.5,0.381,0.0,60.3684046435726,60.3684046435726,Critical Gap,#880e4f
24,9,-1.1600482572763204,36.87311675996391,3386,1128,60.0,0.534,0.0,45.00801991924551,45.00801991924551,High Gap,#c62828
24,10,-1.1600482572763204,36.87850799785485,3913,1074,48.6,0.445,0.0,63.38747443369819,63.38747443369819,Critical Gap,#880e4f
24,11,-1.1600482572763204,36.88389923574578,4337,1261,60.2,0.628,0.0,46.93335010625643,46.93335010625643,High Gap,#c62828
24,12,-1.1600482572763204,36.88929047363672,3928,1534,58.0,0.465,0.0,62.33151982876218,62.33151982876218,Critical Gap,#880e4f
24,13,-1.1600482572763204,36.89468171152766,4003,1624,73.5,0.646,0.0,41.570309360723634,41.570309360723634,High Gap,#c62828
24,14,-1.1600482572763204,36.90007294941859,3381,1774,53.1,0.465,0.0,54.040938812968356,54.040938812968356,High Gap,#c62828
24,15,-1.1600482572763204,36.90546418730953,2521,2492,69.6,0.561,15.145093425418189,32.41847131517694,27.508663547400992,Moderate Gap,#f57c00
24,16,-1.1600482572763204,36.910855425200474,3418,2837,66.0,0.619,39.997040324821555,38.76330127330744,23.259128031790596,Moderate Gap,#f57c00
24,17,-1.1600482572763204,36.91624666309141,2391,3318,72.8,0.657,69.998520162391,23.678504689932378,7.103901810397364,Low Gap,#f9a825
24,18,-1.1600482572763204,36.92163790098235,2428,3439,62.5,0.576,100.0,30.396882412973987,0.0,Well Served,#1b5e20
24,19,-1.1600482572763204,36.92702913887329,2622,3631,62.5,0.497,69.998520162391,39.659691066954466,11.898494219110363,Low Gap,#f9a825
24,20,-1.1600482572763204,36.93242037676422,2431,3834,78.2,0.669,70.00000000000097,23.322760857997878,6.996828257399139,Low Gap,#f9a825
24,21,-1.1600482572763204,36.93781161465516,2121,3314,83.3,0.719,57.57254671269555,16.644453495452638,7.06181773171028,Low Gap,#f9a825
24,22,-1.1600482572763204,36.9432028525461,2434,3470,62.1,0.534,32.91531344795761,33.67250248530561,22.58909274649595,Moderate Gap,#f57c00
24,23,-1.1600482572763204,36.948594090437034,2412,3377,62.3,0.52,39.99704032478202,34.294542329946864,20.57774040503858,Moderate Gap,#f57c00
24,24,-1.1600482572763204,36.953985328327974,2662,2538,54.8,0.431,69.998520162391,45.28466303109725,13.58606904880382,Low Gap,#f9a825
24,25,-1.1600482572763204,36.959376566218914,3132,2021,62.1,0.496,100.0,46.97820701405605,0.0,Well Served,#1b5e20
24,26,-1.1600482572763204,36.96476780410985,3338,2013,59.2,0.475,69.99852016243054,52.086558449168905,15.626738331211245,Low Gap,#f9a825
24,27,-1.1600482572763204,36.97015904200079,3525,1612,51.0,0.437,39.997040324821555,58.835127071734746,35.302817571693,Moderate Gap,#f57c00
24,28,-1.1600482572763204,36.97555027989173,3305,1491,44.0,0.395,9.995560487212563,58.82945370611865,52.94912007662685,High Gap,#c62828
24,29,-1.1600482572763204,36.98094151778266,4311,853,56.8,0.495,0.0,63.58413595545041,63.58413595545041,Critical Gap,#880e4f
24,30,-1.1600482572763204,36.9863327556736,4202,1311,47.8,0.456,0.0,66.38000762433059,66.38000762433059,Critical Gap,#880e4f
24,31,-1.1600482572763204,36.99172399356454,3424,1002,60.1,0.497,0.0,48.885244487721515,48.885244487721515,High Gap,#c62828
24,32,-1.1600482572763204,36.997115231455474,3554,1085,60.2,0.453,0.0,54.861440210007515,54.861440210007515,High Gap,#c62828
24,33,-1.1600482572763204,37.002506469346415,3222,651,58.6,0.515,0.0,42.98984414761906,42.98984414761906,High Gap,#c62828
24,34,-1.1600482572763204,37.007897707237355,2229,714,53.4,0.477,0.0,31.04531038442409,31.04531038442409,Moderate Gap,#f57c00
24,35,-1.1600482572763204,37.01328894512829,1531,407,35.9,0.282,0.0,28.611490154739204,28.611490154739204,Moderate Gap,#f57c00
24,36,-1.1600482572763204,37.01868018301923,1542,125,45.0,0.323,0.0,26.52545936998243,26.52545936998243,Moderate Gap,#f57c00
24,37,-1.1600482572763204,37.02407142091017,321,521,38.1,0.325,0.0,3.6271297762953987,3.6271297762953987,Well Served,#1b5e20
24,38,-1.1600482572763204,37.0294626588011,1235,12,52.6,0.464,0.0,15.349063750416164,15.349063750416164,Low Gap,#f9a825
24,39,-1.1600482572763204,37.03485389669204,553,582,31.9,0.322,0.0,7.6185040791383125,7.6185040791383125,Low Gap,#f9a825
25,0,-1.1546583902263745,36.824595618945466,200,484,34.7,0.322,0.0,1.2768533699209696,1.2768533699209696,Well Served,#1b5e20
25,1,-1.1546583902263745,36.829986856836406,200,85,23.4,0.252,0.0,1.6929753215309657,1.6929753215309657,Well Served,#1b5e20
25,2,-1.1546583902263745,36.83537809472734,409,475,39.2,0.384,0.0,4.572832224937941,4.572832224937941,Well Served,#1b5e20
25,3,-1.1546583902263745,36.84076933261828,1094,0,44.7,0.34,0.0,17.58092825245106,17.58092825245106,Low Gap,#f9a825
25,4,-1.1546583902263745,36.84616057050922,1509,265,36.1,0.341,0.0,25.569537585316432,25.569537585316432,Moderate Gap,#f57c00
25,5,-1.1546583902263745,36.85155180840015,2019,324,54.1,0.471,0.0,28.04952831453345,28.04952831453345,Moderate Gap,#f57c00
25,6,-1.1546583902263745,36.85694304629109,2260,377,43.3,0.391,0.0,37.34078390160427,37.34078390160427,Moderate Gap,#f57c00
25,7,-1.1546583902263745,36.86233428418203,2292,687,56.1,0.484,0.0,32.253680647019614,32.253680647019614,Moderate Gap,#f57c00
25,8,-1.1546583902263745,36.867725522072966,2747,719,38.7,0.348,0.0,50.630587466167775,50.630587466167775,High Gap,#c62828
25,9,-1.1546583902263745,36.87311675996391,3455,901,47.7,0.459,0.0,53.56337428809296,53.56337428809296,High Gap,#c62828
25,10,-1.1546583902263745,36.87850799785485,3615,1284,51.3,0.386,0.0,64.73476121077906,64.73476121077906,Critical Gap,#880e4f
25,11,-1.1546583902263745,36.88389923574578,4034,1178,54.9,0.505,0.0,58.45595114874988,58.45595114874988,High Gap,#c62828
25,12,-1.1546583902263745,36.88929047363672,4364,1414,49.8,0.445,0.0,71.95862990708622,71.95862990708622,Critical Gap,#880e4f
25,13,-1.1546583902263745,36.89468171152766,3881,1436,65.3,0.575,0.0,48.59044073896588,48.59044073896588,High Gap,#c62828
25,14,-1.1546583902263745,36.90007294941859,3138,1818,39.0,0.391,5.1272962201742045,57.0509906550004,54.125817367574626,High Gap,#c62828
25,15,-1.1546583902263745,36.90546418730953,3709,1896,59.9,0.569,32.915211452666405,47.60294470320549,31.93433479644954,Moderate Gap,#f57c00
25,16,-1.1546583902263745,36.910855425200474,3102,2418,68.5,0.613,57.57250639492193,35.37511445864598,15.008774424731072,Low Gap,#f9a825
25,17,-1.1546583902263745,36.91624666309141,2869,2708,81.3,0.715,69.99999999999973,23.46027269434546,7.038081808303701,Low Gap,#f9a825
25,18,-1.1546583902263745,36.92163790098235,3052,2732,67.8,0.588,70.00000000000097,37.39460085044989,11.218380255134608,Low Gap,#f9a825
25,19,-1.1546583902263745,36.92702913887329,1997,3220,57.0,0.534,69.99846314588328,27.144837656679112,8.143868473558737,Low Gap,#f9a825
25,20,-1.1546583902263745,36.93242037676422,2529,3219,64.7,0.582,100.0,31.150684704848437,0.0,Well Served,#1b5e20
25,21,-1.1546583902263745,36.93781161465516,2861,3115,57.9,0.483,69.99846314584373,44.43410880315407,13.330915528394165,Low Gap,#f9a825
25,22,-1.1546583902263745,36.9432028525461,2468,2269,66.0,0.474,39.99692629168745,38.56153816831752,23.138108170194638,Moderate Gap,#f57c00
25,23,-1.1546583902263745,36.948594090437034,2279,2927,63.1,0.496,32.915211452631596,33.79359426236684,22.670361253464417,Moderate Gap,#f57c00
25,24,-1.1546583902263745,36.953985328327974,2857,2079,51.8,0.447,57.57250639489484,47.04244194847294,19.958929049373666,Low Gap,#f9a825
25,25,-1.1546583902263745,36.959376566218914,3395,1832,62.2,0.514,70.00000000000097,48.941482212253746,14.682444663675653,Low Gap,#f9a825
25,26,-1.1546583902263745,36.96476780410985,3977,1982,62.6,0.506,57.5725063949228,58.39415500445318,24.775176380253246,Moderate Gap,#f57c00
25,27,-1.1546583902263745,36.97015904200079,3473,1469,70.5,0.582,32.91521145266696,42.20588573400002,28.313729199182916,Moderate Gap,#f57c00
25,28,-1.1546583902263745,36.97555027989173,3771,1237,54.1,0.484,5.127296220174593,56.86196650236989,53.946485043176935,High Gap,#c62828
25,29,-1.1546583902263745,36.98094151778266,4107,1078,45.4,0.387,0.0,73.57102191568094,73.57102191568094,Critical Gap,#880e4f
25,30,-1.1546583902263745,36.9863327556736,3562,688,59.5,0.587,0.0,41.55992601243202,41.55992601243202,High Gap,#c62828
25,31,-1.1546583902263745,36.99172399356454,3725,353,52.2,0.433,0.0,59.92153055990338,59.92153055990338,High Gap,#c62828
25,32,-1.1546583902263745,36.997115231455474,2941,508,53.2,0.464,0.0,43.655098558454505,43.655098558454505,High Gap,#c62828
25,33,-1.1546583902263745,37.002506469346415,2804,614,44.8,0.422,0.0,44.383500640465265,44.383500640465265,High Gap,#c62828
25,34,-1.1546583902263745,37.007897707237355,1886,568,41.3,0.369,0.0,31.504438008188007,31.504438008188007,Moderate Gap,#f57c00
25,35,-1.1546583902263745,37.01328894512829,1691,0,44.6,0.406,0.0,25.663334700704127,25.663334700704127,Moderate Gap,#f57c00
25,36,-1.1546583902263745,37.01868018301923,1651,131,12.0,0.184,0.0,34.66849517382547,34.66849517382547,Moderate Gap,#f57c00
25,37,-1.1546583902263745,37.02407142091017,1141,157,44.0,0.348,0.0,17.807642080425225,17.807642080425225,Low Gap,#f9a825
25,38,-1.1546583902263745,37.0294626588011,620,0,41.2,0.398,0.0,7.588555104491598,7.588555104491598,Low Gap,#f9a825
25,39,-1.1546583902263745,37.03485389669204,259,135,33.2,0.306,0.0,2.389393319743919,2.389393319743919,Well Served,#1b5e20
26,0,-1.1492685231764284,36.824595618945466,575,94,35.9,0.351,0.0,7.418924249873875,7.418924249873875,Low Gap,#f9a825
26,1,-1.1492685231764284,36.829986856836406,200,241,35.0,0.37,0.0,1.0662031106082563,1.0662031106082563,Well Served,#1b5e20
26,2,-1.1492685231764284,36.83537809472734,200,231,26.7,0.232,0.0,1.8771539138872997,1.8771539138872997,Well Served,#1b5e20
26,3,-1.1492685231764284,36.84076933261828,1113,805,46.5,0.464,0.0,14.25875734945041,14.25875734945041,Low Gap,#f9a825
26,4,-1.1492685231764284,36.84616057050922,731,695,37.6,0.371,0.0,10.624966062713375,10.624966062713375,Low Gap,#f9a825
26,5,-1.1492685231764284,36.85155180840015,1282,323,47.5,0.43,0.0,18.430925719797944,18.430925719797944,Low Gap,#f9a825
26,6,-1.1492685231764284,36.85694304629109,2088,427,50.8,0.407,0.0,33.282858101230076,33.282858101230076,Moderate Gap,#f57c00
26,7,-1.1492685231764284,36.86233428418203,2199,723,49.0,0.389,0.0,36.849034389939014,36.849034389939014,Moderate Gap,#f57c00
26,8,-1.1492685231764284,36.867725522072966,2889,456,45.9,0.415,0.0,47.437896033103264,47.437896033103264,High Gap,#c62828
26,9,-1.1492685231764284,36.87311675996391,2745,1104,38.0,0.368,0.0,49.448071789279254,49.448071789279254,High Gap,#c62828
26,10,-1.1492685231764284,36.87850799785485,3460,1138,66.8,0.574,0.0,42.077344210228944,42.077344210228944,High Gap,#c62828
26,11,-1.1492685231764284,36.88389923574578,3848,949,51.7,0.477,0.0,58.713212280037965,58.713212280037965,High Gap,#c62828
26,12,-1.1492685231764284,36.88929047363672,4534,1443,52.7,0.483,0.0,69.36053931600107,69.36053931600107,Critical Gap,#880e4f
26,13,-1.1492685231764284,36.89468171152766,3892,1269,59.8,0.565,0.0,49.75104178455674,49.75104178455674,High Gap,#c62828
26,14,-1.1492685231764284,36.90007294941859,3328,1839,52.2,0.494,15.144932529584754,49.823713961423074,42.27794609823225,High Gap,#c62828
26,15,-1.1492685231764284,36.90546418730953,3026,2242,58.8,0.525,39.99681278961999,42.4389756916225,25.464738034411912,Moderate Gap,#f57c00
26,16,-1.1492685231764284,36.910855425200474,3052,2435,56.8,0.516,69.99840639482976,43.85955493776033,13.15856542946323,Low Gap,#f9a825
26,17,-1.1492685231764284,36.91624666309141,2706,2124,50.4,0.458,100.0,43.618376857578845,0.0,Well Served,#1b5e20
26,18,-1.1492685231764284,36.92163790098235,2525,2542,54.1,0.464,69.99840639479022,40.186785850466485,12.0566761738529,Low Gap,#f9a825
26,19,-1.1492685231764284,36.92702913887329,2792,2352,66.1,0.649,57.572466264820335,28.486538229352742,12.086135617243487,Low Gap,#f9a825
26,20,-1.1492685231764284,36.93242037676422,2400,2615,71.3,0.581,69.99999999999973,29.30399454801546,8.791198364404718,Low Gap,#f9a825
26,21,-1.1492685231764284,36.93781161465516,2859,2376,68.6,0.578,57.572466264792375,35.551725140181155,15.08372017729865,Low Gap,#f9a825
26,22,-1.1492685231764284,36.9432028525461,2771,2501,60.6,0.503,32.91510993220103,40.821126115006024,27.38480757868937,Moderate Gap,#f57c00
26,23,-1.1492685231764284,36.948594090437034,3183,2088,62.6,0.621,39.99681278958044,35.32702197040905,21.19733912877059,Moderate Gap,#f57c00
26,24,-1.1492685231764284,36.953985328327974,3551,2033,53.8,0.494,69.99840639479022,53.500763575261004,16.051081663533907,Low Gap,#f9a825
26,25,-1.1492685231764284,36.959376566218914,3512,1908,62.2,0.543,100.0,47.28608411157699,0.0,Well Served,#1b5e20
26,26,-1.1492685231764284,36.96476780410985,3784,1575,52.0,0.461,69.99840639482976,60.31197572770264,18.094553853074263,Low Gap,#f9a825
26,27,-1.1492685231764284,36.97015904200079,3622,1526,45.8,0.37,39.99681278961999,67.28560045443199,40.37350480630112,High Gap,#c62828
26,28,-1.1492685231764284,36.97555027989173,4162,734,45.6,0.446,9.995219184410198,67.29668627775453,60.57023498044806,Critical Gap,#880e4f
26,29,-1.1492685231764284,36.98094151778266,4093,948,47.4,0.454,0.0,64.6395173646654,64.6395173646654,Critical Gap,#880e4f
26,30,-1.1492685231764284,36.9863327556736,3445,428,44.3,0.357,0.0,63.27973798626226,63.27973798626226,Critical Gap,#880e4f
26,31,-1.1492685231764284,36.99172399356454,3755,747,61.3,0.624,0.0,39.12211420787818,39.12211420787818,Moderate Gap,#f57c00
26,32,-1.1492685231764284,36.997115231455474,2553,363,49.3,0.494,0.0,35.077584628155336,35.077584628155336,Moderate Gap,#f57c00
26,33,-1.1492685231764284,37.002506469346415,2183,279,46.8,0.452,0.0,31.83568952414994,31.83568952414994,Moderate Gap,#f57c00
26,34,-1.1492685231764284,37.007897707237355,1940,364,52.4,0.461,0.0,27.15166328918374,27.15166328918374,Moderate Gap,#f57c00
26,35,-1.1492685231764284,37.01328894512829,1543,212,48.6,0.407,0.0,23.072201897007126,23.072201897007126,Moderate Gap,#f57c00
26,36,-1.1492685231764284,37.01868018301923,1259,318,49.8,0.458,0.0,16.372654304368993,16.372654304368993,Low Gap,#f9a825
26,37,-1.1492685231764284,37.02407142091017,767,426,33.8,0.414,0.0,9.835096920683142,9.835096920683142,Low Gap,#f9a825
26,38,-1.1492685231764284,37.0294626588011,383,200,30.3,0.242,0.0,5.380404809884722,5.380404809884722,Low Gap,#f9a825
26,39,-1.1492685231764284,37.03485389669204,347,91,32.0,0.349,0.0,3.554421109253727,3.554421109253727,Well Served,#1b5e20
27,0,-1.1438786561264822,36.824595618945466,575,0,36.4,0.296,0.0,8.184244309406914,8.184244309406914,Low Gap,#f9a825
27,1,-1.1438786561264822,36.829986856836406,200,181,24.2,0.264,0.0,1.6158893674063726,1.6158893674063726,Well Served,#1b5e20
27,2,-1.1438786561264822,36.83537809472734,525,281,44.7,0.422,0.0,5.9205203915730165,5.9205203915730165,Low Gap,#f9a825
27,3,-1.1438786561264822,36.84076933261828,555,282,45.2,0.413,0.0,6.6712648549900955,6.6712648549900955,Low Gap,#f9a825
27,4,-1.1438786561264822,36.84616057050922,907,370,47.6,0.425,0.0,12.278137215225767,12.278137215225767,Low Gap,#f9a825
27,5,-1.1438786561264822,36.85155180840015,1476,717,32.8,0.366,0.0,24.266613509003708,24.266613509003708,Moderate Gap,#f57c00
27,6,-1.1438786561264822,36.85694304629109,1876,467,39.5,0.44,0.0,27.825837823586063,27.825837823586063,Moderate Gap,#f57c00
27,7,-1.1438786561264822,36.86233428418203,2151,494,53.7,0.488,0.0,29.648156894349714,29.648156894349714,Moderate Gap,#f57c00
27,8,-1.1438786561264822,36.867725522072966,3441,687,41.2,0.374,0.0,60.94952234923371,60.94952234923371,Critical Gap,#880e4f
27,9,-1.1438786561264822,36.87311675996391,3079,911,38.0,0.263,0.0,65.10167014705446,65.10167014705446,Critical Gap,#880e4f
27,10,-1.1438786561264822,36.87850799785485,3378,1284,45.9,0.507,0.0,47.69052487346169,47.69052487346169,High Gap,#c62828
27,11,-1.1438786561264822,36.88389923574578,3873,1275,43.2,0.377,0.0,70.68409058540053,70.68409058540053,Critical Gap,#880e4f
27,12,-1.1438786561264822,36.88929047363672,4278,1688,54.5,0.505,0.0,62.276679943595084,62.276679943595084,Critical Gap,#880e4f
27,13,-1.1438786561264822,36.89468171152766,3993,1589,66.5,0.532,5.126973941412838,54.99524607976652,52.17565414424102,High Gap,#c62828
27,14,-1.1438786561264822,36.90007294941859,4354,1865,57.2,0.536,32.91500888666843,59.98718214271732,40.24239580957994,High Gap,#c62828
27,15,-1.1438786561264822,36.90546418730953,3510,2007,58.6,0.56,57.57242632239081,45.53345572767339,19.31874047682019,Low Gap,#f9a825
27,16,-1.1438786561264822,36.910855425200474,3918,2046,51.5,0.433,69.99999999999973,66.71230089272335,20.013690267817186,Moderate Gap,#f57c00
27,17,-1.1438786561264822,36.91624666309141,3705,2239,59.6,0.519,69.99999999999973,53.20977631817372,15.962932895452258,Low Gap,#f9a825
27,18,-1.1438786561264822,36.92163790098235,3004,1950,53.4,0.471,57.57242632239081,47.24090296142008,20.043168909924365,Moderate Gap,#f57c00
27,19,-1.1438786561264822,36.92702913887329,3239,2318,61.4,0.469,69.99834990927054,51.40034538481466,15.420951767778504,Low Gap,#f9a825
27,20,-1.1438786561264822,36.93242037676422,3077,2288,63.5,0.504,100.0,45.336496140180145,0.0,Well Served,#1b5e20
27,21,-1.1438786561264822,36.93781161465516,3508,1755,63.7,0.608,69.998349909231,40.512740450729936,12.154490632209429,Low Gap,#f9a825
27,22,-1.1438786561264822,36.9432028525461,3204,1668,64.7,0.558,39.99669981846199,41.68082304707111,25.009869371069755,Moderate Gap,#f57c00
27,23,-1.1438786561264822,36.948594090437034,3602,1808,63.9,0.614,32.91500888666843,40.764664497702384,27.346971555663075,Moderate Gap,#f57c00
27,24,-1.1438786561264822,36.953985328327974,3269,1527,42.6,0.377,57.57242632239081,60.474874591882745,25.65802197391281,Moderate Gap,#f57c00
27,25,-1.1438786561264822,36.959376566218914,3724,1272,45.8,0.393,69.99999999999973,66.99256301103938,20.097768903311994,Moderate Gap,#f57c00
27,26,-1.1438786561264822,36.96476780410985,3914,1368,61.5,0.552,57.57242632241877,51.169456465964444,21.70995884251492,Moderate Gap,#f57c00
27,27,-1.1438786561264822,36.97015904200079,4546,970,39.9,0.37,32.91500888670379,84.33886236532459,56.57871832283312,High Gap,#c62828
27,28,-1.1438786561264822,36.97555027989173,3647,642,50.5,0.419,5.126973941412838,61.23722259757736,58.09760615255459,High Gap,#c62828
27,29,-1.1438786561264822,36.98094151778266,3833,1017,52.1,0.467,0.0,58.54164472010939,58.54164472010939,High Gap,#c62828
27,30,-1.1438786561264822,36.9863327556736,3447,960,66.4,0.614,0.0,36.938864421677174,36.938864421677174,Moderate Gap,#f57c00
27,31,-1.1438786561264822,36.99172399356454,3270,597,49.6,0.488,0.0,46.456957883168094,46.456957883168094,High Gap,#c62828
27,32,-1.1438786561264822,36.997115231455474,2352,738,57.7,0.513,0.0,30.69124060778184,30.69124060778184,Moderate Gap,#f57c00
27,33,-1.1438786561264822,37.002506469346415,2404,10,49.7,0.394,0.0,38.878686802311115,38.878686802311115,Moderate Gap,#f57c00
27,34,-1.1438786561264822,37.007897707237355,1936,322,58.6,0.464,0.0,26.71982594349773,26.71982594349773,Moderate Gap,#f57c00
27,35,-1.1438786561264822,37.01328894512829,1731,333,51.4,0.428,0.0,25.010078883028736,25.010078883028736,Moderate Gap,#f57c00
27,36,-1.1438786561264822,37.01868018301923,1416,346,32.4,0.3,0.0,24.653218913803798,24.653218913803798,Moderate Gap,#f57c00
27,37,-1.1438786561264822,37.02407142091017,691,75,29.8,0.35,0.0,9.678598426715809,9.678598426715809,Low Gap,#f9a825
27,38,-1.1438786561264822,37.0294626588011,200,219,27.6,0.269,0.0,1.5525198838264833,1.5525198838264833,Well Served,#1b5e20
27,39,-1.1438786561264822,37.03485389669204,219,318,35.2,0.307,0.0,1.6384019337848303,1.6384019337848303,Well Served,#1b5e20
28,0,-1.138488789076536,36.824595618945466,276,0,37.9,0.346,0.0,2.3700173019459294,2.3700173019459294,Well Served,#1b5e20
28,1,-1.138488789076536,36.829986856836406,200,173,39.3,0.346,0.0,1.168691634787137,1.168691634787137,Well Served,#1b5e20
28,2,-1.138488789076536,36.83537809472734,384,0,30.8,0.318,0.0,4.741094561644946,4.741094561644946,Well Served,#1b5e20
28,3,-1.138488789076536,36.84076933261828,619,314,40.5,0.381,0.0,8.214794929068022,8.214794929068022,Low Gap,#f9a825
28,4,-1.138488789076536,36.84616057050922,1603,460,41.3,0.402,0.0,24.41760128454748,24.41760128454748,Moderate Gap,#f57c00
28,5,-1.138488789076536,36.85155180840015,1440,647,46.5,0.446,0.0,20.270277248987504,20.270277248987504,Moderate Gap,#f57c00
28,6,-1.138488789076536,36.85694304629109,1596,575,54.9,0.484,0.0,21.259674163270446,21.259674163270446,Moderate Gap,#f57c00
28,7,-1.138488789076536,36.86233428418203,2312,211,42.0,0.402,0.0,37.60189219264862,37.60189219264862,Moderate Gap,#f57c00
28,8,-1.138488789076536,36.867725522072966,2377,1046,47.7,0.404,0.0,39.23120465358328,39.23120465358328,Moderate Gap,#f57c00
28,9,-1.138488789076536,36.87311675996391,2752,861,40.0,0.474,0.0,40.51292544984593,40.51292544984593,High Gap,#c62828
28,10,-1.138488789076536,36.87850799785485,3140,631,41.5,0.412,0.0,52.740639392206766,52.740639392206766,High Gap,#c62828
28,11,-1.138488789076536,36.88389923574578,2977,1059,29.3,0.302,0.0,60.25144967417009,60.25144967417009,Critical Gap,#880e4f
28,12,-1.138488789076536,36.88929047363672,3487,1197,45.5,0.39,0.0,62.195571749756255,62.195571749756255,Critical Gap,#880e4f
28,13,-1.138488789076536,36.89468171152766,3856,1672,60.4,0.515,15.144773135409107,54.8042625789996,46.504281342876205,High Gap,#c62828
28,14,-1.138488789076536,36.90007294941859,4413,1412,40.2,0.341,39.99658737833309,86.82688760521005,52.099095636305144,High Gap,#c62828
28,15,-1.138488789076536,36.90546418730953,3931,1761,70.5,0.706,69.99829368916654,33.291792047256365,9.988105675631262,Low Gap,#f9a825
28,16,-1.138488789076536,36.910855425200474,3433,1721,66.7,0.581,100.0,42.10856249445345,0.0,Well Served,#1b5e20
28,17,-1.138488789076536,36.91624666309141,3568,1611,52.6,0.444,69.9982936892061,59.03597597670722,17.711800130242544,Low Gap,#f9a825
28,18,-1.138488789076536,36.92163790098235,3654,1975,53.6,0.454,39.99658737837263,59.51633929422678,35.711834644002636,Moderate Gap,#f57c00
28,19,-1.138488789076536,36.92702913887329,3067,1961,59.4,0.56,57.57238656771809,39.53349883667419,16.77312006267979,Low Gap,#f9a825
28,20,-1.138488789076536,36.93242037676422,3874,1620,68.1,0.546,69.99999999999973,52.1423036081316,15.64269108243962,Low Gap,#f9a825
28,21,-1.138488789076536,36.93781161465516,3842,1937,71.4,0.607,57.57238656769014,44.41139088056484,18.842693242718166,Low Gap,#f9a825
28,22,-1.138488789076536,36.9432028525461,3870,1551,63.8,0.564,32.91490831603468,49.73116381078415,33.36219683796753,Moderate Gap,#f57c00
28,23,-1.138488789076536,36.948594090437034,3258,1823,53.3,0.471,39.99658737833309,50.72511069367265,30.436797472321683,Moderate Gap,#f57c00
28,24,-1.138488789076536,36.953985328327974,3913,1320,42.9,0.41,69.99829368916654,68.3391087535828,20.502898703690988,Moderate Gap,#f57c00
28,25,-1.138488789076536,36.959376566218914,4043,1514,63.6,0.544,100.0,53.87782421934945,0.0,Well Served,#1b5e20
28,26,-1.138488789076536,36.96476780410985,3968,1242,56.9,0.491,69.9982936892061,58.84635539007363,17.65491071873593,Low Gap,#f9a825
28,27,-1.138488789076536,36.97015904200079,3524,1211,56.4,0.486,39.99658737837263,52.18423271112784,31.312320477088278,Moderate Gap,#f57c00
28,28,-1.138488789076536,36.97555027989173,3387,1128,52.1,0.462,9.994881067539174,52.08715753035382,46.88110808373318,High Gap,#c62828
28,29,-1.138488789076536,36.98094151778266,3430,1006,45.3,0.4,0.0,58.54955576583944,58.54955576583944,High Gap,#c62828
28,30,-1.138488789076536,36.9863327556736,3152,45,46.5,0.46,0.0,47.26882505074214,47.26882505074214,High Gap,#c62828
28,31,-1.138488789076536,36.99172399356454,2933,719,36.7,0.323,0.0,55.10341110432477,55.10341110432477,High Gap,#c62828
28,32,-1.138488789076536,36.997115231455474,2675,448,36.9,0.401,0.0,43.38770068503633,43.38770068503633,High Gap,#c62828
28,33,-1.138488789076536,37.002506469346415,2190,327,47.7,0.418,0.0,33.543973368951534,33.543973368951534,Moderate Gap,#f57c00
28,34,-1.138488789076536,37.007897707237355,1762,627,49.8,0.431,0.0,25.61459903036532,25.61459903036532,Moderate Gap,#f57c00
28,35,-1.138488789076536,37.01328894512829,1964,1,40.3,0.383,0.0,30.74946125731775,30.74946125731775,Moderate Gap,#f57c00
28,36,-1.138488789076536,37.01868018301923,614,327,47.4,0.363,0.0,8.273310296390541,8.273310296390541,Low Gap,#f9a825
28,37,-1.138488789076536,37.02407142091017,808,71,40.2,0.352,0.0,11.567247268791093,11.567247268791093,Low Gap,#f9a825
28,38,-1.138488789076536,37.0294626588011,510,78,21.9,0.209,0.0,8.207233981886155,8.207233981886155,Low Gap,#f9a825
28,39,-1.138488789076536,37.03485389669204,200,348,32.0,0.377,0.0,0.9180912858118679,0.9180912858118679,Well Served,#1b5e20
29,0,-1.13309892202659,36.824595618945466,200,0,20.2,0.183,0.0,1.9206981960864737,1.9206981960864737,Well Served,#1b5e20
29,1,-1.13309892202659,36.829986856836406,200,0,36.5,0.355,0.0,1.1016457366146415,1.1016457366146415,Well Served,#1b5e20
29,2,-1.13309892202659,36.83537809472734,200,155,26.0,0.347,0.0,1.2148809705733599,1.2148809705733599,Well Served,#1b5e20
29,3,-1.13309892202659,36.84076933261828,309,343,32.4,0.345,0.0,3.241819666622483,3.241819666622483,Well Served,#1b5e20
29,4,-1.13309892202659,36.84616057050922,332,374,49.7,0.503,0.0,2.288432063027045,2.288432063027045,Well Served,#1b5e20
29,5,-1.13309892202659,36.85155180840015,1037,284,40.7,0.312,0.0,17.751158761684614,17.751158761684614,Low Gap,#f9a825
29,6,-1.13309892202659,36.85694304629109,1687,603,33.1,0.286,0.0,32.042512315764796,32.042512315764796,Moderate Gap,#f57c00
29,7,-1.13309892202659,36.86233428418203,2046,858,46.6,0.468,0.0,29.136246981529467,29.136246981529467,Moderate Gap,#f57c00
29,8,-1.13309892202659,36.867725522072966,1997,803,39.8,0.361,0.0,34.92305233172309,34.92305233172309,Moderate Gap,#f57c00
29,9,-1.13309892202659,36.87311675996391,1894,951,51.6,0.464,0.0,27.612819759774577,27.612819759774577,Moderate Gap,#f57c00
29,10,-1.13309892202659,36.87850799785485,3180,1142,50.2,0.503,0.0,44.71169506224433,44.71169506224433,High Gap,#c62828
29,11,-1.13309892202659,36.88389923574578,2836,1477,43.9,0.357,0.0,52.43987938138689,52.43987938138689,High Gap,#c62828
29,12,-1.13309892202659,36.88929047363672,3209,1320,41.9,0.421,5.126654684993537,53.80303386911216,51.04473811259267,High Gap,#c62828
29,13,-1.13309892202659,36.89468171152766,3823,1766,53.7,0.458,32.914808220337136,60.6782123791301,40.70609514301056,High Gap,#c62828
29,14,-1.13309892202659,36.90007294941859,4210,1475,54.4,0.43,57.57234700069211,70.87775825834846,30.071769327540373,Moderate Gap,#f57c00
29,15,-1.13309892202659,36.90546418730953,4347,1753,56.5,0.464,70.00000000000097,69.03184083543526,20.709552250629915,Moderate Gap,#f57c00
29,16,-1.13309892202659,36.910855425200474,4221,1457,56.0,0.529,69.99999999999973,58.65332446630889,17.595997339892826,Low Gap,#f9a825
29,17,-1.13309892202659,36.91624666309141,3890,1580,60.7,0.504,57.572347000719205,56.963159610328184,24.168131696896513,Moderate Gap,#f57c00
29,18,-1.13309892202659,36.92163790098235,4180,1412,62.7,0.581,39.996475469234284,51.51982845612951,30.913712905882086,Moderate Gap,#f57c00
29,19,-1.13309892202659,36.92702913887329,4118,1558,66.4,0.541,69.99823773463692,55.80933292246901,16.743783385284164,Low Gap,#f9a825
29,20,-1.13309892202659,36.93242037676422,3955,1357,52.8,0.494,100.0,59.147029367209456,0.0,Well Served,#1b5e20
29,21,-1.13309892202659,36.93781161465516,4288,1353,69.1,0.643,69.99823773459737,44.64076771666555,13.393017003804605,Low Gap,#f9a825
29,22,-1.13309892202659,36.9432028525461,3572,1307,55.6,0.51,39.99647546919475,51.230806562154854,30.740289582851975,Moderate Gap,#f57c00
29,23,-1.13309892202659,36.948594090437034,3425,1230,54.5,0.483,32.91480822030177,51.66908759916266,34.662306506718544,Moderate Gap,#f57c00
29,24,-1.13309892202659,36.953985328327974,3889,998,61.0,0.525,57.57234700069211,53.73173033131333,22.797112095493485,Moderate Gap,#f57c00
29,25,-1.13309892202659,36.959376566218914,3984,1189,51.8,0.447,70.00000000000097,64.25341073541719,19.27602322062454,Low Gap,#f9a825
29,26,-1.13309892202659,36.96476780410985,4058,830,57.2,0.481,57.57234700072007,60.881790780222566,25.83071493198043,Moderate Gap,#f57c00
29,27,-1.13309892202659,36.97015904200079,3561,934,50.8,0.435,32.914808220337136,57.68632977860455,38.69898496262563,Moderate Gap,#f57c00
29,28,-1.13309892202659,36.97555027989173,3581,945,59.5,0.481,5.126654684993537,52.68108273987043,49.98030554348154,High Gap,#c62828
29,29,-1.13309892202659,36.98094151778266,3046,452,41.6,0.399,0.0,51.226092777632445,51.226092777632445,High Gap,#c62828
29,30,-1.13309892202659,36.9863327556736,2264,930,53.1,0.533,0.0,28.377299291645812,28.377299291645812,Moderate Gap,#f57c00
29,31,-1.13309892202659,36.99172399356454,2931,213,38.1,0.327,0.0,54.01463848709902,54.01463848709902,High Gap,#c62828
29,32,-1.13309892202659,36.997115231455474,1639,343,52.7,0.449,0.0,23.204421866097277,23.204421866097277,Moderate Gap,#f57c00
29,33,-1.13309892202659,37.002506469346415,1853,179,37.9,0.422,0.0,27.514275241867388,27.514275241867388,Moderate Gap,#f57c00
29,34,-1.13309892202659,37.007897707237355,1638,236,48.4,0.454,0.0,22.29901892697434,22.29901892697434,Moderate Gap,#f57c00
29,35,-1.13309892202659,37.01328894512829,1274,152,23.8,0.23,0.0,24.299125315619495,24.299125315619495,Moderate Gap,#f57c00
29,36,-1.13309892202659,37.01868018301923,859,740,43.5,0.35,0.0,12.77714072372946,12.77714072372946,Low Gap,#f9a825
29,37,-1.13309892202659,37.02407142091017,508,162,36.1,0.352,0.0,6.37910891491967,6.37910891491967,Low Gap,#f9a825
29,38,-1.13309892202659,37.0294626588011,403,248,31.0,0.289,0.0,5.145139792747178,5.145139792747178,Low Gap,#f9a825
29,39,-1.13309892202659,37.03485389669204,200,167,29.3,0.216,0.0,1.695920034190988,1.695920034190988,Well Served,#1b5e20
30,0,-1.127709054976644,36.824595618945466,200,370,26.5,0.257,0.0,1.567720777519076,1.567720777519076,Well Served,#1b5e20
30,1,-1.127709054976644,36.829986856836406,453,325,49.9,0.487,0.0,3.842771767129653,3.842771767129653,Well Served,#1b5e20
30,2,-1.127709054976644,36.83537809472734,200,229,31.5,0.377,0.0,1.04810053258501,1.04810053258501,Well Served,#1b5e20
30,3,-1.127709054976644,36.84076933261828,236,351,34.7,0.246,0.0,2.5554392781622433,2.5554392781622433,Well Served,#1b5e20
30,4,-1.127709054976644,36.84616057050922,519,129,32.8,0.317,0.0,7.476403935062553,7.476403935062553,Low Gap,#f9a825
30,5,-1.127709054976644,36.85155180840015,796,902,36.8,0.453,0.0,9.959483489155676,9.959483489155676,Low Gap,#f9a825
30,6,-1.127709054976644,36.85694304629109,1202,516,42.9,0.475,0.0,15.61218237168697,15.61218237168697,Low Gap,#f9a825
30,7,-1.127709054976644,36.86233428418203,1741,853,30.1,0.317,0.0,31.896522210199084,31.896522210199084,Moderate Gap,#f57c00
30,8,-1.127709054976644,36.867725522072966,1864,960,39.4,0.292,0.0,36.05936202258373,36.05936202258373,Moderate Gap,#f57c00
30,9,-1.127709054976644,36.87311675996391,1869,874,38.2,0.293,0.0,36.44028738742586,36.44028738742586,Moderate Gap,#f57c00
30,10,-1.127709054976644,36.87850799785485,2460,1072,46.0,0.37,0.0,43.569003832311495,43.569003832311495,High Gap,#c62828
30,11,-1.127709054976644,36.88389923574578,2158,1445,50.1,0.376,0.0,37.93046928442031,37.93046928442031,Moderate Gap,#f57c00
30,12,-1.127709054976644,36.88929047363672,3120,1422,53.8,0.447,15.144615242817949,49.55569323536847,42.05067416396076,High Gap,#c62828
30,13,-1.127709054976644,36.89468171152766,3869,1226,54.9,0.437,39.996364091087464,63.42837335762106,38.05933021245262,Moderate Gap,#f57c00
30,14,-1.127709054976644,36.90007294941859,3632,1611,54.0,0.519,69.99818204552398,50.684723609439786,15.206338508033456,Low Gap,#f9a825
30,15,-1.127709054976644,36.90546418730953,3908,1301,56.1,0.468,100.0,60.860556023547964,0.0,Well Served,#1b5e20
30,16,-1.127709054976644,36.910855425200474,3401,1493,60.7,0.588,69.99818204552398,40.37791268190235,12.114107856641633,Low Gap,#f9a825
30,17,-1.127709054976644,36.91624666309141,3973,1047,49.3,0.357,39.996364091087464,75.48490724466585,45.29368890926963,High Gap,#c62828
30,18,-1.127709054976644,36.92163790098235,4675,1340,53.0,0.544,32.91470859950536,62.71131975206854,42.070071596771136,High Gap,#c62828
30,19,-1.127709054976644,36.92702913887329,4329,789,59.7,0.484,57.572307621423825,65.68818693821001,27.8699818832078,Moderate Gap,#f57c00
30,20,-1.127709054976644,36.93242037676422,3691,1522,51.2,0.386,70.00000000000097,66.7775064010218,20.033251920305897,Moderate Gap,#f57c00
30,21,-1.127709054976644,36.93781161465516,4198,1328,50.1,0.467,57.572307621395865,65.75777803515352,27.899507779760253,Moderate Gap,#f57c00
30,22,-1.127709054976644,36.9432028525461,4610,1101,52.6,0.48,32.914708599469996,70.36246077361344,47.20286184656219,High Gap,#c62828
30,23,-1.127709054976644,36.948594090437034,3957,1043,51.9,0.444,39.99636409104793,64.14688531827588,38.49046351331129,Moderate Gap,#f57c00
30,24,-1.127709054976644,36.953985328327974,3978,998,47.9,0.455,69.99818204552398,62.896423807313326,18.870070570545867,Low Gap,#f9a825
30,25,-1.127709054976644,36.959376566218914,3642,1001,41.8,0.385,100.0,64.72931273548828,0.0,Well Served,#1b5e20
30,26,-1.127709054976644,36.96476780410985,3616,964,41.8,0.35,69.99818204556351,67.6337274098685,20.291347773308562,Moderate Gap,#f57c00
30,27,-1.127709054976644,36.97015904200079,3314,927,31.8,0.279,39.996364091087464,68.29806866972875,40.9813244574031,High Gap,#c62828
30,28,-1.127709054976644,36.97555027989173,2969,499,38.9,0.352,9.994546136611437,53.95482833280777,48.5622881221558,High Gap,#c62828
30,29,-1.127709054976644,36.98094151778266,2439,706,48.0,0.372,0.0,42.11107048988919,42.11107048988919,High Gap,#c62828
30,30,-1.127709054976644,36.9863327556736,2331,295,45.4,0.475,0.0,32.730912731936705,32.730912731936705,Moderate Gap,#f57c00
30,31,-1.127709054976644,36.99172399356454,2352,35,28.7,0.288,0.0,44.991874915987324,44.991874915987324,High Gap,#c62828
30,32,-1.127709054976644,36.997115231455474,2029,275,45.8,0.45,0.0,28.905394254941864,28.905394254941864,Moderate Gap,#f57c00
30,33,-1.127709054976644,37.002506469346415,1353,0,31.7,0.337,0.0,22.394884528678862,22.394884528678862,Moderate Gap,#f57c00
30,34,-1.127709054976644,37.007897707237355,1414,79,44.8,0.433,0.0,19.514126008414024,19.514126008414024,Low Gap,#f9a825
30,35,-1.127709054976644,37.01328894512829,1178,624,55.4,0.499,0.0,13.683508175476636,13.683508175476636,Low Gap,#f9a825
30,36,-1.127709054976644,37.01868018301923,200,95,44.9,0.417,0.0,0.8029365019803019,0.8029365019803019,Well Served,#1b5e20
30,37,-1.127709054976644,37.02407142091017,468,425,36.6,0.356,0.0,5.6303342458376795,5.6303342458376795,Low Gap,#f9a825
30,38,-1.127709054976644,37.0294626588011,608,0,35.6,0.388,0.0,7.243466240082648,7.243466240082648,Low Gap,#f9a825
30,39,-1.127709054976644,37.03485389669204,200,0,29.7,0.284,0.0,1.3074079088241009,1.3074079088241009,Well Served,#1b5e20
31,0,-1.1223191879266978,36.824595618945466,200,148,32.6,0.274,0.0,1.443184218577346,1.443184218577346,Well Served,#1b5e20
31,1,-1.1223191879266978,36.829986856836406,200,78,30.9,0.246,0.0,1.6549436598228162,1.6549436598228162,Well Served,#1b5e20
31,2,-1.1223191879266978,36.83537809472734,200,69,25.6,0.295,0.0,1.4599361316383777,1.4599361316383777,Well Served,#1b5e20
31,3,-1.1223191879266978,36.84076933261828,200,201,29.5,0.27,0.0,1.6625931747302547,1.6625931747302547,Well Served,#1b5e20
31,4,-1.1223191879266978,36.84616057050922,207,343,22.2,0.221,0.0,2.1451911181300165,2.1451911181300165,Well Served,#1b5e20
31,5,-1.1223191879266978,36.85155180840015,528,462,45.6,0.41,0.0,6.3984824226590815,6.3984824226590815,Low Gap,#f9a825
31,6,-1.1223191879266978,36.85694304629109,1306,384,40.2,0.297,0.0,23.589568512482813,23.589568512482813,Moderate Gap,#f57c00
31,7,-1.1223191879266978,36.86233428418203,1813,697,46.1,0.455,0.0,25.93819429273305,25.93819429273305,Moderate Gap,#f57c00
31,8,-1.1223191879266978,36.867725522072966,1545,876,31.5,0.261,0.0,30.698512124670017,30.698512124670017,Moderate Gap,#f57c00
31,9,-1.1223191879266978,36.87311675996391,1756,950,45.8,0.427,0.0,27.067362603266048,27.067362603266048,Moderate Gap,#f57c00
31,10,-1.1223191879266978,36.87850799785485,2325,1171,47.7,0.41,0.0,38.11328691633006,38.11328691633006,Moderate Gap,#f57c00
31,11,-1.1223191879266978,36.88389923574578,2859,1509,48.7,0.429,5.12633845092979,46.22773585936451,43.85794566101165,High Gap,#c62828
31,12,-1.1223191879266978,36.88929047363672,2491,1766,47.4,0.406,32.91460945357615,41.985655057437576,28.166240668756355,Moderate Gap,#f57c00
31,13,-1.1223191879266978,36.89468171152766,2570,1375,43.1,0.349,57.57226842983023,47.91575764731309,20.329569034415094,Moderate Gap,#f57c00
31,14,-1.1223191879266978,36.90007294941859,3114,1403,65.6,0.571,69.99999999999973,37.93060176998666,11.3791805309961,Low Gap,#f9a825
31,15,-1.1223191879266978,36.90546418730953,3219,1241,50.2,0.433,69.99999999999973,52.750150018858754,15.825045005657769,Low Gap,#f9a825
31,16,-1.1223191879266978,36.910855425200474,4095,1181,59.8,0.47,57.57226842980228,63.248311297219054,26.834823739867144,Moderate Gap,#f57c00
31,17,-1.1223191879266978,36.91624666309141,3830,1100,53.8,0.548,32.91460945357615,50.032261313019774,33.56433790104664,Moderate Gap,#f57c00
31,18,-1.1223191879266978,36.92163790098235,4246,1427,55.6,0.537,39.99625324393319,57.21481299226987,34.331031494838825,Moderate Gap,#f57c00
31,19,-1.1223191879266978,36.92702913887329,3745,1338,74.2,0.677,69.99812662198637,34.29388588053078,10.28880821827734,Low Gap,#f9a825
31,20,-1.1223191879266978,36.93242037676422,3649,792,38.6,0.391,100.0,64.70926734773829,0.0,Well Served,#1b5e20
31,21,-1.1223191879266978,36.93781161465516,3762,1220,63.3,0.598,69.99812662194682,43.289654375085206,12.987707291409922,Low Gap,#f9a825
31,22,-1.1223191879266978,36.9432028525461,3414,811,46.0,0.461,39.99625324389364,52.925305636844286,31.757166364227327,Moderate Gap,#f57c00
31,23,-1.1223191879266978,36.948594090437034,3399,702,60.2,0.542,32.91460945354076,44.22797552664841,29.670510112844493,Moderate Gap,#f57c00
31,24,-1.1223191879266978,36.953985328327974,3828,495,50.1,0.394,57.57226842980228,66.66090120308719,28.28270822472054,Moderate Gap,#f57c00
31,25,-1.1223191879266978,36.959376566218914,3969,579,61.5,0.516,69.99999999999973,54.52376499528601,16.35712949858595,Low Gap,#f9a825
31,26,-1.1223191879266978,36.96476780410985,3126,529,41.8,0.382,57.57226842983023,54.49092233364128,23.11926225782701,Moderate Gap,#f57c00
31,27,-1.1223191879266978,36.97015904200079,3035,804,44.5,0.388,32.91460945357615,52.00410064064026,34.887154014928825,Moderate Gap,#f57c00
31,28,-1.1223191879266978,36.97555027989173,2721,552,52.8,0.546,5.12633845092979,33.46039821945483,31.74510495969669,Moderate Gap,#f57c00
31,29,-1.1223191879266978,36.98094151778266,2231,311,52.3,0.473,0.0,31.360036134388015,31.360036134388015,Moderate Gap,#f57c00
31,30,-1.1223191879266978,36.9863327556736,2861,495,23.9,0.349,0.0,50.5658461575044,50.5658461575044,High Gap,#c62828
31,31,-1.1223191879266978,36.99172399356454,2027,655,41.8,0.387,0.0,32.666205643302796,32.666205643302796,Moderate Gap,#f57c00
31,32,-1.1223191879266978,36.997115231455474,1686,321,40.6,0.395,0.0,25.990699051606427,25.990699051606427,Moderate Gap,#f57c00
31,33,-1.1223191879266978,37.002506469346415,1474,592,40.5,0.395,0.0,22.213624220476593,22.213624220476593,Moderate Gap,#f57c00
31,34,-1.1223191879266978,37.007897707237355,1151,316,37.6,0.34,0.0,18.254963098186717,18.254963098186717,Low Gap,#f9a825
31,35,-1.1223191879266978,37.01328894512829,1054,38,39.4,0.446,0.0,13.231548222561948,13.231548222561948,Low Gap,#f9a825
31,36,-1.1223191879266978,37.01868018301923,388,471,42.9,0.324,0.0,4.644318948465976,4.644318948465976,Well Served,#1b5e20
31,37,-1.1223191879266978,37.02407142091017,200,0,29.0,0.308,0.0,1.288990747566599,1.288990747566599,Well Served,#1b5e20
31,38,-1.1223191879266978,37.0294626588011,200,378,44.7,0.416,0.0,0.7110166279724525,0.7110166279724525,Well Served,#1b5e20
31,39,-1.1223191879266978,37.03485389669204,200,592,26.5,0.303,0.0,1.2532331109733632,1.2532331109733632,Well Served,#1b5e20
32,0,-1.1169293208767517,36.824595618945466,200,0,35.7,0.332,0.0,1.1161684941714947,1.1161684941714947,Well Served,#1b5e20
32,1,-1.1169293208767517,36.829986856836406,200,0,30.4,0.335,0.0,1.1661421593146732,1.1661421593146732,Well Served,#1b5e20
32,2,-1.1169293208767517,36.83537809472734,203,235,33.2,0.347,0.0,1.2286308022233885,1.2286308022233885,Well Served,#1b5e20
32,3,-1.1169293208767517,36.84076933261828,200,358,18.3,0.227,0.0,1.8849727959810392,1.8849727959810392,Well Served,#1b5e20
32,4,-1.1169293208767517,36.84616057050922,200,483,40.1,0.278,0.0,1.6704279912257183,1.6704279912257183,Well Served,#1b5e20
32,5,-1.1169293208767517,36.85155180840015,552,475,35.1,0.335,0.0,7.894120643886746,7.894120643886746,Low Gap,#f9a825
32,6,-1.1169293208767517,36.85694304629109,757,478,37.7,0.284,0.0,12.913788028019097,12.913788028019097,Low Gap,#f9a825
32,7,-1.1169293208767517,36.86233428418203,1134,640,30.2,0.315,0.0,19.76227788329471,19.76227788329471,Low Gap,#f9a825
32,8,-1.1169293208767517,36.867725522072966,1546,619,37.8,0.307,0.0,28.431252814283702,28.431252814283702,Moderate Gap,#f57c00
32,9,-1.1169293208767517,36.87311675996391,1334,1035,55.3,0.492,0.0,17.37870295807957,17.37870295807957,Low Gap,#f9a825
32,10,-1.1169293208767517,36.87850799785485,1706,1594,41.8,0.339,0.0,30.80591292045104,30.80591292045104,Moderate Gap,#f57c00
32,11,-1.1169293208767517,36.88389923574578,2513,1517,43.9,0.365,15.14445885182878,44.84756686265762,38.05564555309604,Moderate Gap,#f57c00
32,12,-1.1169293208767517,36.88929047363672,2547,1892,51.8,0.48,39.996142927772404,37.11654095536954,22.271356185014756,Moderate Gap,#f57c00
32,13,-1.1169293208767517,36.89468171152766,2432,1814,51.5,0.437,69.99807146390597,38.59959617365901,11.58062325924206,Low Gap,#f9a825
32,14,-1.1169293208767517,36.90007294941859,2324,1683,30.5,0.291,100.0,47.017185540299415,0.0,Well Served,#1b5e20
32,15,-1.1169293208767517,36.90546418730953,3080,1364,41.1,0.438,69.99807146386642,49.52597711777055,14.858748261695386,Low Gap,#f9a825
32,16,-1.1169293208767517,36.910855425200474,3278,1010,52.1,0.448,39.99614292773287,51.886984473748065,31.134192002737226,Moderate Gap,#f57c00
32,17,-1.1169293208767517,36.91624666309141,3525,1571,50.9,0.453,15.144458851855857,55.608961871937964,47.18728552329811,High Gap,#c62828
32,18,-1.1169293208767517,36.92163790098235,3886,1019,37.4,0.375,32.91451078255198,70.48106403644299,47.28256661451059,High Gap,#c62828
32,19,-1.1169293208767517,36.92702913887329,3473,1266,61.0,0.51,57.57222942594191,48.694950869186556,20.660182035928777,Moderate Gap,#f57c00
32,20,-1.1169293208767517,36.93242037676422,3759,695,43.8,0.421,69.99999999999973,62.68078480340083,18.80423544102042,Low Gap,#f9a825
32,21,-1.1169293208767517,36.93781161465516,3319,1069,45.3,0.321,57.57222942591396,64.95415926439443,27.558601671023727,Moderate Gap,#f57c00
32,22,-1.1169293208767517,36.9432028525461,3132,901,35.3,0.291,32.91451078251663,63.7351899940293,42.75706401118706,High Gap,#c62828
32,23,-1.1169293208767517,36.948594090437034,3093,705,45.4,0.475,39.99614292773287,45.7524150418193,27.4532137288037,Moderate Gap,#f57c00
32,24,-1.1169293208767517,36.953985328327974,3076,1150,39.5,0.298,69.99807146386642,61.44566552268985,18.434884658669073,Low Gap,#f9a825
32,25,-1.1169293208767517,36.959376566218914,3191,465,38.5,0.398,100.0,53.90294758014459,0.0,Well Served,#1b5e20
32,26,-1.1169293208767517,36.96476780410985,3051,735,47.9,0.414,69.99807146390597,49.74922143829142,14.92572586317936,Low Gap,#f9a825
32,27,-1.1169293208767517,36.97015904200079,2886,513,54.0,0.56,39.996142927772404,34.356326295272396,20.615120925483396,Moderate Gap,#f57c00
32,28,-1.1169293208767517,36.97555027989173,2448,308,49.8,0.413,9.994214391638845,38.75932574418522,34.88563563255768,Moderate Gap,#f57c00
32,29,-1.1169293208767517,36.98094151778266,2093,287,38.5,0.387,0.0,34.02921820392555,34.02921820392555,Moderate Gap,#f57c00
32,30,-1.1169293208767517,36.9863327556736,1550,426,34.2,0.354,0.0,25.828404948925343,25.828404948925343,Moderate Gap,#f57c00
32,31,-1.1169293208767517,36.99172399356454,1696,829,45.9,0.42,0.0,25.177290638538448,25.177290638538448,Moderate Gap,#f57c00
32,32,-1.1169293208767517,36.997115231455474,705,341,42.2,0.422,0.0,8.906870011130351,8.906870011130351,Low Gap,#f9a825
32,33,-1.1169293208767517,37.002506469346415,1236,224,52.6,0.447,0.0,16.234443139710056,16.234443139710056,Low Gap,#f9a825
32,34,-1.1169293208767517,37.007897707237355,714,0,35.0,0.326,0.0,10.533666713285589,10.533666713285589,Low Gap,#f9a825
32,35,-1.1169293208767517,37.01328894512829,200,142,40.2,0.369,0.0,1.0371316760988993,1.0371316760988993,Well Served,#1b5e20
32,36,-1.1169293208767517,37.01868018301923,200,28,56.9,0.51,0.0,0.25645219563755456,0.25645219563755456,Well Served,#1b5e20
32,37,-1.1169293208767517,37.02407142091017,200,438,31.8,0.25,0.0,1.5935057438455955,1.5935057438455955,Well Served,#1b5e20
32,38,-1.1169293208767517,37.0294626588011,200,79,26.4,0.246,0.0,1.517230322241037,1.517230322241037,Well Served,#1b5e20
32,39,-1.1169293208767517,37.03485389669204,200,0,33.2,0.25,0.0,1.4145657785186971,1.4145657785186971,Well Served,#1b5e20
33,0,-1.1115394538268055,36.824595618945466,200,495,20.4,0.188,0.0,1.8913823960663285,1.8913823960663285,Well Served,#1b5e20
33,1,-1.1115394538268055,36.829986856836406,200,75,25.1,0.254,0.0,1.5756139756447387,1.5756139756447387,Well Served,#1b5e20
33,2,-1.1115394538268055,36.83537809472734,728,158,19.9,0.184,0.0,13.358176092003731,13.358176092003731,Low Gap,#f9a825
33,3,-1.1115394538268055,36.84076933261828,365,0,27.0,0.303,0.0,4.498060594380778,4.498060594380778,Well Served,#1b5e20
33,4,-1.1115394538268055,36.84616057050922,266,603,32.9,0.233,0.0,3.2811776642815267,3.2811776642815267,Well Served,#1b5e20
33,5,-1.1115394538268055,36.85155180840015,200,315,31.2,0.282,0.0,1.6638638028204322,1.6638638028204322,Well Served,#1b5e20
33,6,-1.1115394538268055,36.85694304629109,517,603,25.3,0.306,0.0,7.7266361757678315,7.7266361757678315,Low Gap,#f9a825
33,7,-1.1115394538268055,36.86233428418203,500,694,40.2,0.375,0.0,6.53186651778745,6.53186651778745,Low Gap,#f9a825
33,8,-1.1115394538268055,36.867725522072966,967,774,45.1,0.443,0.0,13.06994156801499,13.06994156801499,Low Gap,#f9a825
33,9,-1.1115394538268055,36.87311675996391,960,1132,46.1,0.37,0.0,15.155271575303356,15.155271575303356,Low Gap,#f9a825
33,10,-1.1115394538268055,36.87850799785485,1559,990,36.3,0.38,5.12602523923773,25.775257006377828,24.45401082675251,Moderate Gap,#f57c00
33,11,-1.1115394538268055,36.88389923574578,1591,1255,38.2,0.318,32.91441258639891,29.473630491950907,19.77255814763951,Low Gap,#f9a825
33,12,-1.1115394538268055,36.88929047363672,2197,1521,38.9,0.35,57.572190609731756,39.801604168695164,16.886948750963043,Low Gap,#f9a825
33,13,-1.1115394538268055,36.89468171152766,2311,1415,52.3,0.509,70.00000000000097,31.271274856033425,9.381382456809726,Low Gap,#f9a825
33,14,-1.1115394538268055,36.90007294941859,2822,1479,43.6,0.428,69.99999999999973,45.56323713552597,13.668971140657915,Low Gap,#f9a825
33,15,-1.1115394538268055,36.90546418730953,2621,629,53.5,0.404,57.57219060973087,43.90815186824172,18.62926698144749,Low Gap,#f9a825
33,16,-1.1115394538268055,36.910855425200474,2443,1577,41.7,0.332,32.91441258639837,46.241904992599416,31.021653595524892,Moderate Gap,#f57c00
33,17,-1.1115394538268055,36.91624666309141,2826,1141,49.5,0.469,9.994049713889396,42.27872038215148,38.053364048762965,Moderate Gap,#f57c00
33,18,-1.1115394538268055,36.92163790098235,3089,792,50.0,0.443,39.996033142606116,48.68828076431811,29.21489985325632,Moderate Gap,#f57c00
33,19,-1.1115394538268055,36.92702913887329,3267,462,35.8,0.418,69.99801657132284,53.887852044620686,16.167424440497165,Low Gap,#f9a825
33,20,-1.1115394538268055,36.93242037676422,3287,566,49.3,0.417,100.0,54.27423479051203,0.0,Well Served,#1b5e20
33,21,-1.1115394538268055,36.93781161465516,2728,728,52.2,0.427,69.99801657128329,43.798177762232946,13.140322034305019,Low Gap,#f9a825
33,22,-1.1115394538268055,36.9432028525461,3074,1060,50.5,0.445,39.99603314256657,47.94048261059401,28.766191296954467,Moderate Gap,#f57c00
33,23,-1.1115394538268055,36.948594090437034,2535,211,47.1,0.428,32.91441258639891,40.02959851685016,26.85409130433508,Moderate Gap,#f57c00
33,24,-1.1115394538268055,36.953985328327974,2095,604,44.4,0.399,57.572190609731756,34.348975393809006,14.573517807595426,Low Gap,#f9a825
33,25,-1.1115394538268055,36.959376566218914,2520,376,42.7,0.392,70.00000000000097,41.9875512954914,12.596265388647016,Low Gap,#f9a825
33,26,-1.1115394538268055,36.96476780410985,2267,786,54.9,0.516,57.57219060975971,29.300951219178355,12.431751732800281,Low Gap,#f9a825
33,27,-1.1115394538268055,36.97015904200079,2368,491,52.7,0.478,32.91441258643428,32.96424266675731,22.1142558294274,Moderate Gap,#f57c00
33,28,-1.1115394538268055,36.97555027989173,2296,373,44.7,0.396,5.12602523923773,36.90513823948567,35.013371538754065,Moderate Gap,#f57c00
33,29,-1.1115394538268055,36.98094151778266,1495,650,37.5,0.329,0.0,25.8862528932695,25.8862528932695,Moderate Gap,#f57c00
33,30,-1.1115394538268055,36.9863327556736,1836,412,59.0,0.492,0.0,23.609401834232465,23.609401834232465,Moderate Gap,#f57c00
33,31,-1.1115394538268055,36.99172399356454,1446,579,47.8,0.401,0.0,21.57190831735562,21.57190831735562,Moderate Gap,#f57c00
33,32,-1.1115394538268055,36.997115231455474,1104,364,53.0,0.471,0.0,13.587588795576258,13.587588795576258,Low Gap,#f9a825
33,33,-1.1115394538268055,37.002506469346415,756,495,27.1,0.277,0.0,12.427698145959122,12.427698145959122,Low Gap,#f9a825
33,34,-1.1115394538268055,37.007897707237355,656,258,46.3,0.429,0.0,7.630317240477469,7.630317240477469,Low Gap,#f9a825
33,35,-1.1115394538268055,37.01328894512829,200,287,34.4,0.296,0.0,1.3944963016879248,1.3944963016879248,Well Served,#1b5e20
33,36,-1.1115394538268055,37.01868018301923,200,85,27.4,0.25,0.0,1.5690320853121826,1.5690320853121826,Well Served,#1b5e20
33,37,-1.1115394538268055,37.02407142091017,200,409,29.4,0.233,0.0,1.6416343244440086,1.6416343244440086,Well Served,#1b5e20
33,38,-1.1115394538268055,37.0294626588011,200,126,34.9,0.391,0.0,0.7620480678100611,0.7620480678100611,Well Served,#1b5e20
33,39,-1.1115394538268055,37.03485389669204,200,345,26.5,0.252,0.0,1.4197417513514206,1.4197417513514206,Well Served,#1b5e20
34,0,-1.1061495867768596,36.824595618945466,200,523,30.6,0.288,0.0,1.3656668910427832,1.3656668910427832,Well Served,#1b5e20
34,1,-1.1061495867768596,36.829986856836406,200,52,20.9,0.29,0.0,1.3714918569584398,1.3714918569584398,Well Served,#1b5e20
34,2,-1.1061495867768596,36.83537809472734,200,288,29.1,0.281,0.0,1.4920642004689173,1.4920642004689173,Well Served,#1b5e20
34,3,-1.1061495867768596,36.84076933261828,200,62,37.6,0.317,0.0,1.3385954834483202,1.3385954834483202,Well Served,#1b5e20
34,4,-1.1061495867768596,36.84616057050922,200,584,31.9,0.265,0.0,1.6985965609479392,1.6985965609479392,Well Served,#1b5e20
34,5,-1.1061495867768596,36.85155180840015,200,0,25.7,0.364,0.0,1.1733349779496816,1.1733349779496816,Well Served,#1b5e20
34,6,-1.1061495867768596,36.85694304629109,200,321,26.5,0.268,0.0,1.7574942708987047,1.7574942708987047,Well Served,#1b5e20
34,7,-1.1061495867768596,36.86233428418203,379,659,36.8,0.396,0.0,4.123895791230102,4.123895791230102,Well Served,#1b5e20
34,8,-1.1061495867768596,36.867725522072966,642,596,24.0,0.261,0.0,11.117475093585044,11.117475093585044,Low Gap,#f9a825
34,9,-1.1061495867768596,36.87311675996391,1165,1198,36.1,0.399,0.0,17.752816958308173,17.752816958308173,Low Gap,#f9a825
34,10,-1.1061495867768596,36.87850799785485,901,639,27.1,0.227,15.144303962535787,17.714112019125736,15.031433050685248,Low Gap,#f9a825
34,11,-1.1061495867768596,36.88389923574578,721,875,45.0,0.46,39.99592388839572,8.983617773910849,5.390536846633076,Low Gap,#f9a825
34,12,-1.1061495867768596,36.88929047363672,1890,1330,36.0,0.334,69.99796194419787,34.45303229976756,10.336611861954061,Low Gap,#f9a825
34,13,-1.1061495867768596,36.89468171152766,1891,1656,22.1,0.225,100.0,40.717117109569486,0.0,Well Served,#1b5e20
34,14,-1.1061495867768596,36.90007294941859,2041,1075,39.8,0.362,69.9979619442374,35.872184684388166,10.762386500443577,Low Gap,#f9a825
34,15,-1.1061495867768596,36.90546418730953,2376,851,38.1,0.345,39.99592388843526,43.320320141096914,25.993957869237303,Moderate Gap,#f57c00
34,16,-1.1061495867768596,36.910855425200474,2203,1036,50.7,0.49,15.144303962508697,30.70902199828906,26.058354362954503,Moderate Gap,#f57c00
34,17,-1.1061495867768596,36.91624666309141,2316,1002,45.2,0.458,5.125869766785096,34.57823371787762,32.80579848984464,Moderate Gap,#f57c00
34,18,-1.1061495867768596,36.92163790098235,2935,697,54.6,0.463,32.91431486522332,43.875383507021944,29.43410163119648,Moderate Gap,#f57c00
34,19,-1.1061495867768596,36.92702913887329,2719,597,48.1,0.377,57.57215198128275,47.22855253089557,20.038058489248414,Moderate Gap,#f57c00
34,20,-1.1061495867768596,36.93242037676422,2822,673,34.0,0.311,70.00000000000097,54.47656442880739,16.342969328641693,Low Gap,#f9a825
34,21,-1.1061495867768596,36.93781161465516,2632,645,34.0,0.389,57.572151981254784,44.55969369108927,18.905719116873758,Low Gap,#f9a825
34,22,-1.1061495867768596,36.9432028525461,2731,859,54.0,0.482,32.914314865187954,38.852188542263285,26.06425687344627,Moderate Gap,#f57c00
34,23,-1.1061495867768596,36.948594090437034,2465,884,32.2,0.305,39.99592388839572,47.31604752346377,28.391557168982054,Moderate Gap,#f57c00
34,24,-1.1061495867768596,36.953985328327974,2207,175,48.6,0.474,69.99796194419787,30.987817632921242,9.296976838891593,Low Gap,#f9a825
34,25,-1.1061495867768596,36.959376566218914,1775,433,38.0,0.351,100.0,30.602441935187436,0.0,Well Served,#1b5e20
34,26,-1.1061495867768596,36.96476780410985,2116,432,44.4,0.434,69.9979619442374,31.68387877780016,9.505809368457292,Low Gap,#f9a825
34,27,-1.1061495867768596,36.97015904200079,1905,196,40.3,0.372,39.99592388843526,31.325159388811425,18.796372481731375,Low Gap,#f9a825
34,28,-1.1061495867768596,36.97555027989173,1883,821,39.8,0.389,9.99388583263312,29.981269401751547,26.98497556656633,Moderate Gap,#f57c00
34,29,-1.1061495867768596,36.98094151778266,1314,435,39.2,0.298,0.0,23.262640172943954,23.262640172943954,Moderate Gap,#f57c00
34,30,-1.1061495867768596,36.9863327556736,1275,319,50.3,0.482,0.0,15.796959352920261,15.796959352920261,Low Gap,#f9a825
34,31,-1.1061495867768596,36.99172399356454,1349,125,49.3,0.397,0.0,19.686471790591888,19.686471790591888,Low Gap,#f9a825
34,32,-1.1061495867768596,36.997115231455474,478,111,31.0,0.338,0.0,6.170926427264348,6.170926427264348,Low Gap,#f9a825
34,33,-1.1061495867768596,37.002506469346415,784,442,44.4,0.421,0.0,9.778137106524067,9.778137106524067,Low Gap,#f9a825
34,34,-1.1061495867768596,37.007897707237355,200,156,40.1,0.429,0.0,0.6946423096310936,0.6946423096310936,Well Served,#1b5e20
34,35,-1.1061495867768596,37.01328894512829,200,103,38.2,0.416,0.0,0.7163542800180467,0.7163542800180467,Well Served,#1b5e20
34,36,-1.1061495867768596,37.01868018301923,200,311,51.1,0.458,0.0,0.48117785749038106,0.48117785749038106,Well Served,#1b5e20
34,37,-1.1061495867768596,37.02407142091017,200,210,40.0,0.427,0.0,0.5998965638988304,0.5998965638988304,Well Served,#1b5e20
34,38,-1.1061495867768596,37.0294626588011,242,613,36.7,0.376,0.0,1.5196297687416007,1.5196297687416007,Well Served,#1b5e20
34,39,-1.1061495867768596,37.03485389669204,399,100,33.0,0.245,0.0,5.030808710037093,5.030808710037093,Low Gap,#f9a825
35,0,-1.1007597197269134,36.824595618945466,200,195,29.9,0.262,0.0,1.4333459835725129,1.4333459835725129,Well Served,#1b5e20
35,1,-1.1007597197269134,36.829986856836406,200,366,20.2,0.201,0.0,1.8333681052334454,1.8333681052334454,Well Served,#1b5e20
35,2,-1.1007597197269134,36.83537809472734,200,468,37.0,0.32,0.0,1.2788079808781798,1.2788079808781798,Well Served,#1b5e20
35,3,-1.1007597197269134,36.84076933261828,200,442,14.6,0.237,0.0,1.7622908662691739,1.7622908662691739,Well Served,#1b5e20
35,4,-1.1007597197269134,36.84616057050922,200,534,26.4,0.242,0.0,1.7909855086118558,1.7909855086118558,Well Served,#1b5e20
35,5,-1.1007597197269134,36.85155180840015,200,340,27.3,0.214,0.0,1.974535913955464,1.974535913955464,Well Served,#1b5e20
35,6,-1.1007597197269134,36.85694304629109,203,651,31.0,0.326,0.0,1.477292050489245,1.477292050489245,Well Served,#1b5e20
35,7,-1.1007597197269134,36.86233428418203,256,671,35.4,0.362,0.0,2.2512032915081392,2.2512032915081392,Well Served,#1b5e20
35,8,-1.1007597197269134,36.867725522072966,200,565,34.4,0.358,0.0,1.3066268966028824,1.3066268966028824,Well Served,#1b5e20
35,9,-1.1007597197269134,36.87311675996391,403,512,38.0,0.337,5.12571504993018,5.249985420096119,4.9808861272991125,Well Served,#1b5e20
35,10,-1.1007597197269134,36.87850799785485,1225,1153,33.7,0.298,32.914217618920496,22.26919555351867,14.939464067050569,Low Gap,#f9a825
35,11,-1.1007597197269134,36.88389923574578,1127,1047,33.4,0.329,57.57211354048392,19.416544703179778,8.2380295410263,Low Gap,#f9a825
35,12,-1.1007597197269134,36.88929047363672,1699,1134,54.3,0.557,69.99999999999973,19.43524783224118,5.830574349672407,Low Gap,#f9a825
35,13,-1.1007597197269134,36.89468171152766,1242,1013,45.5,0.416,69.99999999999973,18.70142721220504,5.610428163661562,Low Gap,#f9a825
35,14,-1.1007597197269134,36.90007294941859,2022,771,43.2,0.336,57.57211354051187,36.56602537172798,15.51419172746437,Low Gap,#f9a825
35,15,-1.1007597197269134,36.90546418730953,1606,815,37.8,0.323,32.914217618920496,29.23106499667607,19.609888651342015,Low Gap,#f9a825
35,16,-1.1007597197269134,36.910855425200474,1594,844,49.5,0.388,5.12571504993018,26.02235533758116,24.688523553696452,Moderate Gap,#f57c00
35,17,-1.1007597197269134,36.91624666309141,2527,1105,39.5,0.379,0.0,43.308362020747886,43.308362020747886,High Gap,#c62828
35,18,-1.1007597197269134,36.92163790098235,1633,559,42.0,0.407,15.144227080996675,25.71767320354076,21.822930373647914,Moderate Gap,#f57c00
35,19,-1.1007597197269134,36.92702913887329,1961,886,49.1,0.444,32.91702489141439,29.260367916083226,19.62872532582668,Low Gap,#f9a825
35,20,-1.1007597197269134,36.93242037676422,1487,592,45.6,0.42,40.00000000000069,22.58093013017147,13.548558078102726,Low Gap,#f9a825
35,21,-1.1007597197269134,36.93781161465516,2367,796,50.7,0.432,32.91702489139671,36.436544144643534,24.44271783898647,Moderate Gap,#f57c00
35,22,-1.1007597197269134,36.9432028525461,2322,491,42.5,0.38,15.144227080968708,38.9602388854887,33.06001183738242,Moderate Gap,#f57c00
35,23,-1.1007597197269134,36.948594090437034,1613,816,39.0,0.296,32.914217618885125,30.175160727167714,20.243242658579373,Moderate Gap,#f57c00
35,24,-1.1007597197269134,36.953985328327974,1666,347,51.1,0.45,57.57211354048392,23.670991110805527,10.043101232334715,Low Gap,#f9a825
35,25,-1.1007597197269134,36.959376566218914,1738,644,40.8,0.411,69.99999999999973,26.61641900796687,7.984925702390132,Low Gap,#f9a825
35,26,-1.1007597197269134,36.96476780410985,1621,443,48.5,0.453,57.57211354051187,22.537851151689363,9.5623338970472,Low Gap,#f9a825
35,27,-1.1007597197269134,36.97015904200079,1083,296,41.0,0.346,32.914217618920496,17.365232303823422,11.649601953311901,Low Gap,#f9a825
35,28,-1.1007597197269134,36.97555027989173,1186,521,37.0,0.367,5.12571504993018,18.43746511099139,17.492413186971678,Low Gap,#f9a825
35,29,-1.1007597197269134,36.98094151778266,618,99,41.9,0.443,0.0,7.079287142550974,7.079287142550974,Low Gap,#f9a825
35,30,-1.1007597197269134,36.9863327556736,906,209,40.0,0.363,0.0,13.263372045449689,13.263372045449689,Low Gap,#f9a825
35,31,-1.1007597197269134,36.99172399356454,950,0,36.6,0.333,0.0,14.536710899519695,14.536710899519695,Low Gap,#f9a825
35,32,-1.1007597197269134,36.997115231455474,713,477,37.8,0.367,0.0,9.682896446856205,9.682896446856205,Low Gap,#f9a825
35,33,-1.1007597197269134,37.002506469346415,200,199,38.1,0.4,0.0,0.846687361235746,0.846687361235746,Well Served,#1b5e20
35,34,-1.1007597197269134,37.007897707237355,200,0,25.2,0.185,0.0,1.8913138403817624,1.8913138403817624,Well Served,#1b5e20
35,35,-1.1007597197269134,37.01328894512829,251,0,43.7,0.377,0.0,1.6640374395745199,1.6640374395745199,Well Served,#1b5e20
35,36,-1.1007597197269134,37.01868018301923,200,34,17.4,0.194,0.0,1.736065040163522,1.736065040163522,Well Served,#1b5e20
35,37,-1.1007597197269134,37.02407142091017,200,0,33.8,0.333,0.0,0.996454863845356,0.996454863845356,Well Served,#1b5e20
35,38,-1.1007597197269134,37.0294626588011,200,414,15.2,0.233,0.0,1.5088814725493516,1.5088814725493516,Well Served,#1b5e20
35,39,-1.1007597197269134,37.03485389669204,552,231,31.8,0.387,0.0,5.880009445382034,5.880009445382034,Low Gap,#f9a825
36,0,-1.0953698526769673,36.824595618945466,200,55,10.0,0.171,0.0,1.8210533087411618,1.8210533087411618,Well Served,#1b5e20
36,1,-1.0953698526769673,36.829986856836406,200,197,19.0,0.199,0.0,1.7811990550509014,1.7811990550509014,Well Served,#1b5e20
36,2,-1.0953698526769673,36.83537809472734,200,110,21.5,0.247,0.0,1.5893838433154723,1.5893838433154723,Well Served,#1b5e20
36,3,-1.0953698526769673,36.84076933261828,200,0,26.1,0.374,0.0,0.9723355660595058,0.9723355660595058,Well Served,#1b5e20
36,4,-1.0953698526769673,36.84616057050922,200,241,33.6,0.318,0.0,1.3288121702395406,1.3288121702395406,Well Served,#1b5e20
36,5,-1.0953698526769673,36.85155180840015,200,207,34.1,0.362,0.0,1.1347328418215157,1.1347328418215157,Well Served,#1b5e20
36,6,-1.0953698526769673,36.85694304629109,200,516,22.6,0.215,0.0,1.9884684972434075,1.9884684972434075,Well Served,#1b5e20
36,7,-1.0953698526769673,36.86233428418203,200,529,43.0,0.331,0.0,1.389508602835941,1.389508602835941,Well Served,#1b5e20
36,8,-1.0953698526769673,36.867725522072966,551,473,31.9,0.368,0.0,7.350821558535155,7.350821558535155,Low Gap,#f9a825
36,9,-1.0953698526769673,36.87311675996391,1079,335,35.4,0.371,9.993560459605922,16.617476276569786,14.956798738010113,Low Gap,#f9a825
36,10,-1.0953698526769673,36.87850799785485,1076,643,26.0,0.193,39.9957069730838,22.140222136098238,13.285083767354552,Low Gap,#f9a825
36,11,-1.0953698526769673,36.88389923574578,827,413,24.1,0.256,69.99785348652212,15.088567774137656,4.526894210382188,Well Served,#1b5e20
36,12,-1.0953698526769673,36.88929047363672,929,723,27.0,0.219,100.0,18.356144407997345,0.0,Well Served,#1b5e20
36,13,-1.0953698526769673,36.89468171152766,1163,980,28.7,0.291,69.99785348652212,21.296620714832052,6.389443349283592,Low Gap,#f9a825
36,14,-1.0953698526769673,36.90007294941859,1210,697,39.6,0.328,39.9957069730838,20.96576796569525,12.580360845479104,Low Gap,#f9a825
36,15,-1.0953698526769673,36.90546418730953,1440,972,41.5,0.351,15.144150574871452,24.519395875737395,20.806141644266905,Moderate Gap,#f57c00
36,16,-1.0953698526769673,36.910855425200474,1444,846,45.6,0.419,0.0,21.77069578230724,21.77069578230724,Moderate Gap,#f57c00
36,17,-1.0953698526769673,36.91624666309141,1960,484,41.6,0.352,0.0,34.02475116215987,34.02475116215987,Moderate Gap,#f57c00
36,18,-1.0953698526769673,36.92163790098235,2496,438,38.9,0.361,0.0,43.20613631847749,43.20613631847749,High Gap,#c62828
36,19,-1.0953698526769673,36.92702913887329,1195,232,37.2,0.288,5.13099138594445,21.902173984535455,20.778375324054373,Moderate Gap,#f57c00
36,20,-1.0953698526769673,36.93242037676422,1790,436,28.0,0.206,10.000000000000409,38.096280802554986,34.28665272229933,Moderate Gap,#f57c00
36,21,-1.0953698526769673,36.93781161465516,2140,614,47.3,0.458,5.130991385931949,30.64378794806905,29.071457828130374,Moderate Gap,#f57c00
36,22,-1.0953698526769673,36.9432028525461,1533,489,45.0,0.429,0.0,22.45130124688466,22.45130124688466,Moderate Gap,#f57c00
36,23,-1.0953698526769673,36.948594090437034,1249,279,30.0,0.271,15.144150574843474,23.275488395418066,19.750613385785734,Low Gap,#f9a825
36,24,-1.0953698526769673,36.953985328327974,1632,376,52.8,0.479,32.917000697522035,21.468021587151362,14.401392771564566,Low Gap,#f9a825
36,25,-1.0953698526769673,36.959376566218914,1877,519,39.1,0.35,39.999999999999446,31.64617927460386,18.98770756476249,Low Gap,#f9a825
36,26,-1.0953698526769673,36.96476780410985,1247,305,49.8,0.494,32.91700069753972,15.104841772442498,10.13278090084533,Low Gap,#f9a825
36,27,-1.0953698526769673,36.97015904200079,893,282,39.6,0.361,15.144150574871452,13.322298038939195,11.304749163889097,Low Gap,#f9a825
36,28,-1.0953698526769673,36.97555027989173,1201,448,35.6,0.4,0.0,17.31866046672738,17.31866046672738,Low Gap,#f9a825
36,29,-1.0953698526769673,36.98094151778266,834,317,33.3,0.29,0.0,13.636506849302412,13.636506849302412,Low Gap,#f9a825
36,30,-1.0953698526769673,36.9863327556736,731,215,38.5,0.328,0.0,10.754406761460993,10.754406761460993,Low Gap,#f9a825
36,31,-1.0953698526769673,36.99172399356454,346,0,35.2,0.334,0.0,3.737303153950907,3.737303153950907,Well Served,#1b5e20
36,32,-1.0953698526769673,36.997115231455474,200,47,43.3,0.442,0.0,0.606470273378574,0.606470273378574,Well Served,#1b5e20
36,33,-1.0953698526769673,37.002506469346415,200,93,31.8,0.315,0.0,1.2304614784130046,1.2304614784130046,Well Served,#1b5e20
36,34,-1.0953698526769673,37.007897707237355,200,89,34.0,0.333,0.0,1.0928600852662123,1.0928600852662123,Well Served,#1b5e20
36,35,-1.0953698526769673,37.01328894512829,684,116,47.3,0.407,0.0,7.861985011583764,7.861985011583764,Low Gap,#f9a825
36,36,-1.0953698526769673,37.01868018301923,321,0,27.9,0.325,0.0,3.035211301617471,3.035211301617471,Well Served,#1b5e20
36,37,-1.0953698526769673,37.02407142091017,200,0,29.7,0.292,0.0,1.138757383212998,1.138757383212998,Well Served,#1b5e20
36,38,-1.0953698526769673,37.0294626588011,200,21,26.8,0.223,0.0,1.4238883393460755,1.4238883393460755,Well Served,#1b5e20
36,39,-1.0953698526769673,37.03485389669204,431,45,23.1,0.168,0.0,6.123886749216858,6.123886749216858,Low Gap,#f9a825
37,0,-1.0899799856270211,36.824595618945466,507,0,23.0,0.34,0.0,5.882246206080693,5.882246206080693,Low Gap,#f9a825
37,1,-1.0899799856270211,36.829986856836406,200,97,14.4,0.179,0.0,1.819769725433673,1.819769725433673,Well Served,#1b5e20
37,2,-1.0899799856270211,36.83537809472734,200,268,36.9,0.368,0.0,0.9415954761785181,0.9415954761785181,Well Served,#1b5e20
37,3,-1.0899799856270211,36.84076933261828,200,127,34.1,0.376,0.0,0.9329964054727654,0.9329964054727654,Well Served,#1b5e20
37,4,-1.0899799856270211,36.84616057050922,238,172,29.0,0.309,0.0,2.0171843109969503,2.0171843109969503,Well Served,#1b5e20
37,5,-1.0899799856270211,36.85155180840015,200,169,33.3,0.323,0.0,1.3018208171109715,1.3018208171109715,Well Served,#1b5e20
37,6,-1.0899799856270211,36.85694304629109,317,693,25.4,0.199,0.0,4.568866970788948,4.568866970788948,Well Served,#1b5e20
37,7,-1.0899799856270211,36.86233428418203,264,76,38.6,0.35,0.0,2.3456184362578165,2.3456184362578165,Well Served,#1b5e20
37,8,-1.0899799856270211,36.867725522072966,200,516,37.8,0.359,0.0,1.2235218477199243,1.2235218477199243,Well Served,#1b5e20
37,9,-1.0899799856270211,36.87311675996391,299,686,13.2,0.129,5.125407883022648,4.913985756865761,4.662123943512753,Well Served,#1b5e20
37,10,-1.0899799856270211,36.87850799785485,222,411,38.8,0.298,32.91402455104747,2.0361629480808676,1.365979775450199,Well Served,#1b5e20
37,11,-1.0899799856270211,36.88389923574578,469,660,29.7,0.268,57.57203722206823,7.310121149470951,3.101535480319253,Well Served,#1b5e20
37,12,-1.0899799856270211,36.88929047363672,200,776,40.6,0.416,69.99999999999973,0.997765755043104,0.29932972651293394,Well Served,#1b5e20
37,13,-1.0899799856270211,36.89468171152766,616,797,36.1,0.283,57.57203722206823,10.177198764137408,4.317978103484352,Well Served,#1b5e20
37,14,-1.0899799856270211,36.90007294941859,1257,686,39.5,0.34,32.91402455104747,21.14013205541528,14.18206380057204,Low Gap,#f9a825
37,15,-1.0899799856270211,36.90546418730953,351,284,42.4,0.336,5.125407883022648,4.277774088604076,4.058520718248863,Well Served,#1b5e20
37,16,-1.0899799856270211,36.910855425200474,898,586,41.6,0.404,0.0,12.84017095231144,12.84017095231144,Low Gap,#f9a825
37,17,-1.0899799856270211,36.91624666309141,1092,1104,42.2,0.407,0.0,16.079644222923758,16.079644222923758,Low Gap,#f9a825
37,18,-1.0899799856270211,36.92163790098235,1409,477,31.8,0.313,0.0,24.97135803738323,24.97135803738323,Moderate Gap,#f57c00
37,19,-1.0899799856270211,36.92702913887329,1559,212,50.3,0.522,0.0,18.591395191081787,18.591395191081787,Low Gap,#f9a825
37,20,-1.0899799856270211,36.93242037676422,1317,505,41.3,0.277,0.0,24.391581201053288,24.391581201053288,Moderate Gap,#f57c00
37,21,-1.0899799856270211,36.93781161465516,964,284,44.3,0.363,0.0,14.83938865924378,14.83938865924378,Low Gap,#f9a825
37,22,-1.0899799856270211,36.9432028525461,1299,677,35.7,0.316,0.0,22.498801415971812,22.498801415971812,Moderate Gap,#f57c00
37,23,-1.0899799856270211,36.948594090437034,1455,197,47.7,0.498,0.0,17.885410803451222,17.885410803451222,Low Gap,#f9a825
37,24,-1.0899799856270211,36.953985328327974,1241,546,46.6,0.414,5.130974362093843,17.76284333931038,16.85143640159147,Low Gap,#f9a825
37,25,-1.0899799856270211,36.959376566218914,1517,83,49.8,0.44,9.999999999999176,20.863683480978686,18.77731513288099,Low Gap,#f9a825
37,26,-1.0899799856270211,36.96476780410985,1484,71,52.8,0.491,5.130974362106344,18.134816378767983,17.204323599758336,Low Gap,#f9a825
37,27,-1.0899799856270211,36.97015904200079,544,302,30.5,0.273,0.0,8.369277780353906,8.369277780353906,Low Gap,#f9a825
37,28,-1.0899799856270211,36.97555027989173,200,651,47.4,0.472,0.0,0.5531614297648196,0.5531614297648196,Well Served,#1b5e20
37,29,-1.0899799856270211,36.98094151778266,726,50,45.1,0.429,0.0,8.63869641483527,8.63869641483527,Low Gap,#f9a825
37,30,-1.0899799856270211,36.9863327556736,200,0,48.2,0.463,0.0,0.5058667743421358,0.5058667743421358,Well Served,#1b5e20
37,31,-1.0899799856270211,36.99172399356454,200,0,29.9,0.255,0.0,1.5485449779193892,1.5485449779193892,Well Served,#1b5e20
37,32,-1.0899799856270211,36.997115231455474,838,604,47.9,0.408,0.0,10.570523541816062,10.570523541816062,Low Gap,#f9a825
37,33,-1.0899799856270211,37.002506469346415,200,307,31.6,0.294,0.0,1.3112550809955292,1.3112550809955292,Well Served,#1b5e20
37,34,-1.0899799856270211,37.007897707237355,200,299,36.7,0.377,0.0,0.8500537392672427,0.8500537392672427,Well Served,#1b5e20
37,35,-1.0899799856270211,37.01328894512829,200,0,39.2,0.434,0.0,0.4953639248326298,0.4953639248326298,Well Served,#1b5e20
37,36,-1.0899799856270211,37.01868018301923,200,284,30.9,0.311,0.0,1.0951451518670026,1.0951451518670026,Well Served,#1b5e20
37,37,-1.0899799856270211,37.02407142091017,200,0,24.4,0.316,0.0,0.9749126494080915,0.9749126494080915,Well Served,#1b5e20
37,38,-1.0899799856270211,37.0294626588011,200,0,33.6,0.238,0.0,1.2812131991672024,1.2812131991672024,Well Served,#1b5e20
37,39,-1.0899799856270211,37.03485389669204,439,0,16.1,0.143,0.0,6.3260282071934295,6.3260282071934295,Low Gap,#f9a825
38,0,-1.084590118577075,36.824595618945466,200,264,22.6,0.275,0.0,1.2497123708048752,1.2497123708048752,Well Served,#1b5e20
38,1,-1.084590118577075,36.829986856836406,200,111,24.2,0.207,0.0,1.630080697745914,1.630080697745914,Well Served,#1b5e20
38,2,-1.084590118577075,36.83537809472734,413,0,20.8,0.177,0.0,6.213321652155706,6.213321652155706,Low Gap,#f9a825
38,3,-1.084590118577075,36.84076933261828,200,181,25.2,0.262,0.0,1.4790385232295744,1.4790385232295744,Well Served,#1b5e20
38,4,-1.084590118577075,36.84616057050922,200,142,27.4,0.262,0.0,1.525459300490364,1.525459300490364,Well Served,#1b5e20
38,5,-1.084590118577075,36.85155180840015,361,178,23.3,0.303,0.0,4.293636014022227,4.293636014022227,Well Served,#1b5e20
38,6,-1.084590118577075,36.85694304629109,200,394,29.4,0.263,0.0,1.6233274476892716,1.6233274476892716,Well Served,#1b5e20
38,7,-1.084590118577075,36.86233428418203,200,108,32.1,0.272,0.0,1.5904793220812457,1.5904793220812457,Well Served,#1b5e20
38,8,-1.084590118577075,36.867725522072966,370,396,27.8,0.288,0.0,4.826529356012679,4.826529356012679,Well Served,#1b5e20
38,9,-1.084590118577075,36.87311675996391,200,651,25.3,0.209,0.0,2.0323746943053727,2.0323746943053727,Well Served,#1b5e20
38,10,-1.084590118577075,36.87850799785485,200,371,36.3,0.302,15.143998688876403,1.534674746322198,1.302263622860647,Well Served,#1b5e20
38,11,-1.084590118577075,36.88389923574578,200,208,45.4,0.37,32.91695266589637,1.1731001379800912,0.7869513208376197,Well Served,#1b5e20
38,12,-1.084590118577075,36.88929047363672,200,416,35.7,0.282,39.999999999999446,1.6840681598083667,1.0104408958850293,Well Served,#1b5e20
38,13,-1.084590118577075,36.89468171152766,694,808,43.3,0.39,32.91695266589637,9.505129880822738,6.376330777120346,Low Gap,#f9a825
38,14,-1.084590118577075,36.90007294941859,741,565,34.1,0.246,15.143998688876403,13.260670917574435,11.252475087680748,Low Gap,#f9a825
38,15,-1.084590118577075,36.90546418730953,404,510,46.5,0.427,0.0,4.154401693626451,4.154401693626451,Well Served,#1b5e20
38,16,-1.084590118577075,36.910855425200474,670,644,30.5,0.236,0.0,11.9837096019152,11.9837096019152,Low Gap,#f9a825
38,17,-1.084590118577075,36.91624666309141,379,299,18.2,0.209,0.0,6.0364007222058795,6.0364007222058795,Low Gap,#f9a825
38,18,-1.084590118577075,36.92163790098235,972,470,29.5,0.222,0.0,18.697784162345474,18.697784162345474,Low Gap,#f9a825
38,19,-1.084590118577075,36.92702913887329,1217,356,34.6,0.301,0.0,21.218803663391643,21.218803663391643,Moderate Gap,#f57c00
38,20,-1.084590118577075,36.93242037676422,863,0,56.9,0.529,0.0,8.859912291865966,8.859912291865966,Low Gap,#f9a825
38,21,-1.084590118577075,36.93781161465516,909,0,42.6,0.399,0.0,12.649005766091348,12.649005766091348,Low Gap,#f9a825
38,22,-1.084590118577075,36.9432028525461,947,222,43.3,0.472,0.0,11.364550479581954,11.364550479581954,Low Gap,#f9a825
38,23,-1.084590118577075,36.948594090437034,735,101,45.9,0.436,0.0,8.951552461445514,8.951552461445514,Low Gap,#f9a825
38,24,-1.084590118577075,36.953985328327974,949,0,37.3,0.427,0.0,12.351207374796976,12.351207374796976,Low Gap,#f9a825
38,25,-1.084590118577075,36.959376566218914,829,485,33.5,0.278,0.0,13.844071622787299,13.844071622787299,Low Gap,#f9a825
38,26,-1.084590118577075,36.96476780410985,390,175,39.9,0.427,0.0,3.6647047566620725,3.6647047566620725,Well Served,#1b5e20
38,27,-1.084590118577075,36.97015904200079,200,413,21.3,0.208,0.0,1.918870492440676,1.918870492440676,Well Served,#1b5e20
38,28,-1.084590118577075,36.97555027989173,596,224,41.3,0.379,0.0,7.433956317611555,7.433956317611555,Low Gap,#f9a825
38,29,-1.084590118577075,36.98094151778266,200,300,34.0,0.282,0.0,1.4515126928353697,1.4515126928353697,Well Served,#1b5e20
38,30,-1.084590118577075,36.9863327556736,200,0,30.5,0.315,0.0,1.2134809608686699,1.2134809608686699,Well Served,#1b5e20
38,31,-1.084590118577075,36.99172399356454,200,0,31.0,0.322,0.0,1.1388270279452142,1.1388270279452142,Well Served,#1b5e20
38,32,-1.084590118577075,36.997115231455474,263,178,37.0,0.354,0.0,1.9937443463219782,1.9937443463219782,Well Served,#1b5e20
38,33,-1.084590118577075,37.002506469346415,242,142,18.4,0.21,0.0,2.4756334249822376,2.4756334249822376,Well Served,#1b5e20
38,34,-1.084590118577075,37.007897707237355,200,0,12.3,0.127,0.0,1.9907275832917164,1.9907275832917164,Well Served,#1b5e20
38,35,-1.084590118577075,37.01328894512829,405,248,31.0,0.291,0.0,4.747325158908268,4.747325158908268,Well Served,#1b5e20
38,36,-1.084590118577075,37.01868018301923,237,156,22.6,0.24,0.0,2.0565014900706755,2.0565014900706755,Well Served,#1b5e20
38,37,-1.084590118577075,37.02407142091017,200,0,26.0,0.225,0.0,1.3578301514490463,1.3578301514490463,Well Served,#1b5e20
38,38,-1.084590118577075,37.0294626588011,200,0,24.6,0.224,0.0,1.2873730496892006,1.2873730496892006,Well Served,#1b5e20
38,39,-1.084590118577075,37.03485389669204,200,12,27.3,0.279,0.0,0.9672399964237854,0.9672399964237854,Well Served,#1b5e20
39,0,-1.079200251527129,36.824595618945466,200,0,18.8,0.213,0.0,1.432900402377763,1.432900402377763,Well Served,#1b5e20
39,1,-1.079200251527129,36.829986856836406,200,108,33.1,0.339,0.0,0.9249773781745392,0.9249773781745392,Well Served,#1b5e20
39,2,-1.079200251527129,36.83537809472734,352,42,31.5,0.34,0.0,3.4420286469103085,3.4420286469103085,Well Served,#1b5e20
39,3,-1.079200251527129,36.84076933261828,548,338,17.1,0.174,0.0,9.167410645138029,9.167410645138029,Low Gap,#f9a825
39,4,-1.079200251527129,36.84616057050922,240,317,17.3,0.161,0.0,2.8643417520428947,2.8643417520428947,Well Served,#1b5e20
39,5,-1.079200251527129,36.85155180840015,200,79,42.1,0.349,0.0,1.0586246355161821,1.0586246355161821,Well Served,#1b5e20
39,6,-1.079200251527129,36.85694304629109,200,0,17.6,0.113,0.0,2.307727960395505,2.307727960395505,Well Served,#1b5e20
39,7,-1.079200251527129,36.86233428418203,243,216,21.8,0.216,0.0,2.717102015555738,2.717102015555738,Well Served,#1b5e20
39,8,-1.079200251527129,36.867725522072966,200,198,28.9,0.262,0.0,1.6242604694408431,1.6242604694408431,Well Served,#1b5e20
39,9,-1.079200251527129,36.87311675996391,200,297,40.3,0.353,0.0,1.177417116775892,1.177417116775892,Well Served,#1b5e20
39,10,-1.079200251527129,36.87850799785485,200,819,29.7,0.265,0.0,1.702974396687026,1.702974396687026,Well Served,#1b5e20
39,11,-1.079200251527129,36.88389923574578,200,527,30.1,0.315,5.130940566231345,1.434714354150229,1.3611000133435909,Well Served,#1b5e20
39,12,-1.079200251527129,36.88929047363672,200,550,37.3,0.353,10.000000000000409,1.2419377203246311,1.117743948292163,Well Served,#1b5e20
39,13,-1.079200251527129,36.89468171152766,200,535,25.2,0.21,5.130940566231345,2.033822339495071,1.929468124032843,Well Served,#1b5e20
39,14,-1.079200251527129,36.90007294941859,200,476,43.1,0.418,0.0,0.8983189369361919,0.8983189369361919,Well Served,#1b5e20
39,15,-1.079200251527129,36.90546418730953,722,299,38.5,0.27,0.0,12.112650260165008,12.112650260165008,Low Gap,#f9a825
39,16,-1.079200251527129,36.910855425200474,246,513,48.7,0.426,0.0,1.5815743502699962,1.5815743502699962,Well Served,#1b5e20
39,17,-1.079200251527129,36.91624666309141,618,427,32.9,0.331,0.0,9.016828424091647,9.016828424091647,Low Gap,#f9a825
39,18,-1.079200251527129,36.92163790098235,200,596,39.4,0.418,0.0,0.8955958192155222,0.8955958192155222,Well Served,#1b5e20
39,19,-1.079200251527129,36.92702913887329,558,103,40.7,0.316,0.0,8.044685469721069,8.044685469721069,Low Gap,#f9a825
39,20,-1.079200251527129,36.93242037676422,987,194,36.0,0.33,0.0,15.574555288402717,15.574555288402717,Low Gap,#f9a825
39,21,-1.079200251527129,36.93781161465516,719,469,40.2,0.311,0.0,11.104345765149253,11.104345765149253,Low Gap,#f9a825
39,22,-1.079200251527129,36.9432028525461,516,333,45.8,0.442,0.0,5.449508254242991,5.449508254242991,Low Gap,#f9a825
39,23,-1.079200251527129,36.948594090437034,442,190,33.0,0.292,0.0,6.054698413146108,6.054698413146108,Low Gap,#f9a825
39,24,-1.079200251527129,36.953985328327974,758,340,31.5,0.308,0.0,11.654539563244386,11.654539563244386,Low Gap,#f9a825
39,25,-1.079200251527129,36.959376566218914,200,371,39.7,0.347,0.0,1.1649656297427087,1.1649656297427087,Well Served,#1b5e20
39,26,-1.079200251527129,36.96476780410985,396,117,34.4,0.323,0.0,4.708312399312446,4.708312399312446,Well Served,#1b5e20
39,27,-1.079200251527129,36.97015904200079,200,47,44.7,0.411,0.0,0.7573083902760774,0.7573083902760774,Well Served,#1b5e20
39,28,-1.079200251527129,36.97555027989173,200,14,39.8,0.34,0.0,1.0910921190114236,1.0910921190114236,Well Served,#1b5e20
39,29,-1.079200251527129,36.98094151778266,200,84,26.1,0.313,0.0,1.205092086709326,1.205092086709326,Well Served,#1b5e20
39,30,-1.079200251527129,36.9863327556736,699,376,32.7,0.28,0.0,10.482755316071115,10.482755316071115,Low Gap,#f9a825
39,31,-1.079200251527129,36.99172399356454,200,0,29.2,0.268,0.0,1.3426834152567255,1.3426834152567255,Well Served,#1b5e20
39,32,-1.079200251527129,36.997115231455474,470,39,26.1,0.223,0.0,6.682417693532152,6.682417693532152,Low Gap,#f9a825
39,33,-1.079200251527129,37.002506469346415,200,0,27.7,0.303,0.0,1.0951074186380487,1.0951074186380487,Well Served,#1b5e20
39,34,-1.079200251527129,37.007897707237355,200,0,29.3,0.257,0.0,1.279621070449574,1.279621070449574,Well Served,#1b5e20
39,35,-1.079200251527129,37.01328894512829,200,213,14.1,0.229,0.0,1.4277753242036375,1.4277753242036375,Well Served,#1b5e20
39,36,-1.079200251527129,37.01868018301923,200,291,31.9,0.339,0.0,0.8781923623153186,0.8781923623153186,Well Served,#1b5e20
39,37,-1.079200251527129,37.02407142091017,292,359,34.1,0.354,0.0,2.195525756922572,2.195525756922572,Well Served,#1b5e20
39,38,-1.079200251527129,37.0294626588011,200,207,15.4,0.215,0.0,1.3448635505981084,1.3448635505981084,Well Served,#1b5e20
39,39,-1.079200251527129,37.03485389669204,200,0,12.2,0.114,0.0,1.6390771781756877,1.6390771781756877,Well Served,#1b5e20
