row,col,lat,lon,population,income_index,vehicle_rate,food_access,food_access_norm,is_food_desert,food_class,desert_cluster,color
0,0,5.5617966223499815,-0.20389488509553094,100,5.0,0.063,2.1040072370099443,0.0,True,Food Desert,0.0,#880e4f
0,1,5.5617966223499815,-0.20028465528659284,100,7.9,0.176,12.073792147181797,0.3296819660902372,True,Food Desert,0.0,#880e4f
0,2,5.5617966223499815,-0.19667442547765474,145,26.3,0.305,21.66377101260789,0.6468044632758859,True,Food Desert,0.0,#880e4f
0,3,5.5617966223499815,-0.19306419566871663,448,8.9,0.139,10.2286560189915,0.26866679756586237,True,Food Desert,0.0,#880e4f
0,4,5.5617966223499815,-0.1894539658597785,246,19.5,0.202,20.336098029061212,0.6029008240816263,True,Food Desert,0.0,#880e4f
0,5,5.5617966223499815,-0.1858437360508404,100,5.0,0.182,24.244024925208866,0.7321285891805895,True,Food Desert,0.0,#880e4f
0,6,5.5617966223499815,-0.1822335062419023,100,14.9,0.297,53.504877020313145,1.6997297295369196,True,Food Desert,0.0,#880e4f
0,7,5.5617966223499815,-0.1786232764329642,656,5.0,0.157,29.212129383649202,0.8964144248688993,True,Food Desert,0.0,#880e4f
0,8,5.5617966223499815,-0.1750130466240261,100,11.4,0.13,24.990719415512036,0.7568203663703598,True,Food Desert,0.0,#880e4f
0,9,5.5617966223499815,-0.17140281681508795,453,20.3,0.237,53.8669947264442,1.7117042784754395,True,Food Desert,0.0,#880e4f
0,10,5.5617966223499815,-0.16779258700614985,100,5.0,0.227,59.29928248271018,1.8913397795409108,True,Food Desert,0.0,#880e4f
0,11,5.5617966223499815,-0.16418235719721175,286,8.8,0.209,58.46846444926042,1.86386619558711,True,Food Desert,0.0,#880e4f
0,12,5.5617966223499815,-0.16057212738827364,100,11.8,0.137,42.44638517081412,1.3340462802163606,True,Food Desert,0.0,#880e4f
0,13,5.5617966223499815,-0.15696189757933554,590,15.6,0.295,100.69753268995174,3.2603017625716673,True,Food Desert,0.0,#880e4f
0,14,5.5617966223499815,-0.15335166777039744,370,11.1,0.13,51.46189075439958,1.6321720304581213,True,Food Desert,0.0,#880e4f
0,15,5.5617966223499815,-0.14974143796145933,689,9.6,0.17,72.43256661740877,2.325632692954879,True,Food Desert,0.0,#880e4f
0,16,5.5617966223499815,-0.14613120815252123,135,28.6,0.274,119.90196738192759,3.8953561638398906,True,Food Desert,0.0,#880e4f
0,17,5.5617966223499815,-0.1425209783435831,100,16.8,0.216,96.75542299037672,3.1299436366934144,True,Food Desert,0.0,#880e4f
0,18,5.5617966223499815,-0.138910748534645,258,23.1,0.316,144.04602576166948,4.693754595476022,True,Food Desert,0.0,#880e4f
0,19,5.5617966223499815,-0.1353005187257069,754,31.7,0.32,151.70903815259734,4.947155949063639,True,Food Desert,0.0,#880e4f
0,20,5.5617966223499815,-0.1316902889167688,1042,12.6,0.223,106.16525878117373,3.441109142473896,True,Food Desert,0.0,#880e4f
0,21,5.5617966223499815,-0.12808005910783066,100,12.4,0.226,107.3732434396487,3.481054914704804,True,Food Desert,0.0,#880e4f
0,22,5.5617966223499815,-0.12446982929889255,987,16.8,0.178,84.1364622071631,2.712658425577084,True,Food Desert,0.0,#880e4f
0,23,5.5617966223499815,-0.12085959948995446,1014,30.7,0.25,117.39221066450649,3.812363247095681,True,Food Desert,0.0,#880e4f
0,24,5.5617966223499815,-0.11724936968101635,546,21.4,0.29,134.06163524041253,4.363589649399569,True,Food Desert,0.0,#880e4f
0,25,5.5617966223499815,-0.11363913987207824,100,19.7,0.263,119.63285859793785,3.8864572443750016,True,Food Desert,0.0,#880e4f
0,26,5.5617966223499815,-0.11002891006314014,353,24.1,0.339,152.90407763605236,4.986673648794447,True,Food Desert,0.0,#880e4f
0,27,5.5617966223499815,-0.10641868025420204,278,29.7,0.284,125.77959235212326,4.089718125865587,True,Food Desert,0.0,#880e4f
0,28,5.5617966223499815,-0.10280845044526392,1528,7.9,0.238,99.139773304518,3.208789600422478,True,Food Desert,0.0,#880e4f
0,29,5.5617966223499815,-0.09919822063632582,100,21.2,0.316,130.26017066112792,4.2378823921404605,True,Food Desert,0.0,#880e4f
0,30,5.5617966223499815,-0.09558799082738771,135,22.5,0.235,95.75616518945561,3.096900067608733,True,Food Desert,0.0,#880e4f
0,31,5.5617966223499815,-0.0919777610184496,187,17.4,0.249,94.85995453678184,3.067264073184916,True,Food Desert,0.0,#880e4f
0,32,5.5617966223499815,-0.08836753120951149,677,20.6,0.406,143.9436152870672,4.69036807441069,True,Food Desert,0.0,#880e4f
0,33,5.5617966223499815,-0.08475730140057339,848,15.9,0.228,76.49779849765517,2.4600622369187564,True,Food Desert,0.0,#880e4f
0,34,5.5617966223499815,-0.08114707159163527,374,16.8,0.205,67.54179615027884,2.163904146368645,True,Food Desert,0.0,#880e4f
0,35,5.5617966223499815,-0.07753684178269718,1226,16.2,0.185,53.76075728692118,1.7081912069046972,True,Food Desert,0.0,#880e4f
0,36,5.5617966223499815,-0.07392661197375905,100,20.2,0.28,73.39782699182047,2.3575520313249947,True,Food Desert,0.0,#880e4f
0,37,5.5617966223499815,-0.07031638216482095,100,5.3,0.097,23.593178723682254,0.7106063339589412,True,Food Desert,0.0,#880e4f
0,38,5.5617966223499815,-0.06670615235588284,495,9.5,0.093,22.06317476515232,0.6600119913809628,True,Food Desert,0.0,#880e4f
0,39,5.5617966223499815,-0.06309592254694474,498,5.0,0.103,23.802942753895355,0.717542834447042,True,Food Desert,0.0,#880e4f
0,40,5.5617966223499815,-0.059485692738006635,1014,17.2,0.124,27.884975592372342,0.852527954382875,True,Food Desert,0.0,#880e4f
0,41,5.5617966223499815,-0.05587546292906853,100,5.0,0.186,35.47926099883616,1.1036566363365794,True,Food Desert,0.0,#880e4f
0,42,5.5617966223499815,-0.0522652331201304,378,20.9,0.301,55.75583379135316,1.7741646206150072,True,Food Desert,0.0,#880e4f
0,43,5.5617966223499815,-0.048655003311192296,501,5.0,0.113,20.313886416151096,0.6021663279736138,True,Food Desert,0.0,#880e4f
0,44,5.5617966223499815,-0.04504477350225419,100,5.0,0.206,21.40567014431389,0.6382695548023896,True,Food Desert,0.0,#880e4f
1,0,5.565389867049945,-0.20389488509553094,376,5.0,0.185,12.584284285726287,0.34656297740847,True,Food Desert,0.0,#880e4f
1,1,5.565389867049945,-0.20028465528659284,100,15.8,0.193,13.606913978279318,0.3803794108281281,True,Food Desert,0.0,#880e4f
1,2,5.565389867049945,-0.19667442547765474,100,5.0,0.055,4.021866999827293,0.06342000183433052,True,Food Desert,0.0,#880e4f
1,3,5.565389867049945,-0.19306419566871663,100,5.0,0.16,12.14422738659083,0.33201112649034925,True,Food Desert,0.0,#880e4f
1,4,5.565389867049945,-0.1894539658597785,100,9.0,0.185,24.06601842560229,0.7262422502780058,True,Food Desert,0.0,#880e4f
1,5,5.565389867049945,-0.1858437360508404,100,5.0,0.224,40.3315191860796,1.2641116545301758,True,Food Desert,0.0,#880e4f
1,6,5.565389867049945,-0.1822335062419023,100,5.1,0.16,31.210263401069952,0.9624889447617966,True,Food Desert,0.0,#880e4f
1,7,5.565389867049945,-0.1786232764329642,514,9.9,0.111,22.38812640201969,0.6707575285707746,True,Food Desert,0.0,#880e4f
1,8,5.565389867049945,-0.1750130466240261,959,18.6,0.244,60.42052885799498,1.9284172804906352,True,Food Desert,0.0,#880e4f
1,9,5.565389867049945,-0.17140281681508795,305,21.7,0.338,89.84935475038047,2.9015729972233135,True,Food Desert,0.0,#880e4f
1,10,5.565389867049945,-0.16779258700614985,462,15.5,0.26,76.07710965463195,2.446150851053388,True,Food Desert,0.0,#880e4f
1,11,5.565389867049945,-0.16418235719721175,100,29.2,0.271,94.62717792367063,3.0595665900233655,True,Food Desert,0.0,#880e4f
1,12,5.565389867049945,-0.16057212738827364,356,20.9,0.259,104.80636096878419,3.3961729571358132,True,Food Desert,0.0,#880e4f
1,13,5.565389867049945,-0.15696189757933554,1110,33.2,0.368,154.96623095646888,5.054865166182228,True,Food Desert,0.0,#880e4f
1,14,5.565389867049945,-0.15335166777039744,864,21.9,0.336,149.95414320301387,4.889124885959135,True,Food Desert,0.0,#880e4f
1,15,5.565389867049945,-0.14974143796145933,513,16.3,0.217,100.1061570440578,3.240746086356699,True,Food Desert,0.0,#880e4f
1,16,5.565389867049945,-0.14613120815252123,584,26.0,0.251,125.74911628766354,4.0887103399464015,True,Food Desert,0.0,#880e4f
1,17,5.565389867049945,-0.1425209783435831,936,16.8,0.217,111.977897472125,3.6333221309256163,True,Food Desert,0.0,#880e4f
1,18,5.565389867049945,-0.138910748534645,100,10.5,0.235,124.80106905207758,4.057360207582413,True,Food Desert,0.0,#880e4f
1,19,5.565389867049945,-0.1353005187257069,249,30.7,0.295,161.11874519243116,5.258317197292824,True,Food Desert,0.0,#880e4f
1,20,5.565389867049945,-0.1316902889167688,100,20.6,0.208,113.46587626762557,3.682526780697018,True,Food Desert,0.0,#880e4f
1,21,5.565389867049945,-0.12808005910783066,799,26.9,0.337,182.36962298511298,5.961043608640642,True,Food Desert,0.0,#880e4f
1,22,5.565389867049945,-0.12446982929889255,568,10.7,0.21,112.50238995567688,3.6506661072234916,True,Food Desert,0.0,#880e4f
1,23,5.565389867049945,-0.12085959948995446,817,16.5,0.223,118.26987031153827,3.8413857947833736,True,Food Desert,0.0,#880e4f
1,24,5.565389867049945,-0.11724936968101635,260,20.4,0.265,136.8921577662649,4.457189685889185,True,Food Desert,0.0,#880e4f
1,25,5.565389867049945,-0.11363913987207824,455,22.1,0.308,157.61350487628755,5.142405517205728,True,Food Desert,0.0,#880e4f
1,26,5.565389867049945,-0.11002891006314014,737,18.9,0.239,114.50289450346561,3.716819016080588,True,Food Desert,0.0,#880e4f
1,27,5.565389867049945,-0.10641868025420204,983,18.6,0.306,145.13907064102034,4.729899526193795,True,Food Desert,0.0,#880e4f
1,28,5.565389867049945,-0.10280845044526392,825,31.9,0.356,165.61012336995546,5.406838594831727,True,Food Desert,0.0,#880e4f
1,29,5.565389867049945,-0.09919822063632582,499,21.5,0.293,133.66574393989853,4.350498271452357,True,Food Desert,0.0,#880e4f
1,30,5.565389867049945,-0.09558799082738771,513,18.4,0.284,121.76967401016762,3.9571176961924803,True,Food Desert,0.0,#880e4f
1,31,5.565389867049945,-0.0919777610184496,527,6.2,0.109,46.1286755270929,1.4558126708969177,True,Food Desert,0.0,#880e4f
1,32,5.565389867049945,-0.08836753120951149,1252,11.3,0.186,77.56966825244912,2.4955069462416817,True,Food Desert,0.0,#880e4f
1,33,5.565389867049945,-0.08475730140057339,302,13.5,0.209,81.25200320522995,2.6172748116443727,True,Food Desert,0.0,#880e4f
1,34,5.565389867049945,-0.08114707159163527,967,15.8,0.207,74.58838116783859,2.396921410406196,True,Food Desert,0.0,#880e4f
1,35,5.565389867049945,-0.07753684178269718,446,19.4,0.176,59.09394307915915,1.884549593103746,True,Food Desert,0.0,#880e4f
1,36,5.565389867049945,-0.07392661197375905,1210,5.0,0.156,46.62706479865439,1.4722934632517288,True,Food Desert,0.0,#880e4f
1,37,5.565389867049945,-0.07031638216482095,1078,21.0,0.33,96.1300985529217,3.1092653380298083,True,Food Desert,0.0,#880e4f
1,38,5.565389867049945,-0.06670615235588284,679,10.6,0.296,73.62409238810136,2.365034200837796,True,Food Desert,0.0,#880e4f
1,39,5.565389867049945,-0.06309592254694474,2166,19.2,0.278,67.19435998234857,2.152415088182721,True,Food Desert,0.0,#880e4f
1,40,5.565389867049945,-0.059485692738006635,468,14.7,0.228,53.50256569513648,1.6996532983766306,True,Food Desert,0.0,#880e4f
1,41,5.565389867049945,-0.05587546292906853,919,8.2,0.254,57.82191934845558,1.8424861696467434,True,Food Desert,0.0,#880e4f
1,42,5.565389867049945,-0.0522652331201304,100,5.0,0.125,24.090142630307724,0.7270399921861121,True,Food Desert,0.0,#880e4f
1,43,5.565389867049945,-0.048655003311192296,347,8.4,0.184,34.33888833628991,1.0659466651735883,True,Food Desert,0.0,#880e4f
1,44,5.565389867049945,-0.04504477350225419,100,5.4,0.13,18.92390726216228,0.5562023413439787,True,Food Desert,0.0,#880e4f
2,0,5.56898311174991,-0.20389488509553094,100,5.0,0.122,8.510155983947008,0.21183924557910205,True,Food Desert,0.0,#880e4f
2,1,5.56898311174991,-0.20028465528659284,100,23.9,0.189,13.686830080550715,0.3830220854651929,True,Food Desert,0.0,#880e4f
2,2,5.56898311174991,-0.19667442547765474,132,14.9,0.223,17.653797192981887,0.514202199060951,True,Food Desert,0.0,#880e4f
2,3,5.56898311174991,-0.19306419566871663,848,14.4,0.193,25.01475166750871,0.7576150675759751,True,Food Desert,0.0,#880e4f
2,4,5.56898311174991,-0.1894539658597785,488,20.3,0.341,62.284505668908324,1.990055474825354,True,Food Desert,0.0,#880e4f
2,5,5.56898311174991,-0.1858437360508404,290,20.3,0.271,55.58348858584055,1.7684654900207601,True,Food Desert,0.0,#880e4f
2,6,5.56898311174991,-0.1822335062419023,100,5.0,0.103,21.851702347802675,0.6530189977553377,True,Food Desert,0.0,#880e4f
2,7,5.56898311174991,-0.1786232764329642,100,5.0,0.146,36.25738582122051,1.1293877552743163,True,Food Desert,0.0,#880e4f
2,8,5.56898311174991,-0.1750130466240261,756,18.6,0.179,47.817086406589766,1.511645231311812,True,Food Desert,0.0,#880e4f
2,9,5.56898311174991,-0.17140281681508795,100,5.0,0.123,39.32654405742159,1.2308790242103658,True,Food Desert,0.0,#880e4f
2,10,5.56898311174991,-0.16779258700614985,248,14.3,0.189,70.55375494296463,2.263503937688347,True,Food Desert,0.0,#880e4f
2,11,5.56898311174991,-0.16418235719721175,1066,17.6,0.239,98.55781840769941,3.189545450595008,True,Food Desert,0.0,#880e4f
2,12,5.56898311174991,-0.16057212738827364,547,31.5,0.349,157.20366386802746,5.128852848757512,True,Food Desert,0.0,#880e4f
2,13,5.56898311174991,-0.15696189757933554,947,12.3,0.259,123.58812997356398,4.017250602033746,True,Food Desert,0.0,#880e4f
2,14,5.56898311174991,-0.15335166777039744,715,6.3,0.218,107.81739954850963,3.4957423187500876,True,Food Desert,0.0,#880e4f
2,15,5.56898311174991,-0.14974143796145933,100,12.1,0.238,122.37007447961058,3.976971806285217,True,Food Desert,0.0,#880e4f
2,16,5.56898311174991,-0.14613120815252123,1083,21.7,0.285,152.91379342815986,4.986994931698039,True,Food Desert,0.0,#880e4f
2,17,5.56898311174991,-0.1425209783435831,606,21.3,0.261,146.4083838713898,4.77187331852161,True,Food Desert,0.0,#880e4f
2,18,5.56898311174991,-0.138910748534645,360,32.0,0.36,217.77092400788385,7.131697803139031,True,Food Desert,0.0,#880e4f
2,19,5.56898311174991,-0.1353005187257069,1465,35.5,0.442,270.29295067387386,8.868502074274403,True,Food Desert,0.0,#880e4f
2,20,5.56898311174991,-0.1316902889167688,1059,14.0,0.186,112.2230343146574,3.6414283435405723,True,Food Desert,0.0,#880e4f
2,21,5.56898311174991,-0.12808005910783066,363,17.1,0.283,167.26603020320636,5.461596307798175,True,Food Desert,0.0,#880e4f
2,22,5.56898311174991,-0.12446982929889255,122,27.5,0.388,221.27255988595155,7.247490291263389,True,Food Desert,0.0,#880e4f
2,23,5.56898311174991,-0.12085959948995446,1034,30.1,0.221,124.19285177350719,4.037247610368349,True,Food Desert,0.0,#880e4f
2,24,5.56898311174991,-0.11724936968101635,769,25.4,0.325,180.40880623507965,5.896203100332975,True,Food Desert,0.0,#880e4f
2,25,5.56898311174991,-0.11363913987207824,857,21.1,0.267,146.58089799065206,4.777578034774685,True,Food Desert,0.0,#880e4f
2,26,5.56898311174991,-0.11002891006314014,696,29.8,0.296,158.18800966122285,5.161403305897486,True,Food Desert,0.0,#880e4f
2,27,5.56898311174991,-0.10641868025420204,542,28.0,0.324,171.28799627577868,5.594595133179155,True,Food Desert,0.0,#880e4f
2,28,5.56898311174991,-0.10280845044526392,659,11.6,0.159,82.50302872673491,2.658643863963447,True,Food Desert,0.0,#880e4f
2,29,5.56898311174991,-0.09919822063632582,783,5.0,0.099,50.76500685539709,1.6091273954905838,True,Food Desert,0.0,#880e4f
2,30,5.56898311174991,-0.09558799082738771,758,21.0,0.287,137.38405918141746,4.473455937080282,True,Food Desert,0.0,#880e4f
2,31,5.56898311174991,-0.0919777610184496,892,5.0,0.06,26.789227209507224,0.8162936239075405,True,Food Desert,0.0,#880e4f
2,32,5.56898311174991,-0.08836753120951149,385,7.6,0.075,33.00810813393704,1.0219402761191934,True,Food Desert,0.0,#880e4f
2,33,5.56898311174991,-0.08475730140057339,420,20.5,0.297,128.526193389698,4.180543037164251,True,Food Desert,0.0,#880e4f
2,34,5.56898311174991,-0.08114707159163527,506,13.2,0.293,124.26403719654391,4.039601577924837,True,Food Desert,0.0,#880e4f
2,35,5.56898311174991,-0.07753684178269718,275,12.4,0.18,70.73361871457972,2.269451693070107,True,Food Desert,0.0,#880e4f
2,36,5.56898311174991,-0.07392661197375905,384,14.2,0.233,81.15581648569885,2.614094098410085,True,Food Desert,0.0,#880e4f
2,37,5.56898311174991,-0.07031638216482095,100,18.7,0.299,91.55124710728587,2.957851364645871,True,Food Desert,0.0,#880e4f
2,38,5.56898311174991,-0.06670615235588284,755,15.4,0.216,64.17730118662966,2.0526466493904634,True,Food Desert,0.0,#880e4f
2,39,5.56898311174991,-0.06309592254694474,1293,15.7,0.32,81.03660437089958,2.610151978821457,True,Food Desert,0.0,#880e4f
2,40,5.56898311174991,-0.059485692738006635,1430,5.0,0.206,50.515472661503175,1.600875770767391,True,Food Desert,0.0,#880e4f
2,41,5.56898311174991,-0.05587546292906853,529,7.0,0.205,48.648288080735796,1.5391315015392042,True,Food Desert,0.0,#880e4f
2,42,5.56898311174991,-0.0522652331201304,770,16.6,0.29,66.56267948391825,2.1315266065815885,True,Food Desert,0.0,#880e4f
2,43,5.56898311174991,-0.048655003311192296,370,13.2,0.306,59.33958145618233,1.8926723905175187,True,Food Desert,0.0,#880e4f
2,44,5.56898311174991,-0.04504477350225419,594,5.3,0.046,8.111344355194706,0.1986512978900237,True,Food Desert,0.0,#880e4f
3,0,5.572576356449874,-0.20389488509553094,100,5.0,0.106,7.577333310162073,0.1809925607330527,True,Food Desert,0.0,#880e4f
3,1,5.572576356449874,-0.20028465528659284,611,9.3,0.157,15.792462116589496,0.4526513618997923,True,Food Desert,0.0,#880e4f
3,2,5.572576356449874,-0.19667442547765474,244,28.3,0.417,61.64180933291519,1.9688027202716396,True,Food Desert,0.0,#880e4f
3,3,5.572576356449874,-0.19306419566871663,517,10.7,0.216,39.28846521677959,1.2296198288352997,True,Food Desert,0.0,#880e4f
3,4,5.572576356449874,-0.1894539658597785,100,5.0,0.141,28.819661967781485,0.8834362683233541,True,Food Desert,0.0,#880e4f
3,5,5.572576356449874,-0.1858437360508404,100,11.0,0.193,40.8586141400947,1.2815416896133445,True,Food Desert,0.0,#880e4f
3,6,5.572576356449874,-0.1822335062419023,403,19.6,0.215,55.50801949883357,1.7659698697834458,True,Food Desert,0.0,#880e4f
3,7,5.572576356449874,-0.1786232764329642,443,17.4,0.282,76.49012288957677,2.459808419049562,True,Food Desert,0.0,#880e4f
3,8,5.572576356449874,-0.1750130466240261,473,7.3,0.048,15.202720638354158,0.4331497245243238,True,Food Desert,0.0,#880e4f
3,9,5.572576356449874,-0.17140281681508795,257,5.0,0.123,48.88663653373302,1.5470132349273056,True,Food Desert,0.0,#880e4f
3,10,5.572576356449874,-0.16779258700614985,433,7.9,0.168,75.47787612404672,2.4263353294257377,True,Food Desert,0.0,#880e4f
3,11,5.572576356449874,-0.16418235719721175,699,7.8,0.14,65.03161170223234,2.08089708538012,True,Food Desert,0.0,#880e4f
3,12,5.572576356449874,-0.16057212738827364,258,5.0,0.088,42.31039687581445,1.3295494040184588,True,Food Desert,0.0,#880e4f
3,13,5.572576356449874,-0.15696189757933554,623,17.2,0.264,134.6606772082768,4.383398836409668,True,Food Desert,0.0,#880e4f
3,14,5.572576356449874,-0.15335166777039744,100,14.6,0.164,87.02969470295335,2.80833216238911,True,Food Desert,0.0,#880e4f
3,15,5.572576356449874,-0.14974143796145933,291,14.0,0.212,117.72957462278403,3.8235192363226354,True,Food Desert,0.0,#880e4f
3,16,5.572576356449874,-0.14613120815252123,784,22.7,0.249,146.24503624215583,4.766471720789339,True,Food Desert,0.0,#880e4f
3,17,5.572576356449874,-0.1425209783435831,783,14.3,0.213,243.42583137860308,7.980057158736788,True,Food Desert,0.0,#880e4f
3,18,5.572576356449874,-0.138910748534645,1314,32.3,0.375,376.47716496049486,12.379813586927371,True,Food Desert,0.0,#880e4f
3,19,5.572576356449874,-0.1353005187257069,100,24.3,0.383,383.61400876958555,12.615815538810946,True,Food Desert,0.0,#880e4f
3,20,5.572576356449874,-0.1316902889167688,1126,25.7,0.314,300.1298713388581,9.855152714738507,True,Food Desert,0.0,#880e4f
3,21,5.572576356449874,-0.12808005910783066,617,12.1,0.18,114.61271968092646,3.720450727372028,True,Food Desert,0.0,#880e4f
3,22,5.572576356449874,-0.12446982929889255,246,26.0,0.35,216.35111185890975,7.08474729568375,True,Food Desert,0.0,#880e4f
3,23,5.572576356449874,-0.12085959948995446,594,15.5,0.182,110.32575226080964,3.5786888076954133,True,Food Desert,0.0,#880e4f
3,24,5.572576356449874,-0.11724936968101635,623,27.2,0.325,190.88205354822452,6.242533617656781,True,Food Desert,0.0,#880e4f
3,25,5.572576356449874,-0.11363913987207824,100,17.0,0.328,190.29243901787632,6.223036178208289,True,Food Desert,0.0,#880e4f
3,26,5.572576356449874,-0.11002891006314014,732,22.5,0.292,167.4599525737997,5.468008954508423,True,Food Desert,0.0,#880e4f
3,27,5.572576356449874,-0.10641868025420204,249,5.0,0.177,100.33895611179584,3.2484443120503683,True,Food Desert,0.0,#880e4f
3,28,5.572576356449874,-0.10280845044526392,100,23.6,0.278,153.31827377044405,5.00037033304226,True,Food Desert,0.0,#880e4f
3,29,5.572576356449874,-0.09919822063632582,568,7.0,0.161,87.09506903026868,2.8104939679802374,True,Food Desert,0.0,#880e4f
3,30,5.572576356449874,-0.09558799082738771,100,9.7,0.126,67.32384386964802,2.1566968758969507,True,Food Desert,0.0,#880e4f
3,31,5.572576356449874,-0.0919777610184496,370,12.2,0.19,99.47128116986224,3.2197519397112178,True,Food Desert,0.0,#880e4f
3,32,5.572576356449874,-0.08836753120951149,1034,21.7,0.234,115.28672660453287,3.742738863950209,True,Food Desert,0.0,#880e4f
3,33,5.572576356449874,-0.08475730140057339,952,12.7,0.161,73.93239978750258,2.375229344515475,True,Food Desert,0.0,#880e4f
3,34,5.572576356449874,-0.08114707159163527,1234,17.9,0.188,84.51873063023476,2.72529932068445,True,Food Desert,0.0,#880e4f
3,35,5.572576356449874,-0.07753684178269718,886,19.4,0.295,129.12330787399821,4.200288485931577,True,Food Desert,0.0,#880e4f
3,36,5.572576356449874,-0.07392661197375905,694,5.6,0.12,48.37975020669795,1.5302514609886642,True,Food Desert,0.0,#880e4f
3,37,5.572576356449874,-0.07031638216482095,1038,9.3,0.149,54.50498729921826,1.7328014884592302,True,Food Desert,0.0,#880e4f
3,38,5.572576356449874,-0.06670615235588284,100,7.8,0.182,56.785212805434604,1.8082042413562884,True,Food Desert,0.0,#880e4f
3,39,5.572576356449874,-0.06309592254694474,462,13.9,0.209,60.3864983257702,1.9272919550325587,True,Food Desert,0.0,#880e4f
3,40,5.572576356449874,-0.059485692738006635,100,18.1,0.305,85.16142313388814,2.746551948509923,True,Food Desert,0.0,#880e4f
3,41,5.572576356449874,-0.05587546292906853,668,6.0,0.168,41.61342237932677,1.3065017731631159,True,Food Desert,0.0,#880e4f
3,42,5.572576356449874,-0.0522652331201304,340,9.3,0.113,27.002798863669035,0.8233560353316196,True,Food Desert,0.0,#880e4f
3,43,5.572576356449874,-0.048655003311192296,100,11.8,0.171,39.4054388187894,1.2334879250318291,True,Food Desert,0.0,#880e4f
3,44,5.572576356449874,-0.04504477350225419,100,9.3,0.159,29.145686353567726,0.8942172792947851,True,Food Desert,0.0,#880e4f
4,0,5.576169601149838,-0.20389488509553094,100,15.4,0.254,27.903024616553132,0.853124801539714,True,Food Desert,0.0,#880e4f
4,1,5.576169601149838,-0.20028465528659284,467,5.0,0.202,24.80089511006639,0.7505432349382478,True,Food Desert,0.0,#880e4f
4,2,5.576169601149838,-0.19667442547765474,788,5.0,0.129,19.61715212873809,0.5791266403789052,True,Food Desert,0.0,#880e4f
4,3,5.576169601149838,-0.19306419566871663,918,21.9,0.158,32.07730368987974,0.9911603303202369,True,Food Desert,0.0,#880e4f
4,4,5.576169601149838,-0.1894539658597785,100,7.4,0.139,29.26353510428967,0.8981143150071252,True,Food Desert,0.0,#880e4f
4,5,5.576169601149838,-0.1858437360508404,409,24.8,0.312,80.23104069919252,2.5835135089354826,True,Food Desert,0.0,#880e4f
4,6,5.576169601149838,-0.1822335062419023,565,8.2,0.203,61.40385614982581,1.9609340577132028,True,Food Desert,0.0,#880e4f
4,7,5.576169601149838,-0.1786232764329642,579,14.4,0.241,80.67078952153558,2.598055172335664,True,Food Desert,0.0,#880e4f
4,8,5.576169601149838,-0.1750130466240261,299,5.4,0.088,38.02143360302189,1.1877214852616143,True,Food Desert,0.0,#880e4f
4,9,5.576169601149838,-0.17140281681508795,1202,19.7,0.27,121.77186163546615,3.957190036831319,True,Food Desert,0.0,#880e4f
4,10,5.576169601149838,-0.16779258700614985,1858,11.8,0.183,85.96360980019111,2.773078747202271,True,Food Desert,0.0,#880e4f
4,11,5.576169601149838,-0.16418235719721175,356,11.5,0.205,99.76128102442455,3.229341687441927,True,Food Desert,0.0,#880e4f
4,12,5.576169601149838,-0.16057212738827364,528,22.7,0.157,81.01921043590849,2.6095767942274484,True,Food Desert,0.0,#880e4f
4,13,5.576169601149838,-0.15696189757933554,942,26.3,0.362,194.17869199449405,6.351547227704268,True,Food Desert,0.0,#880e4f
4,14,5.576169601149838,-0.15335166777039744,512,23.2,0.242,135.46609928461478,4.41003262400409,True,Food Desert,0.0,#880e4f
4,15,5.576169601149838,-0.14974143796145933,100,36.9,0.41,241.41284970792393,7.91349165497993,True,Food Desert,0.0,#880e4f
4,16,5.576169601149838,-0.14613120815252123,785,29.3,0.273,174.67379920802327,5.706557244453754,True,Food Desert,0.0,#880e4f
4,17,5.576169601149838,-0.1425209783435831,361,35.5,0.411,404.90340928806114,13.319815823977835,True,Food Desert,0.0,#880e4f
4,18,5.576169601149838,-0.138910748534645,1851,25.7,0.397,619.9502949431136,20.431010368606987,True,Food Desert,0.0,#880e4f
4,19,5.576169601149838,-0.1353005187257069,819,25.4,0.29,562.1082852526888,18.518284301879728,True,Food Desert,0.0,#880e4f
4,20,5.576169601149838,-0.1316902889167688,1105,23.0,0.234,312.2123243361319,10.254696626189396,True,Food Desert,0.0,#880e4f
4,21,5.576169601149838,-0.12808005910783066,400,29.5,0.288,199.65284456099408,6.5325671190120875,True,Food Desert,0.0,#880e4f
4,22,5.576169601149838,-0.12446982929889255,675,15.3,0.242,161.42175196009345,5.268337059085391,True,Food Desert,0.0,#880e4f
4,23,5.576169601149838,-0.12085959948995446,675,34.2,0.385,253.4796379107243,8.31251756124947,True,Food Desert,0.0,#880e4f
4,24,5.576169601149838,-0.11724936968101635,1217,15.5,0.259,165.33288162065432,5.3976707335573435,True,Food Desert,0.0,#880e4f
4,25,5.576169601149838,-0.11363913987207824,100,30.7,0.349,219.96825227406774,7.204359300801038,True,Food Desert,0.0,#880e4f
4,26,5.576169601149838,-0.11002891006314014,1280,8.9,0.165,101.09661135453089,3.273498540631431,True,Food Desert,0.0,#880e4f
4,27,5.576169601149838,-0.10641868025420204,100,19.7,0.228,138.03417255599945,4.494953959098298,True,Food Desert,0.0,#880e4f
4,28,5.576169601149838,-0.10280845044526392,218,8.7,0.2,119.60405951122398,3.885504912944085,True,Food Desert,0.0,#880e4f
4,29,5.576169601149838,-0.09919822063632582,1071,19.9,0.305,177.47606791340553,5.799222980437786,True,Food Desert,0.0,#880e4f
4,30,5.576169601149838,-0.09558799082738771,738,19.4,0.234,134.5581642304045,4.380008925754702,True,Food Desert,0.0,#880e4f
4,31,5.576169601149838,-0.0919777610184496,1244,15.7,0.239,135.03708097468333,4.395845798392376,True,Food Desert,0.0,#880e4f
4,32,5.576169601149838,-0.08836753120951149,583,13.7,0.235,130.514675097237,4.246298373390921,True,Food Desert,0.0,#880e4f
4,33,5.576169601149838,-0.08475730140057339,100,21.4,0.151,81.93188381797032,2.639757180033904,True,Food Desert,0.0,#880e4f
4,34,5.576169601149838,-0.08114707159163527,100,13.6,0.216,103.9907104789488,3.3692009352161585,True,Food Desert,0.0,#880e4f
4,35,5.576169601149838,-0.07753684178269718,970,11.1,0.19,88.47087863727329,2.8559893944402748,True,Food Desert,0.0,#880e4f
4,36,5.576169601149838,-0.07392661197375905,174,18.5,0.303,135.9179239443019,4.424973612548559,True,Food Desert,0.0,#880e4f
4,37,5.576169601149838,-0.07031638216482095,1416,22.8,0.324,138.94210180560586,4.524977465400393,True,Food Desert,0.0,#880e4f
4,38,5.576169601149838,-0.06670615235588284,100,17.8,0.21,76.2910261741676,2.453224666524346,True,Food Desert,0.0,#880e4f
4,39,5.576169601149838,-0.06309592254694474,272,23.8,0.286,91.44727906627934,2.9544133377999144,True,Food Desert,0.0,#880e4f
4,40,5.576169601149838,-0.059485692738006635,127,5.5,0.139,40.630141804737875,1.2739865407915463,True,Food Desert,0.0,#880e4f
4,41,5.576169601149838,-0.05587546292906853,269,24.8,0.265,74.62276859426146,2.3980585376816608,True,Food Desert,0.0,#880e4f
4,42,5.576169601149838,-0.0522652331201304,731,25.5,0.286,71.23752021582152,2.2861147644544983,True,Food Desert,0.0,#880e4f
4,43,5.576169601149838,-0.048655003311192296,100,8.9,0.253,60.60246414650256,1.9344335370254353,True,Food Desert,0.0,#880e4f
4,44,5.576169601149838,-0.04504477350225419,221,13.5,0.275,60.31222167140426,1.9248357662916173,True,Food Desert,0.0,#880e4f
5,0,5.579762845849801,-0.20389488509553094,370,5.0,0.219,26.671222915827858,0.8123914446832313,True,Food Desert,0.0,#880e4f
5,1,5.579762845849801,-0.20028465528659284,100,18.0,0.277,41.752910199066854,1.311114372037805,True,Food Desert,0.0,#880e4f
5,2,5.579762845849801,-0.19667442547765474,543,5.0,0.191,35.40846383796462,1.1013155078769348,True,Food Desert,0.0,#880e4f
5,3,5.579762845849801,-0.19306419566871663,227,5.0,0.104,21.700853019214758,0.6480306952312264,True,Food Desert,0.0,#880e4f
5,4,5.579762845849801,-0.1894539658597785,100,18.0,0.168,40.480270248990614,1.269030571369443,True,Food Desert,0.0,#880e4f
5,5,5.579762845849801,-0.1858437360508404,100,18.2,0.319,96.08842805488094,3.107887373324871,True,Food Desert,0.0,#880e4f
5,6,5.579762845849801,-0.1822335062419023,679,11.2,0.174,58.59735418687657,1.8681283358929448,True,Food Desert,0.0,#880e4f
5,7,5.579762845849801,-0.1786232764329642,428,17.7,0.292,120.79070021893197,3.924744881016088,True,Food Desert,0.0,#880e4f
5,8,5.579762845849801,-0.1750130466240261,134,28.9,0.423,190.45932886418058,6.228554910372104,True,Food Desert,0.0,#880e4f
5,9,5.579762845849801,-0.17140281681508795,699,37.5,0.423,199.11255128754786,6.514700640421026,True,Food Desert,0.0,#880e4f
5,10,5.579762845849801,-0.16779258700614985,796,36.6,0.363,177.23519683134404,5.791257828468731,True,Food Desert,0.0,#880e4f
5,11,5.579762845849801,-0.16418235719721175,1698,14.2,0.234,118.59782332562794,3.852230581851949,True,Food Desert,0.0,#880e4f
5,12,5.579762845849801,-0.16057212738827364,1218,20.4,0.268,144.23327581091226,4.699946601115167,True,Food Desert,0.0,#880e4f
5,13,5.579762845849801,-0.15696189757933554,232,24.2,0.353,197.8135984525369,6.471746722321149,True,Food Desert,0.0,#880e4f
5,14,5.579762845849801,-0.15335166777039744,923,33.5,0.374,219.0154516622058,7.172851983256992,True,Food Desert,0.0,#880e4f
5,15,5.579762845849801,-0.14974143796145933,1235,23.8,0.388,239.18869035888721,7.839942904059509,True,Food Desert,0.0,#880e4f
5,16,5.579762845849801,-0.14613120815252123,661,27.0,0.374,255.47597662778946,8.378532713948763,True,Food Desert,0.0,#880e4f
5,17,5.579762845849801,-0.1425209783435831,172,36.9,0.435,431.93385001301226,14.213661470877945,True,Food Desert,0.0,#880e4f
5,18,5.579762845849801,-0.138910748534645,1112,29.7,0.384,625.3436706764206,20.60935912253105,True,Food Desert,0.0,#880e4f
5,19,5.579762845849801,-0.1353005187257069,819,29.2,0.288,572.621306409447,18.86593006512705,True,Food Desert,0.0,#880e4f
5,20,5.579762845849801,-0.1316902889167688,811,30.6,0.334,384.8519180344851,12.656750861284854,True,Food Desert,0.0,#880e4f
5,21,5.579762845849801,-0.12808005910783066,1513,19.7,0.228,168.4719333501559,5.5014732483724,True,Food Desert,0.0,#880e4f
5,22,5.579762845849801,-0.12446982929889255,927,20.2,0.346,246.87199750111594,8.094015366760358,True,Food Desert,0.0,#880e4f
5,23,5.579762845849801,-0.12085959948995446,1618,8.9,0.207,144.77775942393754,4.717951646325616,True,Food Desert,0.0,#880e4f
5,24,5.579762845849801,-0.11724936968101635,859,25.9,0.276,189.54096595353255,6.198186382595954,True,Food Desert,0.0,#880e4f
5,25,5.579762845849801,-0.11363913987207824,1189,26.6,0.358,242.82375304880793,7.960147564969658,True,Food Desert,0.0,#880e4f
5,26,5.579762845849801,-0.11002891006314014,488,14.5,0.198,130.66737954573398,4.251348021228344,True,Food Desert,0.0,#880e4f
5,27,5.579762845849801,-0.10641868025420204,154,18.9,0.318,203.99591800342037,6.676184358929927,True,Food Desert,0.0,#880e4f
5,28,5.579762845849801,-0.10280845044526392,767,25.3,0.383,242.53322169540962,7.950540241575801,True,Food Desert,0.0,#880e4f
5,29,5.579762845849801,-0.09919822063632582,1698,21.5,0.258,161.28794858119716,5.263912433938359,True,Food Desert,0.0,#880e4f
5,30,5.579762845849801,-0.09558799082738771,735,15.9,0.264,163.13439010055814,5.32497076928444,True,Food Desert,0.0,#880e4f
5,31,5.579762845849801,-0.0919777610184496,711,20.7,0.263,158.9359160205714,5.186135157308828,True,Food Desert,0.0,#880e4f
5,32,5.579762845849801,-0.08836753120951149,350,25.0,0.22,167.83970402025224,5.480566617950525,True,Food Desert,0.0,#880e4f
5,33,5.579762845849801,-0.08475730140057339,252,5.0,0.062,94.93942327717197,3.069891954409094,True,Food Desert,0.0,#880e4f
5,34,5.579762845849801,-0.08114707159163527,100,16.3,0.201,166.84520717923698,5.447680484822223,True,Food Desert,0.0,#880e4f
5,35,5.579762845849801,-0.07753684178269718,1215,19.2,0.235,155.00488375052748,5.056143341113277,True,Food Desert,0.0,#880e4f
5,36,5.579762845849801,-0.07392661197375905,284,8.7,0.174,83.72101062757939,2.6989202261267917,True,Food Desert,0.0,#880e4f
5,37,5.579762845849801,-0.07031638216482095,927,28.3,0.415,188.76267760204811,6.172449856059585,True,Food Desert,0.0,#880e4f
5,38,5.579762845849801,-0.06670615235588284,237,7.9,0.192,83.26461857372742,2.683828202479585,True,Food Desert,0.0,#880e4f
5,39,5.579762845849801,-0.06309592254694474,491,18.8,0.314,115.3264784320713,3.7440533818436865,True,Food Desert,0.0,#880e4f
5,40,5.579762845849801,-0.059485692738006635,809,18.5,0.252,78.12618596643786,2.5139099364531012,True,Food Desert,0.0,#880e4f
5,41,5.579762845849801,-0.05587546292906853,100,16.5,0.21,61.83272482052082,1.9751159350378564,True,Food Desert,0.0,#880e4f
5,42,5.579762845849801,-0.0522652331201304,375,9.4,0.226,63.89479806240863,2.0433048043798654,True,Food Desert,0.0,#880e4f
5,43,5.579762845849801,-0.048655003311192296,100,12.4,0.2,49.85078688206915,1.5788958668306017,True,Food Desert,0.0,#880e4f
5,44,5.579762845849801,-0.04504477350225419,776,19.6,0.294,67.00785587135134,2.146247749313179,True,Food Desert,0.0,#880e4f
6,0,5.583356090549766,-0.20389488509553094,100,5.0,0.162,20.247391948375963,0.5999674814520741,True,Food Desert,0.0,#880e4f
6,1,5.583356090549766,-0.20028465528659284,220,19.6,0.273,42.22585582060265,1.3267537909186085,True,Food Desert,0.0,#880e4f
6,2,5.583356090549766,-0.19667442547765474,204,11.9,0.214,46.308497152231745,1.4617590325742724,True,Food Desert,0.0,#880e4f
6,3,5.583356090549766,-0.19306419566871663,112,17.4,0.184,43.925753871337854,1.3829662104009544,True,Food Desert,0.0,#880e4f
6,4,5.583356090549766,-0.1894539658597785,100,21.2,0.256,77.24705172051483,2.4848386265638123,True,Food Desert,0.0,#880e4f
6,5,5.583356090549766,-0.1858437360508404,518,9.2,0.119,42.71739571464953,1.3430080872892176,True,Food Desert,0.0,#880e4f
6,6,5.583356090549766,-0.1822335062419023,434,12.1,0.22,87.71941399630494,2.831139877373064,True,Food Desert,0.0,#880e4f
6,7,5.583356090549766,-0.1786232764329642,237,16.5,0.269,120.80783396799983,3.925311461752792,True,Food Desert,0.0,#880e4f
6,8,5.583356090549766,-0.1750130466240261,100,23.7,0.291,135.68135199577387,4.417150624809581,True,Food Desert,0.0,#880e4f
6,9,5.583356090549766,-0.17140281681508795,390,22.6,0.363,177.2615311721823,5.79212865540647,True,Food Desert,0.0,#880e4f
6,10,5.583356090549766,-0.16779258700614985,569,19.1,0.254,128.9228622397628,4.193660127207257,True,Food Desert,0.0,#880e4f
6,11,5.583356090549766,-0.16418235719721175,160,12.7,0.177,95.42613854946927,3.0859867096463316,True,Food Desert,0.0,#880e4f
6,12,5.583356090549766,-0.16057212738827364,893,33.5,0.343,192.49857503542984,6.295988931580878,True,Food Desert,0.0,#880e4f
6,13,5.583356090549766,-0.15696189757933554,431,25.1,0.279,163.21701631490305,5.327703062211646,True,Food Desert,0.0,#880e4f
6,14,5.583356090549766,-0.15335166777039744,1232,27.0,0.311,190.09594059787213,6.216538346407072,True,Food Desert,0.0,#880e4f
6,15,5.583356090549766,-0.14974143796145933,982,23.1,0.223,145.18221460071447,4.731326215494018,True,Food Desert,0.0,#880e4f
6,16,5.583356090549766,-0.14613120815252123,461,23.9,0.323,226.91482589867965,7.434069376874601,True,Food Desert,0.0,#880e4f
6,17,5.583356090549766,-0.1425209783435831,1130,40.5,0.489,438.6287095305308,14.435047836614032,False,Food Swamp,,#d32f2f
6,18,5.583356090549766,-0.138910748534645,1402,29.2,0.334,391.02108287122644,12.860753496330327,True,Food Desert,0.0,#880e4f
6,19,5.583356090549766,-0.1353005187257069,501,9.4,0.092,237.11712947128913,7.771440296184571,True,Food Desert,0.0,#880e4f
6,20,5.583356090549766,-0.1316902889167688,1434,35.2,0.334,353.36104228800025,11.61540704860018,True,Food Desert,0.0,#880e4f
6,21,5.583356090549766,-0.12808005910783066,605,37.8,0.375,287.6938285136453,9.443916255182042,True,Food Desert,0.0,#880e4f
6,22,5.583356090549766,-0.12446982929889255,1520,22.3,0.165,123.89840042081777,4.027510659998081,True,Food Desert,0.0,#880e4f
6,23,5.583356090549766,-0.12085959948995446,1164,13.5,0.222,164.33699859714145,5.3647387619906715,True,Food Desert,0.0,#880e4f
6,24,5.583356090549766,-0.11724936968101635,766,27.6,0.273,199.7551399010479,6.535949832795252,True,Food Desert,0.0,#880e4f
6,25,5.583356090549766,-0.11363913987207824,830,26.3,0.226,163.49538833172812,5.336908299299335,True,Food Desert,0.0,#880e4f
6,26,5.583356090549766,-0.11002891006314014,1013,23.2,0.355,252.71030807456532,8.287077275903092,True,Food Desert,0.0,#880e4f
6,27,5.583356090549766,-0.10641868025420204,1272,28.4,0.338,237.407148753346,7.781030686345851,True,Food Desert,0.0,#880e4f
6,28,5.583356090549766,-0.10280845044526392,904,33.4,0.328,223.82178774559583,7.331788444167577,True,Food Desert,0.0,#880e4f
6,29,5.583356090549766,-0.09919822063632582,884,23.5,0.208,137.8593105025642,4.489171601094537,True,Food Desert,0.0,#880e4f
6,30,5.583356090549766,-0.09558799082738771,1007,25.2,0.241,157.79746121903415,5.148488606188881,True,Food Desert,0.0,#880e4f
6,31,5.583356090549766,-0.0919777610184496,899,13.6,0.203,132.1050015130167,4.298887465753844,True,Food Desert,0.0,#880e4f
6,32,5.583356090549766,-0.08836753120951149,418,32.3,0.341,262.4543175995934,8.609293276223793,True,Food Desert,0.0,#880e4f
6,33,5.583356090549766,-0.08475730140057339,325,23.2,0.282,298.6054512552547,9.804743020363151,True,Food Desert,0.0,#880e4f
6,34,5.583356090549766,-0.08114707159163527,697,27.0,0.331,320.2086209818082,10.519119060909896,True,Food Desert,0.0,#880e4f
6,35,5.583356090549766,-0.07753684178269718,751,26.8,0.362,255.5999257619902,8.382631477826486,True,Food Desert,0.0,#880e4f
6,36,5.583356090549766,-0.07392661197375905,100,15.3,0.207,111.17334350558943,3.6067170500835486,True,Food Desert,0.0,#880e4f
6,37,5.583356090549766,-0.07031638216482095,380,26.1,0.354,171.52670642986126,5.602488827339332,True,Food Desert,0.0,#880e4f
6,38,5.583356090549766,-0.06670615235588284,605,12.3,0.211,97.25130155313386,3.146341404647764,True,Food Desert,0.0,#880e4f
6,39,5.583356090549766,-0.06309592254694474,100,18.4,0.162,70.78327225269477,2.2710936418399754,True,Food Desert,0.0,#880e4f
6,40,5.583356090549766,-0.059485692738006635,1328,5.5,0.157,58.101152242847405,1.8517198743304062,True,Food Desert,0.0,#880e4f
6,41,5.583356090549766,-0.05587546292906853,100,18.1,0.176,54.91411049981338,1.7463304203630385,True,Food Desert,0.0,#880e4f
6,42,5.583356090549766,-0.0522652331201304,558,15.8,0.277,81.7824402981047,2.634815364950364,True,Food Desert,0.0,#880e4f
6,43,5.583356090549766,-0.048655003311192296,886,5.0,0.186,52.52459169719439,1.6673135444770533,True,Food Desert,0.0,#880e4f
6,44,5.583356090549766,-0.04504477350225419,827,5.0,0.08,18.963757066365652,0.5575200991408068,True,Food Desert,0.0,#880e4f
7,0,5.58694933524973,-0.20389488509553094,793,6.4,0.083,12.657837311320408,0.34899523711198827,True,Food Desert,0.0,#880e4f
7,1,5.58694933524973,-0.20028465528659284,100,8.6,0.152,30.069212292946784,0.9247565386843413,True,Food Desert,0.0,#880e4f
7,2,5.58694933524973,-0.19667442547765474,1172,17.5,0.312,74.43306596391449,2.3917854298153647,True,Food Desert,0.0,#880e4f
7,3,5.58694933524973,-0.19306419566871663,351,10.8,0.208,62.092598830929354,1.9837094779737552,True,Food Desert,0.0,#880e4f
7,4,5.58694933524973,-0.1894539658597785,666,11.9,0.194,69.07169793542468,2.2144951102656933,True,Food Desert,0.0,#880e4f
7,5,5.58694933524973,-0.1858437360508404,560,23.7,0.299,118.4171583492895,3.8462563321424956,True,Food Desert,0.0,#880e4f
7,6,5.58694933524973,-0.1822335062419023,722,12.0,0.154,68.73243381004802,2.203276286099894,True,Food Desert,0.0,#880e4f
7,7,5.58694933524973,-0.1786232764329642,935,16.5,0.264,122.51207732028242,3.9816675721542807,True,Food Desert,0.0,#880e4f
7,8,5.58694933524973,-0.1750130466240261,100,31.5,0.405,195.55039818148737,6.39690696181094,True,Food Desert,0.0,#880e4f
7,9,5.58694933524973,-0.17140281681508795,262,28.6,0.287,145.41653684766425,4.739074809848774,True,Food Desert,0.0,#880e4f
7,10,5.58694933524973,-0.16779258700614985,1503,22.0,0.382,201.63039618768855,6.597961018098958,True,Food Desert,0.0,#880e4f
7,11,5.58694933524973,-0.16418235719721175,432,31.5,0.347,194.84590681826742,6.3736107623630485,True,Food Desert,0.0,#880e4f
7,12,5.58694933524973,-0.16057212738827364,1358,28.0,0.269,159.83770091508427,5.21595548138725,True,Food Desert,0.0,#880e4f
7,13,5.58694933524973,-0.15696189757933554,1249,36.7,0.406,251.6005762621168,8.250380539809255,True,Food Desert,0.0,#880e4f
7,14,5.58694933524973,-0.15335166777039744,1163,23.8,0.322,211.32988939549767,6.918704947846817,True,Food Desert,0.0,#880e4f
7,15,5.58694933524973,-0.14974143796145933,778,18.1,0.271,187.4646578167538,6.1295267921524355,True,Food Desert,0.0,#880e4f
7,16,5.58694933524973,-0.14613120815252123,724,25.6,0.36,265.5905583864799,8.713002838473049,True,Food Desert,0.0,#880e4f
7,17,5.58694933524973,-0.1425209783435831,1264,24.9,0.228,175.97927270208496,5.7497267884387835,True,Food Desert,0.0,#880e4f
7,18,5.58694933524973,-0.138910748534645,648,26.1,0.264,211.56571768012927,6.9265033440246215,True,Food Desert,0.0,#880e4f
7,19,5.58694933524973,-0.1353005187257069,1154,13.8,0.255,207.94499021502747,6.806772721937299,True,Food Desert,0.0,#880e4f
7,20,5.58694933524973,-0.1316902889167688,903,30.3,0.336,273.466049865534,8.973430474388485,True,Food Desert,0.0,#880e4f
7,21,5.58694933524973,-0.12808005910783066,1493,23.3,0.317,255.84534844397726,8.390747142612602,True,Food Desert,0.0,#880e4f
7,22,5.58694933524973,-0.12446982929889255,557,42.6,0.439,347.66256739923966,11.42696924156929,False,Food Swamp,,#d32f2f
7,23,5.58694933524973,-0.12085959948995446,1566,33.9,0.313,245.99907579123465,8.065149493709987,True,Food Desert,0.0,#880e4f
7,24,5.58694933524973,-0.11724936968101635,1691,25.5,0.266,207.330116490251,6.786440008613191,True,Food Desert,0.0,#880e4f
7,25,5.58694933524973,-0.11363913987207824,960,36.6,0.32,246.91755929927317,8.095522009414179,True,Food Desert,0.0,#880e4f
7,26,5.58694933524973,-0.11002891006314014,1709,45.1,0.432,329.251323315686,10.818144156341992,False,Food Swamp,,#d32f2f
7,27,5.58694933524973,-0.10641868025420204,1274,30.2,0.269,202.06999458705417,6.612497707295244,True,Food Desert,0.0,#880e4f
7,28,5.58694933524973,-0.10280845044526392,972,19.5,0.227,167.17914724161074,5.458723252275245,True,Food Desert,0.0,#880e4f
7,29,5.58694933524973,-0.09919822063632582,100,20.5,0.264,188.56833047356673,6.166023163407836,True,Food Desert,0.0,#880e4f
7,30,5.58694933524973,-0.09558799082738771,1253,21.7,0.205,142.20834213953378,4.632985867258085,True,Food Desert,0.0,#880e4f
7,31,5.58694933524973,-0.0919777610184496,1295,17.7,0.218,149.868766702875,4.8863016462726945,True,Food Desert,0.0,#880e4f
7,32,5.58694933524973,-0.08836753120951149,1401,30.2,0.35,282.88460950245013,9.28488446129131,True,Food Desert,0.0,#880e4f
7,33,5.58694933524973,-0.08475730140057339,492,20.1,0.281,308.2145243747882,10.122496928486134,True,Food Desert,0.0,#880e4f
7,34,5.58694933524973,-0.08114707159163527,250,25.9,0.32,323.88115128745,10.640562705140841,True,Food Desert,0.0,#880e4f
7,35,5.58694933524973,-0.07753684178269718,720,18.2,0.317,240.61254116720713,7.887026962355205,True,Food Desert,0.0,#880e4f
7,36,5.58694933524973,-0.07392661197375905,670,11.7,0.154,90.25012550738411,2.914825729585235,True,Food Desert,0.0,#880e4f
7,37,5.58694933524973,-0.07031638216482095,452,22.9,0.25,134.25906755610097,4.3701183633680625,True,Food Desert,0.0,#880e4f
7,38,5.58694933524973,-0.06670615235588284,649,12.5,0.117,57.03068844700117,1.8163216574157222,True,Food Desert,0.0,#880e4f
7,39,5.58694933524973,-0.06309592254694474,336,19.6,0.301,139.75461466478566,4.5518457317974645,True,Food Desert,0.0,#880e4f
7,40,5.58694933524973,-0.059485692738006635,100,5.0,0.181,75.34700554965318,2.422007686587084,True,Food Desert,0.0,#880e4f
7,41,5.58694933524973,-0.05587546292906853,100,13.9,0.244,87.65312342106785,2.8289477731928505,True,Food Desert,0.0,#880e4f
7,42,5.58694933524973,-0.0522652331201304,307,20.2,0.211,65.94363260502504,2.111055894928892,True,Food Desert,0.0,#880e4f
7,43,5.58694933524973,-0.048655003311192296,236,18.3,0.235,69.16448894381054,2.217563533742807,True,Food Desert,0.0,#880e4f
7,44,5.58694933524973,-0.04504477350225419,100,18.8,0.229,61.67769500178877,1.9699893915965783,True,Food Desert,0.0,#880e4f
8,0,5.590542579949694,-0.20389488509553094,613,17.4,0.214,35.63503476983004,1.1088077808747285,True,Food Desert,0.0,#880e4f
8,1,5.590542579949694,-0.20028465528659284,781,16.8,0.322,72.44609384002294,2.326080012670135,True,Food Desert,0.0,#880e4f
8,2,5.590542579949694,-0.19667442547765474,100,9.6,0.228,60.687705254219104,1.9372522995400636,True,Food Desert,0.0,#880e4f
8,3,5.590542579949694,-0.19306419566871663,120,27.9,0.262,92.20395579358703,2.979435208723028,True,Food Desert,0.0,#880e4f
8,4,5.590542579949694,-0.1894539658597785,294,15.9,0.221,81.67275961984052,2.631188431974573,True,Food Desert,0.0,#880e4f
8,5,5.590542579949694,-0.1858437360508404,468,7.9,0.082,33.44449544078038,1.0363707805476439,True,Food Desert,0.0,#880e4f
8,6,5.590542579949694,-0.1822335062419023,579,25.8,0.327,150.449435669031,4.905503272800723,True,Food Desert,0.0,#880e4f
8,7,5.590542579949694,-0.1786232764329642,532,19.0,0.248,118.90019517500434,3.8622294480953965,True,Food Desert,0.0,#880e4f
8,8,5.590542579949694,-0.1750130466240261,100,20.4,0.205,104.26564248264518,3.3782924175637135,True,Food Desert,0.0,#880e4f
8,9,5.590542579949694,-0.17140281681508795,808,9.5,0.182,97.28814995083953,3.147559911597747,True,Food Desert,0.0,#880e4f
8,10,5.590542579949694,-0.16779258700614985,100,18.4,0.222,123.87298236699114,4.026670132942057,True,Food Desert,0.0,#880e4f
8,11,5.590542579949694,-0.16418235719721175,357,28.4,0.328,194.90580621750243,6.375591522418089,True,Food Desert,0.0,#880e4f
8,12,5.590542579949694,-0.16057212738827364,1107,32.4,0.411,255.11768483081593,8.366684680603559,True,Food Desert,0.0,#880e4f
8,13,5.590542579949694,-0.15696189757933554,1300,27.4,0.286,185.4489768368007,6.062872027333625,True,Food Desert,0.0,#880e4f
8,14,5.590542579949694,-0.15335166777039744,1813,19.3,0.219,151.71589626735857,4.947382733972092,True,Food Desert,0.0,#880e4f
8,15,5.590542579949694,-0.14974143796145933,1339,38.2,0.379,273.86229624726525,8.986533594201232,True,Food Desert,0.0,#880e4f
8,16,5.590542579949694,-0.14613120815252123,1492,26.1,0.339,259.8221192253965,8.522251445034499,True,Food Desert,0.0,#880e4f
8,17,5.590542579949694,-0.1425209783435831,1828,38.1,0.417,331.57063685579806,10.894839476729869,True,Food Desert,0.0,#880e4f
8,18,5.590542579949694,-0.138910748534645,1416,38.9,0.41,335.92068940073244,11.038687502392548,True,Food Desert,0.0,#880e4f
8,19,5.590542579949694,-0.1353005187257069,917,24.3,0.202,168.86951427717094,5.514620499078337,True,Food Desert,0.0,#880e4f
8,20,5.590542579949694,-0.1316902889167688,1786,20.2,0.317,267.8644876556204,8.788197386696,True,Food Desert,0.0,#880e4f
8,21,5.590542579949694,-0.12808005910783066,791,13.5,0.172,146.01396521778432,4.758830638227611,True,Food Desert,0.0,#880e4f
8,22,5.590542579949694,-0.12446982929889255,1109,35.1,0.396,336.54452298512246,11.059316501359717,True,Food Desert,0.0,#880e4f
8,23,5.590542579949694,-0.12085959948995446,1082,21.9,0.274,232.4384831607833,7.61672629501142,True,Food Desert,0.0,#880e4f
8,24,5.590542579949694,-0.11724936968101635,819,23.4,0.289,243.89450543757374,7.9955553251073885,True,Food Desert,0.0,#880e4f
8,25,5.590542579949694,-0.11363913987207824,1564,48.4,0.455,380.53271275427494,12.513922896433355,False,Food Swamp,,#d32f2f
8,26,5.590542579949694,-0.11002891006314014,741,20.5,0.205,167.51264727820939,5.469751468906563,True,Food Desert,0.0,#880e4f
8,27,5.590542579949694,-0.10641868025420204,1012,33.8,0.364,292.6423185982166,9.60755348055438,True,Food Desert,0.0,#880e4f
8,28,5.590542579949694,-0.10280845044526392,1850,40.0,0.378,298.2772027370875,9.793888461532584,False,Food Swamp,,#d32f2f
8,29,5.590542579949694,-0.09919822063632582,636,24.4,0.312,240.49472680186543,7.883131063702477,True,Food Desert,0.0,#880e4f
8,30,5.590542579949694,-0.09558799082738771,739,19.8,0.268,202.62403785352495,6.630818872198488,True,Food Desert,0.0,#880e4f
8,31,5.590542579949694,-0.0919777610184496,1700,32.6,0.337,243.88409164190918,7.995210960543851,True,Food Desert,0.0,#880e4f
8,32,5.590542579949694,-0.08836753120951149,867,28.1,0.254,216.28154138814006,7.082446731550035,True,Food Desert,0.0,#880e4f
8,33,5.590542579949694,-0.08475730140057339,629,31.3,0.405,325.3273825831411,10.688386843904178,True,Food Desert,0.0,#880e4f
8,34,5.590542579949694,-0.08114707159163527,615,21.5,0.273,231.7813559287684,7.594996337968809,True,Food Desert,0.0,#880e4f
8,35,5.590542579949694,-0.07753684178269718,133,43.9,0.467,324.55435027752384,10.662824124882311,False,Food Swamp,,#d32f2f
8,36,5.590542579949694,-0.07392661197375905,870,40.2,0.443,270.9929768286006,8.891650617706812,False,Food Swamp,,#d32f2f
8,37,5.590542579949694,-0.07031638216482095,1370,23.2,0.217,122.30491810913398,3.9748172081152897,True,Food Desert,0.0,#880e4f
8,38,5.590542579949694,-0.06670615235588284,353,34.2,0.38,205.55920775418778,6.727879399820516,True,Food Desert,0.0,#880e4f
8,39,5.590542579949694,-0.06309592254694474,836,8.4,0.168,82.07972939224611,2.6446461540733797,True,Food Desert,0.0,#880e4f
8,40,5.590542579949694,-0.059485692738006635,436,26.6,0.347,162.33998133287918,5.298701171016527,True,Food Desert,0.0,#880e4f
8,41,5.590542579949694,-0.05587546292906853,100,27.2,0.288,116.83843097626351,3.794050798226848,True,Food Desert,0.0,#880e4f
8,42,5.590542579949694,-0.0522652331201304,747,16.1,0.276,96.4325403804293,3.1192665183179513,True,Food Desert,0.0,#880e4f
8,43,5.590542579949694,-0.048655003311192296,1002,5.0,0.085,26.41930968176556,0.8040611495928054,True,Food Desert,0.0,#880e4f
8,44,5.590542579949694,-0.04504477350225419,283,13.2,0.17,47.63703054481117,1.505691123870971,True,Food Desert,0.0,#880e4f
9,0,5.594135824649658,-0.20389488509553094,379,15.7,0.237,42.8496964106541,1.3473830215497744,True,Food Desert,0.0,#880e4f
9,1,5.594135824649658,-0.20028465528659284,517,16.0,0.267,65.14066903663088,2.0845034055510183,True,Food Desert,0.0,#880e4f
9,2,5.594135824649658,-0.19667442547765474,316,7.4,0.21,69.14818081788712,2.217024254804884,True,Food Desert,0.0,#880e4f
9,3,5.594135824649658,-0.19306419566871663,895,25.9,0.387,141.13430064368922,4.597469342558413,True,Food Desert,0.0,#880e4f
9,4,5.594135824649658,-0.1894539658597785,937,16.4,0.224,91.03125715372721,2.940656278515027,True,Food Desert,0.0,#880e4f
9,5,5.594135824649658,-0.1858437360508404,100,10.6,0.141,62.70277418867765,2.003886825169785,True,Food Desert,0.0,#880e4f
9,6,5.594135824649658,-0.1822335062419023,100,34.4,0.339,164.9102168801535,5.383694008492477,True,Food Desert,0.0,#880e4f
9,7,5.594135824649658,-0.1786232764329642,718,20.4,0.262,132.043729704318,4.296861322708662,True,Food Desert,0.0,#880e4f
9,8,5.594135824649658,-0.1750130466240261,1159,18.0,0.209,110.07721802680996,3.5704702497582055,True,Food Desert,0.0,#880e4f
9,9,5.594135824649658,-0.17140281681508795,1047,19.5,0.162,89.89210288049264,2.9029865971865068,True,Food Desert,0.0,#880e4f
9,10,5.594135824649658,-0.16779258700614985,649,24.4,0.253,146.9660745486541,4.790315096414242,True,Food Desert,0.0,#880e4f
9,11,5.594135824649658,-0.16418235719721175,1159,26.6,0.319,197.811042664155,6.47166220722416,True,Food Desert,0.0,#880e4f
9,12,5.594135824649658,-0.16057212738827364,150,28.2,0.325,213.06787018281355,6.976176691535565,True,Food Desert,0.0,#880e4f
9,13,5.594135824649658,-0.15696189757933554,1876,24.6,0.329,228.99259363659962,7.502777233572436,True,Food Desert,0.0,#880e4f
9,14,5.594135824649658,-0.15335166777039744,1282,30.8,0.379,275.9370513840281,9.055141829865969,True,Food Desert,0.0,#880e4f
9,15,5.594135824649658,-0.14974143796145933,1284,18.1,0.266,205.7886736320982,6.7354674032189585,True,Food Desert,0.0,#880e4f
9,16,5.594135824649658,-0.14613120815252123,1592,38.2,0.345,277.6654774282773,9.112297616238878,True,Food Desert,0.0,#880e4f
9,17,5.594135824649658,-0.1425209783435831,1122,43.8,0.533,444.1750539807257,14.618454977232318,False,Food Swamp,,#d32f2f
9,18,5.594135824649658,-0.138910748534645,1892,36.8,0.323,277.0870196497559,9.093169109511662,True,Food Desert,0.0,#880e4f
9,19,5.594135824649658,-0.1353005187257069,1490,32.0,0.402,352.7695358823024,11.595847048405345,True,Food Desert,0.0,#880e4f
9,20,5.594135824649658,-0.1316902889167688,1750,30.2,0.424,378.42873822703916,12.444348430685839,True,Food Desert,0.0,#880e4f
9,21,5.594135824649658,-0.12808005910783066,1645,25.8,0.298,269.2353604628077,8.833529562505733,True,Food Desert,0.0,#880e4f
9,22,5.594135824649658,-0.12446982929889255,964,21.0,0.279,254.07848941864683,8.332320450108845,True,Food Desert,0.0,#880e4f
9,23,5.594135824649658,-0.12085959948995446,1134,40.0,0.455,415.69978529586575,13.676831597233985,False,Food Swamp,,#d32f2f
9,24,5.594135824649658,-0.11724936968101635,2243,26.8,0.257,238.53372233196083,7.818284347853043,True,Food Desert,0.0,#880e4f
9,25,5.594135824649658,-0.11363913987207824,1204,47.0,0.441,405.9769967478304,13.355317334561622,False,Food Swamp,,#d32f2f
9,26,5.594135824649658,-0.11002891006314014,1306,44.5,0.497,451.2057373707761,14.850946404467113,False,Food Swamp,,#d32f2f
9,27,5.594135824649658,-0.10641868025420204,1648,25.3,0.281,250.40641392750518,8.210891845734823,True,Food Desert,0.0,#880e4f
9,28,5.594135824649658,-0.10280845044526392,1183,19.6,0.25,215.83861155813406,7.067799878231525,True,Food Desert,0.0,#880e4f
9,29,5.594135824649658,-0.09919822063632582,1787,18.7,0.341,287.51158168172475,9.437889696494704,True,Food Desert,0.0,#880e4f
9,30,5.594135824649658,-0.09558799082738771,1249,33.1,0.402,330.8716124202319,10.87172405825906,True,Food Desert,0.0,#880e4f
9,31,5.594135824649658,-0.0919777610184496,551,20.2,0.269,215.56570196205462,7.058775273085975,True,Food Desert,0.0,#880e4f
9,32,5.594135824649658,-0.08836753120951149,1142,19.9,0.265,203.1921197751003,6.6496042689239685,True,Food Desert,0.0,#880e4f
9,33,5.594135824649658,-0.08475730140057339,1473,13.1,0.257,192.59886878093297,6.299305456410846,True,Food Desert,0.0,#880e4f
9,34,5.594135824649658,-0.08114707159163527,1774,28.0,0.309,219.80022166298966,7.19880284569968,True,Food Desert,0.0,#880e4f
9,35,5.594135824649658,-0.07753684178269718,1559,30.0,0.36,242.34526886876645,7.944324996414723,True,Food Desert,0.0,#880e4f
9,36,5.594135824649658,-0.07392661197375905,1447,33.2,0.313,201.36708264284408,6.589253736252392,True,Food Desert,0.0,#880e4f
9,37,5.594135824649658,-0.07031638216482095,1109,14.7,0.236,146.10165208417064,4.761730277364363,True,Food Desert,0.0,#880e4f
9,38,5.594135824649658,-0.06670615235588284,273,14.5,0.195,111.96204968200695,3.6327980744237585,True,Food Desert,0.0,#880e4f
9,39,5.594135824649658,-0.06309592254694474,714,24.4,0.317,173.8162821465383,5.678200774045065,True,Food Desert,0.0,#880e4f
9,40,5.594135824649658,-0.059485692738006635,458,26.9,0.357,177.6180026233431,5.803916493352084,True,Food Desert,0.0,#880e4f
9,41,5.594135824649658,-0.05587546292906853,610,32.9,0.388,167.4307409326856,5.467042980682309,True,Food Desert,0.0,#880e4f
9,42,5.594135824649658,-0.0522652331201304,291,27.5,0.326,125.15500011707712,4.069064039753396,True,Food Desert,0.0,#880e4f
9,43,5.594135824649658,-0.048655003311192296,100,11.9,0.244,80.77878513658348,2.6016263834519426,True,Food Desert,0.0,#880e4f
9,44,5.594135824649658,-0.04504477350225419,690,33.3,0.312,91.00591011778506,2.939818099886375,True,Food Desert,0.0,#880e4f
10,0,5.597729069349622,-0.20389488509553094,1125,5.0,0.097,18.910639509789842,0.5557636018197908,True,Food Desert,0.0,#880e4f
10,1,5.597729069349622,-0.20028465528659284,1688,25.7,0.279,82.40729327121113,2.6554780731779886,True,Food Desert,0.0,#880e4f
10,2,5.597729069349622,-0.19667442547765474,132,15.2,0.186,66.70037467290763,2.136079926541468,True,Food Desert,0.0,#880e4f
10,3,5.597729069349622,-0.19306419566871663,781,17.6,0.163,65.1948214786199,2.086294124579,True,Food Desert,0.0,#880e4f
10,4,5.597729069349622,-0.1894539658597785,367,8.9,0.209,89.0034226067111,2.87359961817686,True,Food Desert,0.0,#880e4f
10,5,5.597729069349622,-0.1858437360508404,570,13.0,0.177,82.4909452537629,2.6582442863233573,True,Food Desert,0.0,#880e4f
10,6,5.597729069349622,-0.1822335062419023,100,27.6,0.364,182.392447164731,5.961798361173286,True,Food Desert,0.0,#880e4f
10,7,5.597729069349622,-0.1786232764329642,513,23.1,0.237,124.23408444887049,4.038611097103861,True,Food Desert,0.0,#880e4f
10,8,5.597729069349622,-0.1750130466240261,566,21.7,0.265,145.50639103927756,4.742046118339322,True,Food Desert,0.0,#880e4f
10,9,5.597729069349622,-0.17140281681508795,1427,31.7,0.316,183.22096911141435,5.989196017872257,True,Food Desert,0.0,#880e4f
10,10,5.597729069349622,-0.16779258700614985,100,30.5,0.449,278.3937114304915,9.136378939937126,True,Food Desert,0.0,#880e4f
10,11,5.597729069349622,-0.16418235719721175,837,26.4,0.272,177.84789638839004,5.811518646170369,True,Food Desert,0.0,#880e4f
10,12,5.597729069349622,-0.16057212738827364,1821,22.9,0.264,181.5333111337912,5.9333883545010035,True,Food Desert,0.0,#880e4f
10,13,5.597729069349622,-0.15696189757933554,832,29.1,0.237,173.65541167081065,5.672881091102893,True,Food Desert,0.0,#880e4f
10,14,5.597729069349622,-0.15335166777039744,1458,41.0,0.412,317.03620040005126,10.414213101144236,False,Food Swamp,,#d32f2f
10,15,5.597729069349622,-0.14974143796145933,1239,28.2,0.32,262.2834415060553,8.603642726389165,True,Food Desert,0.0,#880e4f
10,16,5.597729069349622,-0.14613120815252123,1088,33.0,0.494,422.06353904716394,13.887268920340281,True,Food Desert,0.0,#880e4f
10,17,5.597729069349622,-0.1425209783435831,1490,45.6,0.609,539.1527521943905,17.759188158934077,False,Food Swamp,,#d32f2f
10,18,5.597729069349622,-0.138910748534645,2104,40.5,0.439,400.31597509445174,13.16811803532086,False,Food Swamp,,#d32f2f
10,19,5.597729069349622,-0.1353005187257069,1522,34.8,0.373,348.6586487344972,11.459907770930986,True,Food Desert,0.0,#880e4f
10,20,5.597729069349622,-0.1316902889167688,1439,41.4,0.434,421.60029352649383,13.871950265483324,False,Food Swamp,,#d32f2f
10,21,5.597729069349622,-0.12808005910783066,1062,27.2,0.322,318.5237787750593,10.463404509765862,True,Food Desert,0.0,#880e4f
10,22,5.597729069349622,-0.12446982929889255,1408,46.0,0.468,469.62450229853516,15.460020189814488,False,Food Swamp,,#d32f2f
10,23,5.597729069349622,-0.12085959948995446,1844,25.6,0.303,306.67358259988345,10.071540892968972,True,Food Desert,0.0,#880e4f
10,24,5.597729069349622,-0.11724936968101635,1550,30.2,0.324,328.1590492537794,10.782024715101956,True,Food Desert,0.0,#880e4f
10,25,5.597729069349622,-0.11363913987207824,678,32.2,0.262,263.17125596217403,8.633001074443186,True,Food Desert,0.0,#880e4f
10,26,5.597729069349622,-0.11002891006314014,613,40.5,0.532,525.5635402504456,17.309818573565614,False,Food Swamp,,#d32f2f
10,27,5.597729069349622,-0.10641868025420204,1218,24.7,0.304,293.5168010306988,9.636470963754839,True,Food Desert,0.0,#880e4f
10,28,5.597729069349622,-0.10280845044526392,1455,46.9,0.372,350.7403470300494,11.528745603749641,False,Food Swamp,,#d32f2f
10,29,5.597729069349622,-0.09919822063632582,1176,40.5,0.336,307.82642804243403,10.109663315420683,False,Food Swamp,,#d32f2f
10,30,5.597729069349622,-0.09558799082738771,1488,44.3,0.534,470.51668412223876,15.489522958469855,False,Food Swamp,,#d32f2f
10,31,5.597729069349622,-0.0919777610184496,1874,31.0,0.314,268.69848020383694,8.81577594586031,True,Food Desert,0.0,#880e4f
10,32,5.597729069349622,-0.08836753120951149,752,25.0,0.371,307.5126256453839,10.09928646254417,True,Food Desert,0.0,#880e4f
10,33,5.597729069349622,-0.08475730140057339,147,33.3,0.429,336.96581301902864,11.07324776747266,True,Food Desert,0.0,#880e4f
10,34,5.597729069349622,-0.08114707159163527,386,18.3,0.359,273.4610603792415,8.973265481495908,True,Food Desert,0.0,#880e4f
10,35,5.597729069349622,-0.07753684178269718,655,14.4,0.22,160.13448770187836,5.225769660154542,True,Food Desert,0.0,#880e4f
10,36,5.597729069349622,-0.07392661197375905,1030,22.7,0.135,93.83208925145335,3.0332745085958885,True,Food Desert,0.0,#880e4f
10,37,5.597729069349622,-0.07031638216482095,778,22.7,0.228,153.17455686635506,4.995617886331787,True,Food Desert,0.0,#880e4f
10,38,5.597729069349622,-0.06670615235588284,100,5.0,0.104,65.90205709456951,2.109681071284081,True,Food Desert,0.0,#880e4f
10,39,5.597729069349622,-0.06309592254694474,1025,26.1,0.345,202.190418009066,6.6164798825266935,True,Food Desert,0.0,#880e4f
10,40,5.597729069349622,-0.059485692738006635,863,24.9,0.312,173.53136696821906,5.668779166958897,True,Food Desert,0.0,#880e4f
10,41,5.597729069349622,-0.05587546292906853,100,19.8,0.192,96.45367853404574,3.1199655171535903,True,Food Desert,0.0,#880e4f
10,42,5.597729069349622,-0.0522652331201304,100,23.0,0.177,76.22902478768697,2.451174397719208,True,Food Desert,0.0,#880e4f
10,43,5.597729069349622,-0.048655003311192296,1363,16.9,0.172,63.721982044102276,2.0375901048953264,True,Food Desert,0.0,#880e4f
10,44,5.597729069349622,-0.04504477350225419,278,9.8,0.203,64.14731231992207,2.0516549741812127,True,Food Desert,0.0,#880e4f
11,0,5.601322314049586,-0.20389488509553094,1269,19.4,0.253,63.198161487359954,2.0202683479485843,True,Food Desert,0.0,#880e4f
11,1,5.601322314049586,-0.20028465528659284,509,28.4,0.317,111.44259244976958,3.615620604381342,True,Food Desert,0.0,#880e4f
11,2,5.601322314049586,-0.19667442547765474,641,28.4,0.282,104.36626651083789,3.381619864218721,True,Food Desert,0.0,#880e4f
11,3,5.601322314049586,-0.19306419566871663,839,30.3,0.445,186.11470767313634,6.084886489329299,True,Food Desert,0.0,#880e4f
11,4,5.601322314049586,-0.1894539658597785,495,11.5,0.184,84.25497932758232,2.716577563013569,True,Food Desert,0.0,#880e4f
11,5,5.601322314049586,-0.1858437360508404,339,30.2,0.334,164.50329681458598,5.3702379301049685,True,Food Desert,0.0,#880e4f
11,6,5.601322314049586,-0.1822335062419023,420,25.0,0.281,144.92788121196384,4.7229158904568,True,Food Desert,0.0,#880e4f
11,7,5.601322314049586,-0.1786232764329642,624,23.3,0.289,156.32782877821293,5.099890635732606,True,Food Desert,0.0,#880e4f
11,8,5.601322314049586,-0.1750130466240261,692,22.9,0.257,146.03896506910712,4.759657336116314,True,Food Desert,0.0,#880e4f
11,9,5.601322314049586,-0.17140281681508795,100,25.9,0.149,89.67722472042755,2.895880982078618,True,Food Desert,0.0,#880e4f
11,10,5.601322314049586,-0.16779258700614985,1750,11.2,0.197,128.36978919212714,4.175371045609317,True,Food Desert,0.0,#880e4f
11,11,5.601322314049586,-0.16418235719721175,796,26.0,0.298,204.90823718284366,6.706353031923787,True,Food Desert,0.0,#880e4f
11,12,5.601322314049586,-0.16057212738827364,1072,26.7,0.325,239.2029149298222,7.840413283767285,True,Food Desert,0.0,#880e4f
11,13,5.601322314049586,-0.15696189757933554,1005,34.4,0.333,257.9165616761309,8.459238254178295,True,Food Desert,0.0,#880e4f
11,14,5.601322314049586,-0.15335166777039744,1421,27.7,0.334,273.4769536591224,8.973791042258348,True,Food Desert,0.0,#880e4f
11,15,5.601322314049586,-0.14974143796145933,1268,30.1,0.344,301.6649430339664,9.905914637798295,True,Food Desert,0.0,#880e4f
11,16,5.601322314049586,-0.14613120815252123,1792,31.9,0.46,422.49357290182513,13.901489328099071,True,Food Desert,0.0,#880e4f
11,17,5.601322314049586,-0.1425209783435831,2202,22.9,0.22,209.72212782824843,6.865539307938752,True,Food Desert,0.0,#880e4f
11,18,5.601322314049586,-0.138910748534645,1944,38.1,0.367,366.35425084959667,12.04506792724533,True,Food Desert,0.0,#880e4f
11,19,5.601322314049586,-0.1353005187257069,957,50.9,0.569,582.4908347649722,19.192296736218733,False,Food Swamp,,#d32f2f
11,20,5.601322314049586,-0.1316902889167688,1680,32.8,0.425,445.9108869071256,14.67585569521529,True,Food Desert,0.0,#880e4f
11,21,5.601322314049586,-0.12808005910783066,2504,57.9,0.55,591.4066755988844,19.487126761335205,False,Food Swamp,,#d32f2f
11,22,5.601322314049586,-0.12446982929889255,1882,35.5,0.432,475.04726604996785,15.639340750019471,True,Food Desert,0.0,#880e4f
11,23,5.601322314049586,-0.12085959948995446,868,43.0,0.586,654.7370962575211,21.581344217797987,False,Food Swamp,,#d32f2f
11,24,5.601322314049586,-0.11724936968101635,1816,35.9,0.38,426.503017073054,14.034074077841376,True,Food Desert,0.0,#880e4f
11,25,5.601322314049586,-0.11363913987207824,1141,29.5,0.345,383.57649015241975,12.614574868968651,True,Food Desert,0.0,#880e4f
11,26,5.601322314049586,-0.11002891006314014,2092,34.1,0.362,394.82284279256834,12.986470519993723,True,Food Desert,0.0,#880e4f
11,27,5.601322314049586,-0.10641868025420204,1783,30.1,0.218,230.78796757582143,7.56214686044833,True,Food Desert,0.0,#880e4f
11,28,5.601322314049586,-0.10280845044526392,1586,35.7,0.349,357.27814517030754,11.744938246239082,True,Food Desert,0.0,#880e4f
11,29,5.601322314049586,-0.09919822063632582,1084,40.8,0.48,474.5017491976793,15.62130153753713,False,Food Swamp,,#d32f2f
11,30,5.601322314049586,-0.09558799082738771,2026,17.2,0.233,222.3232159053435,7.2822335024037095,True,Food Desert,0.0,#880e4f
11,31,5.601322314049586,-0.0919777610184496,2208,35.9,0.313,285.7605619725698,9.379986780275521,True,Food Desert,0.0,#880e4f
11,32,5.601322314049586,-0.08836753120951149,689,36.5,0.439,387.7760834048169,12.75344748986311,True,Food Desert,0.0,#880e4f
11,33,5.601322314049586,-0.08475730140057339,836,25.9,0.217,183.05114700244272,5.983580321317537,True,Food Desert,0.0,#880e4f
11,34,5.601322314049586,-0.08114707159163527,2045,27.4,0.359,290.08771436374684,9.523077541084195,True,Food Desert,0.0,#880e4f
11,35,5.601322314049586,-0.07753684178269718,1187,18.0,0.382,298.58011318642957,9.80390513826013,True,Food Desert,0.0,#880e4f
11,36,5.601322314049586,-0.07392661197375905,1152,33.3,0.428,319.4639740755729,10.494494993459833,True,Food Desert,0.0,#880e4f
11,37,5.601322314049586,-0.07031638216482095,1402,29.2,0.37,264.9773315967277,8.69272458618112,True,Food Desert,0.0,#880e4f
11,38,5.601322314049586,-0.06670615235588284,733,30.4,0.33,230.8610395964881,7.564563214226934,True,Food Desert,0.0,#880e4f
11,39,5.601322314049586,-0.06309592254694474,982,13.2,0.198,130.81548735008082,4.256245666721232,True,Food Desert,0.0,#880e4f
11,40,5.601322314049586,-0.059485692738006635,917,22.2,0.205,125.33112586928873,4.0748881858900905,True,Food Desert,0.0,#880e4f
11,41,5.601322314049586,-0.05587546292906853,259,22.9,0.289,156.33420495689143,5.1001014839246,True,Food Desert,0.0,#880e4f
11,42,5.601322314049586,-0.0522652331201304,1020,19.3,0.263,120.15373200403843,3.9036815446136304,True,Food Desert,0.0,#880e4f
11,43,5.601322314049586,-0.048655003311192296,139,11.6,0.201,82.39244934491536,2.654987212557646,True,Food Desert,0.0,#880e4f
11,44,5.601322314049586,-0.04504477350225419,100,12.9,0.347,121.27428911588308,3.940736252922576,True,Food Desert,0.0,#880e4f
12,0,5.604915558749551,-0.20389488509553094,100,18.9,0.223,65.74410888832503,2.1044580222770777,True,Food Desert,0.0,#880e4f
12,1,5.604915558749551,-0.20028465528659284,1075,10.3,0.14,51.38767971012453,1.6297180113190275,True,Food Desert,0.0,#880e4f
12,2,5.604915558749551,-0.19667442547765474,377,14.6,0.274,112.17992522349122,3.640002807276743,True,Food Desert,0.0,#880e4f
12,3,5.604915558749551,-0.19306419566871663,703,18.8,0.233,99.68461146930782,3.2268063699904594,True,Food Desert,0.0,#880e4f
12,4,5.604915558749551,-0.1894539658597785,100,30.5,0.365,171.20629263219521,5.591893347925407,True,Food Desert,0.0,#880e4f
12,5,5.604915558749551,-0.1858437360508404,877,33.4,0.443,223.84814403226991,7.332659996812678,True,Food Desert,0.0,#880e4f
12,6,5.604915558749551,-0.1822335062419023,1648,26.1,0.305,161.75914131543604,5.279493888145342,True,Food Desert,0.0,#880e4f
12,7,5.604915558749551,-0.1786232764329642,201,28.2,0.34,189.61772500995482,6.200724659686637,True,Food Desert,0.0,#880e4f
12,8,5.604915558749551,-0.1750130466240261,1133,22.8,0.227,133.39278486229125,4.341472030046092,True,Food Desert,0.0,#880e4f
12,9,5.604915558749551,-0.17140281681508795,352,15.0,0.234,146.59744654357735,4.778125264179684,True,Food Desert,0.0,#880e4f
12,10,5.604915558749551,-0.16779258700614985,991,24.0,0.219,148.5695000129373,4.8433373495828835,True,Food Desert,0.0,#880e4f
12,11,5.604915558749551,-0.16418235719721175,494,29.0,0.257,184.91574985928864,6.045239217809401,True,Food Desert,0.0,#880e4f
12,12,5.604915558749551,-0.16057212738827364,1585,29.6,0.358,277.3607576605423,9.102221108767694,True,Food Desert,0.0,#880e4f
12,13,5.604915558749551,-0.15696189757933554,1169,29.7,0.347,286.5682712401144,9.406696200965403,True,Food Desert,0.0,#880e4f
12,14,5.604915558749551,-0.15335166777039744,1227,33.9,0.364,320.9640404895691,10.544099357955966,True,Food Desert,0.0,#880e4f
12,15,5.604915558749551,-0.14974143796145933,1855,31.1,0.428,406.921532202752,13.386551338968559,True,Food Desert,0.0,#880e4f
12,16,5.604915558749551,-0.14613120815252123,1405,10.9,0.166,169.7658255219453,5.544259819893023,True,Food Desert,0.0,#880e4f
12,17,5.604915558749551,-0.1425209783435831,1223,40.9,0.492,522.7562301154576,17.216986127021695,False,Food Swamp,,#d32f2f
12,18,5.604915558749551,-0.138910748534645,2542,43.2,0.528,574.2620540884742,18.920186493480664,False,Food Swamp,,#d32f2f
12,19,5.604915558749551,-0.1353005187257069,1375,37.4,0.391,434.5942912348289,14.301637239721376,True,Food Desert,0.0,#880e4f
12,20,5.604915558749551,-0.1316902889167688,1949,28.1,0.248,283.2373405936762,9.296548612594908,True,Food Desert,0.0,#880e4f
12,21,5.604915558749551,-0.12808005910783066,2197,41.6,0.488,576.0826556195213,18.98039034919375,False,Food Swamp,,#d32f2f
12,22,5.604915558749551,-0.12446982929889255,1321,44.2,0.407,497.7031918613209,16.388529446905075,False,Food Swamp,,#d32f2f
12,23,5.604915558749551,-0.12085959948995446,2093,44.5,0.406,511.06606128203333,16.83041431231805,False,Food Swamp,,#d32f2f
12,24,5.604915558749551,-0.11724936968101635,2439,44.9,0.487,621.4314894639497,20.479990675222542,False,Food Swamp,,#d32f2f
12,25,5.604915558749551,-0.11363913987207824,2203,41.3,0.5,629.951368481844,20.76172699057721,False,Food Swamp,,#d32f2f
12,26,5.604915558749551,-0.11002891006314014,1562,46.5,0.449,547.6015991140538,18.038575576894132,False,Food Swamp,,#d32f2f
12,27,5.604915558749551,-0.10641868025420204,1873,35.8,0.447,522.9002352500298,17.22174810497013,True,Food Desert,0.0,#880e4f
12,28,5.604915558749551,-0.10280845044526392,1052,28.5,0.311,348.5709606198805,11.457008090517613,True,Food Desert,0.0,#880e4f
12,29,5.604915558749551,-0.09919822063632582,1634,45.2,0.525,564.3594232082152,18.59272518438674,False,Food Swamp,,#d32f2f
12,30,5.604915558749551,-0.09558799082738771,1784,41.7,0.484,498.8893250655506,16.427752632795116,False,Food Swamp,,#d32f2f
12,31,5.604915558749551,-0.0919777610184496,1396,39.0,0.392,387.64391000839,12.74907676515927,True,Food Desert,0.0,#880e4f
12,32,5.604915558749551,-0.08836753120951149,810,23.9,0.293,279.2622265232023,9.165099094476446,True,Food Desert,0.0,#880e4f
12,33,5.604915558749551,-0.08475730140057339,827,25.0,0.307,281.57073461075936,9.241437098946786,True,Food Desert,0.0,#880e4f
12,34,5.604915558749551,-0.08114707159163527,680,30.7,0.421,370.8229474294906,12.192839287168757,True,Food Desert,0.0,#880e4f
12,35,5.604915558749551,-0.07753684178269718,829,29.3,0.288,242.3774792857762,7.945390134098639,True,Food Desert,0.0,#880e4f
12,36,5.604915558749551,-0.07392661197375905,1480,16.3,0.166,134.13910381545685,4.366151388931659,True,Food Desert,0.0,#880e4f
12,37,5.604915558749551,-0.07031638216482095,386,15.8,0.254,195.06472713650714,6.380846737199794,True,Food Desert,0.0,#880e4f
12,38,5.604915558749551,-0.06670615235588284,100,28.1,0.325,357.41001988164385,11.749299093990828,True,Food Desert,0.0,#880e4f
12,39,5.604915558749551,-0.06309592254694474,1104,17.3,0.219,339.36417104664406,11.15255693984265,True,Food Desert,0.0,#880e4f
12,40,5.604915558749551,-0.059485692738006635,957,19.8,0.301,368.2230192500434,12.106864570400392,True,Food Desert,0.0,#880e4f
12,41,5.604915558749551,-0.05587546292906853,288,23.6,0.297,302.8553970864197,9.94528070598222,True,Food Desert,0.0,#880e4f
12,42,5.604915558749551,-0.0522652331201304,402,16.9,0.229,111.26662359736282,3.6098016466250002,True,Food Desert,0.0,#880e4f
12,43,5.604915558749551,-0.048655003311192296,663,14.8,0.195,83.35647682487385,2.6868657814356434,True,Food Desert,0.0,#880e4f
12,44,5.604915558749551,-0.04504477350225419,100,10.5,0.115,42.64782845531222,1.340707629351511,True,Food Desert,0.0,#880e4f
13,0,5.6085088034495145,-0.20389488509553094,100,15.7,0.158,52.15310536366574,1.6550291927165224,True,Food Desert,0.0,#880e4f
13,1,5.6085088034495145,-0.20028465528659284,100,17.9,0.241,90.95967943255904,2.9382893383999096,True,Food Desert,0.0,#880e4f
13,2,5.6085088034495145,-0.19667442547765474,100,12.0,0.125,52.20077054367066,1.6566053902372968,True,Food Desert,0.0,#880e4f
13,3,5.6085088034495145,-0.19306419566871663,451,5.8,0.119,52.017982937390805,1.6505609491627673,True,Food Desert,0.0,#880e4f
13,4,5.6085088034495145,-0.1894539658597785,777,28.8,0.284,136.29188150891187,4.437339683255777,True,Food Desert,0.0,#880e4f
13,5,5.6085088034495145,-0.1858437360508404,100,22.7,0.315,163.10002190784405,5.323834278031415,True,Food Desert,0.0,#880e4f
13,6,5.6085088034495145,-0.1822335062419023,141,24.7,0.38,206.98953987002074,6.775177782720301,True,Food Desert,0.0,#880e4f
13,7,5.6085088034495145,-0.1786232764329642,1321,32.2,0.412,236.61288326198058,7.7547658259551495,True,Food Desert,0.0,#880e4f
13,8,5.6085088034495145,-0.1750130466240261,414,15.8,0.138,84.58054661648484,2.7273434586539596,True,Food Desert,0.0,#880e4f
13,9,5.6085088034495145,-0.17140281681508795,1905,5.0,0.189,122.73689309859256,3.9891018055373677,True,Food Desert,0.0,#880e4f
13,10,5.6085088034495145,-0.16779258700614985,623,16.5,0.171,120.6725735774939,3.9208386559823656,True,Food Desert,0.0,#880e4f
13,11,5.6085088034495145,-0.16418235719721175,701,37.8,0.411,309.3319870845829,10.159449310760877,True,Food Desert,0.0,#880e4f
13,12,5.6085088034495145,-0.16057212738827364,1416,20.3,0.207,168.94349756337283,5.517066986687912,True,Food Desert,0.0,#880e4f
13,13,5.6085088034495145,-0.15696189757933554,1779,35.2,0.421,370.1619454586013,12.170981199826274,True,Food Desert,0.0,#880e4f
13,14,5.6085088034495145,-0.15335166777039744,1029,30.1,0.385,366.94710575767925,12.064672519868337,True,Food Desert,0.0,#880e4f
13,15,5.6085088034495145,-0.14974143796145933,1672,39.3,0.415,532.7071099415666,17.546042937670858,True,Food Desert,0.0,#880e4f
13,16,5.6085088034495145,-0.14613120815252123,2066,39.0,0.427,612.5744380099152,20.187104703916454,True,Food Desert,0.0,#880e4f
13,17,5.6085088034495145,-0.1425209783435831,2347,53.1,0.446,650.6315029789037,21.44557999858394,False,Food Swamp,,#d32f2f
13,18,5.6085088034495145,-0.138910748534645,2849,29.2,0.416,588.434107444903,19.388829544076092,True,Food Desert,0.0,#880e4f
13,19,5.6085088034495145,-0.1353005187257069,2109,36.7,0.41,497.50050465655454,16.38182696367492,True,Food Desert,0.0,#880e4f
13,20,5.6085088034495145,-0.1316902889167688,1104,45.4,0.448,559.3043677288666,18.42556404258252,False,Food Swamp,,#d32f2f
13,21,5.6085088034495145,-0.12808005910783066,2553,44.9,0.465,607.4579431684449,20.017911878391654,False,Food Swamp,,#d32f2f
13,22,5.6085088034495145,-0.12446982929889255,2030,56.6,0.615,851.2998170727096,28.08130232544795,False,Food Swamp,,#d32f2f
13,23,5.6085088034495145,-0.12085959948995446,2059,52.6,0.54,792.3801530637139,26.132940264793714,False,Food Swamp,,#d32f2f
13,24,5.6085088034495145,-0.11724936968101635,2828,59.4,0.612,922.2682258875092,30.42809363129524,False,Food Swamp,,#d32f2f
13,25,5.6085088034495145,-0.11363913987207824,1982,44.1,0.467,688.3273165385793,22.692109391113302,False,Food Swamp,,#d32f2f
13,26,5.6085088034495145,-0.11002891006314014,2556,32.4,0.431,599.9732709914797,19.770407899010394,True,Food Desert,0.0,#880e4f
13,27,5.6085088034495145,-0.10641868025420204,1072,36.3,0.453,591.9579811812234,19.505357396192395,True,Food Desert,0.0,#880e4f
13,28,5.6085088034495145,-0.10280845044526392,2760,33.6,0.447,553.508638283557,18.233910210963014,True,Food Desert,0.0,#880e4f
13,29,5.6085088034495145,-0.09919822063632582,1768,30.0,0.343,405.7065727490207,13.346374923425492,True,Food Desert,0.0,#880e4f
13,30,5.6085088034495145,-0.09558799082738771,1421,28.4,0.361,406.5697604411456,13.374918910884467,True,Food Desert,0.0,#880e4f
13,31,5.6085088034495145,-0.0919777610184496,827,39.2,0.361,385.5597191855352,12.680156509168095,True,Food Desert,0.0,#880e4f
13,32,5.6085088034495145,-0.08836753120951149,802,32.4,0.295,301.7766535760723,9.909608694539369,True,Food Desert,0.0,#880e4f
13,33,5.6085088034495145,-0.08475730140057339,993,18.1,0.252,351.34993989969774,11.54890368916382,True,Food Desert,0.0,#880e4f
13,34,5.6085088034495145,-0.08114707159163527,1115,23.4,0.26,389.48917393036305,12.810096159582793,True,Food Desert,0.0,#880e4f
13,35,5.6085088034495145,-0.07753684178269718,1410,16.9,0.268,380.86784337248855,12.525005033320479,True,Food Desert,0.0,#880e4f
13,36,5.6085088034495145,-0.07392661197375905,1084,34.9,0.403,431.16442450462375,14.188218021831547,True,Food Desert,0.0,#880e4f
13,37,5.6085088034495145,-0.07031638216482095,141,29.3,0.312,258.8550326326641,8.49027171707204,True,Food Desert,0.0,#880e4f
13,38,5.6085088034495145,-0.06670615235588284,791,20.2,0.167,320.67985623088913,10.534701921002446,True,Food Desert,0.0,#880e4f
13,39,5.6085088034495145,-0.06309592254694474,100,26.2,0.33,674.7938353182537,22.244582715566864,True,Food Desert,0.0,#880e4f
13,40,5.6085088034495145,-0.059485692738006635,1422,16.4,0.204,587.9203137297949,19.37183935585359,True,Food Desert,0.0,#880e4f
13,41,5.6085088034495145,-0.05587546292906853,100,31.8,0.342,383.7978721777154,12.621895554621762,True,Food Desert,0.0,#880e4f
13,42,5.6085088034495145,-0.0522652331201304,1080,7.1,0.242,134.00109006131217,4.36158753462348,True,Food Desert,0.0,#880e4f
13,43,5.6085088034495145,-0.048655003311192296,690,18.4,0.258,114.35264811741871,3.711850651728077,True,Food Desert,0.0,#880e4f
13,44,5.6085088034495145,-0.04504477350225419,219,9.8,0.122,49.22398099083449,1.558168579287181,True,Food Desert,0.0,#880e4f
14,0,5.612102048149478,-0.20389488509553094,1100,19.7,0.282,94.62432766162969,3.059472337238376,True,Food Desert,0.0,#880e4f
14,1,5.612102048149478,-0.20028465528659284,877,23.7,0.317,128.85448446172254,4.191399003170549,True,Food Desert,0.0,#880e4f
14,2,5.612102048149478,-0.19667442547765474,258,31.3,0.416,176.96569206776954,5.782345814706501,True,Food Desert,0.0,#880e4f
14,3,5.612102048149478,-0.19306419566871663,807,6.7,0.169,75.3762685674667,2.4229753593436603,True,Food Desert,0.0,#880e4f
14,4,5.612102048149478,-0.1894539658597785,967,11.0,0.177,86.78415228305245,2.800212538096224,True,Food Desert,0.0,#880e4f
14,5,5.612102048149478,-0.1858437360508404,1033,12.0,0.215,113.90719162614616,3.6971202464912944,True,Food Desert,0.0,#880e4f
14,6,5.612102048149478,-0.1822335062419023,1307,27.7,0.232,129.60034023257177,4.216063045491306,True,Food Desert,0.0,#880e4f
14,7,5.612102048149478,-0.1786232764329642,1450,14.6,0.173,102.15645320468889,3.3085455098542385,True,Food Desert,0.0,#880e4f
14,8,5.612102048149478,-0.1750130466240261,1441,28.5,0.317,200.35729085245416,6.555861828021967,True,Food Desert,0.0,#880e4f
14,9,5.612102048149478,-0.17140281681508795,658,26.0,0.248,166.66633687955482,5.441765581681816,True,Food Desert,0.0,#880e4f
14,10,5.612102048149478,-0.16779258700614985,1162,31.9,0.333,244.0253999615104,7.999883759912222,True,Food Desert,0.0,#880e4f
14,11,5.612102048149478,-0.16418235719721175,1361,28.3,0.308,242.0549301467594,7.934724042977328,True,Food Desert,0.0,#880e4f
14,12,5.612102048149478,-0.16057212738827364,1631,26.8,0.332,285.0856153377608,9.357667569221853,True,Food Desert,0.0,#880e4f
14,13,5.612102048149478,-0.15696189757933554,1636,56.0,0.545,538.665507519377,17.74307589734842,False,Food Swamp,,#d32f2f
14,14,5.612102048149478,-0.15335166777039744,1857,30.0,0.469,524.1012729951602,17.261464155891066,True,Food Desert,0.0,#880e4f
14,15,5.612102048149478,-0.14974143796145933,1897,32.6,0.374,610.4340382169808,20.116325723395637,True,Food Desert,0.0,#880e4f
14,16,5.612102048149478,-0.14613120815252123,2100,41.6,0.394,888.1944243590816,29.301337339030663,False,Food Swamp,,#d32f2f
14,17,5.612102048149478,-0.1425209783435831,2070,55.5,0.5,997.2997467466213,32.90924438213389,False,Food Swamp,,#d32f2f
14,18,5.612102048149478,-0.138910748534645,2956,45.4,0.413,672.2869867117207,22.161685964559812,False,Food Swamp,,#d32f2f
14,19,5.612102048149478,-0.1353005187257069,2630,58.6,0.559,739.1810176676901,24.373745286197178,False,Food Swamp,,#d32f2f
14,20,5.612102048149478,-0.1316902889167688,2238,58.4,0.646,879.9739161134343,29.02950064996419,False,Food Swamp,,#d32f2f
14,21,5.612102048149478,-0.12808005910783066,2405,47.4,0.369,535.5650156585834,17.64054848459849,False,Food Swamp,,#d32f2f
14,22,5.612102048149478,-0.12446982929889255,2567,31.1,0.265,634.2466311790035,20.90376321940586,True,Food Desert,0.0,#880e4f
14,23,5.612102048149478,-0.12085959948995446,2117,43.5,0.427,1186.8999080169092,39.178963789504444,False,Low Access,,#f57c00
14,24,5.612102048149478,-0.11724936968101635,1899,50.1,0.502,1392.4447791673163,45.97594465230047,False,Low Access,,#f57c00
14,25,5.612102048149478,-0.11363913987207824,2091,40.1,0.407,1189.0300516697757,39.249403618834684,False,Low Access,,#f57c00
14,26,5.612102048149478,-0.11002891006314014,2358,42.3,0.45,918.8128206945497,30.31382990465345,False,Food Swamp,,#d32f2f
14,27,5.612102048149478,-0.10641868025420204,2343,56.6,0.562,825.0527874746554,27.213362605596352,False,Food Swamp,,#d32f2f
14,28,5.612102048149478,-0.10280845044526392,1233,36.1,0.443,700.3806102232138,23.09068905914195,True,Food Desert,0.0,#880e4f
14,29,5.612102048149478,-0.09919822063632582,615,20.9,0.239,483.3433034753336,15.913675046475785,True,Food Desert,0.0,#880e4f
14,30,5.612102048149478,-0.09558799082738771,2208,45.3,0.537,779.5084939296901,25.707298796258243,False,Food Swamp,,#d32f2f
14,31,5.612102048149478,-0.0919777610184496,1104,41.4,0.451,611.9017927877791,20.164861596235284,False,Food Swamp,,#d32f2f
14,32,5.612102048149478,-0.08836753120951149,2052,37.6,0.451,494.18128101904017,16.272066503989127,True,Food Desert,0.0,#880e4f
14,33,5.612102048149478,-0.08475730140057339,2018,40.9,0.366,511.4599435187994,16.843439254319815,False,Food Swamp,,#d32f2f
14,34,5.612102048149478,-0.08114707159163527,1072,25.1,0.293,647.9037162542954,21.355377241097553,True,Food Desert,0.0,#880e4f
14,35,5.612102048149478,-0.07753684178269718,1028,39.8,0.445,751.5358122088662,24.78229501838048,True,Food Desert,0.0,#880e4f
14,36,5.612102048149478,-0.07392661197375905,427,33.9,0.42,498.1483391199178,16.403249626401042,True,Food Desert,0.0,#880e4f
14,37,5.612102048149478,-0.07031638216482095,100,37.4,0.448,390.1666818192205,12.832500066472727,True,Food Desert,0.0,#880e4f
14,38,5.612102048149478,-0.06670615235588284,652,24.1,0.238,370.652335083746,12.187197458975756,True,Food Desert,0.0,#880e4f
14,39,5.612102048149478,-0.06309592254694474,1046,26.3,0.344,688.5055684370362,22.698003844892604,True,Food Desert,0.0,#880e4f
14,40,5.612102048149478,-0.059485692738006635,487,15.2,0.311,654.8116856190838,21.5838107471756,True,Food Desert,0.0,#880e4f
14,41,5.612102048149478,-0.05587546292906853,1567,6.7,0.091,260.8632710580881,8.556680370662576,True,Food Desert,0.0,#880e4f
14,42,5.612102048149478,-0.0522652331201304,920,22.2,0.353,206.1532731120254,6.747524019731843,True,Food Desert,0.0,#880e4f
14,43,5.612102048149478,-0.048655003311192296,400,13.2,0.159,74.12435090434198,2.3815768055853987,True,Food Desert,0.0,#880e4f
14,44,5.612102048149478,-0.04504477350225419,926,20.9,0.238,101.1735847954043,3.2760439070111995,True,Food Desert,0.0,#880e4f
15,0,5.615695292849442,-0.20389488509553094,743,5.8,0.064,23.85587600686945,0.7192932371958765,True,Food Desert,0.0,#880e4f
15,1,5.615695292849442,-0.20028465528659284,796,26.4,0.33,136.2499419819276,4.435952822271548,True,Food Desert,0.0,#880e4f
15,2,5.615695292849442,-0.19667442547765474,451,24.0,0.133,57.548710291922724,1.8334516619093182,True,Food Desert,0.0,#880e4f
15,3,5.615695292849442,-0.19306419566871663,741,5.2,0.153,72.74518864490345,2.335970513238485,True,Food Desert,0.0,#880e4f
15,4,5.615695292849442,-0.1894539658597785,1100,30.8,0.398,199.05426343585745,6.512773171201017,True,Food Desert,0.0,#880e4f
15,5,5.615695292849442,-0.1858437360508404,1482,28.7,0.371,200.7872391424209,6.570079406317839,True,Food Desert,0.0,#880e4f
15,6,5.615695292849442,-0.1822335062419023,635,33.6,0.401,229.3309292389298,7.513965353233948,True,Food Desert,0.0,#880e4f
15,7,5.615695292849442,-0.1786232764329642,1051,22.1,0.242,148.11638056908288,4.828353544970286,True,Food Desert,0.0,#880e4f
15,8,5.615695292849442,-0.1750130466240261,575,29.1,0.383,249.141709930924,8.169070472067105,True,Food Desert,0.0,#880e4f
15,9,5.615695292849442,-0.17140281681508795,1172,40.7,0.388,269.24751478686363,8.833931483057416,False,Food Swamp,,#d32f2f
15,10,5.615695292849442,-0.16779258700614985,2597,33.9,0.373,283.10520946202814,9.292179285507519,True,Food Desert,0.0,#880e4f
15,11,5.615695292849442,-0.16418235719721175,1339,28.7,0.317,262.2433160158962,8.602315852178217,True,Food Desert,0.0,#880e4f
15,12,5.615695292849442,-0.16057212738827364,1328,40.0,0.47,430.54570859242585,14.167758254622667,False,Food Swamp,,#d32f2f
15,13,5.615695292849442,-0.15696189757933554,1687,29.6,0.452,488.01826300495384,16.06826713276493,True,Food Desert,0.0,#880e4f
15,14,5.615695292849442,-0.15335166777039744,2354,50.0,0.545,698.1873558058497,23.018162275969832,False,Food Swamp,,#d32f2f
15,15,5.615695292849442,-0.14974143796145933,2796,50.1,0.498,829.2046982315512,27.35065845637926,False,Food Swamp,,#d32f2f
15,16,5.615695292849442,-0.14613120815252123,2714,30.3,0.43,973.391441812563,32.118641871892834,False,Food Swamp,,#d32f2f
15,17,5.615695292849442,-0.1425209783435831,1921,46.9,0.447,983.6223159171291,32.45695756475936,False,Food Swamp,,#d32f2f
15,18,5.615695292849442,-0.138910748534645,2367,39.8,0.417,721.2123453191537,23.779555212763118,True,Food Desert,0.0,#880e4f
15,19,5.615695292849442,-0.1353005187257069,3265,49.5,0.437,623.3889414878804,20.5447199183899,False,Food Swamp,,#d32f2f
15,20,5.615695292849442,-0.1316902889167688,3471,50.3,0.571,842.7286866376589,27.79787122247998,False,Food Swamp,,#d32f2f
15,21,5.615695292849442,-0.12808005910783066,2820,58.5,0.589,936.2765956985269,30.891323976044553,False,Food Swamp,,#d32f2f
15,22,5.615695292849442,-0.12446982929889255,3300,51.5,0.589,1240.599204006231,40.95469813472173,False,Low Access,,#f57c00
15,23,5.615695292849442,-0.12085959948995446,3356,45.6,0.43,1945.2547342922871,64.25632627757614,False,Moderate Access,,#fbc02d
15,24,5.615695292849442,-0.11724936968101635,2430,59.0,0.59,2736.614641005651,90.42510446897558,False,Good Access,,#2e7d32
15,25,5.615695292849442,-0.11363913987207824,2996,41.0,0.469,2135.8976474651763,70.56052752186608,False,Moderate Access,,#fbc02d
15,26,5.615695292849442,-0.11002891006314014,1832,51.1,0.465,1231.4600814498228,40.652484604551965,False,Low Access,,#f57c00
15,27,5.615695292849442,-0.10641868025420204,1781,45.0,0.523,852.1421106604671,28.109155384319234,False,Food Swamp,,#d32f2f
15,28,5.615695292849442,-0.10280845044526392,1707,39.7,0.485,853.3651985781021,28.149600592818736,False,Food Swamp,,#d32f2f
15,29,5.615695292849442,-0.09919822063632582,1947,46.1,0.482,1056.6061010373273,34.87039356041311,False,Food Swamp,,#d32f2f
15,30,5.615695292849442,-0.09558799082738771,2640,47.4,0.527,1065.1918801745978,35.15430906830977,False,Low Access,,#f57c00
15,31,5.615695292849442,-0.0919777610184496,2198,40.4,0.386,619.3748399109915,20.411981157034635,False,Food Swamp,,#d32f2f
15,32,5.615695292849442,-0.08836753120951149,1451,38.8,0.385,442.1035157472799,14.54995311848743,True,Food Desert,0.0,#880e4f
15,33,5.615695292849442,-0.08475730140057339,1438,36.7,0.339,499.37621318928547,16.443853103903084,True,Food Desert,0.0,#880e4f
15,34,5.615695292849442,-0.08114707159163527,1564,35.7,0.358,714.3398823924407,23.552295837563424,True,Food Desert,0.0,#880e4f
15,35,5.615695292849442,-0.07753684178269718,1039,34.4,0.291,641.6291365106875,21.147888734083516,True,Food Desert,0.0,#880e4f
15,36,5.615695292849442,-0.07392661197375905,618,38.8,0.377,475.24551278809247,15.645896395400468,True,Food Desert,0.0,#880e4f
15,37,5.615695292849442,-0.07031638216482095,1520,26.6,0.318,283.208039384539,9.295579676923357,True,Food Desert,0.0,#880e4f
15,38,5.615695292849442,-0.06670615235588284,940,17.0,0.142,258.3499799372218,8.473570577868655,True,Food Desert,0.0,#880e4f
15,39,5.615695292849442,-0.06309592254694474,486,30.1,0.307,409.577352053939,13.474374287809459,True,Food Desert,0.0,#880e4f
15,40,5.615695292849442,-0.059485692738006635,847,5.1,0.145,300.1588241042938,9.856110128034642,True,Food Desert,0.0,#880e4f
15,41,5.615695292849442,-0.05587546292906853,567,30.2,0.315,326.92526275759246,10.74122572480644,True,Food Desert,0.0,#880e4f
15,42,5.615695292849442,-0.0522652331201304,182,6.1,0.171,101.1649013978856,3.2757567634477125,True,Food Desert,0.0,#880e4f
15,43,5.615695292849442,-0.048655003311192296,700,32.0,0.351,177.6178796993639,5.803912428488147,True,Food Desert,0.0,#880e4f
15,44,5.615695292849442,-0.04504477350225419,702,21.2,0.332,147.19953387363927,4.798035155568646,True,Food Desert,0.0,#880e4f
16,0,5.619288537549407,-0.20389488509553094,257,15.6,0.275,103.85118927320715,3.364587232329424,True,Food Desert,0.0,#880e4f
16,1,5.619288537549407,-0.20028465528659284,352,22.0,0.297,124.3628397561842,4.042868792053371,True,Food Desert,0.0,#880e4f
16,2,5.619288537549407,-0.19667442547765474,906,15.3,0.082,36.031200867242504,1.1219082458366134,True,Food Desert,0.0,#880e4f
16,3,5.619288537549407,-0.19306419566871663,819,13.5,0.245,118.41514172131804,3.846189646062455,True,Food Desert,0.0,#880e4f
16,4,5.619288537549407,-0.1894539658597785,1018,10.2,0.143,72.82295844431324,2.338542213691692,True,Food Desert,0.0,#880e4f
16,5,5.619288537549407,-0.1858437360508404,528,28.0,0.332,183.2058186808658,5.988695021734893,True,Food Desert,0.0,#880e4f
16,6,5.619288537549407,-0.1822335062419023,798,12.4,0.232,136.94257328875443,4.458856832043849,True,Food Desert,0.0,#880e4f
16,7,5.619288537549407,-0.1786232764329642,1395,23.6,0.366,229.42274556798313,7.5170015459055275,True,Food Desert,0.0,#880e4f
16,8,5.619288537549407,-0.1750130466240261,1966,17.0,0.289,193.04979471770716,6.314216725885187,True,Food Desert,0.0,#880e4f
16,9,5.619288537549407,-0.17140281681508795,1354,33.4,0.245,175.10485935768313,5.720811589850717,True,Food Desert,0.0,#880e4f
16,10,5.619288537549407,-0.16779258700614985,1345,32.5,0.259,201.97423330321496,6.609331062416151,True,Food Desert,0.0,#880e4f
16,11,5.619288537549407,-0.16418235719721175,1230,28.9,0.295,257.68677007841745,8.451639479840855,True,Food Desert,0.0,#880e4f
16,12,5.619288537549407,-0.16057212738827364,923,41.5,0.414,393.9554855019409,12.95778865178361,False,Food Swamp,,#d32f2f
16,13,5.619288537549407,-0.15696189757933554,1543,43.8,0.401,455.83669644557716,15.004083478779132,False,Food Swamp,,#d32f2f
16,14,5.619288537549407,-0.15335166777039744,2060,61.2,0.542,719.4740027151597,23.72207150447986,False,Food Swamp,,#d32f2f
16,15,5.619288537549407,-0.14974143796145933,2070,47.6,0.49,808.657696041618,26.671207882442978,False,Food Swamp,,#d32f2f
16,16,5.619288537549407,-0.14613120815252123,1469,45.3,0.402,735.5492692204657,24.25365022103639,False,Food Swamp,,#d32f2f
16,17,5.619288537549407,-0.1425209783435831,2708,50.9,0.494,854.3723763440582,28.182906060195872,False,Food Swamp,,#d32f2f
16,18,5.619288537549407,-0.138910748534645,3162,58.9,0.527,878.5046601564155,28.980915129116543,False,Food Swamp,,#d32f2f
16,19,5.619288537549407,-0.1353005187257069,2448,51.3,0.556,855.3997981131748,28.21688095854104,False,Food Swamp,,#d32f2f
16,20,5.619288537549407,-0.1316902889167688,3539,64.3,0.635,1001.0478850605958,33.033188240468135,False,Food Swamp,,#d32f2f
16,21,5.619288537549407,-0.12808005910783066,2512,59.2,0.597,1009.4199730992428,33.310037387137854,False,Food Swamp,,#d32f2f
16,22,5.619288537549407,-0.12446982929889255,2123,43.0,0.428,1055.978890500492,34.84965289200357,False,Food Swamp,,#d32f2f
16,23,5.619288537549407,-0.12085959948995446,3974,56.6,0.588,2232.791858975894,73.76463618032118,False,Moderate Access,,#fbc02d
16,24,5.619288537549407,-0.11724936968101635,2560,36.5,0.454,2954.6694286681077,97.63576465469355,False,Good Access,,#2e7d32
16,25,5.619288537549407,-0.11363913987207824,2350,58.5,0.515,2548.8692003507394,84.21671717102713,False,Good Access,,#2e7d32
16,26,5.619288537549407,-0.11002891006314014,3416,46.4,0.422,1284.5959466927338,42.40958735862601,False,Low Access,,#f57c00
16,27,5.619288537549407,-0.10641868025420204,1764,55.0,0.518,903.0085698584757,29.791213164656966,False,Food Swamp,,#d32f2f
16,28,5.619288537549407,-0.10280845044526392,2347,44.8,0.422,808.8909122017127,26.678919900593495,False,Food Swamp,,#d32f2f
16,29,5.619288537549407,-0.09919822063632582,2197,32.5,0.387,970.5818505087043,32.025733991400735,False,Food Swamp,,#d32f2f
16,30,5.619288537549407,-0.09558799082738771,993,43.6,0.552,1121.232870198626,37.00747881462143,False,Low Access,,#f57c00
16,31,5.619288537549407,-0.0919777610184496,1367,43.3,0.497,753.7699451195745,24.85617357615736,False,Food Swamp,,#d32f2f
16,32,5.619288537549407,-0.08836753120951149,355,36.0,0.409,478.02278466157884,15.737735533342544,True,Food Desert,0.0,#880e4f
16,33,5.619288537549407,-0.08475730140057339,1335,37.0,0.367,497.8991895634502,16.395010720911422,True,Food Desert,0.0,#880e4f
16,34,5.619288537549407,-0.08114707159163527,1692,28.5,0.39,540.9347803085872,17.818116464570544,True,Food Desert,0.0,#880e4f
16,35,5.619288537549407,-0.07753684178269718,687,35.6,0.442,568.096558243173,18.71630518505582,True,Food Desert,0.0,#880e4f
16,36,5.619288537549407,-0.07392661197375905,793,29.2,0.325,403.49545386816936,13.273257396170257,True,Food Desert,0.0,#880e4f
16,37,5.619288537549407,-0.07031638216482095,2226,19.8,0.381,334.70286892887424,10.998416478381037,True,Food Desert,0.0,#880e4f
16,38,5.619288537549407,-0.06670615235588284,757,14.9,0.167,138.22869090648268,4.5013863137384185,True,Food Desert,0.0,#880e4f
16,39,5.619288537549407,-0.06309592254694474,627,37.6,0.349,271.420646703264,8.90579285310978,True,Food Desert,0.0,#880e4f
16,40,5.619288537549407,-0.059485692738006635,936,20.5,0.249,181.63784402351567,5.936845059827745,True,Food Desert,0.0,#880e4f
16,41,5.619288537549407,-0.05587546292906853,491,27.4,0.284,182.3180863328537,5.959339388840954,True,Food Desert,0.0,#880e4f
16,42,5.619288537549407,-0.0522652331201304,100,30.3,0.317,183.11627139210125,5.985733861942184,True,Food Desert,0.0,#880e4f
16,43,5.619288537549407,-0.048655003311192296,1025,38.8,0.449,226.75980663771645,7.4289431825588075,True,Food Desert,0.0,#880e4f
16,44,5.619288537549407,-0.04504477350225419,1151,21.5,0.258,114.07303314856867,3.7026043125633588,True,Food Desert,0.0,#880e4f
17,0,5.622881782249371,-0.20389488509553094,203,5.3,0.224,85.56593247462456,2.759928308778216,True,Food Desert,0.0,#880e4f
17,1,5.622881782249371,-0.20028465528659284,516,23.6,0.288,122.09878305587547,3.96800071104432,True,Food Desert,0.0,#880e4f
17,2,5.622881782249371,-0.19667442547765474,537,23.4,0.289,128.7274208923885,4.1871972508023765,True,Food Desert,0.0,#880e4f
17,3,5.622881782249371,-0.19306419566871663,672,29.6,0.238,116.71729425962731,3.7900450356887223,True,Food Desert,0.0,#880e4f
17,4,5.622881782249371,-0.1894539658597785,1676,23.3,0.292,151.1126185872033,4.927433479952677,True,Food Desert,0.0,#880e4f
17,5,5.622881782249371,-0.1858437360508404,296,14.9,0.282,158.34069617507623,5.1664523606701005,True,Food Desert,0.0,#880e4f
17,6,5.622881782249371,-0.1822335062419023,1118,24.6,0.275,165.49589471720543,5.403061268925323,True,Food Desert,0.0,#880e4f
17,7,5.622881782249371,-0.1786232764329642,1151,34.1,0.408,261.3334207427806,8.57222733319012,True,Food Desert,0.0,#880e4f
17,8,5.622881782249371,-0.1750130466240261,723,35.2,0.361,247.0317639688307,8.099298542241682,True,Food Desert,0.0,#880e4f
17,9,5.622881782249371,-0.17140281681508795,1236,30.8,0.272,199.6958736173754,6.533990008676671,True,Food Desert,0.0,#880e4f
17,10,5.622881782249371,-0.16779258700614985,1479,35.1,0.432,354.09997424266794,11.639842133390545,True,Food Desert,0.0,#880e4f
17,11,5.622881782249371,-0.16418235719721175,1910,40.2,0.423,381.139628607105,12.533992457955009,False,Food Swamp,,#d32f2f
17,12,5.622881782249371,-0.16057212738827364,1968,42.0,0.388,381.0693552208436,12.531668649732945,False,Food Swamp,,#d32f2f
17,13,5.622881782249371,-0.15696189757933554,1234,46.2,0.551,614.0242303806177,20.235046600707843,False,Food Swamp,,#d32f2f
17,14,5.622881782249371,-0.15335166777039744,2263,45.2,0.542,676.2041212816416,22.291218210048275,False,Food Swamp,,#d32f2f
17,15,5.622881782249371,-0.14974143796145933,2353,53.0,0.467,658.7554042494183,21.71422207735674,False,Food Swamp,,#d32f2f
17,16,5.622881782249371,-0.14613120815252123,2570,59.1,0.543,992.8438273487355,32.761895539498795,False,Food Swamp,,#d32f2f
17,17,5.622881782249371,-0.1425209783435831,2616,42.3,0.504,1073.9001526843458,35.44227520079214,False,Low Access,,#f57c00
17,18,5.622881782249371,-0.138910748534645,3470,52.3,0.562,1173.8841822830457,38.74855831048018,False,Low Access,,#f57c00
17,19,5.622881782249371,-0.1353005187257069,2992,54.6,0.572,1104.9913253799978,36.47040158814235,False,Low Access,,#f57c00
17,20,5.622881782249371,-0.1316902889167688,3758,60.2,0.556,929.7577451683442,30.67575789525115,False,Food Swamp,,#d32f2f
17,21,5.622881782249371,-0.12808005910783066,3024,49.4,0.523,915.8860728474042,30.21704787844215,False,Food Swamp,,#d32f2f
17,22,5.622881782249371,-0.12446982929889255,3953,46.7,0.541,1177.582841936805,38.87086600292657,False,Low Access,,#f57c00
17,23,5.622881782249371,-0.12085959948995446,3726,54.1,0.563,1687.9668733337342,55.7483024218734,False,Moderate Access,,#fbc02d
17,24,5.622881782249371,-0.11724936968101635,3812,63.4,0.58,2149.255147922866,71.00223484580738,False,Moderate Access,,#fbc02d
17,25,5.622881782249371,-0.11363913987207824,2900,56.5,0.544,2005.4219804255615,66.24594352390359,False,Moderate Access,,#fbc02d
17,26,5.622881782249371,-0.11002891006314014,3046,49.3,0.574,1439.8620771840056,47.543945183673955,False,Low Access,,#f57c00
17,27,5.622881782249371,-0.10641868025420204,2251,52.3,0.427,774.1313528653774,25.529486892190135,False,Food Swamp,,#d32f2f
17,28,5.622881782249371,-0.10280845044526392,2622,54.0,0.512,926.8278502004088,30.578871799696433,False,Food Swamp,,#d32f2f
17,29,5.622881782249371,-0.09919822063632582,2525,42.5,0.46,829.3013180228619,27.35385349047975,False,Food Swamp,,#d32f2f
17,30,5.622881782249371,-0.09558799082738771,1693,33.6,0.489,805.6851047145122,26.572909898892384,False,Food Swamp,,#d32f2f
17,31,5.622881782249371,-0.0919777610184496,2535,48.1,0.45,669.2826588060614,22.06233851226854,False,Food Swamp,,#d32f2f
17,32,5.622881782249371,-0.08836753120951149,1722,29.6,0.29,343.22538881960526,11.28024012241499,True,Food Desert,0.0,#880e4f
17,33,5.622881782249371,-0.08475730140057339,1420,33.5,0.277,308.98051010082617,10.147826630423797,True,Food Desert,0.0,#880e4f
17,34,5.622881782249371,-0.08114707159163527,1016,18.9,0.333,356.3230584269044,11.713355330640711,True,Food Desert,0.0,#880e4f
17,35,5.622881782249371,-0.07753684178269718,2453,20.6,0.227,232.6145178832251,7.62254743096547,True,Food Desert,0.0,#880e4f
17,36,5.622881782249371,-0.07392661197375905,406,11.0,0.196,189.40330782094586,6.193634288021356,True,Food Desert,0.0,#880e4f
17,37,5.622881782249371,-0.07031638216482095,1600,24.8,0.283,249.44072701143472,8.178958402437274,True,Food Desert,0.0,#880e4f
17,38,5.622881782249371,-0.06670615235588284,1022,25.9,0.28,228.09915512769686,7.4732329087098925,True,Food Desert,0.0,#880e4f
17,39,5.622881782249371,-0.06309592254694474,427,22.0,0.287,214.9216698887258,7.037478348220165,True,Food Desert,0.0,#880e4f
17,40,5.622881782249371,-0.059485692738006635,100,14.3,0.199,139.12694521961046,4.5310898881554404,True,Food Desert,0.0,#880e4f
17,41,5.622881782249371,-0.05587546292906853,465,36.3,0.405,251.2540126301851,8.238920334741636,True,Food Desert,0.0,#880e4f
17,42,5.622881782249371,-0.0522652331201304,550,39.1,0.428,242.0413982853516,7.934276569865922,True,Food Desert,0.0,#880e4f
17,43,5.622881782249371,-0.048655003311192296,1203,16.1,0.175,87.31790728234219,2.817862808303839,True,Food Desert,0.0,#880e4f
17,44,5.622881782249371,-0.04504477350225419,287,23.3,0.312,144.51227150554055,4.709172462050434,True,Food Desert,0.0,#880e4f
18,0,5.626475026949334,-0.20389488509553094,943,10.8,0.155,63.28968838371273,2.0232949696271456,True,Food Desert,0.0,#880e4f
18,1,5.626475026949334,-0.20028465528659284,100,8.1,0.101,43.275633796087256,1.3614679668044778,True,Food Desert,0.0,#880e4f
18,2,5.626475026949334,-0.19667442547765474,626,15.1,0.112,50.47351818508365,1.5994884154335598,True,Food Desert,0.0,#880e4f
18,3,5.626475026949334,-0.19306419566871663,956,19.3,0.222,110.24177208238227,3.5759117417320048,True,Food Desert,0.0,#880e4f
18,4,5.626475026949334,-0.1894539658597785,522,6.5,0.062,32.535470965444404,1.0063110571982317,True,Food Desert,0.0,#880e4f
18,5,5.626475026949334,-0.1858437360508404,1368,29.1,0.388,223.4802420439583,7.320494172581974,True,Food Desert,0.0,#880e4f
18,6,5.626475026949334,-0.1822335062419023,133,14.9,0.25,153.0295556715555,4.990822970551991,True,Food Desert,0.0,#880e4f
18,7,5.626475026949334,-0.1786232764329642,373,24.1,0.288,188.03723237274508,6.148460751816886,True,Food Desert,0.0,#880e4f
18,8,5.626475026949334,-0.1750130466240261,931,36.9,0.48,335.638473844774,11.029355166721526,True,Food Desert,0.0,#880e4f
18,9,5.626475026949334,-0.17140281681508795,821,30.1,0.402,309.1095783620292,10.152094674167634,True,Food Desert,0.0,#880e4f
18,10,5.626475026949334,-0.16779258700614985,1089,27.1,0.382,321.6095817846403,10.565446189935699,True,Food Desert,0.0,#880e4f
18,11,5.626475026949334,-0.16418235719721175,1730,41.1,0.44,406.35769831089505,13.367906416566463,False,Food Swamp,,#d32f2f
18,12,5.626475026949334,-0.16057212738827364,1422,28.8,0.399,403.83449218234284,13.284468753185852,True,Food Desert,0.0,#880e4f
18,13,5.626475026949334,-0.15696189757933554,1375,33.8,0.311,345.7005889895316,11.362090319369152,True,Food Desert,0.0,#880e4f
18,14,5.626475026949334,-0.15335166777039744,984,41.9,0.441,542.3733344592094,17.865686734639315,False,Food Swamp,,#d32f2f
18,15,5.626475026949334,-0.14974143796145933,2072,45.1,0.571,795.9219998970867,26.250062453300053,False,Food Swamp,,#d32f2f
18,16,5.626475026949334,-0.14613120815252123,2533,54.2,0.42,956.5942659270895,31.563190974949563,False,Food Swamp,,#d32f2f
18,17,5.626475026949334,-0.1425209783435831,3628,57.4,0.491,1645.7857096787952,54.353450969105744,False,Low Access,,#f57c00
18,18,5.626475026949334,-0.138910748534645,2901,47.3,0.474,1654.5014695810178,54.64166469552259,False,Low Access,,#f57c00
18,19,5.626475026949334,-0.1353005187257069,3537,55.4,0.521,1179.1932491605894,38.9241191297018,False,Low Access,,#f57c00
18,20,5.626475026949334,-0.1316902889167688,3057,67.7,0.55,964.8453335797692,31.83603820591677,False,Food Swamp,,#d32f2f
18,21,5.626475026949334,-0.12808005910783066,4146,57.5,0.52,936.5820750332907,30.901425600963478,False,Food Swamp,,#d32f2f
18,22,5.626475026949334,-0.12446982929889255,3506,81.5,0.83,1597.1056997882547,52.7436949398025,False,Low Access,,#f57c00
18,23,5.626475026949334,-0.12085959948995446,3390,52.0,0.545,1392.7037120218051,45.984507072986816,False,Low Access,,#f57c00
18,24,5.626475026949334,-0.11724936968101635,3847,65.4,0.621,1708.5459718809605,56.4288143617541,False,Moderate Access,,#fbc02d
18,25,5.626475026949334,-0.11363913987207824,4091,67.7,0.586,1638.793327816536,54.122226101089645,False,Low Access,,#f57c00
18,26,5.626475026949334,-0.11002891006314014,2510,52.4,0.538,1476.949220015697,48.770346984273154,False,Low Access,,#f57c00
18,27,5.626475026949334,-0.10641868025420204,3059,48.9,0.494,1118.6421172377648,36.92180750501079,False,Low Access,,#f57c00
18,28,5.626475026949334,-0.10280845044526392,2100,57.4,0.605,1193.287547601009,39.39019097200998,False,Low Access,,#f57c00
18,29,5.626475026949334,-0.09919822063632582,1714,44.2,0.396,770.5974958262954,25.41262891109791,False,Food Swamp,,#d32f2f
18,30,5.626475026949334,-0.09558799082738771,1946,44.7,0.489,685.6779036565385,22.604498308647035,False,Food Swamp,,#d32f2f
18,31,5.626475026949334,-0.0919777610184496,2089,38.7,0.511,649.9425278671516,21.422796892280623,True,Food Desert,0.0,#880e4f
18,32,5.626475026949334,-0.08836753120951149,1983,43.3,0.498,585.1737356921601,19.281015205119523,False,Food Swamp,,#d32f2f
18,33,5.626475026949334,-0.08475730140057339,2165,36.5,0.322,357.314183237562,11.746129957090778,True,Food Desert,0.0,#880e4f
18,34,5.626475026949334,-0.08114707159163527,1207,28.5,0.352,449.1890387018388,14.784257986594781,True,Food Desert,0.0,#880e4f
18,35,5.626475026949334,-0.07753684178269718,1044,27.7,0.353,467.2341252253616,15.3809749325415,True,Food Desert,0.0,#880e4f
18,36,5.626475026949334,-0.07392661197375905,565,25.8,0.304,406.7329301627548,13.38031462554744,True,Food Desert,0.0,#880e4f
18,37,5.626475026949334,-0.07031638216482095,1726,26.4,0.35,387.57131792342545,12.746676281948316,True,Food Desert,0.0,#880e4f
18,38,5.626475026949334,-0.06670615235588284,1987,25.1,0.242,195.42250560576582,6.392677795766525,True,Food Desert,0.0,#880e4f
18,39,5.626475026949334,-0.06309592254694474,757,14.3,0.173,126.96524327400695,4.128925363588891,True,Food Desert,0.0,#880e4f
18,40,5.626475026949334,-0.059485692738006635,100,13.9,0.144,96.69499631300668,3.1279454405458393,True,Food Desert,0.0,#880e4f
18,41,5.626475026949334,-0.05587546292906853,772,23.2,0.315,198.065339435995,6.48007132140927,True,Food Desert,0.0,#880e4f
18,42,5.626475026949334,-0.0522652331201304,679,12.6,0.217,120.62264053054501,3.9191874643830173,True,Food Desert,0.0,#880e4f
18,43,5.626475026949334,-0.048655003311192296,386,24.6,0.348,171.53312642711037,5.602701124528735,True,Food Desert,0.0,#880e4f
18,44,5.626475026949334,-0.04504477350225419,1167,20.6,0.276,126.87619106550905,4.1259805751659915,True,Food Desert,0.0,#880e4f
19,0,5.630068271649299,-0.20389488509553094,435,22.9,0.218,89.7184870588326,2.897245449714924,True,Food Desert,0.0,#880e4f
19,1,5.630068271649299,-0.20028465528659284,100,7.9,0.083,35.87329269791833,1.1166865207749836,True,Food Desert,0.0,#880e4f
19,2,5.630068271649299,-0.19667442547765474,1118,12.6,0.164,74.6216548292508,2.398021707575316,True,Food Desert,0.0,#880e4f
19,3,5.630068271649299,-0.19306419566871663,1067,9.9,0.188,94.32658081825701,3.049626411212418,True,Food Desert,0.0,#880e4f
19,4,5.630068271649299,-0.1894539658597785,589,15.3,0.249,132.18845957992102,4.301647266474823,True,Food Desert,0.0,#880e4f
19,5,5.630068271649299,-0.1858437360508404,1706,22.8,0.237,138.2500181270977,4.502091564662781,True,Food Desert,0.0,#880e4f
19,6,5.630068271649299,-0.1822335062419023,596,27.8,0.307,190.65147074728566,6.234908679722306,True,Food Desert,0.0,#880e4f
19,7,5.630068271649299,-0.1786232764329642,1567,25.5,0.258,171.25434170811064,5.593482240159227,True,Food Desert,0.0,#880e4f
19,8,5.630068271649299,-0.1750130466240261,1182,26.1,0.347,247.2888429183684,8.107799657791078,True,Food Desert,0.0,#880e4f
19,9,5.630068271649299,-0.17140281681508795,1413,33.9,0.446,350.55673804939937,11.522674001375274,True,Food Desert,0.0,#880e4f
19,10,5.630068271649299,-0.16779258700614985,858,35.9,0.395,340.93628734768583,11.204543858088115,True,Food Desert,0.0,#880e4f
19,11,5.630068271649299,-0.16418235719721175,1508,45.1,0.378,359.14773809809594,11.806762154956791,False,Food Swamp,,#d32f2f
19,12,5.630068271649299,-0.16057212738827364,1540,33.5,0.367,383.5219852813296,12.612772495775607,True,Food Desert,0.0,#880e4f
19,13,5.630068271649299,-0.15696189757933554,1839,36.7,0.385,442.95373688544635,14.578068326485166,True,Food Desert,0.0,#880e4f
19,14,5.630068271649299,-0.15335166777039744,2080,44.2,0.404,514.0752950861962,16.929923993411514,False,Food Swamp,,#d32f2f
19,15,5.630068271649299,-0.14974143796145933,2245,37.1,0.351,500.5601427814694,16.483003420502733,True,Food Desert,0.0,#880e4f
19,16,5.630068271649299,-0.14613120815252123,2998,64.3,0.574,1165.8776550191646,38.483797568528935,False,Low Access,,#f57c00
19,17,5.630068271649299,-0.1425209783435831,2260,71.5,0.637,1860.8737986489061,61.46600802958054,False,Moderate Access,,#fbc02d
19,18,5.630068271649299,-0.138910748534645,3536,58.9,0.596,1846.8570281999228,61.00249989159238,False,Moderate Access,,#fbc02d
19,19,5.630068271649299,-0.1353005187257069,3677,60.7,0.706,1474.3516834095267,48.684451352318256,False,Low Access,,#f57c00
19,20,5.630068271649299,-0.1316902889167688,2839,61.0,0.642,1163.5510920732604,38.40686252397688,False,Low Access,,#f57c00
19,21,5.630068271649299,-0.12808005910783066,3711,86.1,0.922,1706.8173289492265,56.3716514033215,False,Moderate Access,,#fbc02d
19,22,5.630068271649299,-0.12446982929889255,4175,77.5,0.7,1369.9589956909313,45.23238224123877,False,Low Access,,#f57c00
19,23,5.630068271649299,-0.12085959948995446,4620,72.3,0.658,1580.0684239120387,52.180304389424435,False,Low Access,,#f57c00
19,24,5.630068271649299,-0.11724936968101635,4256,57.0,0.532,1933.55868670397,63.86956006354606,False,Moderate Access,,#fbc02d
19,25,5.630068271649299,-0.11363913987207824,4042,74.5,0.67,2169.0601915137963,71.65715024953882,False,Moderate Access,,#fbc02d
19,26,5.630068271649299,-0.11002891006314014,3062,58.4,0.57,1591.7074007561127,52.565183381680136,False,Low Access,,#f57c00
19,27,5.630068271649299,-0.10641868025420204,3081,60.1,0.59,1676.105466792295,55.356068099427034,False,Moderate Access,,#fbc02d
19,28,5.630068271649299,-0.10280845044526392,2811,45.1,0.426,1347.0006357990326,44.47319262024242,False,Low Access,,#f57c00
19,29,5.630068271649299,-0.09919822063632582,2811,46.8,0.507,986.0135397393838,32.53603082242598,False,Food Swamp,,#d32f2f
19,30,5.630068271649299,-0.09558799082738771,2482,50.7,0.48,669.8115142439437,22.07982676322977,False,Food Swamp,,#d32f2f
19,31,5.630068271649299,-0.0919777610184496,3173,60.9,0.535,672.7005918759594,22.175363106540296,False,Food Swamp,,#d32f2f
19,32,5.630068271649299,-0.08836753120951149,776,43.3,0.489,568.7710397653511,18.73860901571282,False,Food Swamp,,#d32f2f
19,33,5.630068271649299,-0.08475730140057339,2297,44.8,0.441,486.69861479010115,16.024628857522277,False,Food Swamp,,#d32f2f
19,34,5.630068271649299,-0.08114707159163527,1878,44.5,0.464,585.674404523613,19.297571378216606,False,Food Swamp,,#d32f2f
19,35,5.630068271649299,-0.07753684178269718,705,45.4,0.435,716.2924504644863,23.61686357766183,False,Food Swamp,,#d32f2f
19,36,5.630068271649299,-0.07392661197375905,876,14.6,0.158,463.5659727521417,15.259676054964306,True,Food Desert,0.0,#880e4f
19,37,5.630068271649299,-0.07031638216482095,1483,23.0,0.307,386.1745367386363,12.700487365000937,True,Food Desert,0.0,#880e4f
19,38,5.630068271649299,-0.06670615235588284,484,25.8,0.318,261.223394377943,8.56858896901193,True,Food Desert,0.0,#880e4f
19,39,5.630068271649299,-0.06309592254694474,1060,17.6,0.331,236.85468159392968,7.762761640327533,True,Food Desert,0.0,#880e4f
19,40,5.630068271649299,-0.059485692738006635,414,9.4,0.19,125.34948700240062,4.075495353900084,True,Food Desert,0.0,#880e4f
19,41,5.630068271649299,-0.05587546292906853,1190,21.1,0.169,104.50715508561994,3.3862787834183123,True,Food Desert,0.0,#880e4f
19,42,5.630068271649299,-0.0522652331201304,100,15.9,0.235,128.7156973497571,4.1868095753791765,True,Food Desert,0.0,#880e4f
19,43,5.630068271649299,-0.048655003311192296,147,22.4,0.213,103.7546281510031,3.3613941383055366,True,Food Desert,0.0,#880e4f
19,44,5.630068271649299,-0.04504477350225419,1227,5.1,0.104,47.402210129526985,1.4979260560298353,True,Food Desert,0.0,#880e4f
20,0,5.633661516349263,-0.20389488509553094,100,11.5,0.241,99.78360544039002,3.230079913734032,True,Food Desert,0.0,#880e4f
20,1,5.633661516349263,-0.20028465528659284,100,6.6,0.048,20.88468971422335,0.6210417154824511,True,Food Desert,0.0,#880e4f
20,2,5.633661516349263,-0.19667442547765474,1225,19.2,0.25,114.59949297436485,3.720013345155318,True,Food Desert,0.0,#880e4f
20,3,5.633661516349263,-0.19306419566871663,1441,19.9,0.196,99.12772466074892,3.208391174518378,True,Food Desert,0.0,#880e4f
20,4,5.633661516349263,-0.1894539658597785,225,18.7,0.311,168.43838012515414,5.500363706563132,True,Food Desert,0.0,#880e4f
20,5,5.633661516349263,-0.1858437360508404,922,17.7,0.245,144.35597107842267,4.704003901988482,True,Food Desert,0.0,#880e4f
20,6,5.633661516349263,-0.1822335062419023,593,25.7,0.259,162.72208031794966,5.311336463129058,True,Food Desert,0.0,#880e4f
20,7,5.633661516349263,-0.1786232764329642,893,45.1,0.447,300.77454399475823,9.876470822460664,False,Food Swamp,,#d32f2f
20,8,5.633661516349263,-0.1750130466240261,1582,39.6,0.414,306.8293554152364,10.076692005905882,True,Food Desert,0.0,#880e4f
20,9,5.633661516349263,-0.17140281681508795,2519,49.0,0.426,341.39056558852417,11.219565981929403,False,Food Swamp,,#d32f2f
20,10,5.633661516349263,-0.16779258700614985,2208,24.2,0.274,238.95033101629699,7.832060810573124,True,Food Desert,0.0,#880e4f
20,11,5.633661516349263,-0.16418235719721175,1999,30.8,0.317,309.8416341346222,10.176302376597596,True,Food Desert,0.0,#880e4f
20,12,5.633661516349263,-0.16057212738827364,1910,45.5,0.493,557.019292820319,18.350000929105033,False,Food Swamp,,#d32f2f
20,13,5.633661516349263,-0.15696189757933554,1916,45.4,0.444,571.6273249527848,18.833060974786363,False,Food Swamp,,#d32f2f
20,14,5.633661516349263,-0.15335166777039744,2786,39.3,0.396,566.997509903107,18.67996173122549,True,Food Desert,0.0,#880e4f
20,15,5.633661516349263,-0.14974143796145933,2480,51.4,0.549,829.4093792645366,27.35742687174469,False,Food Swamp,,#d32f2f
20,16,5.633661516349263,-0.14613120815252123,3144,56.8,0.545,1063.5908185861651,35.101364984053,False,Low Access,,#f57c00
20,17,5.633661516349263,-0.1425209783435831,3472,47.3,0.473,1118.7097798206325,36.924044978893285,False,Low Access,,#f57c00
20,18,5.633661516349263,-0.138910748534645,4267,57.3,0.511,1199.9973921290584,39.612072863755735,False,Low Access,,#f57c00
20,19,5.633661516349263,-0.1353005187257069,3668,64.6,0.639,1310.9766410150626,43.28194711857804,False,Low Access,,#f57c00
20,20,5.633661516349263,-0.1316902889167688,4871,73.0,0.739,1374.065528380813,45.368177525009905,False,Low Access,,#f57c00
20,21,5.633661516349263,-0.12808005910783066,5336,77.8,0.687,1320.5705262501122,43.59919879203272,False,Low Access,,#f57c00
20,22,5.633661516349263,-0.12446982929889255,5276,81.9,0.776,1572.5543166867553,51.93182704856256,False,Low Access,,#f57c00
20,23,5.633661516349263,-0.12085959948995446,5583,74.3,0.733,1739.9615602122922,57.4676685617467,False,Moderate Access,,#fbc02d
20,24,5.633661516349263,-0.11724936968101635,4090,70.3,0.676,2193.3775033570323,72.46127784614603,False,Moderate Access,,#fbc02d
20,25,5.633661516349263,-0.11363913987207824,3904,74.3,0.687,2195.602338794332,72.534848954029,False,Moderate Access,,#fbc02d
20,26,5.633661516349263,-0.11002891006314014,3960,67.5,0.652,1710.123838105772,56.48099141912396,False,Moderate Access,,#fbc02d
20,27,5.633661516349263,-0.10641868025420204,3041,58.9,0.615,1714.9844179421855,56.64172161854606,False,Moderate Access,,#fbc02d
20,28,5.633661516349263,-0.10280845044526392,2318,42.0,0.413,1319.7859542800254,43.57325447809134,False,Low Access,,#f57c00
20,29,5.633661516349263,-0.09919822063632582,2818,54.4,0.582,1068.8548699570508,35.275437225449394,False,Low Access,,#f57c00
20,30,5.633661516349263,-0.09558799082738771,2025,55.0,0.582,798.1210024671387,26.322779317030243,False,Food Swamp,,#d32f2f
20,31,5.633661516349263,-0.0919777610184496,295,36.8,0.411,507.78220216266476,16.721823290486455,True,Food Desert,0.0,#880e4f
20,32,5.633661516349263,-0.08836753120951149,1719,56.0,0.387,442.6287936190373,14.567323066090609,False,Food Swamp,,#d32f2f
20,33,5.633661516349263,-0.08475730140057339,1530,42.3,0.459,498.34527066224837,16.40976178073995,False,Food Swamp,,#d32f2f
20,34,5.633661516349263,-0.08114707159163527,1047,44.9,0.426,542.5479840701626,17.871462067571237,False,Food Swamp,,#d32f2f
20,35,5.633661516349263,-0.07753684178269718,1724,35.8,0.395,674.4631132666635,22.233646361655516,True,Food Desert,0.0,#880e4f
20,36,5.633661516349263,-0.07392661197375905,818,36.0,0.323,595.5885363515127,19.6254130019376,True,Food Desert,0.0,#880e4f
20,37,5.633661516349263,-0.07031638216482095,1183,28.8,0.334,402.25656420340874,13.232289653723733,True,Food Desert,0.0,#880e4f
20,38,5.633661516349263,-0.06670615235588284,978,37.4,0.372,301.6505200971107,9.905437698503995,True,Food Desert,0.0,#880e4f
20,39,5.633661516349263,-0.06309592254694474,1641,18.5,0.18,128.16045527891947,4.168448768278614,True,Food Desert,0.0,#880e4f
20,40,5.633661516349263,-0.059485692738006635,1010,22.6,0.292,189.409879187295,6.1938515907011436,True,Food Desert,0.0,#880e4f
20,41,5.633661516349263,-0.05587546292906853,1144,27.4,0.284,169.33444415208825,5.529994852350536,True,Food Desert,0.0,#880e4f
20,42,5.633661516349263,-0.0522652331201304,1222,37.3,0.434,234.44164378767428,7.682967035390299,True,Food Desert,0.0,#880e4f
20,43,5.633661516349263,-0.048655003311192296,100,19.3,0.244,117.46435258090538,3.814748844081995,True,Food Desert,0.0,#880e4f
20,44,5.633661516349263,-0.04504477350225419,849,12.1,0.198,90.1730858876045,2.9122781747939706,True,Food Desert,0.0,#880e4f
21,0,5.637254761049227,-0.20389488509553094,647,14.0,0.232,89.7989463769403,2.899906087474216,True,Food Desert,0.0,#880e4f
21,1,5.637254761049227,-0.20028465528659284,446,25.3,0.342,149.48300697788795,4.873545300401841,True,Food Desert,0.0,#880e4f
21,2,5.637254761049227,-0.19667442547765474,1144,13.3,0.158,72.79760613317058,2.3377038606221165,True,Food Desert,0.0,#880e4f
21,3,5.637254761049227,-0.19306419566871663,100,33.8,0.422,214.59974194325218,7.026832798796641,True,Food Desert,0.0,#880e4f
21,4,5.637254761049227,-0.1894539658597785,1777,36.3,0.379,206.58176240510238,6.761693351754854,True,Food Desert,0.0,#880e4f
21,5,5.637254761049227,-0.1858437360508404,830,29.1,0.292,169.32257205871795,5.529602264634835,True,Food Desert,0.0,#880e4f
21,6,5.637254761049227,-0.1822335062419023,1151,19.3,0.197,124.82648185870056,4.058200561123319,True,Food Desert,0.0,#880e4f
21,7,5.637254761049227,-0.1786232764329642,975,38.6,0.545,379.6298775672837,12.484067841165409,True,Food Desert,0.0,#880e4f
21,8,5.637254761049227,-0.1750130466240261,1354,25.0,0.229,171.94841123093047,5.616433809019362,True,Food Desert,0.0,#880e4f
21,9,5.637254761049227,-0.17140281681508795,1673,45.1,0.389,316.8683532858311,10.408662713937566,False,Food Swamp,,#d32f2f
21,10,5.637254761049227,-0.16779258700614985,1978,47.2,0.483,430.06294581510485,14.151794200932805,False,Food Swamp,,#d32f2f
21,11,5.637254761049227,-0.16418235719721175,1900,37.8,0.378,379.50265712587054,12.479860901333723,True,Food Desert,0.0,#880e4f
21,12,5.637254761049227,-0.16057212738827364,2371,46.8,0.507,602.403307871102,19.85076463121314,False,Food Swamp,,#d32f2f
21,13,5.637254761049227,-0.15696189757933554,2158,45.4,0.399,613.7486094174743,20.225932335771986,False,Food Swamp,,#d32f2f
21,14,5.637254761049227,-0.15335166777039744,2674,53.7,0.577,904.9638892912797,29.855871887061657,False,Food Swamp,,#d32f2f
21,15,5.637254761049227,-0.14974143796145933,2594,36.1,0.34,744.5552223086148,24.551460088287204,True,Food Desert,0.0,#880e4f
21,16,5.637254761049227,-0.14613120815252123,3328,55.9,0.553,1120.7352963560693,36.99102498696444,False,Low Access,,#f57c00
21,17,5.637254761049227,-0.1425209783435831,3694,59.0,0.608,1258.9464076158365,41.56140552237071,False,Low Access,,#f57c00
21,18,5.637254761049227,-0.138910748534645,2874,51.6,0.547,1128.8168094291063,37.2582653680668,False,Low Access,,#f57c00
21,19,5.637254761049227,-0.1353005187257069,4680,71.3,0.686,1278.7613015685654,42.216646658971385,False,Low Access,,#f57c00
21,20,5.637254761049227,-0.1316902889167688,4499,65.6,0.596,1202.8064524982733,39.704963187241454,False,Low Access,,#f57c00
21,21,5.637254761049227,-0.12808005910783066,5447,79.7,0.651,1398.3174117283224,46.1701415247789,False,Low Access,,#f57c00
21,22,5.637254761049227,-0.12446982929889255,5494,62.1,0.561,1287.215909412727,42.49622457982916,False,Low Access,,#f57c00
21,23,5.637254761049227,-0.12085959948995446,5888,86.7,0.786,1926.0843992800492,63.62239948834372,False,Moderate Access,,#fbc02d
21,24,5.637254761049227,-0.11724936968101635,4687,75.3,0.736,1948.3296990091999,64.3580095558679,False,Moderate Access,,#fbc02d
21,25,5.637254761049227,-0.11363913987207824,3910,68.3,0.626,1738.879162935494,57.43187572714488,False,Moderate Access,,#fbc02d
21,26,5.637254761049227,-0.11002891006314014,3685,48.3,0.459,1401.0619813448236,46.26089926081757,False,Low Access,,#f57c00
21,27,5.637254761049227,-0.10641868025420204,2980,57.9,0.553,1189.566322453414,39.26713708128142,False,Low Access,,#f57c00
21,28,5.637254761049227,-0.10280845044526392,3652,53.1,0.476,984.9749493491283,32.501686598863785,False,Food Swamp,,#d32f2f
21,29,5.637254761049227,-0.09919822063632582,2169,60.3,0.655,1060.4481526467428,34.99744295413874,False,Food Swamp,,#d32f2f
21,30,5.637254761049227,-0.09558799082738771,2571,47.8,0.466,615.9735215141978,20.29950597863738,False,Food Swamp,,#d32f2f
21,31,5.637254761049227,-0.0919777610184496,2718,35.1,0.396,476.09321346881563,15.673928256628658,True,Food Desert,0.0,#880e4f
21,32,5.637254761049227,-0.08836753120951149,1817,42.3,0.466,519.8355055210432,17.120403278407554,False,Food Swamp,,#d32f2f
21,33,5.637254761049227,-0.08475730140057339,1883,41.7,0.39,411.2971466459591,13.531244648351546,False,Food Swamp,,#d32f2f
21,34,5.637254761049227,-0.08114707159163527,1217,36.6,0.517,579.9469483897128,19.108175216119538,True,Food Desert,0.0,#880e4f
21,35,5.637254761049227,-0.07753684178269718,854,35.7,0.375,467.5849998830581,15.392577695092838,True,Food Desert,0.0,#880e4f
21,36,5.637254761049227,-0.07392661197375905,793,14.6,0.224,328.0123158598537,10.777172518767092,True,Food Desert,0.0,#880e4f
21,37,5.637254761049227,-0.07031638216482095,1886,16.7,0.162,233.3604247910148,7.647213164288313,True,Food Desert,0.0,#880e4f
21,38,5.637254761049227,-0.06670615235588284,1881,27.2,0.367,285.0140241180012,9.355300182733798,True,Food Desert,0.0,#880e4f
21,39,5.637254761049227,-0.06309592254694474,1508,23.5,0.291,204.22144819445467,6.683642216593137,True,Food Desert,0.0,#880e4f
21,40,5.637254761049227,-0.059485692738006635,521,10.0,0.214,136.28981816713008,4.437271452438215,True,Food Desert,0.0,#880e4f
21,41,5.637254761049227,-0.05587546292906853,602,41.7,0.367,215.41125924609366,7.053668144025009,False,Food Swamp,,#d32f2f
21,42,5.637254761049227,-0.0522652331201304,1072,21.2,0.307,163.54581083909721,5.338575676430779,True,Food Desert,0.0,#880e4f
21,43,5.637254761049227,-0.048655003311192296,198,21.6,0.359,170.7607556607589,5.577160281361539,True,Food Desert,0.0,#880e4f
21,44,5.637254761049227,-0.04504477350225419,100,36.3,0.45,202.96038146609072,6.641941120518956,True,Food Desert,0.0,#880e4f
22,0,5.640848005749191,-0.20389488509553094,324,19.4,0.203,73.38397285852699,2.3570939012907135,True,Food Desert,0.0,#880e4f
22,1,5.640848005749191,-0.20028465528659284,748,11.3,0.202,88.5026199785202,2.857039020674232,True,Food Desert,0.0,#880e4f
22,2,5.640848005749191,-0.19667442547765474,1102,27.7,0.325,150.1469952821327,4.8955021401508105,True,Food Desert,0.0,#880e4f
22,3,5.640848005749191,-0.19306419566871663,621,20.3,0.225,114.74516952249681,3.724830593594889,True,Food Desert,0.0,#880e4f
22,4,5.640848005749191,-0.1894539658597785,997,25.5,0.387,211.67709600390359,6.93018641493263,True,Food Desert,0.0,#880e4f
22,5,5.640848005749191,-0.1858437360508404,1214,22.4,0.39,227.11454378498007,7.440673670348548,True,Food Desert,0.0,#880e4f
22,6,5.640848005749191,-0.1822335062419023,1792,36.3,0.28,178.31524614953716,5.826973020511945,True,Food Desert,0.0,#880e4f
22,7,5.640848005749191,-0.1786232764329642,1209,32.2,0.413,289.6937376520127,9.510049474973584,True,Food Desert,0.0,#880e4f
22,8,5.640848005749191,-0.1750130466240261,1275,47.3,0.458,347.10236656328857,11.408444457467546,False,Food Swamp,,#d32f2f
22,9,5.640848005749191,-0.17140281681508795,990,28.9,0.298,245.81893049195023,8.059192428739669,True,Food Desert,0.0,#880e4f
22,10,5.640848005749191,-0.16779258700614985,1559,37.3,0.416,376.8158927463212,12.39101467535674,True,Food Desert,0.0,#880e4f
22,11,5.640848005749191,-0.16418235719721175,2534,46.8,0.458,470.1886649712195,15.478675984377874,False,Food Swamp,,#d32f2f
22,12,5.640848005749191,-0.16057212738827364,1568,49.2,0.493,603.7689818879445,19.895924892840412,False,Food Swamp,,#d32f2f
22,13,5.640848005749191,-0.15696189757933554,2626,52.9,0.482,758.1865084851275,25.00222098909925,False,Food Swamp,,#d32f2f
22,14,5.640848005749191,-0.15335166777039744,2283,52.8,0.559,948.4869165041416,31.29509623452934,False,Food Swamp,,#d32f2f
22,15,5.640848005749191,-0.14974143796145933,1972,50.0,0.546,1130.9801578278425,37.32980321565926,False,Low Access,,#f57c00
22,16,5.640848005749191,-0.14613120815252123,2962,53.5,0.504,1504.7479160550338,49.68959738411307,False,Low Access,,#f57c00
22,17,5.640848005749191,-0.1425209783435831,3880,49.7,0.517,1538.2285377334524,50.79673833853856,False,Low Access,,#f57c00
22,18,5.640848005749191,-0.138910748534645,3792,66.5,0.564,1230.0477945581645,40.60578294314999,False,Low Access,,#f57c00
22,19,5.640848005749191,-0.1353005187257069,2812,76.4,0.695,1331.8459257646898,43.97205496836068,False,Low Access,,#f57c00
22,20,5.640848005749191,-0.1316902889167688,5485,72.3,0.692,1561.342246967844,51.56106506902375,False,Low Access,,#f57c00
22,21,5.640848005749191,-0.12808005910783066,5055,75.1,0.674,1957.3612615251318,64.65666627855019,False,Moderate Access,,#fbc02d
22,22,5.640848005749191,-0.12446982929889255,5697,77.5,0.612,2006.8233382328385,66.29228378111694,False,Moderate Access,,#fbc02d
22,23,5.640848005749191,-0.12085959948995446,4838,86.8,0.806,2219.2150624379797,73.31567714899244,False,Moderate Access,,#fbc02d
22,24,5.640848005749191,-0.11724936968101635,4479,64.1,0.609,2088.622879682762,68.99724019627249,False,Moderate Access,,#fbc02d
22,25,5.640848005749191,-0.11363913987207824,4831,45.2,0.435,1583.9162173950012,52.3075436560688,False,Low Access,,#f57c00
22,26,5.640848005749191,-0.11002891006314014,3796,62.3,0.649,1406.4040724679846,46.43755212949882,False,Low Access,,#f57c00
22,27,5.640848005749191,-0.10641868025420204,3664,64.7,0.65,1119.0148933900773,36.93413450864359,False,Low Access,,#f57c00
22,28,5.640848005749191,-0.10280845044526392,3337,44.5,0.469,724.5938365257914,23.891374743411546,False,Food Swamp,,#d32f2f
22,29,5.640848005749191,-0.09919822063632582,2273,42.2,0.437,608.5020932101293,20.05243994913112,False,Food Swamp,,#d32f2f
22,30,5.640848005749191,-0.09558799082738771,2303,55.2,0.59,745.9606017138057,24.597933332151605,False,Food Swamp,,#d32f2f
22,31,5.640848005749191,-0.0919777610184496,2052,58.5,0.607,705.3353544057808,23.254533095728565,False,Food Swamp,,#d32f2f
22,32,5.640848005749191,-0.08836753120951149,2493,40.7,0.41,443.4866645493273,14.595691238272652,False,Food Swamp,,#d32f2f
22,33,5.640848005749191,-0.08475730140057339,2399,24.7,0.407,414.7979945590966,13.647011079963175,True,Food Desert,0.0,#880e4f
22,34,5.640848005749191,-0.08114707159163527,1627,35.5,0.441,427.85756687100655,14.07886648255018,True,Food Desert,0.0,#880e4f
22,35,5.640848005749191,-0.07753684178269718,2160,27.9,0.37,343.0761410545695,11.275304780574128,True,Food Desert,0.0,#880e4f
22,36,5.640848005749191,-0.07392661197375905,1515,16.3,0.304,267.31491272766175,8.770023981312052,True,Food Desert,0.0,#880e4f
22,37,5.640848005749191,-0.07031638216482095,100,24.2,0.305,248.29301912412518,8.141005869238747,True,Food Desert,0.0,#880e4f
22,38,5.640848005749191,-0.06670615235588284,1419,27.1,0.3,225.5525722566379,7.38902222058503,True,Food Desert,0.0,#880e4f
22,39,5.640848005749191,-0.06309592254694474,975,20.4,0.272,186.3741388174093,6.093465387518133,True,Food Desert,0.0,#880e4f
22,40,5.640848005749191,-0.059485692738006635,738,22.6,0.233,145.49885588660646,4.741796945065296,True,Food Desert,0.0,#880e4f
22,41,5.640848005749191,-0.05587546292906853,1456,30.0,0.346,199.79121630714172,6.537142811439992,True,Food Desert,0.0,#880e4f
22,42,5.640848005749191,-0.0522652331201304,604,25.8,0.25,131.28890007441382,4.271900531809745,True,Food Desert,0.0,#880e4f
22,43,5.640848005749191,-0.048655003311192296,702,20.1,0.367,172.41351930433368,5.631814054979089,True,Food Desert,0.0,#880e4f
22,44,5.640848005749191,-0.04504477350225419,1064,19.1,0.322,143.7480047551864,4.6838996033935665,True,Food Desert,0.0,#880e4f
23,0,5.644441250449155,-0.20389488509553094,628,12.7,0.235,85.14580613471095,2.7460355238287937,True,Food Desert,0.0,#880e4f
23,1,5.644441250449155,-0.20028465528659284,451,11.5,0.139,59.38476413076436,1.8941664962704143,True,Food Desert,0.0,#880e4f
23,2,5.644441250449155,-0.19667442547765474,352,37.8,0.388,179.29660679687677,5.859424764513806,True,Food Desert,0.0,#880e4f
23,3,5.644441250449155,-0.19306419566871663,185,25.2,0.335,170.86251711758825,5.58052534063433,True,Food Desert,0.0,#880e4f
23,4,5.644441250449155,-0.1894539658597785,887,25.3,0.211,115.4570887909973,3.748372419848062,True,Food Desert,0.0,#880e4f
23,5,5.644441250449155,-0.1858437360508404,168,28.8,0.341,198.73394522327882,6.502180852605488,True,Food Desert,0.0,#880e4f
23,6,5.644441250449155,-0.1822335062419023,704,27.0,0.334,218.5404080078887,7.157143186392761,True,Food Desert,0.0,#880e4f
23,7,5.644441250449155,-0.1786232764329642,387,20.5,0.318,223.67817527066285,7.327039450732153,True,Food Desert,0.0,#880e4f
23,8,5.644441250449155,-0.1750130466240261,811,26.8,0.29,220.8368420119898,7.233081923716582,True,Food Desert,0.0,#880e4f
23,9,5.644441250449155,-0.17140281681508795,856,26.6,0.356,296.06136729937634,9.720614966645877,True,Food Desert,0.0,#880e4f
23,10,5.644441250449155,-0.16779258700614985,1786,39.1,0.379,347.9103598943999,11.435163271603328,True,Food Desert,0.0,#880e4f
23,11,5.644441250449155,-0.16418235719721175,1391,28.8,0.309,323.3828288409005,10.624084122563024,True,Food Desert,0.0,#880e4f
23,12,5.644441250449155,-0.16057212738827364,2188,47.2,0.544,665.086397681876,21.923576078563674,False,Food Swamp,,#d32f2f
23,13,5.644441250449155,-0.15696189757933554,1795,47.4,0.516,808.9465153910223,26.68075859309666,False,Food Swamp,,#d32f2f
23,14,5.644441250449155,-0.15335166777039744,1891,47.2,0.522,993.3890332854658,32.77992447059057,False,Food Swamp,,#d32f2f
23,15,5.644441250449155,-0.14974143796145933,3563,67.0,0.656,1400.7768411377708,46.25147021245599,False,Low Access,,#f57c00
23,16,5.644441250449155,-0.14613120815252123,3032,65.4,0.589,1671.640760770424,55.20842869972409,False,Moderate Access,,#fbc02d
23,17,5.644441250449155,-0.1425209783435831,3360,72.3,0.752,1876.8420037821845,61.99404642867382,False,Moderate Access,,#fbc02d
23,18,5.644441250449155,-0.138910748534645,4546,49.6,0.547,1226.2997472308848,40.481842093573974,False,Low Access,,#f57c00
23,19,5.644441250449155,-0.1353005187257069,4096,68.1,0.65,1298.6340920469456,42.873802324378694,False,Low Access,,#f57c00
23,20,5.644441250449155,-0.1316902889167688,4119,64.7,0.644,1624.3482384964962,53.64455426661296,False,Low Access,,#f57c00
23,21,5.644441250449155,-0.12808005910783066,4143,79.9,0.803,2676.8982011224325,88.45039453430864,False,Good Access,,#2e7d32
23,22,5.644441250449155,-0.12446982929889255,5285,81.5,0.737,3026.1653559378437,100.0,False,Good Access,,#2e7d32
23,23,5.644441250449155,-0.12085959948995446,5656,82.5,0.792,2723.778036663676,90.00062219623699,False,Good Access,,#2e7d32
23,24,5.644441250449155,-0.11724936968101635,3556,72.7,0.732,2378.1896240206393,78.5726657894827,False,Good Access,,#2e7d32
23,25,5.644441250449155,-0.11363913987207824,4143,58.0,0.661,1922.3861314768628,63.50010475365604,False,Moderate Access,,#fbc02d
23,26,5.644441250449155,-0.11002891006314014,3825,68.0,0.619,1290.2991290168666,42.59818083165799,False,Low Access,,#f57c00
23,27,5.644441250449155,-0.10641868025420204,4840,59.4,0.445,716.4073647575096,23.620663576397728,False,Food Swamp,,#d32f2f
23,28,5.644441250449155,-0.10280845044526392,2885,41.0,0.358,517.4857874343031,17.04270253706018,False,Food Swamp,,#d32f2f
23,29,5.644441250449155,-0.09919822063632582,2982,40.8,0.407,535.8068201994108,17.648544504286757,False,Food Swamp,,#d32f2f
23,30,5.644441250449155,-0.09558799082738771,2763,43.5,0.467,564.7065396769904,18.604203670725134,False,Food Swamp,,#d32f2f
23,31,5.644441250449155,-0.0919777610184496,1904,44.5,0.513,574.5452185644285,18.929550208144587,False,Food Swamp,,#d32f2f
23,32,5.644441250449155,-0.08836753120951149,2962,43.8,0.53,554.4413591250982,18.264753528409,False,Food Swamp,,#d32f2f
23,33,5.644441250449155,-0.08475730140057339,2369,37.4,0.437,430.3657818263137,14.161808416131807,True,Food Desert,0.0,#880e4f
23,34,5.644441250449155,-0.08114707159163527,1676,50.7,0.461,430.00209408156564,14.14978194898013,False,Food Swamp,,#d32f2f
23,35,5.644441250449155,-0.07753684178269718,1398,17.2,0.22,194.87666670030274,6.37462793359367,True,Food Desert,0.0,#880e4f
23,36,5.644441250449155,-0.07392661197375905,801,33.8,0.335,277.729137687423,9.114402740831443,True,Food Desert,0.0,#880e4f
23,37,5.644441250449155,-0.07031638216482095,1288,33.5,0.41,321.2830672245281,10.554648969824656,True,Food Desert,0.0,#880e4f
23,38,5.644441250449155,-0.06670615235588284,851,28.2,0.417,304.3373865817583,9.994287300903826,True,Food Desert,0.0,#880e4f
23,39,5.644441250449155,-0.06309592254694474,100,31.0,0.381,258.8108772561102,8.488811582125608,True,Food Desert,0.0,#880e4f
23,40,5.644441250449155,-0.059485692738006635,1595,5.3,0.11,68.27251320948622,2.1880675800741582,True,Food Desert,0.0,#880e4f
23,41,5.644441250449155,-0.05587546292906853,1116,14.7,0.294,166.9500528886308,5.451147534504892,True,Food Desert,0.0,#880e4f
23,42,5.644441250449155,-0.0522652331201304,644,26.1,0.41,212.18913682478976,6.947118638252311,True,Food Desert,0.0,#880e4f
23,43,5.644441250449155,-0.048655003311192296,835,10.4,0.174,80.71092983235128,2.599382536637745,True,Food Desert,0.0,#880e4f
23,44,5.644441250449155,-0.04504477350225419,511,24.5,0.296,130.73748434030787,4.253666254441569,True,Food Desert,0.0,#880e4f
24,0,5.648034495149119,-0.20389488509553094,515,19.0,0.278,100.74768316588118,3.2619601441369412,True,Food Desert,0.0,#880e4f
24,1,5.648034495149119,-0.20028465528659284,1145,16.6,0.229,97.71287442668974,3.1616047482222647,True,Food Desert,0.0,#880e4f
24,2,5.648034495149119,-0.19667442547765474,1011,19.7,0.262,117.93362944452477,3.830266944064358,True,Food Desert,0.0,#880e4f
24,3,5.648034495149119,-0.19306419566871663,714,32.5,0.426,219.2233568491667,7.179727015307853,True,Food Desert,0.0,#880e4f
24,4,5.648034495149119,-0.1894539658597785,1458,31.6,0.343,187.16406588656028,6.119586784476247,True,Food Desert,0.0,#880e4f
24,5,5.648034495149119,-0.1858437360508404,1788,31.5,0.356,206.86819834256093,6.77116524747488,True,Food Desert,0.0,#880e4f
24,6,5.648034495149119,-0.1822335062419023,432,34.6,0.417,272.1503916971889,8.929924142451458,True,Food Desert,0.0,#880e4f
24,7,5.648034495149119,-0.1786232764329642,1651,39.5,0.421,295.5215797891373,9.7027652126893,True,Food Desert,0.0,#880e4f
24,8,5.648034495149119,-0.1750130466240261,1662,22.3,0.151,114.90742420832956,3.7301960497521347,True,Food Desert,0.0,#880e4f
24,9,5.648034495149119,-0.17140281681508795,705,32.2,0.425,354.2798165236162,11.645789178116523,True,Food Desert,0.0,#880e4f
24,10,5.648034495149119,-0.16779258700614985,1972,51.6,0.55,509.476152748331,16.77783903852655,False,Food Swamp,,#d32f2f
24,11,5.648034495149119,-0.16418235719721175,1412,53.7,0.564,649.7366549109579,21.415989062264803,False,Food Swamp,,#d32f2f
24,12,5.648034495149119,-0.16057212738827364,2589,34.5,0.383,571.1509131690634,18.81730693646548,True,Food Desert,0.0,#880e4f
24,13,5.648034495149119,-0.15696189757933554,1997,43.0,0.423,804.7965323846734,26.543526489385144,False,Food Swamp,,#d32f2f
24,14,5.648034495149119,-0.15335166777039744,1580,35.7,0.412,1050.4003220323261,34.665180163943255,False,Food Swamp,,#d32f2f
24,15,5.648034495149119,-0.14974143796145933,2725,45.3,0.522,1305.8393477456427,43.11206652830407,False,Low Access,,#f57c00
24,16,5.648034495149119,-0.14613120815252123,3107,58.5,0.563,1232.5948637942272,40.69000971444737,False,Low Access,,#f57c00
24,17,5.648034495149119,-0.1425209783435831,2765,61.9,0.612,1235.7367312723231,40.793905340752886,False,Low Access,,#f57c00
24,18,5.648034495149119,-0.138910748534645,3167,65.0,0.577,1191.5145933634446,39.331562722344145,False,Low Access,,#f57c00
24,19,5.648034495149119,-0.1353005187257069,3734,47.5,0.451,1143.0456970430976,37.72878782026851,False,Low Access,,#f57c00
24,20,5.648034495149119,-0.1316902889167688,4511,75.4,0.656,1858.8379174778752,61.39868528257657,False,Moderate Access,,#fbc02d
24,21,5.648034495149119,-0.12808005910783066,5088,70.5,0.708,2515.774125989838,83.12232553855844,False,Good Access,,#2e7d32
24,22,5.648034495149119,-0.12446982929889255,4566,68.4,0.717,2879.4885718972187,95.14967564716771,False,Good Access,,#2e7d32
24,23,5.648034495149119,-0.12085959948995446,5482,73.1,0.745,2500.4679195331796,82.6161781859846,False,Good Access,,#2e7d32
24,24,5.648034495149119,-0.11724936968101635,4008,77.6,0.702,1832.0417391625497,60.51258625132386,False,Moderate Access,,#fbc02d
24,25,5.648034495149119,-0.11363913987207824,3870,70.4,0.622,1362.924287595543,44.99975772459626,False,Low Access,,#f57c00
24,26,5.648034495149119,-0.11002891006314014,3703,63.6,0.687,1241.238706695834,40.975845281418266,False,Low Access,,#f57c00
24,27,5.648034495149119,-0.10641868025420204,2443,48.1,0.413,619.4346241734161,20.413958109732707,False,Food Swamp,,#d32f2f
24,28,5.648034495149119,-0.10280845044526392,3247,48.6,0.552,751.8824312280763,24.793757055000835,False,Food Swamp,,#d32f2f
24,29,5.648034495149119,-0.09919822063632582,3382,47.5,0.443,554.4165733599477,18.263933909945866,False,Food Swamp,,#d32f2f
24,30,5.648034495149119,-0.09558799082738771,2087,49.8,0.471,545.6383121723139,17.973653384009943,False,Food Swamp,,#d32f2f
24,31,5.648034495149119,-0.0919777610184496,1648,38.4,0.45,485.60977400212806,15.988622948169914,True,Food Desert,0.0,#880e4f
24,32,5.648034495149119,-0.08836753120951149,2353,43.7,0.392,396.42362411234643,13.039405336295179,False,Food Swamp,,#d32f2f
24,33,5.648034495149119,-0.08475730140057339,1407,35.5,0.388,369.7163817823171,12.1562472501835,True,Food Desert,0.0,#880e4f
24,34,5.648034495149119,-0.08114707159163527,2403,30.8,0.406,366.08138790541403,12.03604486478994,True,Food Desert,0.0,#880e4f
24,35,5.648034495149119,-0.07753684178269718,2539,34.2,0.428,361.393245635379,11.881016850161561,True,Food Desert,0.0,#880e4f
24,36,5.648034495149119,-0.07392661197375905,1702,32.8,0.398,318.8825516847791,10.475268452601345,True,Food Desert,0.0,#880e4f
24,37,5.648034495149119,-0.07031638216482095,1075,27.5,0.348,264.48803252774496,8.676544389665168,True,Food Desert,0.0,#880e4f
24,38,5.648034495149119,-0.06670615235588284,624,14.1,0.269,191.2362387463031,6.254245853528937,True,Food Desert,0.0,#880e4f
24,39,5.648034495149119,-0.06309592254694474,947,10.9,0.242,161.47885684437563,5.270225409806407,True,Food Desert,0.0,#880e4f
24,40,5.648034495149119,-0.059485692738006635,351,5.1,0.172,102.552838347434,3.321653218231762,True,Food Desert,0.0,#880e4f
24,41,5.648034495149119,-0.05587546292906853,1565,29.8,0.319,178.1555360452226,5.821691708861863,True,Food Desert,0.0,#880e4f
24,42,5.648034495149119,-0.0522652331201304,669,24.7,0.347,166.810357872142,5.446528084024867,True,Food Desert,0.0,#880e4f
24,43,5.648034495149119,-0.048655003311192296,148,24.4,0.256,117.23398685913851,3.807131084545938,True,Food Desert,0.0,#880e4f
24,44,5.648034495149119,-0.04504477350225419,1093,25.0,0.173,75.58106019242629,2.4297474317768986,True,Food Desert,0.0,#880e4f
25,0,5.651627739849083,-0.20389488509553094,592,16.7,0.179,55.38928718751286,1.762043616390084,True,Food Desert,0.0,#880e4f
25,1,5.651627739849083,-0.20028465528659284,414,15.3,0.167,66.27645284615784,2.1220616320074663,True,Food Desert,0.0,#880e4f
25,2,5.651627739849083,-0.19667442547765474,793,8.3,0.175,78.46343915058026,2.525062262588525,True,Food Desert,0.0,#880e4f
25,3,5.651627739849083,-0.19306419566871663,1510,16.4,0.273,131.07247051100265,4.264743614721931,True,Food Desert,0.0,#880e4f
25,4,5.651627739849083,-0.1894539658597785,454,16.5,0.201,106.78210966772146,3.461507236805307,True,Food Desert,0.0,#880e4f
25,5,5.651627739849083,-0.1858437360508404,1044,34.6,0.479,284.4173186040195,9.335568257842853,True,Food Desert,0.0,#880e4f
25,6,5.651627739849083,-0.1822335062419023,1194,24.4,0.296,187.85640041794417,6.1424809804449,True,Food Desert,0.0,#880e4f
25,7,5.651627739849083,-0.1786232764329642,1417,33.2,0.417,290.5235542452289,9.537489943189374,True,Food Desert,0.0,#880e4f
25,8,5.651627739849083,-0.1750130466240261,262,36.6,0.433,327.05148450280655,10.745399639640155,True,Food Desert,0.0,#880e4f
25,9,5.651627739849083,-0.17140281681508795,745,31.8,0.29,240.28841362198952,7.876308676320535,True,Food Desert,0.0,#880e4f
25,10,5.651627739849083,-0.16779258700614985,934,31.8,0.411,380.60798510141996,12.516412010854838,True,Food Desert,0.0,#880e4f
25,11,5.651627739849083,-0.16418235719721175,1513,36.3,0.376,504.46940892881435,16.61227547211056,True,Food Desert,0.0,#880e4f
25,12,5.651627739849083,-0.16057212738827364,2489,50.1,0.434,814.791185951732,26.874030815011757,False,Food Swamp,,#d32f2f
25,13,5.651627739849083,-0.15696189757933554,2495,51.1,0.53,1088.9431011975578,35.9397171101527,False,Low Access,,#f57c00
25,14,5.651627739849083,-0.15335166777039744,2511,46.8,0.527,1129.7077316591187,37.287726484336645,False,Low Access,,#f57c00
25,15,5.651627739849083,-0.14974143796145933,3095,47.6,0.506,1049.1126920543195,34.6226006713493,False,Food Swamp,,#d32f2f
25,16,5.651627739849083,-0.14613120815252123,1784,49.9,0.439,804.5797048190236,26.536356411114646,False,Food Swamp,,#d32f2f
25,17,5.651627739849083,-0.1425209783435831,3459,48.9,0.555,898.6678678790072,29.647674344542313,False,Food Swamp,,#d32f2f
25,18,5.651627739849083,-0.138910748534645,2849,70.0,0.682,1195.6765625605333,39.46919118675598,False,Low Access,,#f57c00
25,19,5.651627739849083,-0.1353005187257069,4369,64.1,0.561,1343.6913042463498,44.363759273127805,False,Low Access,,#f57c00
25,20,5.651627739849083,-0.1316902889167688,4155,73.6,0.761,2254.6311701384725,74.48682097237115,False,Moderate Access,,#fbc02d
25,21,5.651627739849083,-0.12808005910783066,4444,80.5,0.785,2421.227130750115,79.99583489112693,False,Good Access,,#2e7d32
25,22,5.651627739849083,-0.12446982929889255,4017,58.9,0.54,1753.1157647634348,57.90265327383906,False,Moderate Access,,#fbc02d
25,23,5.651627739849083,-0.12085959948995446,4576,66.3,0.656,1597.7952660613653,52.76649759469595,False,Low Access,,#f57c00
25,24,5.651627739849083,-0.11724936968101635,3588,64.0,0.596,1242.1100089241063,41.00465760126907,False,Low Access,,#f57c00
25,25,5.651627739849083,-0.11363913987207824,3827,60.8,0.515,890.0017476215944,29.361102107469943,False,Food Swamp,,#d32f2f
25,26,5.651627739849083,-0.11002891006314014,3072,62.7,0.57,871.1778917692225,28.73863272997339,False,Food Swamp,,#d32f2f
25,27,5.651627739849083,-0.10641868025420204,3310,66.0,0.536,749.140273821666,24.703079086196126,False,Food Swamp,,#d32f2f
25,28,5.651627739849083,-0.10280845044526392,2864,67.3,0.704,907.04554901177,29.924708444275836,False,Food Swamp,,#d32f2f
25,29,5.651627739849083,-0.09919822063632582,1715,60.2,0.578,690.4005702274096,22.76066797672933,False,Food Swamp,,#d32f2f
25,30,5.651627739849083,-0.09558799082738771,2338,51.8,0.487,541.7762700752112,17.845942942594395,False,Food Swamp,,#d32f2f
25,31,5.651627739849083,-0.0919777610184496,3019,45.6,0.451,469.43537361880095,15.453766061411455,False,Food Swamp,,#d32f2f
25,32,5.651627739849083,-0.08836753120951149,3138,42.0,0.391,382.527031936504,12.579871266928084,False,Food Swamp,,#d32f2f
25,33,5.651627739849083,-0.08475730140057339,899,43.6,0.46,419.62447298748043,13.806613610198132,False,Food Swamp,,#d32f2f
25,34,5.651627739849083,-0.08114707159163527,1324,25.7,0.375,323.8418918045279,10.63926446815438,True,Food Desert,0.0,#880e4f
25,35,5.651627739849083,-0.07753684178269718,1282,36.3,0.407,333.5248730703594,10.959462379152164,True,Food Desert,0.0,#880e4f
25,36,5.651627739849083,-0.07392661197375905,338,32.4,0.325,253.06913632181596,8.298943048646255,True,Food Desert,0.0,#880e4f
25,37,5.651627739849083,-0.07031638216482095,1160,20.1,0.307,227.3129172390302,7.44723350598599,True,Food Desert,0.0,#880e4f
25,38,5.651627739849083,-0.06670615235588284,1147,21.5,0.221,152.71347336786516,4.98037072546688,True,Food Desert,0.0,#880e4f
25,39,5.651627739849083,-0.06309592254694474,418,20.0,0.239,156.25762201666575,5.097569030664068,True,Food Desert,0.0,#880e4f
25,40,5.651627739849083,-0.059485692738006635,1098,26.5,0.349,204.29267522761987,6.6859975601180235,True,Food Desert,0.0,#880e4f
25,41,5.651627739849083,-0.05587546292906853,104,16.4,0.21,115.39621011684957,3.7463592770203245,True,Food Desert,0.0,#880e4f
25,42,5.651627739849083,-0.0522652331201304,815,29.4,0.356,168.63473666038968,5.506856846502899,True,Food Desert,0.0,#880e4f
25,43,5.651627739849083,-0.048655003311192296,972,17.3,0.219,99.02644557459193,3.205042066333106,True,Food Desert,0.0,#880e4f
25,44,5.651627739849083,-0.04504477350225419,1178,13.3,0.095,41.052744330904744,1.2879612085458372,True,Food Desert,0.0,#880e4f
26,0,5.6552209845490475,-0.20389488509553094,1056,5.0,0.148,45.710937285640945,1.441998855855387,True,Food Desert,0.0,#880e4f
26,1,5.6552209845490475,-0.20028465528659284,821,28.0,0.377,143.08097064851543,4.661842044708206,True,Food Desert,0.0,#880e4f
26,2,5.6552209845490475,-0.19667442547765474,684,25.6,0.342,152.40672328574547,4.970227079331808,True,Food Desert,0.0,#880e4f
26,3,5.6552209845490475,-0.19306419566871663,588,10.8,0.289,137.76613218919314,4.486090370172715,True,Food Desert,0.0,#880e4f
26,4,5.6552209845490475,-0.1894539658597785,100,37.5,0.493,259.664690468807,8.517045573246973,True,Food Desert,0.0,#880e4f
26,5,5.6552209845490475,-0.1858437360508404,831,35.3,0.367,211.7140921511395,6.931409807680658,True,Food Desert,0.0,#880e4f
26,6,5.6552209845490475,-0.1822335062419023,1421,13.6,0.256,160.60831637701145,5.241438279950786,True,Food Desert,0.0,#880e4f
26,7,5.6552209845490475,-0.1786232764329642,842,31.5,0.315,216.5528565198556,7.09141861076909,True,Food Desert,0.0,#880e4f
26,8,5.6552209845490475,-0.1750130466240261,1114,39.2,0.417,310.2055026865296,10.188334822700705,True,Food Desert,0.0,#880e4f
26,9,5.6552209845490475,-0.17140281681508795,891,46.5,0.471,383.5651367010934,12.614199431766254,False,Food Swamp,,#d32f2f
26,10,5.6552209845490475,-0.16779258700614985,889,36.3,0.397,360.53084358479634,11.85249884238526,True,Food Desert,0.0,#880e4f
26,11,5.6552209845490475,-0.16418235719721175,702,30.8,0.351,473.5622586585921,15.590234358973081,True,Food Desert,0.0,#880e4f
26,12,5.6552209845490475,-0.16057212738827364,1993,45.7,0.418,780.1737996803862,25.729299201474294,False,Food Swamp,,#d32f2f
26,13,5.6552209845490475,-0.15696189757933554,1040,47.2,0.499,1049.3760600736293,34.6313097545636,False,Food Swamp,,#d32f2f
26,14,5.6552209845490475,-0.15335166777039744,2542,40.6,0.473,941.9518390048434,31.078993558500436,False,Food Swamp,,#d32f2f
26,15,5.6552209845490475,-0.14974143796145933,3086,53.9,0.594,1013.0973322792498,33.43164071312814,False,Food Swamp,,#d32f2f
26,16,5.6552209845490475,-0.14613120815252123,2956,53.7,0.459,800.6028550765182,26.404849497598693,False,Food Swamp,,#d32f2f
26,17,5.6552209845490475,-0.1425209783435831,3552,67.6,0.638,955.6501925705667,31.531972251264335,False,Food Swamp,,#d32f2f
26,18,5.6552209845490475,-0.138910748534645,2560,49.9,0.508,832.2982403552885,27.452956054444407,False,Food Swamp,,#d32f2f
26,19,5.6552209845490475,-0.1353005187257069,3382,43.9,0.436,1026.5514858128454,33.87654417182866,False,Food Swamp,,#d32f2f
26,20,5.6552209845490475,-0.1316902889167688,2454,64.9,0.685,1867.8675799759744,61.69727917525598,False,Moderate Access,,#fbc02d
26,21,5.6552209845490475,-0.12808005910783066,4310,69.1,0.675,1892.7590321500393,62.52039250874567,False,Moderate Access,,#fbc02d
26,22,5.6552209845490475,-0.12446982929889255,4136,58.0,0.508,1166.4546448361752,38.5028775325402,False,Low Access,,#f57c00
26,23,5.6552209845490475,-0.12085959948995446,3712,68.5,0.594,1044.3933109525565,34.46653964752813,False,Food Swamp,,#d32f2f
26,24,5.6552209845490475,-0.11724936968101635,4479,62.6,0.698,1135.8241624069453,37.48998530261275,False,Low Access,,#f57c00
26,25,5.6552209845490475,-0.11363913987207824,3598,68.2,0.576,870.3447728754131,28.711083060911047,False,Food Swamp,,#d32f2f
26,26,5.6552209845490475,-0.11002891006314014,1692,74.7,0.626,879.6047881633616,29.01729428549241,False,Food Swamp,,#d32f2f
26,27,5.6552209845490475,-0.10641868025420204,2666,52.9,0.509,669.0331103328344,22.054086415354764,False,Food Swamp,,#d32f2f
26,28,5.6552209845490475,-0.10280845044526392,2303,49.6,0.507,623.0646356988838,20.53399573816995,False,Food Swamp,,#d32f2f
26,29,5.6552209845490475,-0.09919822063632582,2648,43.1,0.431,494.3132743595493,16.276431274583675,False,Food Swamp,,#d32f2f
26,30,5.6552209845490475,-0.09558799082738771,2327,31.5,0.301,322.6857559464684,10.601033237873416,True,Food Desert,0.0,#880e4f
26,31,5.6552209845490475,-0.0919777610184496,3121,29.2,0.269,270.5910048273907,8.87835816246669,True,Food Desert,0.0,#880e4f
26,32,5.6552209845490475,-0.08836753120951149,2604,53.1,0.558,522.6787058915771,17.214422547287647,False,Food Swamp,,#d32f2f
26,33,5.6552209845490475,-0.08475730140057339,1168,43.8,0.547,484.3029789436652,15.945409702544977,False,Food Swamp,,#d32f2f
26,34,5.6552209845490475,-0.08114707159163527,550,39.1,0.429,360.10935649453586,11.838561059990681,True,Food Desert,0.0,#880e4f
26,35,5.6552209845490475,-0.07753684178269718,1566,25.5,0.285,227.3366172835724,7.448017221718223,True,Food Desert,0.0,#880e4f
26,36,5.6552209845490475,-0.07392661197375905,287,38.6,0.355,269.52585107367787,8.843135538621098,True,Food Desert,0.0,#880e4f
26,37,5.6552209845490475,-0.07031638216482095,1295,39.8,0.422,305.2886475073265,10.025743703928747,True,Food Desert,0.0,#880e4f
26,38,5.6552209845490475,-0.06670615235588284,357,17.6,0.277,187.3924318757171,6.12713841662997,True,Food Desert,0.0,#880e4f
26,39,5.6552209845490475,-0.06309592254694474,552,17.5,0.185,116.35112380872998,3.7779364701315243,True,Food Desert,0.0,#880e4f
26,40,5.6552209845490475,-0.059485692738006635,100,18.6,0.295,169.72520313686516,5.542916514305072,True,Food Desert,0.0,#880e4f
26,41,5.6552209845490475,-0.05587546292906853,472,28.3,0.419,226.71025299062225,7.427304536996425,True,Food Desert,0.0,#880e4f
26,42,5.6552209845490475,-0.0522652331201304,1068,27.9,0.274,127.97764979893437,4.162403736154393,True,Food Desert,0.0,#880e4f
26,43,5.6552209845490475,-0.048655003311192296,998,15.9,0.259,115.68623643219571,3.7559498997592033,True,Food Desert,0.0,#880e4f
26,44,5.6552209845490475,-0.04504477350225419,100,14.4,0.212,90.63710049539895,2.927622261910252,True,Food Desert,0.0,#880e4f
27,0,5.658814229249011,-0.20389488509553094,568,23.9,0.283,87.13464903091176,2.8118028038826597,True,Food Desert,0.0,#880e4f
27,1,5.658814229249011,-0.20028465528659284,100,9.6,0.25,88.35417337714031,2.8521301718030387,True,Food Desert,0.0,#880e4f
27,2,5.658814229249011,-0.19667442547765474,419,19.4,0.252,104.24190858227698,3.377507582283226,True,Food Desert,0.0,#880e4f
27,3,5.658814229249011,-0.19306419566871663,148,32.0,0.362,170.95187968647332,5.583480392089337,True,Food Desert,0.0,#880e4f
27,4,5.658814229249011,-0.1894539658597785,907,18.8,0.262,136.42372049216308,4.441699349547198,True,Food Desert,0.0,#880e4f
27,5,5.658814229249011,-0.1858437360508404,1273,34.3,0.283,161.14190615221457,5.259083086509765,True,Food Desert,0.0,#880e4f
27,6,5.658814229249011,-0.1822335062419023,1258,30.2,0.297,180.14962543295226,5.887632480486299,True,Food Desert,0.0,#880e4f
27,7,5.658814229249011,-0.1786232764329642,1594,41.4,0.463,300.9550278249046,9.882439082007512,False,Food Swamp,,#d32f2f
27,8,5.658814229249011,-0.1750130466240261,1124,28.7,0.346,251.5769386179235,8.24959888753876,True,Food Desert,0.0,#880e4f
27,9,5.658814229249011,-0.17140281681508795,1536,15.9,0.179,141.67125358521906,4.615225362678855,True,Food Desert,0.0,#880e4f
27,10,5.658814229249011,-0.16779258700614985,2032,31.7,0.313,273.34620364423785,8.969467386095067,True,Food Desert,0.0,#880e4f
27,11,5.658814229249011,-0.16418235719721175,1519,40.4,0.461,517.4495145590395,17.041503061550888,False,Food Swamp,,#d32f2f
27,12,5.658814229249011,-0.16057212738827364,2505,51.8,0.517,662.7144890242995,21.84514153692994,False,Food Swamp,,#d32f2f
27,13,5.658814229249011,-0.15696189757933554,1326,44.6,0.519,840.2880682735056,27.717164580559444,False,Food Swamp,,#d32f2f
27,14,5.658814229249011,-0.15335166777039744,1985,49.7,0.45,980.219728032083,32.344440406782134,False,Food Swamp,,#d32f2f
27,15,5.658814229249011,-0.14974143796145933,2488,54.6,0.654,1169.7274557271808,38.61110321031659,False,Low Access,,#f57c00
27,16,5.658814229249011,-0.14613120815252123,2806,61.1,0.555,867.4291785010092,28.614669858987863,False,Food Swamp,,#d32f2f
27,17,5.658814229249011,-0.1425209783435831,2755,57.5,0.671,934.5014471910712,30.832623166015736,False,Food Swamp,,#d32f2f
27,18,5.658814229249011,-0.138910748534645,2962,54.0,0.545,784.7392434887636,25.880269809604933,False,Food Swamp,,#d32f2f
27,19,5.658814229249011,-0.1353005187257069,3993,51.3,0.586,1023.6550347189852,33.78076400205451,False,Food Swamp,,#d32f2f
27,20,5.658814229249011,-0.1316902889167688,3849,51.8,0.491,1022.0954527765714,33.72919157138659,False,Food Swamp,,#d32f2f
27,21,5.658814229249011,-0.12808005910783066,2908,59.8,0.722,1339.4981018539372,44.22509798590842,False,Low Access,,#f57c00
27,22,5.658814229249011,-0.12446982929889255,3348,56.1,0.502,953.8565766556096,31.472660758932086,False,Food Swamp,,#d32f2f
27,23,5.658814229249011,-0.12085959948995446,3680,51.6,0.438,669.4599086796904,22.0681998309784,False,Food Swamp,,#d32f2f
27,24,5.658814229249011,-0.11724936968101635,3568,47.2,0.456,660.2936790596493,21.765089921386817,False,Food Swamp,,#d32f2f
27,25,5.658814229249011,-0.11363913987207824,3156,53.1,0.403,554.6969143041541,18.273204255745128,False,Food Swamp,,#d32f2f
27,26,5.658814229249011,-0.11002891006314014,2936,56.0,0.534,733.6144852717146,24.189670568322587,False,Food Swamp,,#d32f2f
27,27,5.658814229249011,-0.10641868025420204,1454,56.5,0.538,723.2315663784237,23.846327041322006,False,Food Swamp,,#d32f2f
27,28,5.658814229249011,-0.10280845044526392,2108,51.8,0.492,636.5577090118329,20.98018620050121,False,Food Swamp,,#d32f2f
27,29,5.658814229249011,-0.09919822063632582,2482,33.2,0.39,476.35891187385965,15.682714401299902,True,Food Desert,0.0,#880e4f
27,30,5.658814229249011,-0.09558799082738771,1767,28.3,0.356,365.4758262185344,12.01602008297988,True,Food Desert,0.0,#880e4f
27,31,5.658814229249011,-0.0919777610184496,2274,29.8,0.32,308.32779833965066,10.12624268466635,True,Food Desert,0.0,#880e4f
27,32,5.658814229249011,-0.08836753120951149,1142,38.8,0.535,486.2717172606249,16.010512162116623,True,Food Desert,0.0,#880e4f
27,33,5.658814229249011,-0.08475730140057339,1072,39.0,0.38,327.05590652661533,10.745545867619647,True,Food Desert,0.0,#880e4f
27,34,5.658814229249011,-0.08114707159163527,476,33.3,0.407,332.6872457258695,10.931763624136837,True,Food Desert,0.0,#880e4f
27,35,5.658814229249011,-0.07753684178269718,943,36.3,0.4,311.24635400340065,10.222753810837908,True,Food Desert,0.0,#880e4f
27,36,5.658814229249011,-0.07392661197375905,819,31.8,0.377,279.72365445066345,9.180357644957223,True,Food Desert,0.0,#880e4f
27,37,5.658814229249011,-0.07031638216482095,848,19.9,0.232,163.5397325564318,5.338374679097573,True,Food Desert,0.0,#880e4f
27,38,5.658814229249011,-0.06670615235588284,371,13.1,0.328,216.3180913963874,7.083655371323928,True,Food Desert,0.0,#880e4f
27,39,5.658814229249011,-0.06309592254694474,553,14.9,0.136,84.06831576848211,2.7104049514962663,True,Food Desert,0.0,#880e4f
27,40,5.658814229249011,-0.059485692738006635,306,31.6,0.392,221.95981197335703,7.270216420404278,True,Food Desert,0.0,#880e4f
27,41,5.658814229249011,-0.05587546292906853,732,27.2,0.286,154.99394085878578,5.055781480341292,True,Food Desert,0.0,#880e4f
27,42,5.658814229249011,-0.0522652331201304,634,23.6,0.29,133.6840636480606,4.351104069617461,True,Food Desert,0.0,#880e4f
27,43,5.658814229249011,-0.048655003311192296,1216,23.7,0.229,101.11066907077073,3.273963402769425,True,Food Desert,0.0,#880e4f
27,44,5.658814229249011,-0.04504477350225419,100,30.6,0.361,152.77168863462782,4.982295794440354,True,Food Desert,0.0,#880e4f
28,0,5.662407473948975,-0.20389488509553094,502,11.5,0.154,43.79677487945352,1.3787011186249645,True,Food Desert,0.0,#880e4f
28,1,5.662407473948975,-0.20028465528659284,601,8.6,0.244,85.78498896649246,2.7671720934309976,True,Food Desert,0.0,#880e4f
28,2,5.662407473948975,-0.19667442547765474,1641,10.8,0.26,102.61358048477787,3.3236618460451486,True,Food Desert,0.0,#880e4f
28,3,5.662407473948975,-0.19306419566871663,425,23.2,0.232,108.36431030359839,3.513827624966634,True,Food Desert,0.0,#880e4f
28,4,5.662407473948975,-0.1894539658597785,663,28.4,0.307,157.66812961055106,5.1442118540476365,True,Food Desert,0.0,#880e4f
28,5,5.662407473948975,-0.1858437360508404,100,27.7,0.344,192.74377744074204,6.304097312233194,True,Food Desert,0.0,#880e4f
28,6,5.662407473948975,-0.1822335062419023,730,21.0,0.322,191.52073941537753,6.263653753576887,True,Food Desert,0.0,#880e4f
28,7,5.662407473948975,-0.1786232764329642,445,12.6,0.274,173.91844268154537,5.681579030079816,True,Food Desert,0.0,#880e4f
28,8,5.662407473948975,-0.1750130466240261,1549,27.9,0.335,232.95576816240253,7.633831933488016,True,Food Desert,0.0,#880e4f
28,9,5.662407473948975,-0.17140281681508795,2013,24.4,0.353,265.4605620673703,8.70870410560622,True,Food Desert,0.0,#880e4f
28,10,5.662407473948975,-0.16779258700614985,900,28.1,0.338,281.1768267328553,9.228411309040995,True,Food Desert,0.0,#880e4f
28,11,5.662407473948975,-0.16418235719721175,1110,30.3,0.388,355.40360449072233,11.682950724709778,True,Food Desert,0.0,#880e4f
28,12,5.662407473948975,-0.16057212738827364,2133,38.6,0.404,415.2567310526987,13.662180629807102,True,Food Desert,0.0,#880e4f
28,13,5.662407473948975,-0.15696189757933554,1731,35.5,0.413,603.2954477528325,19.880266012926633,True,Food Desert,0.0,#880e4f
28,14,5.662407473948975,-0.15335166777039744,2078,45.5,0.413,882.5793378520268,29.11565702836279,False,Food Swamp,,#d32f2f
28,15,5.662407473948975,-0.14974143796145933,1935,65.0,0.613,1115.785166224557,36.82733352833584,False,Low Access,,#f57c00
28,16,5.662407473948975,-0.14613120815252123,1997,53.1,0.563,834.2685400022108,27.518110144250446,False,Food Swamp,,#d32f2f
28,17,5.662407473948975,-0.1425209783435831,2036,45.2,0.388,501.4618210798774,16.512820219649196,False,Food Swamp,,#d32f2f
28,18,5.662407473948975,-0.138910748534645,2436,51.1,0.507,665.2543999839503,21.929131597539723,False,Food Swamp,,#d32f2f
28,19,5.662407473948975,-0.1353005187257069,1966,64.5,0.628,847.793339053449,27.965349716855297,False,Food Swamp,,#d32f2f
28,20,5.662407473948975,-0.1316902889167688,1749,39.6,0.382,541.6621705993228,17.84216988832295,True,Food Desert,0.0,#880e4f
28,21,5.662407473948975,-0.12808005910783066,3264,59.4,0.558,797.4865799480605,26.30180016198265,False,Food Swamp,,#d32f2f
28,22,5.662407473948975,-0.12446982929889255,2948,52.1,0.455,637.2868631465102,21.00429795124299,False,Food Swamp,,#d32f2f
28,23,5.662407473948975,-0.12085959948995446,3440,65.1,0.664,900.5391486997406,29.709554068693322,False,Food Swamp,,#d32f2f
28,24,5.662407473948975,-0.11724936968101635,3070,66.5,0.64,838.3682918939135,27.653681199826547,False,Food Swamp,,#d32f2f
28,25,5.662407473948975,-0.11363913987207824,3133,38.3,0.342,434.23576402707386,14.289781421786033,True,Food Desert,0.0,#880e4f
28,26,5.662407473948975,-0.11002891006314014,3225,37.2,0.377,527.841568225643,17.38514865826036,True,Food Desert,0.0,#880e4f
28,27,5.662407473948975,-0.10641868025420204,2026,52.6,0.462,716.365025785208,23.619263506510926,False,Food Swamp,,#d32f2f
28,28,5.662407473948975,-0.10280845044526392,2923,47.0,0.412,635.5905225166371,20.94820316895288,False,Food Swamp,,#d32f2f
28,29,5.662407473948975,-0.09919822063632582,2814,30.0,0.341,429.7738862597994,14.142235547123427,True,Food Desert,0.0,#880e4f
28,30,5.662407473948975,-0.09558799082738771,1775,49.9,0.467,465.52968420842006,15.324612285742893,False,Food Swamp,,#d32f2f
28,31,5.662407473948975,-0.0919777610184496,1591,37.1,0.522,488.21064293629394,16.074628773920878,True,Food Desert,0.0,#880e4f
28,32,5.662407473948975,-0.08836753120951149,1097,30.7,0.308,272.1065622393716,8.928474785022381,True,Food Desert,0.0,#880e4f
28,33,5.662407473948975,-0.08475730140057339,1255,27.6,0.371,310.8958170859002,10.21116221671727,True,Food Desert,0.0,#880e4f
28,34,5.662407473948975,-0.08114707159163527,1745,40.5,0.361,287.83858468257085,9.448703068418743,False,Food Swamp,,#d32f2f
28,35,5.662407473948975,-0.07753684178269718,1142,40.3,0.395,300.3887226387586,9.863712438568573,False,Food Swamp,,#d32f2f
28,36,5.662407473948975,-0.07392661197375905,166,15.7,0.222,161.3049722691861,5.264475375162956,True,Food Desert,0.0,#880e4f
28,37,5.662407473948975,-0.07031638216482095,1875,46.0,0.477,329.9207150845878,10.840279678466548,False,Food Swamp,,#d32f2f
28,38,5.662407473948975,-0.06670615235588284,1712,18.1,0.3,190.65945751950093,6.235172787202094,True,Food Desert,0.0,#880e4f
28,39,5.662407473948975,-0.06309592254694474,158,24.9,0.307,186.8423348947365,6.108947747938115,True,Food Desert,0.0,#880e4f
28,40,5.662407473948975,-0.059485692738006635,774,24.4,0.322,179.7106702043008,5.873117059731358,True,Food Desert,0.0,#880e4f
28,41,5.662407473948975,-0.05587546292906853,353,7.2,0.098,47.421869085915546,1.4985761406055667,True,Food Desert,0.0,#880e4f
28,42,5.662407473948975,-0.0522652331201304,936,38.1,0.505,230.04853186151962,7.537695117277858,True,Food Desert,0.0,#880e4f
28,43,5.662407473948975,-0.048655003311192296,764,19.9,0.256,111.84580946996387,3.6289542300489397,True,Food Desert,0.0,#880e4f
28,44,5.662407473948975,-0.04504477350225419,645,21.0,0.282,118.21954166085372,3.839721521315305,True,Food Desert,0.0,#880e4f
29,0,5.66600071864894,-0.20389488509553094,993,26.0,0.249,70.65981049826729,2.2670109946912818,True,Food Desert,0.0,#880e4f
29,1,5.66600071864894,-0.20028465528659284,938,24.2,0.201,64.71494529216197,2.070425524999693,True,Food Desert,0.0,#880e4f
29,2,5.66600071864894,-0.19667442547765474,710,14.4,0.128,47.08601344251757,1.4874700285042939,True,Food Desert,0.0,#880e4f
29,3,5.66600071864894,-0.19306419566871663,413,25.2,0.333,144.3170351409028,4.702716364037686,True,Food Desert,0.0,#880e4f
29,4,5.66600071864894,-0.1894539658597785,1170,14.8,0.194,97.33383680001583,3.149070689452698,True,Food Desert,0.0,#880e4f
29,5,5.66600071864894,-0.1858437360508404,560,13.4,0.23,126.50137417973099,4.113586088329966,True,Food Desert,0.0,#880e4f
29,6,5.66600071864894,-0.1822335062419023,848,17.8,0.288,167.4282473163123,5.466960521496275,True,Food Desert,0.0,#880e4f
29,7,5.66600071864894,-0.1786232764329642,809,17.7,0.139,85.813871964893,2.768127199662984,True,Food Desert,0.0,#880e4f
29,8,5.66600071864894,-0.1750130466240261,144,21.3,0.261,172.0224407396425,5.618881825120088,True,Food Desert,0.0,#880e4f
29,9,5.66600071864894,-0.17140281681508795,1265,23.9,0.403,290.80786958187116,9.54689171464366,True,Food Desert,0.0,#880e4f
29,10,5.66600071864894,-0.16779258700614985,817,37.6,0.335,261.0099067379436,8.561529335777601,True,Food Desert,0.0,#880e4f
29,11,5.66600071864894,-0.16418235719721175,1012,29.0,0.311,263.3175822220543,8.63783980762375,True,Food Desert,0.0,#880e4f
29,12,5.66600071864894,-0.16057212738827364,1679,32.1,0.4,371.90371310221343,12.22857816770394,True,Food Desert,0.0,#880e4f
29,13,5.66600071864894,-0.15696189757933554,1453,47.2,0.59,681.2213803892267,22.457129497190007,False,Food Swamp,,#d32f2f
29,14,5.66600071864894,-0.15335166777039744,1521,41.3,0.449,681.1948754783883,22.456253029824364,False,Food Swamp,,#d32f2f
29,15,5.66600071864894,-0.14974143796145933,2144,52.2,0.522,781.91650617489,25.786927215378586,False,Food Swamp,,#d32f2f
29,16,5.66600071864894,-0.14613120815252123,2577,51.2,0.529,718.7404748049287,23.6978151212373,False,Food Swamp,,#d32f2f
29,17,5.66600071864894,-0.1425209783435831,1719,50.5,0.575,692.5362789181274,22.83129183135567,False,Food Swamp,,#d32f2f
29,18,5.66600071864894,-0.138910748534645,2299,57.1,0.622,750.8363378568586,24.7591647220223,False,Food Swamp,,#d32f2f
29,19,5.66600071864894,-0.1353005187257069,3256,42.7,0.49,604.6092576288463,19.92371122532546,False,Food Swamp,,#d32f2f
29,20,5.66600071864894,-0.1316902889167688,3315,43.1,0.442,555.8590250825882,18.31163306536347,False,Food Swamp,,#d32f2f
29,21,5.66600071864894,-0.12808005910783066,2302,57.1,0.539,677.9012282565686,22.347338333922618,False,Food Swamp,,#d32f2f
29,22,5.66600071864894,-0.12446982929889255,2670,48.7,0.487,605.8146507594741,19.96357130062273,False,Food Swamp,,#d32f2f
29,23,5.66600071864894,-0.12085959948995446,2883,44.1,0.495,606.3130748267093,19.980053243604782,False,Food Swamp,,#d32f2f
29,24,5.66600071864894,-0.11724936968101635,2075,57.8,0.615,730.7325990022947,24.094372029797302,False,Food Swamp,,#d32f2f
29,25,5.66600071864894,-0.11363913987207824,3244,65.1,0.595,694.5598568926387,22.898207734876628,False,Food Swamp,,#d32f2f
29,26,5.66600071864894,-0.11002891006314014,2080,52.9,0.556,689.2417221371411,22.722347058049344,False,Food Swamp,,#d32f2f
29,27,5.66600071864894,-0.10641868025420204,2375,44.8,0.429,650.6509207347976,21.446222107114654,False,Food Swamp,,#d32f2f
29,28,5.66600071864894,-0.10280845044526392,1246,55.8,0.548,752.070195966142,24.799966080427733,False,Food Swamp,,#d32f2f
29,29,5.66600071864894,-0.09919822063632582,1893,24.6,0.311,389.145827815113,12.798742351717832,True,Food Desert,0.0,#880e4f
29,30,5.66600071864894,-0.09558799082738771,1533,26.3,0.223,215.6974083057419,7.063130553237413,True,Food Desert,0.0,#880e4f
29,31,5.66600071864894,-0.0919777610184496,1059,33.7,0.358,325.5517498702003,10.695806246528255,True,Food Desert,0.0,#880e4f
29,32,5.66600071864894,-0.08836753120951149,1517,28.6,0.385,331.20833044804635,10.882858687784983,True,Food Desert,0.0,#880e4f
29,33,5.66600071864894,-0.08475730140057339,2023,30.9,0.32,261.5311330952675,8.578765307446885,True,Food Desert,0.0,#880e4f
29,34,5.66600071864894,-0.08114707159163527,423,29.2,0.244,190.10307946198654,6.216774415166639,True,Food Desert,0.0,#880e4f
29,35,5.66600071864894,-0.07753684178269718,1060,23.8,0.317,236.08190380592202,7.7372073377225385,True,Food Desert,0.0,#880e4f
29,36,5.66600071864894,-0.07392661197375905,1399,17.3,0.222,157.56155580984478,5.140687659647544,True,Food Desert,0.0,#880e4f
29,37,5.66600071864894,-0.07031638216482095,359,41.7,0.466,311.07519097894107,10.21709377273937,False,Food Swamp,,#d32f2f
29,38,5.66600071864894,-0.06670615235588284,331,23.9,0.326,204.10973237256533,6.6799479852595915,True,Food Desert,0.0,#880e4f
29,39,5.66600071864894,-0.06309592254694474,1202,26.9,0.343,204.62010434799345,6.696825023010409,True,Food Desert,0.0,#880e4f
29,40,5.66600071864894,-0.059485692738006635,1024,26.0,0.333,183.52684348720425,5.999310706052155,True,Food Desert,0.0,#880e4f
29,41,5.66600071864894,-0.05587546292906853,256,24.5,0.298,142.6011634444254,4.64597572624558,True,Food Desert,0.0,#880e4f
29,42,5.66600071864894,-0.0522652331201304,289,22.1,0.351,158.26652123508586,5.163999535431544,True,Food Desert,0.0,#880e4f
29,43,5.66600071864894,-0.048655003311192296,816,5.0,0.076,32.9007184475853,1.018389101921028,True,Food Desert,0.0,#880e4f
29,44,5.66600071864894,-0.04504477350225419,676,20.6,0.269,111.83541423038284,3.628610479100055,True,Food Desert,0.0,#880e4f
30,0,5.669593963348904,-0.20389488509553094,751,7.3,0.169,48.018041701190405,1.5182904435422773,True,Food Desert,0.0,#880e4f
30,1,5.669593963348904,-0.20028465528659284,359,5.0,0.03,9.668283875864827,0.2501363486592152,True,Food Desert,0.0,#880e4f
30,2,5.669593963348904,-0.19667442547765474,645,21.6,0.327,119.93512726938842,3.8964526987192203,True,Food Desert,0.0,#880e4f
30,3,5.669593963348904,-0.19306419566871663,429,21.0,0.265,103.21993809557252,3.343712947556536,True,Food Desert,0.0,#880e4f
30,4,5.669593963348904,-0.1894539658597785,100,17.7,0.261,121.50018606338234,3.948206238529724,True,Food Desert,0.0,#880e4f
30,5,5.669593963348904,-0.1858437360508404,100,22.5,0.343,184.86451556583881,6.043544996444751,True,Food Desert,0.0,#880e4f
30,6,5.669593963348904,-0.1822335062419023,408,19.4,0.262,148.5012258877307,4.84107965314971,True,Food Desert,0.0,#880e4f
30,7,5.669593963348904,-0.1786232764329642,196,31.2,0.336,201.16529478653393,6.582580992777896,True,Food Desert,0.0,#880e4f
30,8,5.669593963348904,-0.1750130466240261,1522,17.0,0.195,123.8770786116405,4.02680558801975,True,Food Desert,0.0,#880e4f
30,9,5.669593963348904,-0.17140281681508795,1366,26.8,0.273,184.85255260552685,6.043149403930826,True,Food Desert,0.0,#880e4f
30,10,5.669593963348904,-0.16779258700614985,1832,44.5,0.398,294.0933258849814,9.655535552326441,False,Food Swamp,,#d32f2f
30,11,5.669593963348904,-0.16418235719721175,1481,23.8,0.379,300.8951579820321,9.880459299325581,True,Food Desert,0.0,#880e4f
30,12,5.669593963348904,-0.16057212738827364,445,38.3,0.399,342.9212138729275,11.270181631147661,True,Food Desert,0.0,#880e4f
30,13,5.669593963348904,-0.15696189757933554,1239,32.7,0.379,376.7511214884635,12.388872812134107,True,Food Desert,0.0,#880e4f
30,14,5.669593963348904,-0.15335166777039744,2053,32.1,0.294,329.77564679514336,10.835482543993505,True,Food Desert,0.0,#880e4f
30,15,5.669593963348904,-0.14974143796145933,2269,37.9,0.36,484.56039236541227,15.953921878458925,True,Food Desert,0.0,#880e4f
30,16,5.669593963348904,-0.14613120815252123,2796,45.8,0.551,698.72265880647,23.03586373565914,False,Food Swamp,,#d32f2f
30,17,5.669593963348904,-0.1425209783435831,2800,37.2,0.443,580.9591453786909,19.141646659726756,True,Food Desert,0.0,#880e4f
30,18,5.669593963348904,-0.138910748534645,2085,39.2,0.421,529.643725290457,17.444742590294453,True,Food Desert,0.0,#880e4f
30,19,5.669593963348904,-0.1353005187257069,1904,41.4,0.501,562.75486824047,18.539665580670885,False,Food Swamp,,#d32f2f
30,20,5.669593963348904,-0.1316902889167688,2560,30.9,0.304,340.20844727801085,11.180475560995278,True,Food Desert,0.0,#880e4f
30,21,5.669593963348904,-0.12808005910783066,3199,49.5,0.564,636.315658499048,20.97218204698465,False,Food Swamp,,#d32f2f
30,22,5.669593963348904,-0.12446982929889255,3239,52.7,0.46,515.0479916063271,16.96208923108266,False,Food Swamp,,#d32f2f
30,23,5.669593963348904,-0.12085959948995446,2564,41.4,0.473,523.7286732204585,17.249142984732888,False,Food Swamp,,#d32f2f
30,24,5.669593963348904,-0.11724936968101635,2474,62.3,0.597,653.0355598494803,21.52507762093242,False,Food Swamp,,#d32f2f
30,25,5.669593963348904,-0.11363913987207824,1831,46.7,0.442,480.6038029631514,15.82308493614753,False,Food Swamp,,#d32f2f
30,26,5.669593963348904,-0.11002891006314014,2243,53.4,0.635,713.7873410541417,23.534024338589493,False,Food Swamp,,#d32f2f
30,27,5.669593963348904,-0.10641868025420204,2467,37.5,0.374,462.9410414337175,15.239010756004923,True,Food Desert,0.0,#880e4f
30,28,5.669593963348904,-0.10280845044526392,1962,37.0,0.442,518.7041461406868,17.082991359471375,True,Food Desert,0.0,#880e4f
30,29,5.669593963348904,-0.09919822063632582,2685,22.1,0.247,299.12816379101076,9.82202813714759,True,Food Desert,0.0,#880e4f
30,30,5.669593963348904,-0.09558799082738771,1918,33.4,0.373,350.81076163398086,11.531074081773465,True,Food Desert,0.0,#880e4f
30,31,5.669593963348904,-0.0919777610184496,1618,28.1,0.333,295.360819387998,9.697449169705965,True,Food Desert,0.0,#880e4f
30,32,5.669593963348904,-0.08836753120951149,2253,26.8,0.372,312.34810314783834,10.259186575170252,True,Food Desert,0.0,#880e4f
30,33,5.669593963348904,-0.08475730140057339,962,8.9,0.18,143.72859232351155,4.683257670924729,True,Food Desert,0.0,#880e4f
30,34,5.669593963348904,-0.08114707159163527,1227,14.5,0.291,221.95135374509906,7.269936722763171,True,Food Desert,0.0,#880e4f
30,35,5.669593963348904,-0.07753684178269718,664,46.0,0.445,323.80895618596406,10.638175349424102,False,Food Swamp,,#d32f2f
30,36,5.669593963348904,-0.07392661197375905,1725,23.3,0.299,208.97337516603352,6.840779470889262,True,Food Desert,0.0,#880e4f
30,37,5.669593963348904,-0.07031638216482095,181,25.5,0.356,234.59890749400293,7.68816744927728,True,Food Desert,0.0,#880e4f
30,38,5.669593963348904,-0.06670615235588284,100,17.8,0.274,169.55567281139122,5.537310466479794,True,Food Desert,0.0,#880e4f
30,39,5.669593963348904,-0.06309592254694474,811,14.1,0.23,133.70593995838692,4.35182747790201,True,Food Desert,0.0,#880e4f
30,40,5.669593963348904,-0.059485692738006635,893,10.3,0.221,114.12463163112727,3.7043105769743225,True,Food Desert,0.0,#880e4f
30,41,5.669593963348904,-0.05587546292906853,810,17.9,0.274,129.9595295512521,4.22794075818502,True,Food Desert,0.0,#880e4f
30,42,5.669593963348904,-0.0522652331201304,289,24.6,0.319,142.66952014329945,4.6482361532340555,True,Food Desert,0.0,#880e4f
30,43,5.669593963348904,-0.048655003311192296,1681,28.5,0.237,100.93310520369535,3.2680917008890495,True,Food Desert,0.0,#880e4f
30,44,5.669593963348904,-0.04504477350225419,591,25.4,0.275,104.81787546901234,3.3965537199213665,True,Food Desert,0.0,#880e4f
31,0,5.6731872080488674,-0.20389488509553094,100,16.1,0.233,66.79606290506881,2.139244155739473,True,Food Desert,0.0,#880e4f
31,1,5.6731872080488674,-0.20028465528659284,100,23.1,0.249,81.28425591433505,2.618341347848043,True,Food Desert,0.0,#880e4f
31,2,5.6731872080488674,-0.19667442547765474,1108,31.5,0.386,131.72846171006933,4.28643600529954,True,Food Desert,0.0,#880e4f
31,3,5.6731872080488674,-0.19306419566871663,458,11.3,0.14,54.35396433940779,1.7278074442783689,True,Food Desert,0.0,#880e4f
31,4,5.6731872080488674,-0.1894539658597785,1194,25.7,0.374,165.78953814295525,5.412771502676896,True,Food Desert,0.0,#880e4f
31,5,5.6731872080488674,-0.1858437360508404,1473,15.5,0.162,82.08580113577175,2.644846935169578,True,Food Desert,0.0,#880e4f
31,6,5.6731872080488674,-0.1822335062419023,993,21.7,0.319,175.9383032013094,5.7483720043900695,True,Food Desert,0.0,#880e4f
31,7,5.6731872080488674,-0.1786232764329642,1592,14.2,0.187,108.34037098666182,3.5130359969480143,True,Food Desert,0.0,#880e4f
31,8,5.6731872080488674,-0.1750130466240261,823,5.0,0.135,82.49803624008585,2.6584787718547433,True,Food Desert,0.0,#880e4f
31,9,5.6731872080488674,-0.17140281681508795,849,27.7,0.339,219.31178590026673,7.182651197091997,True,Food Desert,0.0,#880e4f
31,10,5.6731872080488674,-0.16779258700614985,919,21.6,0.226,158.37313984853608,5.167525211704482,True,Food Desert,0.0,#880e4f
31,11,5.6731872080488674,-0.16418235719721175,2003,40.3,0.381,284.20597796430354,9.328579621854805,False,Food Swamp,,#d32f2f
31,12,5.6731872080488674,-0.16057212738827364,2289,37.9,0.426,340.31444573332885,11.183980729809512,True,Food Desert,0.0,#880e4f
31,13,5.6731872080488674,-0.15696189757933554,1559,22.0,0.211,180.17161994308955,5.888359797415459,True,Food Desert,0.0,#880e4f
31,14,5.6731872080488674,-0.15335166777039744,1980,30.7,0.411,379.9974883531736,12.496224035881758,True,Food Desert,0.0,#880e4f
31,15,5.6731872080488674,-0.14974143796145933,1774,19.0,0.275,374.8235050275902,12.325130174713692,True,Food Desert,0.0,#880e4f
31,16,5.6731872080488674,-0.14613120815252123,1378,51.4,0.48,735.2901721985531,24.24508237164326,False,Food Swamp,,#d32f2f
31,17,5.6731872080488674,-0.1425209783435831,2603,39.6,0.436,703.06764159551,23.179544114065045,True,Food Desert,0.0,#880e4f
31,18,5.6731872080488674,-0.138910748534645,1845,40.4,0.383,498.0666016340648,16.40054672204733,False,Food Swamp,,#d32f2f
31,19,5.6731872080488674,-0.1353005187257069,1874,38.2,0.448,467.12616060858795,15.377404746479634,True,Food Desert,0.0,#880e4f
31,20,5.6731872080488674,-0.1316902889167688,1550,51.3,0.452,465.413569963499,15.320772606862999,False,Food Swamp,,#d32f2f
31,21,5.6731872080488674,-0.12808005910783066,2395,60.4,0.575,588.1794577376662,19.380408758983677,False,Food Swamp,,#d32f2f
31,22,5.6731872080488674,-0.12446982929889255,2411,34.3,0.443,456.4795691818965,15.025342066558627,True,Food Desert,0.0,#880e4f
31,23,5.6731872080488674,-0.12085959948995446,2349,45.4,0.346,354.3435021975398,11.647895143127814,False,Food Swamp,,#d32f2f
31,24,5.6731872080488674,-0.11724936968101635,1716,54.5,0.533,542.9332819953215,17.884203142593556,False,Food Swamp,,#d32f2f
31,25,5.6731872080488674,-0.11363913987207824,2453,52.9,0.579,588.4517429868722,19.38941271815676,False,Food Swamp,,#d32f2f
31,26,5.6731872080488674,-0.11002891006314014,2558,64.4,0.641,653.1175507194199,21.52778890421955,False,Food Swamp,,#d32f2f
31,27,5.6731872080488674,-0.10641868025420204,1411,35.0,0.393,400.7283606661382,13.18175484767798,True,Food Desert,0.0,#880e4f
31,28,5.6731872080488674,-0.10280845044526392,1966,51.2,0.556,562.9391133620926,18.54575821902631,False,Food Swamp,,#d32f2f
31,29,5.6731872080488674,-0.09919822063632582,1866,45.8,0.491,482.27120804331275,15.878222874432998,False,Food Swamp,,#d32f2f
31,30,5.6731872080488674,-0.09558799082738771,1421,24.7,0.379,351.40999916398596,11.55088973565438,True,Food Desert,0.0,#880e4f
31,31,5.6731872080488674,-0.0919777610184496,1079,36.2,0.268,233.32455956918318,7.646027169108454,True,Food Desert,0.0,#880e4f
31,32,5.6731872080488674,-0.08836753120951149,1736,15.5,0.225,184.87977730045122,6.044049673197389,True,Food Desert,0.0,#880e4f
31,33,5.6731872080488674,-0.08475730140057339,690,30.1,0.298,232.8138938348154,7.629140417304056,True,Food Desert,0.0,#880e4f
31,34,5.6731872080488674,-0.08114707159163527,1151,24.7,0.327,244.60187209301304,8.018946605041018,True,Food Desert,0.0,#880e4f
31,35,5.6731872080488674,-0.07753684178269718,393,27.7,0.362,259.5296124926963,8.512578799576236,True,Food Desert,0.0,#880e4f
31,36,5.6731872080488674,-0.07392661197375905,1383,25.2,0.264,179.45338545117045,5.864609138645668,True,Food Desert,0.0,#880e4f
31,37,5.6731872080488674,-0.07031638216482095,1120,19.5,0.283,181.27201686043068,5.924747846150445,True,Food Desert,0.0,#880e4f
31,38,5.6731872080488674,-0.06670615235588284,100,23.8,0.187,114.93626854628138,3.731149877556065,True,Food Desert,0.0,#880e4f
31,39,5.6731872080488674,-0.06309592254694474,100,17.5,0.174,99.7200789858391,3.2279792138068224,True,Food Desert,0.0,#880e4f
31,40,5.6731872080488674,-0.059485692738006635,793,18.1,0.307,156.26414126983386,5.097784610059337,True,Food Desert,0.0,#880e4f
31,41,5.6731872080488674,-0.05587546292906853,386,26.0,0.292,136.55274298569194,4.44596587984045,True,Food Desert,0.0,#880e4f
31,42,5.6731872080488674,-0.0522652331201304,1107,18.5,0.228,100.55763961817131,3.2556757627770354,True,Food Desert,0.0,#880e4f
31,43,5.6731872080488674,-0.048655003311192296,442,19.6,0.328,139.03464266656775,4.528037616974422,True,Food Desert,0.0,#880e4f
31,44,5.6731872080488674,-0.04504477350225419,525,11.9,0.112,42.55011425531553,1.3374764052217931,True,Food Desert,0.0,#880e4f
32,0,5.676780452748831,-0.20389488509553094,1096,5.0,0.131,76.31942514054731,2.4541637667311558,True,Food Desert,0.0,#880e4f
32,1,5.676780452748831,-0.20028465528659284,308,10.7,0.19,108.2069155580385,3.508622877859651,True,Food Desert,0.0,#880e4f
32,2,5.676780452748831,-0.19667442547765474,100,19.1,0.296,146.59762824123632,4.778131272578259,True,Food Desert,0.0,#880e4f
32,3,5.676780452748831,-0.19306419566871663,536,5.0,0.22,120.0215260568707,3.8993097435182413,True,Food Desert,0.0,#880e4f
32,4,5.676780452748831,-0.1894539658597785,1474,26.7,0.286,118.33942335537651,3.843685782641362,True,Food Desert,0.0,#880e4f
32,5,5.676780452748831,-0.1858437360508404,652,17.1,0.233,108.79138240060026,3.5279500929908134,True,Food Desert,0.0,#880e4f
32,6,5.676780452748831,-0.1822335062419023,1112,16.7,0.274,146.78230038749706,4.784238031832335,True,Food Desert,0.0,#880e4f
32,7,5.676780452748831,-0.1786232764329642,100,34.7,0.338,189.17620772219544,6.186124516473635,True,Food Desert,0.0,#880e4f
32,8,5.676780452748831,-0.1750130466240261,2275,39.9,0.37,217.22190597513523,7.113542813228377,True,Food Desert,0.0,#880e4f
32,9,5.676780452748831,-0.17140281681508795,784,34.6,0.355,219.2967639637565,7.182154450009907,True,Food Desert,0.0,#880e4f
32,10,5.676780452748831,-0.16779258700614985,1016,36.4,0.412,268.45981661635756,8.807883791569793,True,Food Desert,0.0,#880e4f
32,11,5.676780452748831,-0.16418235719721175,739,13.7,0.219,153.82379864935652,5.017087086461618,True,Food Desert,0.0,#880e4f
32,12,5.676780452748831,-0.16057212738827364,1651,41.1,0.501,373.8172660481785,12.291855751235344,False,Food Swamp,,#d32f2f
32,13,5.676780452748831,-0.15696189757933554,1435,30.8,0.359,283.97149898464426,9.320825844645226,True,Food Desert,0.0,#880e4f
32,14,5.676780452748831,-0.15335166777039744,2030,34.2,0.302,257.47110825458077,8.444507950451436,True,Food Desert,0.0,#880e4f
32,15,5.676780452748831,-0.14974143796145933,1060,49.8,0.478,514.7064016537119,16.95079349620076,False,Food Swamp,,#d32f2f
32,16,5.676780452748831,-0.14613120815252123,2452,41.9,0.403,631.0354619210857,20.797575914069036,False,Food Swamp,,#d32f2f
32,17,5.676780452748831,-0.1425209783435831,2185,52.6,0.512,734.2676368253689,24.21126905718707,False,Food Swamp,,#d32f2f
32,18,5.676780452748831,-0.138910748534645,1401,34.4,0.404,487.6988372185421,16.057704325018022,True,Food Desert,0.0,#880e4f
32,19,5.676780452748831,-0.1353005187257069,1726,49.9,0.504,487.27839081999093,16.043800956333662,False,Food Swamp,,#d32f2f
32,20,5.676780452748831,-0.1316902889167688,2617,50.3,0.497,473.61814668487267,15.592082470497163,False,Food Swamp,,#d32f2f
32,21,5.676780452748831,-0.12808005910783066,2521,41.3,0.441,417.49313307862593,13.736134222940654,False,Food Swamp,,#d32f2f
32,22,5.676780452748831,-0.12446982929889255,2916,50.7,0.484,456.352645674531,15.021144945775347,False,Food Swamp,,#d32f2f
32,23,5.676780452748831,-0.12085959948995446,1181,27.3,0.314,299.61145625083844,9.838009706438019,True,Food Desert,0.0,#880e4f
32,24,5.676780452748831,-0.11724936968101635,2058,33.3,0.324,309.30952750666637,10.15870661491821,True,Food Desert,0.0,#880e4f
32,25,5.676780452748831,-0.11363913987207824,2253,34.9,0.435,417.83691072594485,13.747502300756492,True,Food Desert,0.0,#880e4f
32,26,5.676780452748831,-0.11002891006314014,1284,42.8,0.424,414.1828467769754,13.62666930408004,False,Food Swamp,,#d32f2f
32,27,5.676780452748831,-0.10641868025420204,1819,47.2,0.48,585.2089766726325,19.28218055781607,False,Food Swamp,,#d32f2f
32,28,5.676780452748831,-0.10280845044526392,1930,29.9,0.386,567.135642859025,18.684529527311284,True,Food Desert,0.0,#880e4f
32,29,5.676780452748831,-0.09919822063632582,1038,40.1,0.424,586.5575186063519,19.326774293796287,False,Food Swamp,,#d32f2f
32,30,5.676780452748831,-0.09558799082738771,434,9.8,0.269,394.38134639949016,12.971871067728383,True,Food Desert,0.0,#880e4f
32,31,5.676780452748831,-0.0919777610184496,442,28.5,0.326,279.2967301791207,9.166240065241912,True,Food Desert,0.0,#880e4f
32,32,5.676780452748831,-0.08836753120951149,1507,32.0,0.433,346.9326455400384,11.402832103626807,True,Food Desert,0.0,#880e4f
32,33,5.676780452748831,-0.08475730140057339,1350,38.4,0.369,280.6376569810962,9.21058198319115,True,Food Desert,0.0,#880e4f
32,34,5.676780452748831,-0.08114707159163527,1736,25.3,0.254,184.66576420509008,6.036972664146197,True,Food Desert,0.0,#880e4f
32,35,5.676780452748831,-0.07753684178269718,1298,24.1,0.222,180.5934367687468,5.902308483537137,True,Food Desert,0.0,#880e4f
32,36,5.676780452748831,-0.07392661197375905,1844,24.2,0.328,253.76658270855197,8.32200628402128,True,Food Desert,0.0,#880e4f
32,37,5.676780452748831,-0.07031638216482095,1210,16.8,0.2,165.29007819526473,5.396255305083712,True,Food Desert,0.0,#880e4f
32,38,5.676780452748831,-0.06670615235588284,204,15.3,0.154,123.06736666169311,4.000029942403457,True,Food Desert,0.0,#880e4f
32,39,5.676780452748831,-0.06309592254694474,854,21.4,0.311,168.6137047977455,5.506161362509056,True,Food Desert,0.0,#880e4f
32,40,5.676780452748831,-0.059485692738006635,1024,25.9,0.32,155.33392696819035,5.067024179155939,True,Food Desert,0.0,#880e4f
32,41,5.676780452748831,-0.05587546292906853,1348,18.9,0.205,95.65508585573595,3.0935575648594718,True,Food Desert,0.0,#880e4f
32,42,5.676780452748831,-0.0522652331201304,569,31.5,0.398,175.25653850338205,5.725827332860166,True,Food Desert,0.0,#880e4f
32,43,5.676780452748831,-0.048655003311192296,1617,23.0,0.247,98.67867318480464,3.1935418899250876,True,Food Desert,0.0,#880e4f
32,44,5.676780452748831,-0.04504477350225419,549,5.0,0.059,20.744763900088905,0.6164146329599831,True,Food Desert,0.0,#880e4f
33,0,5.680373697448796,-0.20389488509553094,648,16.8,0.199,106.41421361379571,3.44934160881354,True,Food Desert,0.0,#880e4f
33,1,5.680373697448796,-0.20028465528659284,100,5.0,0.17,174.22266338606377,5.691639034472554,True,Food Desert,0.0,#880e4f
33,2,5.680373697448796,-0.19667442547765474,503,21.8,0.277,211.14244281609047,6.912506443326142,True,Food Desert,0.0,#880e4f
33,3,5.680373697448796,-0.19306419566871663,160,29.9,0.237,131.92721861357361,4.293008520886556,True,Food Desert,0.0,#880e4f
33,4,5.680373697448796,-0.1894539658597785,161,12.7,0.114,46.437845287470246,1.4660363312241185,True,Food Desert,0.0,#880e4f
33,5,5.680373697448796,-0.1858437360508404,1438,23.6,0.329,136.73472380602158,4.451983642026651,True,Food Desert,0.0,#880e4f
33,6,5.680373697448796,-0.1822335062419023,1344,30.1,0.286,134.50218516332234,4.378157803683181,True,Food Desert,0.0,#880e4f
33,7,5.680373697448796,-0.1786232764329642,1056,7.4,0.223,120.39550336983874,3.9116764672663797,True,Food Desert,0.0,#880e4f
33,8,5.680373697448796,-0.1750130466240261,100,42.7,0.446,251.33001624347366,8.241433630754008,False,Food Swamp,,#d32f2f
33,9,5.680373697448796,-0.17140281681508795,1807,28.8,0.288,169.8506773725265,5.547065710409022,True,Food Desert,0.0,#880e4f
33,10,5.680373697448796,-0.16779258700614985,380,30.3,0.268,165.73035484550311,5.410814422755962,True,Food Desert,0.0,#880e4f
33,11,5.680373697448796,-0.16418235719721175,1488,20.7,0.211,137.00203581961316,4.460823145686404,True,Food Desert,0.0,#880e4f
33,12,5.680373697448796,-0.16057212738827364,663,31.8,0.343,239.80782062380538,7.860416373130636,True,Food Desert,0.0,#880e4f
33,13,5.680373697448796,-0.15696189757933554,2183,23.3,0.281,206.65960566349074,6.764267481357806,True,Food Desert,0.0,#880e4f
33,14,5.680373697448796,-0.15335166777039744,1559,30.2,0.316,245.17278029038167,8.037825461371558,True,Food Desert,0.0,#880e4f
33,15,5.680373697448796,-0.14974143796145933,1402,41.8,0.385,383.1460948205718,12.600342507841692,False,Food Swamp,,#d32f2f
33,16,5.680373697448796,-0.14613120815252123,877,38.6,0.368,412.5332327318683,13.572119681738029,True,Food Desert,0.0,#880e4f
33,17,5.680373697448796,-0.1425209783435831,401,47.0,0.431,466.19366706307875,15.346568945284336,False,Food Swamp,,#d32f2f
33,18,5.680373697448796,-0.138910748534645,1458,28.2,0.33,367.6669663676678,12.088476951292911,True,Food Desert,0.0,#880e4f
33,19,5.680373697448796,-0.1353005187257069,1817,34.1,0.408,363.9248064757377,11.964730788089648,True,Food Desert,0.0,#880e4f
33,20,5.680373697448796,-0.1316902889167688,2345,36.9,0.421,372.15882049166294,12.237014087483118,True,Food Desert,0.0,#880e4f
33,21,5.680373697448796,-0.12808005910783066,1125,41.3,0.466,410.2542582906744,13.49675829919951,False,Food Swamp,,#d32f2f
33,22,5.680373697448796,-0.12446982929889255,2041,39.5,0.481,422.819383060511,13.912263254984705,True,Food Desert,0.0,#880e4f
33,23,5.680373697448796,-0.12085959948995446,1887,53.8,0.628,552.5215847387233,18.20127021358803,False,Food Swamp,,#d32f2f
33,24,5.680373697448796,-0.11724936968101635,2077,51.9,0.488,438.1690443740678,14.41984757764242,False,Food Swamp,,#d32f2f
33,25,5.680373697448796,-0.11363913987207824,2530,41.4,0.426,387.83346912180997,12.75534512719172,False,Food Swamp,,#d32f2f
33,26,5.680373697448796,-0.11002891006314014,1762,38.8,0.396,372.66681412890813,12.253812478080036,True,Food Desert,0.0,#880e4f
33,27,5.680373697448796,-0.10641868025420204,1681,43.5,0.525,660.5738261750404,21.774353857633066,False,Food Swamp,,#d32f2f
33,28,5.680373697448796,-0.10280845044526392,1025,42.9,0.46,927.4239126252274,30.598582458842777,False,Food Swamp,,#d32f2f
33,29,5.680373697448796,-0.09919822063632582,2702,38.2,0.348,837.7849364221354,27.63439073562916,False,Food Swamp,,#d32f2f
33,30,5.680373697448796,-0.09558799082738771,1377,27.4,0.213,411.83702000426143,13.549097241141514,True,Food Desert,0.0,#880e4f
33,31,5.680373697448796,-0.0919777610184496,1028,38.7,0.487,411.4298703143927,13.535633569511846,True,Food Desert,0.0,#880e4f
33,32,5.680373697448796,-0.08836753120951149,665,33.8,0.353,276.0850466368212,9.060035753491448,True,Food Desert,0.0,#880e4f
33,33,5.680373697448796,-0.08475730140057339,845,33.5,0.34,251.06410584074158,8.232640475719426,True,Food Desert,0.0,#880e4f
33,34,5.680373697448796,-0.08114707159163527,842,8.0,0.233,163.02731841945305,5.321430110919454,True,Food Desert,0.0,#880e4f
33,35,5.680373697448796,-0.07753684178269718,1290,26.3,0.343,266.71436799452374,8.750165100691259,True,Food Desert,0.0,#880e4f
33,36,5.680373697448796,-0.07392661197375905,817,27.2,0.307,291.90820546658597,9.58327774514491,True,Food Desert,0.0,#880e4f
33,37,5.680373697448796,-0.07031638216482095,573,32.5,0.386,329.18565322990605,10.815972570576768,True,Food Desert,0.0,#880e4f
33,38,5.680373697448796,-0.06670615235588284,776,21.9,0.291,202.0967446021307,6.613382279795337,True,Food Desert,0.0,#880e4f
33,39,5.680373697448796,-0.06309592254694474,550,34.0,0.371,197.33224086397237,6.455829135570758,True,Food Desert,0.0,#880e4f
33,40,5.680373697448796,-0.059485692738006635,100,20.1,0.28,136.04322802449897,4.429117181932524,True,Food Desert,0.0,#880e4f
33,41,5.680373697448796,-0.05587546292906853,215,14.9,0.248,116.02023044605457,3.7669944512859885,True,Food Desert,0.0,#880e4f
33,42,5.680373697448796,-0.0522652331201304,1544,16.9,0.245,102.4264414743485,3.317473512249944,True,Food Desert,0.0,#880e4f
33,43,5.680373697448796,-0.048655003311192296,763,17.5,0.294,109.72638910283437,3.558868999534684,True,Food Desert,0.0,#880e4f
33,44,5.680373697448796,-0.04504477350225419,100,19.2,0.3,101.47966129460511,3.286165279030729,True,Food Desert,0.0,#880e4f
34,0,5.68396694214876,-0.20389488509553094,362,5.0,0.072,74.53337546926087,2.395102475793598,True,Food Desert,0.0,#880e4f
34,1,5.68396694214876,-0.20028465528659284,364,7.4,0.138,165.15404101205965,5.3917568122451485,True,Food Desert,0.0,#880e4f
34,2,5.68396694214876,-0.19667442547765474,1122,6.2,0.217,187.20977683017048,6.1210983590886405,True,Food Desert,0.0,#880e4f
34,3,5.68396694214876,-0.19306419566871663,100,22.9,0.348,161.11331372232567,5.258137588829925,True,Food Desert,0.0,#880e4f
34,4,5.68396694214876,-0.1894539658597785,148,5.0,0.071,26.119109180033483,0.7941340857169006,True,Food Desert,0.0,#880e4f
34,5,5.68396694214876,-0.1858437360508404,1164,22.8,0.289,116.40752187503337,3.7798014477163084,True,Food Desert,0.0,#880e4f
34,6,5.68396694214876,-0.1822335062419023,1394,14.4,0.167,69.29517031948649,2.2218849201370383,True,Food Desert,0.0,#880e4f
34,7,5.68396694214876,-0.1786232764329642,1182,22.5,0.239,112.54187545590456,3.651971818175574,True,Food Desert,0.0,#880e4f
34,8,5.68396694214876,-0.1750130466240261,680,20.5,0.299,161.6296117680446,5.275210590538067,True,Food Desert,0.0,#880e4f
34,9,5.68396694214876,-0.17140281681508795,1475,24.8,0.395,222.4284414996732,7.2857131141640625,True,Food Desert,0.0,#880e4f
34,10,5.68396694214876,-0.16779258700614985,1100,27.5,0.314,184.4481863842034,6.02977777635134,True,Food Desert,0.0,#880e4f
34,11,5.68396694214876,-0.16418235719721175,862,19.6,0.247,151.4747470190055,4.939408383568895,True,Food Desert,0.0,#880e4f
34,12,5.68396694214876,-0.16057212738827364,1214,24.0,0.341,219.40747965823869,7.185815609018133,True,Food Desert,0.0,#880e4f
34,13,5.68396694214876,-0.15696189757933554,970,40.9,0.423,290.06456396638157,9.522312001146481,False,Food Swamp,,#d32f2f
34,14,5.68396694214876,-0.15335166777039744,1189,30.9,0.347,248.3979069888004,8.144474312916989,True,Food Desert,0.0,#880e4f
34,15,5.68396694214876,-0.14974143796145933,1837,30.1,0.328,244.71866057691085,8.022808579731047,True,Food Desert,0.0,#880e4f
34,16,5.68396694214876,-0.14613120815252123,2254,37.2,0.407,318.9575452035313,10.477748346694247,True,Food Desert,0.0,#880e4f
34,17,5.68396694214876,-0.1425209783435831,1501,29.9,0.348,277.36608859222423,9.102397392614723,True,Food Desert,0.0,#880e4f
34,18,5.68396694214876,-0.138910748534645,1924,48.2,0.423,344.8329584938157,11.333399416782514,False,Food Swamp,,#d32f2f
34,19,5.68396694214876,-0.1353005187257069,1367,35.5,0.328,270.20112579089965,8.865465598740807,True,Food Desert,0.0,#880e4f
34,20,5.68396694214876,-0.1316902889167688,2088,35.7,0.338,277.8123041980135,9.117152900335523,True,Food Desert,0.0,#880e4f
34,21,5.68396694214876,-0.12808005910783066,1478,32.8,0.31,254.63788164553617,8.350818495035401,True,Food Desert,0.0,#880e4f
34,22,5.68396694214876,-0.12446982929889255,1545,41.2,0.461,379.07242174652305,12.465633829533994,False,Food Swamp,,#d32f2f
34,23,5.68396694214876,-0.12085959948995446,1288,37.6,0.493,406.78784335335536,13.38213050109587,True,Food Desert,0.0,#880e4f
34,24,5.68396694214876,-0.11724936968101635,830,22.9,0.317,263.6504395531806,8.648846771198393,True,Food Desert,0.0,#880e4f
34,25,5.68396694214876,-0.11363913987207824,1858,22.0,0.262,221.6871985788487,7.261201610085517,True,Food Desert,0.0,#880e4f
34,26,5.68396694214876,-0.11002891006314014,1519,28.9,0.277,247.28948052052522,8.107820742090743,True,Food Desert,0.0,#880e4f
34,27,5.68396694214876,-0.10641868025420204,1926,32.1,0.378,531.9032949524769,17.519462293417888,True,Food Desert,0.0,#880e4f
34,28,5.68396694214876,-0.10280845044526392,812,30.8,0.311,804.0389512600927,26.518474711751534,False,Food Swamp,,#d32f2f
34,29,5.68396694214876,-0.09919822063632582,838,34.1,0.348,824.4979201536652,27.195014190765797,False,Food Swamp,,#d32f2f
34,30,5.68396694214876,-0.09558799082738771,1901,32.7,0.326,479.9624071968131,15.801875188977094,True,Food Desert,0.0,#880e4f
34,31,5.68396694214876,-0.0919777610184496,557,33.4,0.334,272.1532875318554,8.930019902237145,True,Food Desert,0.0,#880e4f
34,32,5.68396694214876,-0.08836753120951149,500,33.7,0.364,273.88239516517467,8.987198227473902,True,Food Desert,0.0,#880e4f
34,33,5.68396694214876,-0.08475730140057339,769,30.4,0.346,243.30872211685457,7.976184576528797,True,Food Desert,0.0,#880e4f
34,34,5.68396694214876,-0.08114707159163527,1312,13.8,0.27,183.768358557739,6.007297153504305,True,Food Desert,0.0,#880e4f
34,35,5.68396694214876,-0.07753684178269718,1446,25.3,0.237,194.69963130330459,6.368773707221105,True,Food Desert,0.0,#880e4f
34,36,5.68396694214876,-0.07392661197375905,853,25.5,0.314,292.2893152651531,9.595880326727155,True,Food Desert,0.0,#880e4f
34,37,5.68396694214876,-0.07031638216482095,100,10.2,0.173,202.57068542706673,6.629054608173847,True,Food Desert,0.0,#880e4f
34,38,5.68396694214876,-0.06670615235588284,927,23.3,0.227,164.73726932075988,5.377974959192504,True,Food Desert,0.0,#880e4f
34,39,5.68396694214876,-0.06309592254694474,858,18.4,0.214,108.39466155525531,3.5148312835620503,True,Food Desert,0.0,#880e4f
34,40,5.68396694214876,-0.059485692738006635,100,29.7,0.309,151.04294097808335,4.925129372955976,True,Food Desert,0.0,#880e4f
34,41,5.68396694214876,-0.05587546292906853,618,11.1,0.198,88.86418697983054,2.8689953588439474,True,Food Desert,0.0,#880e4f
34,42,5.68396694214876,-0.0522652331201304,535,13.6,0.141,55.78409855462154,1.7750992829782732,True,Food Desert,0.0,#880e4f
34,43,5.68396694214876,-0.048655003311192296,440,19.9,0.199,71.57116846113576,2.297147882068252,True,Food Desert,0.0,#880e4f
34,44,5.68396694214876,-0.04504477350225419,209,18.3,0.251,83.58086577962557,2.6942859005694078,True,Food Desert,0.0,#880e4f
35,0,5.6875601868487236,-0.20389488509553094,100,5.0,0.233,89.27424736150431,2.8825552815568227,True,Food Desert,0.0,#880e4f
35,1,5.6875601868487236,-0.20028465528659284,140,18.1,0.227,109.84811180141612,3.5628941393895364,True,Food Desert,0.0,#880e4f
35,2,5.6875601868487236,-0.19667442547765474,100,26.0,0.304,131.32518546142435,4.2731004210588885,True,Food Desert,0.0,#880e4f
35,3,5.6875601868487236,-0.19306419566871663,1255,23.5,0.333,138.7782458510532,4.5195590583094445,True,Food Desert,0.0,#880e4f
35,4,5.6875601868487236,-0.1894539658597785,486,13.8,0.251,88.57905599856178,2.8595666155616315,True,Food Desert,0.0,#880e4f
35,5,5.6875601868487236,-0.1858437360508404,811,22.2,0.207,80.37147068441898,2.588157263444193,True,Food Desert,0.0,#880e4f
35,6,5.6875601868487236,-0.1822335062419023,100,12.9,0.241,96.27889950645971,3.114185904657927,True,Food Desert,0.0,#880e4f
35,7,5.6875601868487236,-0.1786232764329642,764,15.1,0.222,91.73091229255695,2.9637925531521248,True,Food Desert,0.0,#880e4f
35,8,5.6875601868487236,-0.1750130466240261,103,34.0,0.317,155.38429679626023,5.068689814282406,True,Food Desert,0.0,#880e4f
35,9,5.6875601868487236,-0.17140281681508795,1123,26.8,0.284,152.74715872954084,4.981484636786508,True,Food Desert,0.0,#880e4f
35,10,5.6875601868487236,-0.16779258700614985,1145,14.5,0.21,117.29889899024255,3.8092776061808884,True,Food Desert,0.0,#880e4f
35,11,5.6875601868487236,-0.16418235719721175,1045,40.7,0.45,261.1194589496381,8.565152020606451,False,Food Swamp,,#d32f2f
35,12,5.6875601868487236,-0.16057212738827364,1149,27.9,0.368,222.8641379226239,7.300120772366429,True,Food Desert,0.0,#880e4f
35,13,5.6875601868487236,-0.15696189757933554,976,24.4,0.355,223.09999832712114,7.307920230687556,True,Food Desert,0.0,#880e4f
35,14,5.6875601868487236,-0.15335166777039744,765,41.1,0.448,297.7727892332461,9.777208459188778,False,Food Swamp,,#d32f2f
35,15,5.6875601868487236,-0.14974143796145933,1456,12.0,0.233,159.85232752746606,5.2164391558467,True,Food Desert,0.0,#880e4f
35,16,5.6875601868487236,-0.14613120815252123,2018,39.9,0.546,390.57939354693116,12.846147664193849,True,Food Desert,0.0,#880e4f
35,17,5.6875601868487236,-0.1425209783435831,2104,23.2,0.262,194.97289898809956,6.3778101536844805,True,Food Desert,0.0,#880e4f
35,18,5.6875601868487236,-0.138910748534645,1098,38.6,0.323,242.52097166957572,7.9501351563469855,True,Food Desert,0.0,#880e4f
35,19,5.6875601868487236,-0.1353005187257069,509,36.3,0.348,262.3617792654127,8.606233208205646,True,Food Desert,0.0,#880e4f
35,20,5.6875601868487236,-0.1316902889167688,1528,35.4,0.308,232.73457697166478,7.626517558373476,True,Food Desert,0.0,#880e4f
35,21,5.6875601868487236,-0.12808005910783066,728,34.6,0.407,312.8278565569117,10.275051114733229,True,Food Desert,0.0,#880e4f
35,22,5.6875601868487236,-0.12446982929889255,760,28.1,0.381,293.7595754052762,9.644499054014375,True,Food Desert,0.0,#880e4f
35,23,5.6875601868487236,-0.12085959948995446,1332,31.4,0.445,344.7963331312453,11.332188285183411,True,Food Desert,0.0,#880e4f
35,24,5.6875601868487236,-0.11724936968101635,1201,31.6,0.276,215.68563412071177,7.0627412031656895,True,Food Desert,0.0,#880e4f
35,25,5.6875601868487236,-0.11363913987207824,1403,26.4,0.208,165.08486613805348,5.389469329749601,True,Food Desert,0.0,#880e4f
35,26,5.6875601868487236,-0.11002891006314014,1220,44.6,0.476,388.6934861772496,12.78378426768102,False,Food Swamp,,#d32f2f
35,27,5.6875601868487236,-0.10641868025420204,1946,40.7,0.438,490.32897599237094,16.144678049111246,False,Food Swamp,,#d32f2f
35,28,5.6875601868487236,-0.10280845044526392,1808,33.6,0.385,516.9099509578425,17.023660711843636,True,Food Desert,0.0,#880e4f
35,29,5.6875601868487236,-0.09919822063632582,576,28.9,0.397,519.9170633852674,17.123100243013095,True,Food Desert,0.0,#880e4f
35,30,5.6875601868487236,-0.09558799082738771,1043,42.3,0.441,476.1426515502185,15.675563080651791,False,Food Swamp,,#d32f2f
35,31,5.6875601868487236,-0.0919777610184496,1786,36.1,0.355,266.35639592129957,8.738327640006874,True,Food Desert,0.0,#880e4f
35,32,5.6875601868487236,-0.08836753120951149,1325,25.6,0.222,156.85668480489193,5.11737890616423,True,Food Desert,0.0,#880e4f
35,33,5.6875601868487236,-0.08475730140057339,1098,23.9,0.344,232.77875682737422,7.627978502799371,True,Food Desert,0.0,#880e4f
35,34,5.6875601868487236,-0.08114707159163527,517,29.8,0.33,216.74529498325415,7.097782187469716,True,Food Desert,0.0,#880e4f
35,35,5.6875601868487236,-0.07753684178269718,557,30.6,0.364,255.39218392069859,8.375761847308546,True,Food Desert,0.0,#880e4f
35,36,5.6875601868487236,-0.07392661197375905,596,22.0,0.251,191.92793179482356,6.277118836870285,True,Food Desert,0.0,#880e4f
35,37,5.6875601868487236,-0.07031638216482095,100,20.9,0.335,225.985344452232,7.403333180109051,True,Food Desert,0.0,#880e4f
35,38,5.6875601868487236,-0.06670615235588284,670,29.1,0.318,200.07923661277522,6.546667099224604,True,Food Desert,0.0,#880e4f
35,39,5.6875601868487236,-0.06309592254694474,1315,24.1,0.306,155.22155193921265,5.063308149088427,True,Food Desert,0.0,#880e4f
35,40,5.6875601868487236,-0.059485692738006635,312,8.8,0.283,133.961209179887,4.360268749161594,True,Food Desert,0.0,#880e4f
35,41,5.6875601868487236,-0.05587546292906853,240,19.8,0.245,106.12880797820185,3.439903783231183,True,Food Desert,0.0,#880e4f
35,42,5.6875601868487236,-0.0522652331201304,100,17.4,0.202,79.39824981066226,2.5559746863885118,True,Food Desert,0.0,#880e4f
35,43,5.6875601868487236,-0.048655003311192296,315,27.1,0.354,131.12622357330034,4.266521127017466,True,Food Desert,0.0,#880e4f
35,44,5.6875601868487236,-0.04504477350225419,375,5.0,0.132,39.02591569804727,1.2209378118899388,True,Food Desert,0.0,#880e4f
36,0,5.691153431548688,-0.20389488509553094,275,17.1,0.121,25.319540764690316,0.7676938676410778,True,Food Desert,0.0,#880e4f
36,1,5.691153431548688,-0.20028465528659284,1102,17.3,0.175,44.843760000061835,1.4133229400724063,True,Food Desert,0.0,#880e4f
36,2,5.691153431548688,-0.19667442547765474,805,17.3,0.225,60.46161786960241,1.9297760165369482,True,Food Desert,0.0,#880e4f
36,3,5.691153431548688,-0.19306419566871663,972,18.0,0.26,71.18666989358911,2.2844332402931498,True,Food Desert,0.0,#880e4f
36,4,5.691153431548688,-0.1894539658597785,100,13.7,0.2,67.41260392300418,2.159632003300841,True,Food Desert,0.0,#880e4f
36,5,5.691153431548688,-0.1858437360508404,100,10.7,0.136,46.9482080939918,1.482913065776505,True,Food Desert,0.0,#880e4f
36,6,5.691153431548688,-0.1822335062419023,876,5.0,0.197,75.6309966993408,2.4313987377907784,True,Food Desert,0.0,#880e4f
36,7,5.691153431548688,-0.1786232764329642,308,18.9,0.277,109.7784202307507,3.5605895707108837,True,Food Desert,0.0,#880e4f
36,8,5.691153431548688,-0.1750130466240261,945,33.7,0.388,159.082119670908,5.190969836023248,True,Food Desert,0.0,#880e4f
36,9,5.691153431548688,-0.17140281681508795,841,28.3,0.356,164.39144295667626,5.366539134180813,True,Food Desert,0.0,#880e4f
36,10,5.691153431548688,-0.16779258700614985,1138,42.6,0.498,250.53939552949262,8.215289296270823,False,Food Swamp,,#d32f2f
36,11,5.691153431548688,-0.16418235719721175,981,20.1,0.324,178.23350318126214,5.824269934864885,True,Food Desert,0.0,#880e4f
36,12,5.691153431548688,-0.16057212738827364,247,34.4,0.374,213.78820655271022,6.999996855442165,True,Food Desert,0.0,#880e4f
36,13,5.691153431548688,-0.15696189757933554,544,10.5,0.126,74.3602226013732,2.3893766373293066,True,Food Desert,0.0,#880e4f
36,14,5.691153431548688,-0.15335166777039744,350,20.8,0.141,85.72036397491205,2.7650350669580335,True,Food Desert,0.0,#880e4f
36,15,5.691153431548688,-0.14974143796145933,540,22.8,0.228,142.2986629968793,4.635972607503428,True,Food Desert,0.0,#880e4f
36,16,5.691153431548688,-0.14613120815252123,679,34.3,0.361,235.9826809132765,7.733926223975024,True,Food Desert,0.0,#880e4f
36,17,5.691153431548688,-0.1425209783435831,647,31.4,0.349,240.98729622644188,7.899419404704158,True,Food Desert,0.0,#880e4f
36,18,5.691153431548688,-0.138910748534645,1542,40.3,0.477,333.11281535822025,10.945836408491346,False,Food Swamp,,#d32f2f
36,19,5.691153431548688,-0.1353005187257069,1179,26.2,0.309,217.40411768581313,7.119568210522523,True,Food Desert,0.0,#880e4f
36,20,5.691153431548688,-0.1316902889167688,1699,52.5,0.501,354.32669655746054,11.64733941233596,False,Food Swamp,,#d32f2f
36,21,5.691153431548688,-0.12808005910783066,1025,30.0,0.418,296.8699030186099,9.747351716532942,True,Food Desert,0.0,#880e4f
36,22,5.691153431548688,-0.12446982929889255,1591,33.0,0.428,310.06402654859113,10.183656473896727,True,Food Desert,0.0,#880e4f
36,23,5.691153431548688,-0.12085959948995446,1027,26.7,0.275,200.29590599163336,6.553831946556528,True,Food Desert,0.0,#880e4f
36,24,5.691153431548688,-0.11724936968101635,1802,40.2,0.445,326.56448384304787,10.729295447178322,False,Food Swamp,,#d32f2f
36,25,5.691153431548688,-0.11363913987207824,1056,34.9,0.33,244.915975453633,8.029333410214626,True,Food Desert,0.0,#880e4f
36,26,5.691153431548688,-0.11002891006314014,1308,21.9,0.324,244.45740052263957,8.01416920294117,True,Food Desert,0.0,#880e4f
36,27,5.691153431548688,-0.10641868025420204,1693,27.7,0.296,226.86354150579487,7.432373498816213,True,Food Desert,0.0,#880e4f
36,28,5.691153431548688,-0.10280845044526392,1314,36.8,0.351,272.70770086493343,8.948353304544481,True,Food Desert,0.0,#880e4f
36,29,5.691153431548688,-0.09919822063632582,611,23.4,0.286,222.19222511529762,7.277901884260375,True,Food Desert,0.0,#880e4f
36,30,5.691153431548688,-0.09558799082738771,1843,40.3,0.37,271.5567627024256,8.910293952243237,False,Food Swamp,,#d32f2f
36,31,5.691153431548688,-0.0919777610184496,1625,36.0,0.427,298.7987768931092,9.811135934248233,True,Food Desert,0.0,#880e4f
36,32,5.691153431548688,-0.08836753120951149,914,22.0,0.253,169.6624428951284,5.540841151589177,True,Food Desert,0.0,#880e4f
36,33,5.691153431548688,-0.08475730140057339,1085,17.8,0.27,174.95367659916676,5.715812261428319,True,Food Desert,0.0,#880e4f
36,34,5.691153431548688,-0.08114707159163527,100,11.1,0.231,144.90784377181066,4.7222532901374725,True,Food Desert,0.0,#880e4f
36,35,5.691153431548688,-0.07753684178269718,340,18.5,0.269,165.7200915725831,5.410475035695431,True,Food Desert,0.0,#880e4f
36,36,5.691153431548688,-0.07392661197375905,100,19.6,0.255,145.21922434726753,4.732550057945792,True,Food Desert,0.0,#880e4f
36,37,5.691153431548688,-0.07031638216482095,482,5.0,0.02,11.023767827586719,0.29495964406968106,True,Food Desert,0.0,#880e4f
36,38,5.691153431548688,-0.06670615235588284,582,32.3,0.358,179.38814078174752,5.862451620596275,True,Food Desert,0.0,#880e4f
36,39,5.691153431548688,-0.06309592254694474,100,13.8,0.228,125.27620689924399,4.073072119226352,True,Food Desert,0.0,#880e4f
36,40,5.691153431548688,-0.059485692738006635,1180,5.1,0.127,89.78600939761326,2.8994782859902086,True,Food Desert,0.0,#880e4f
36,41,5.691153431548688,-0.05587546292906853,100,35.4,0.428,211.30949398910374,6.918030510259672,True,Food Desert,0.0,#880e4f
36,42,5.691153431548688,-0.0522652331201304,100,5.1,0.078,56.22958900958958,1.7898308113303494,True,Food Desert,0.0,#880e4f
36,43,5.691153431548688,-0.048655003311192296,715,21.8,0.299,113.19301473021537,3.673503764760935,True,Food Desert,0.0,#880e4f
36,44,5.691153431548688,-0.04504477350225419,116,14.2,0.265,70.62959550325266,2.266011841845801,True,Food Desert,0.0,#880e4f
37,0,5.694746676248652,-0.20389488509553094,1450,5.0,0.137,20.119081741107127,0.5957245051207918,True,Food Desert,0.0,#880e4f
37,1,5.694746676248652,-0.20028465528659284,1287,8.1,0.117,24.048652758000777,0.7256680004332077,True,Food Desert,0.0,#880e4f
37,2,5.694746676248652,-0.19667442547765474,423,22.5,0.335,83.11662122417032,2.678934209518077,True,Food Desert,0.0,#880e4f
37,3,5.694746676248652,-0.19306419566871663,1424,11.3,0.176,45.483363507562395,1.434473420626491,True,Food Desert,0.0,#880e4f
37,4,5.694746676248652,-0.1894539658597785,1113,15.1,0.17,48.876966161383564,1.5466934539693695,True,Food Desert,0.0,#880e4f
37,5,5.694746676248652,-0.1858437360508404,100,22.1,0.162,51.58211696781383,1.6361476843735383,True,Food Desert,0.0,#880e4f
37,6,5.694746676248652,-0.1822335062419023,933,23.7,0.258,87.89413908584791,2.8369177062394666,True,Food Desert,0.0,#880e4f
37,7,5.694746676248652,-0.1786232764329642,674,30.7,0.409,155.41363903061247,5.069660106580373,True,Food Desert,0.0,#880e4f
37,8,5.694746676248652,-0.1750130466240261,1197,26.9,0.374,146.66167179502003,4.780249072000919,True,Food Desert,0.0,#880e4f
37,9,5.694746676248652,-0.17140281681508795,500,22.3,0.283,114.60711120001437,3.720265265495916,True,Food Desert,0.0,#880e4f
37,10,5.694746676248652,-0.16779258700614985,911,8.3,0.109,47.90471594544751,1.5145429747354167,True,Food Desert,0.0,#880e4f
37,11,5.694746676248652,-0.16418235719721175,100,14.5,0.258,127.49949821327111,4.146592165867677,True,Food Desert,0.0,#880e4f
37,12,5.694746676248652,-0.16057212738827364,956,22.4,0.347,187.7522427466693,6.139036682883953,True,Food Desert,0.0,#880e4f
37,13,5.694746676248652,-0.15696189757933554,1862,29.0,0.306,170.25864751446883,5.560556512839919,True,Food Desert,0.0,#880e4f
37,14,5.694746676248652,-0.15335166777039744,1191,44.5,0.467,266.60599419907095,8.746581383862917,False,Food Swamp,,#d32f2f
37,15,5.694746676248652,-0.14974143796145933,1489,16.3,0.262,153.0052184305982,4.990018183937204,True,Food Desert,0.0,#880e4f
37,16,5.694746676248652,-0.14613120815252123,1776,11.9,0.121,72.28270827219333,2.320677160380124,True,Food Desert,0.0,#880e4f
37,17,5.694746676248652,-0.1425209783435831,958,33.7,0.397,252.8924998329011,8.293102013410952,True,Food Desert,0.0,#880e4f
37,18,5.694746676248652,-0.138910748534645,1941,32.7,0.44,287.78206476477027,9.446834061434977,True,Food Desert,0.0,#880e4f
37,19,5.694746676248652,-0.1353005187257069,1616,19.0,0.334,220.41496007132886,7.219131084364657,True,Food Desert,0.0,#880e4f
37,20,5.694746676248652,-0.1316902889167688,1089,36.6,0.337,223.9014514917399,7.334422773863906,True,Food Desert,0.0,#880e4f
37,21,5.694746676248652,-0.12808005910783066,1391,37.6,0.362,241.81733608922582,7.9268672560230655,True,Food Desert,0.0,#880e4f
37,22,5.694746676248652,-0.12446982929889255,1023,35.8,0.429,287.96205457168367,9.452785984566123,True,Food Desert,0.0,#880e4f
37,23,5.694746676248652,-0.12085959948995446,1287,27.8,0.328,221.259893009427,7.247071421569162,True,Food Desert,0.0,#880e4f
37,24,5.694746676248652,-0.11724936968101635,1662,33.5,0.379,261.40937935290583,8.574739141032836,True,Food Desert,0.0,#880e4f
37,25,5.694746676248652,-0.11363913987207824,823,26.8,0.322,223.69269116176656,7.327519463847958,True,Food Desert,0.0,#880e4f
37,26,5.694746676248652,-0.11002891006314014,1330,31.7,0.321,224.81845596489316,7.364746380676554,True,Food Desert,0.0,#880e4f
37,27,5.694746676248652,-0.10641868025420204,1454,28.5,0.402,282.03565240859507,9.256811052852697,True,Food Desert,0.0,#880e4f
37,28,5.694746676248652,-0.10280845044526392,959,32.3,0.33,226.31278090545067,7.4141608854847805,True,Food Desert,0.0,#880e4f
37,29,5.694746676248652,-0.09919822063632582,626,20.8,0.294,199.2648540070839,6.51973700384009,True,Food Desert,0.0,#880e4f
37,30,5.694746676248652,-0.09558799082738771,1720,12.2,0.222,146.8320505087327,4.785883174423672,True,Food Desert,0.0,#880e4f
37,31,5.694746676248652,-0.0919777610184496,1209,28.8,0.33,216.13240030908193,7.077514917613054,True,Food Desert,0.0,#880e4f
37,32,5.694746676248652,-0.08836753120951149,992,30.6,0.363,230.76466215100527,7.561376194045474,True,Food Desert,0.0,#880e4f
37,33,5.694746676248652,-0.08475730140057339,100,23.3,0.248,153.58449872353387,5.009173889663364,True,Food Desert,0.0,#880e4f
37,34,5.694746676248652,-0.08114707159163527,314,17.3,0.31,186.7506213860398,6.105914955341625,True,Food Desert,0.0,#880e4f
37,35,5.694746676248652,-0.07753684178269718,100,20.3,0.197,109.20696138275557,3.541692505403639,True,Food Desert,0.0,#880e4f
37,36,5.694746676248652,-0.07392661197375905,566,11.3,0.188,102.65669966931851,3.3250877160778165,True,Food Desert,0.0,#880e4f
37,37,5.694746676248652,-0.07031638216482095,100,30.4,0.278,136.50180467818572,4.444281446172195,True,Food Desert,0.0,#880e4f
37,38,5.694746676248652,-0.06670615235588284,531,17.4,0.208,95.64632745622346,3.093267941121638,True,Food Desert,0.0,#880e4f
37,39,5.694746676248652,-0.06309592254694474,988,5.0,0.12,86.06322812856693,2.7763729372628867,True,Food Desert,0.0,#880e4f
37,40,5.694746676248652,-0.059485692738006635,100,25.2,0.296,208.0228028584027,6.809345839159563,True,Food Desert,0.0,#880e4f
37,41,5.694746676248652,-0.05587546292906853,412,7.6,0.159,147.822924698272,4.818649513306479,True,Food Desert,0.0,#880e4f
37,42,5.694746676248652,-0.0522652331201304,636,22.2,0.184,111.4095978796832,3.614529536235501,True,Food Desert,0.0,#880e4f
37,43,5.694746676248652,-0.048655003311192296,524,19.9,0.267,85.89861696854544,2.7709295569527543,True,Food Desert,0.0,#880e4f
37,44,5.694746676248652,-0.04504477350225419,591,22.2,0.215,56.652732368330945,1.803823363396899,True,Food Desert,0.0,#880e4f
38,0,5.698339920948616,-0.20389488509553094,364,5.0,0.154,21.333141079962967,0.6358711555641571,True,Food Desert,0.0,#880e4f
38,1,5.698339920948616,-0.20028465528659284,522,5.0,0.129,18.59790996352206,0.5454222260933317,True,Food Desert,0.0,#880e4f
38,2,5.698339920948616,-0.19667442547765474,607,5.0,0.292,61.58738114362558,1.9670028828009813,True,Food Desert,0.0,#880e4f
38,3,5.698339920948616,-0.19306419566871663,100,14.0,0.155,37.037394546165,1.1551811713132993,True,Food Desert,0.0,#880e4f
38,4,5.698339920948616,-0.1894539658597785,448,24.4,0.291,78.3673711568437,2.521885475392133,True,Food Desert,0.0,#880e4f
38,5,5.698339920948616,-0.1858437360508404,227,21.2,0.238,72.70122082059844,2.3345165802908645,True,Food Desert,0.0,#880e4f
38,6,5.698339920948616,-0.1822335062419023,284,11.6,0.155,48.72694602349584,1.5417325712163732,True,Food Desert,0.0,#880e4f
38,7,5.698339920948616,-0.1786232764329642,100,25.0,0.331,107.17507319696476,3.4745017988836233,True,Food Desert,0.0,#880e4f
38,8,5.698339920948616,-0.1750130466240261,560,14.6,0.218,81.80633964507406,2.635605671237623,True,Food Desert,0.0,#880e4f
38,9,5.698339920948616,-0.17140281681508795,287,27.2,0.352,136.0523395915188,4.429418484253119,True,Food Desert,0.0,#880e4f
38,10,5.698339920948616,-0.16779258700614985,100,8.0,0.2,79.60228862110195,2.562721864666735,True,Food Desert,0.0,#880e4f
38,11,5.698339920948616,-0.16418235719721175,635,22.3,0.273,117.5944141911363,3.8190497360029476,True,Food Desert,0.0,#880e4f
38,12,5.698339920948616,-0.16057212738827364,324,15.8,0.185,85.37788832451335,2.753710043722449,True,Food Desert,0.0,#880e4f
38,13,5.698339920948616,-0.15696189757933554,1023,12.1,0.084,41.82586576659884,1.3135268749310853,True,Food Desert,0.0,#880e4f
38,14,5.698339920948616,-0.15335166777039744,100,25.4,0.308,165.86683159813163,5.415327451325543,True,Food Desert,0.0,#880e4f
38,15,5.698339920948616,-0.14974143796145933,485,27.3,0.308,169.23978710445138,5.526864722478088,True,Food Desert,0.0,#880e4f
38,16,5.698339920948616,-0.14613120815252123,846,16.7,0.193,108.31025373188933,3.512040076187827,True,Food Desert,0.0,#880e4f
38,17,5.698339920948616,-0.1425209783435831,915,18.4,0.295,172.9221475930207,5.648633432301098,True,Food Desert,0.0,#880e4f
38,18,5.698339920948616,-0.138910748534645,196,15.2,0.206,122.16958868280174,3.970342119460412,True,Food Desert,0.0,#880e4f
38,19,5.698339920948616,-0.1353005187257069,1557,33.0,0.388,241.18703557317562,7.906024407834124,True,Food Desert,0.0,#880e4f
38,20,5.698339920948616,-0.1316902889167688,1110,29.7,0.387,242.36761574302002,7.945063965360018,True,Food Desert,0.0,#880e4f
38,21,5.698339920948616,-0.12808005910783066,1329,25.4,0.377,237.52145230073538,7.784810488876593,True,Food Desert,0.0,#880e4f
38,22,5.698339920948616,-0.12446982929889255,100,28.4,0.398,252.0116586244281,8.263974257492524,True,Food Desert,0.0,#880e4f
38,23,5.698339920948616,-0.12085959948995446,414,17.8,0.216,137.38333205759528,4.473431892468143,True,Food Desert,0.0,#880e4f
38,24,5.698339920948616,-0.11724936968101635,1292,9.5,0.159,101.55830893253615,3.2887660079466556,True,Food Desert,0.0,#880e4f
38,25,5.698339920948616,-0.11363913987207824,223,32.1,0.291,186.6140456793527,6.101398654548132,True,Food Desert,0.0,#880e4f
38,26,5.698339920948616,-0.11002891006314014,1219,21.0,0.308,196.63313672367693,6.432711081415018,True,Food Desert,0.0,#880e4f
38,27,5.698339920948616,-0.10641868025420204,1171,21.0,0.339,215.50516672543753,7.056773487089038,True,Food Desert,0.0,#880e4f
38,28,5.698339920948616,-0.10280845044526392,671,22.3,0.254,160.9294996616114,5.252059204844983,True,Food Desert,0.0,#880e4f
38,29,5.698339920948616,-0.09919822063632582,570,19.9,0.193,121.02710239620183,3.9325622547400503,True,Food Desert,0.0,#880e4f
38,30,5.698339920948616,-0.09558799082738771,1057,13.2,0.169,104.18483380687634,3.3756202272060825,True,Food Desert,0.0,#880e4f
38,31,5.698339920948616,-0.0919777610184496,1102,15.2,0.163,98.37511545458311,3.183503808840789,True,Food Desert,0.0,#880e4f
38,32,5.698339920948616,-0.08836753120951149,386,22.9,0.351,207.20546604248074,6.78231805361966,True,Food Desert,0.0,#880e4f
38,33,5.698339920948616,-0.08475730140057339,805,26.5,0.242,139.01313041192668,4.527326247324124,True,Food Desert,0.0,#880e4f
38,34,5.698339920948616,-0.08114707159163527,100,20.3,0.289,154.9588549589657,5.054621255869154,True,Food Desert,0.0,#880e4f
38,35,5.698339920948616,-0.07753684178269718,732,26.0,0.295,149.34145483519734,4.868864438264192,True,Food Desert,0.0,#880e4f
38,36,5.698339920948616,-0.07392661197375905,1056,11.9,0.219,102.51787688546813,3.3204971086845503,True,Food Desert,0.0,#880e4f
38,37,5.698339920948616,-0.07031638216482095,100,25.6,0.361,163.13064363393556,5.324846880705785,True,Food Desert,0.0,#880e4f
38,38,5.698339920948616,-0.06670615235588284,734,21.0,0.287,126.05883891080582,4.098952282401549,True,Food Desert,0.0,#880e4f
38,39,5.698339920948616,-0.06309592254694474,100,11.4,0.185,116.22771715741541,3.7738556451387515,True,Food Desert,0.0,#880e4f
38,40,5.698339920948616,-0.059485692738006635,1200,15.3,0.259,349.6967617112351,11.494236207329406,True,Food Desert,0.0,#880e4f
38,41,5.698339920948616,-0.05587546292906853,305,18.8,0.213,396.54500837070464,13.043419284570746,True,Food Desert,0.0,#880e4f
38,42,5.698339920948616,-0.0522652331201304,734,13.9,0.236,343.1927414260351,11.279160534741143,True,Food Desert,0.0,#880e4f
38,43,5.698339920948616,-0.048655003311192296,100,5.0,0.133,218.17443712465283,7.145041220161385,True,Food Desert,0.0,#880e4f
38,44,5.698339920948616,-0.04504477350225419,100,17.6,0.225,60.830827653687294,1.9419850871050273,True,Food Desert,0.0,#880e4f
39,0,5.7019331656485805,-0.20389488509553094,325,25.2,0.228,30.039281722734934,0.9237667912301533,True,Food Desert,0.0,#880e4f
39,1,5.7019331656485805,-0.20028465528659284,100,5.0,0.057,7.784628012958182,0.1878474052250523,True,Food Desert,0.0,#880e4f
39,2,5.7019331656485805,-0.19667442547765474,100,14.9,0.164,26.6919647309385,0.8130773373526891,True,Food Desert,0.0,#880e4f
39,3,5.7019331656485805,-0.19306419566871663,506,12.9,0.104,20.705953170215416,0.6151312353896871,True,Food Desert,0.0,#880e4f
39,4,5.7019331656485805,-0.1894539658597785,100,14.5,0.291,69.33010967760012,2.2230402987515836,True,Food Desert,0.0,#880e4f
39,5,5.7019331656485805,-0.1858437360508404,100,12.6,0.161,43.13008756187089,1.3566550276000897,True,Food Desert,0.0,#880e4f
39,6,5.7019331656485805,-0.1822335062419023,206,16.0,0.215,64.86049230891146,2.0752384900809737,True,Food Desert,0.0,#880e4f
39,7,5.7019331656485805,-0.1786232764329642,100,22.0,0.279,86.56714954302994,2.7930366671399107,True,Food Desert,0.0,#880e4f
39,8,5.7019331656485805,-0.1750130466240261,100,20.8,0.251,80.10603123964852,2.579379682100332,True,Food Desert,0.0,#880e4f
39,9,5.7019331656485805,-0.17140281681508795,1337,21.6,0.295,105.2636060106613,3.4112931874867467,True,Food Desert,0.0,#880e4f
39,10,5.7019331656485805,-0.16779258700614985,309,5.0,0.146,53.53910763878912,1.7008616714696014,True,Food Desert,0.0,#880e4f
39,11,5.7019331656485805,-0.16418235719721175,1401,17.2,0.303,114.0902932306504,3.7031750708943414,True,Food Desert,0.0,#880e4f
39,12,5.7019331656485805,-0.16057212738827364,1304,14.6,0.225,94.51297874998598,3.0557902389340033,True,Food Desert,0.0,#880e4f
39,13,5.7019331656485805,-0.15696189757933554,993,32.5,0.227,98.25271718515847,3.1794563291335,True,Food Desert,0.0,#880e4f
39,14,5.7019331656485805,-0.15335166777039744,862,25.8,0.202,92.50571645437208,2.989413864113557,True,Food Desert,0.0,#880e4f
39,15,5.7019331656485805,-0.14974143796145933,1202,29.1,0.266,130.55908939183576,4.247767070268313,True,Food Desert,0.0,#880e4f
39,16,5.7019331656485805,-0.14613120815252123,1203,24.2,0.206,109.10524551381305,3.538328953636205,True,Food Desert,0.0,#880e4f
39,17,5.7019331656485805,-0.1425209783435831,1449,12.3,0.132,73.09275244978629,2.347463792137478,True,Food Desert,0.0,#880e4f
39,18,5.7019331656485805,-0.138910748534645,1189,39.6,0.478,267.71792217425593,8.78335074291255,True,Food Desert,0.0,#880e4f
39,19,5.7019331656485805,-0.1353005187257069,705,18.2,0.243,137.3490756807269,4.472299098754051,True,Food Desert,0.0,#880e4f
39,20,5.7019331656485805,-0.1316902889167688,100,12.3,0.261,151.05275245568674,4.925453819998283,True,Food Desert,0.0,#880e4f
39,21,5.7019331656485805,-0.12808005910783066,1125,19.0,0.274,163.25055895950933,5.32881225414721,True,Food Desert,0.0,#880e4f
39,22,5.7019331656485805,-0.12446982929889255,850,28.9,0.329,192.79334291427077,6.305736348873439,True,Food Desert,0.0,#880e4f
39,23,5.7019331656485805,-0.12085959948995446,1170,29.8,0.281,165.363798532962,5.398693097482631,True,Food Desert,0.0,#880e4f
39,24,5.7019331656485805,-0.11724936968101635,416,17.5,0.297,174.3437792250854,5.695644106627379,True,Food Desert,0.0,#880e4f
39,25,5.7019331656485805,-0.11363913987207824,466,29.6,0.355,208.90461536656392,6.838505714125064,True,Food Desert,0.0,#880e4f
39,26,5.7019331656485805,-0.11002891006314014,356,35.5,0.411,240.57140473304236,7.8856666581344435,True,Food Desert,0.0,#880e4f
39,27,5.7019331656485805,-0.10641868025420204,385,21.9,0.308,180.04939146662582,5.884317932440854,True,Food Desert,0.0,#880e4f
39,28,5.7019331656485805,-0.10280845044526392,870,13.8,0.323,187.89207229016537,6.143660581918149,True,Food Desert,0.0,#880e4f
39,29,5.7019331656485805,-0.09919822063632582,1073,25.3,0.335,193.07339831105708,6.314997252158573,True,Food Desert,0.0,#880e4f
39,30,5.7019331656485805,-0.09558799082738771,1137,21.1,0.262,151.94271780755497,4.954883294114295,True,Food Desert,0.0,#880e4f
39,31,5.7019331656485805,-0.0919777610184496,1885,6.7,0.195,111.33417767978689,3.612035532602647,True,Food Desert,0.0,#880e4f
39,32,5.7019331656485805,-0.08836753120951149,139,11.7,0.17,89.82021737330615,2.900609479168799,True,Food Desert,0.0,#880e4f
39,33,5.7019331656485805,-0.08475730140057339,1121,25.6,0.247,122.67260430019206,3.9869758963382003,True,Food Desert,0.0,#880e4f
39,34,5.7019331656485805,-0.08114707159163527,1225,23.0,0.204,92.3112224904421,2.9829823158907165,True,Food Desert,0.0,#880e4f
39,35,5.7019331656485805,-0.07753684178269718,985,20.8,0.156,68.26919119223392,2.1879577272349056,True,Food Desert,0.0,#880e4f
39,36,5.7019331656485805,-0.07392661197375905,997,23.0,0.252,101.35373044838772,3.282000983677677,True,Food Desert,0.0,#880e4f
39,37,5.7019331656485805,-0.07031638216482095,100,18.9,0.286,114.7198785616579,3.7239942692640424,True,Food Desert,0.0,#880e4f
39,38,5.7019331656485805,-0.06670615235588284,851,9.5,0.171,71.61358943570457,2.298550663615228,True,Food Desert,0.0,#880e4f
39,39,5.7019331656485805,-0.06309592254694474,527,9.8,0.141,85.52997480131275,2.7587392564024342,True,Food Desert,0.0,#880e4f
39,40,5.7019331656485805,-0.059485692738006635,100,8.5,0.154,336.46810892247595,11.056789632561921,True,Food Desert,0.0,#880e4f
39,41,5.7019331656485805,-0.05587546292906853,100,5.0,0.141,654.068354082167,21.559230176505757,True,Food Desert,0.0,#880e4f
39,42,5.7019331656485805,-0.0522652331201304,567,21.5,0.21,646.7419830455167,21.31696091699494,True,Food Desert,0.0,#880e4f
39,43,5.7019331656485805,-0.048655003311192296,583,19.9,0.266,297.75976747848955,9.776777854341354,True,Food Desert,0.0,#880e4f
39,44,5.7019331656485805,-0.04504477350225419,569,10.3,0.096,22.161462119848952,0.6632621686546104,True,Food Desert,0.0,#880e4f
40,0,5.705526410348544,-0.20389488509553094,201,11.8,0.076,7.755970024449517,0.18689973964541795,True,Food Desert,0.0,#880e4f
40,1,5.705526410348544,-0.20028465528659284,406,18.5,0.288,37.49409397888297,1.1702833593993374,True,Food Desert,0.0,#880e4f
40,2,5.705526410348544,-0.19667442547765474,647,5.8,0.11,14.76860782031151,0.41879443314674825,True,Food Desert,0.0,#880e4f
40,3,5.705526410348544,-0.19306419566871663,646,17.5,0.237,37.906979887841395,1.183936716965506,True,Food Desert,0.0,#880e4f
40,4,5.705526410348544,-0.1894539658597785,448,20.7,0.234,45.85671246756973,1.4468193659284185,True,Food Desert,0.0,#880e4f
40,5,5.705526410348544,-0.1858437360508404,876,6.7,0.13,32.68604443416995,1.0112902375574606,True,Food Desert,0.0,#880e4f
40,6,5.705526410348544,-0.1822335062419023,289,25.0,0.29,76.64206693729633,2.4648329218687537,True,Food Desert,0.0,#880e4f
40,7,5.705526410348544,-0.1786232764329642,100,16.9,0.239,70.30389236508022,2.255241453926509,True,Food Desert,0.0,#880e4f
40,8,5.705526410348544,-0.1750130466240261,100,22.7,0.303,91.52881059598573,2.9571094315726616,True,Food Desert,0.0,#880e4f
40,9,5.705526410348544,-0.17140281681508795,541,21.9,0.314,97.36177799595929,3.149994652055357,True,Food Desert,0.0,#880e4f
40,10,5.705526410348544,-0.16779258700614985,373,11.4,0.335,107.72469317251091,3.492676693906248,True,Food Desert,0.0,#880e4f
40,11,5.705526410348544,-0.16418235719721175,1061,24.7,0.436,156.29676361284348,5.098863369358438,True,Food Desert,0.0,#880e4f
40,12,5.705526410348544,-0.16057212738827364,579,34.3,0.362,132.761102927889,4.320583500960079,True,Food Desert,0.0,#880e4f
40,13,5.705526410348544,-0.15696189757933554,578,21.7,0.194,73.24543666318928,2.3525127708385414,True,Food Desert,0.0,#880e4f
40,14,5.705526410348544,-0.15335166777039744,447,17.0,0.245,99.54555915993309,3.2222081726213982,True,Food Desert,0.0,#880e4f
40,15,5.705526410348544,-0.14974143796145933,963,19.3,0.27,111.61992150904815,3.621484541611146,True,Food Desert,0.0,#880e4f
40,16,5.705526410348544,-0.14613120815252123,100,7.8,0.17,74.40323058859313,2.390798830276497,True,Food Desert,0.0,#880e4f
40,17,5.705526410348544,-0.1425209783435831,516,27.1,0.31,142.7115760145324,4.649626861502954,True,Food Desert,0.0,#880e4f
40,18,5.705526410348544,-0.138910748534645,1003,20.1,0.162,75.43227301633102,2.4248273207428026,True,Food Desert,0.0,#880e4f
40,19,5.705526410348544,-0.1353005187257069,1015,8.6,0.196,96.89759683983291,3.1346450575001477,True,Food Desert,0.0,#880e4f
40,20,5.705526410348544,-0.1316902889167688,100,29.7,0.395,206.77260842922567,6.768004269494843,True,Food Desert,0.0,#880e4f
40,21,5.705526410348544,-0.12808005910783066,726,18.8,0.18,94.78890159497313,3.064914486532541,True,Food Desert,0.0,#880e4f
40,22,5.705526410348544,-0.12446982929889255,1498,21.1,0.309,166.426041545117,5.433819468599783,True,Food Desert,0.0,#880e4f
40,23,5.705526410348544,-0.12085959948995446,645,7.6,0.1,54.05753470983106,1.718005076026016,True,Food Desert,0.0,#880e4f
40,24,5.705526410348544,-0.11724936968101635,745,31.8,0.348,188.58434346116616,6.166552682678544,True,Food Desert,0.0,#880e4f
40,25,5.705526410348544,-0.11363913987207824,822,26.9,0.338,187.98325903537665,6.146675955440594,True,Food Desert,0.0,#880e4f
40,26,5.705526410348544,-0.11002891006314014,1321,27.9,0.302,166.79154692380618,5.445906041474577,True,Food Desert,0.0,#880e4f
40,27,5.705526410348544,-0.10641868025420204,687,26.9,0.311,171.3574545476043,5.596891987105596,True,Food Desert,0.0,#880e4f
40,28,5.705526410348544,-0.10280845044526392,100,20.7,0.17,93.19415866009138,3.012179348220388,True,Food Desert,0.0,#880e4f
40,29,5.705526410348544,-0.09919822063632582,356,28.1,0.262,136.1444102571347,4.432463087354687,True,Food Desert,0.0,#880e4f
40,30,5.705526410348544,-0.09558799082738771,1159,7.3,0.107,51.94131842563434,1.6480257984857016,True,Food Desert,0.0,#880e4f
40,31,5.705526410348544,-0.0919777610184496,718,28.8,0.408,182.10985550665916,5.952453588515375,True,Food Desert,0.0,#880e4f
40,32,5.705526410348544,-0.08836753120951149,791,19.8,0.247,108.88719229283782,3.5311183452578763,True,Food Desert,0.0,#880e4f
40,33,5.705526410348544,-0.08475730140057339,100,14.0,0.168,71.53487857620281,2.295947844081307,True,Food Desert,0.0,#880e4f
40,34,5.705526410348544,-0.08114707159163527,486,14.7,0.252,101.6173640588508,3.2907188494900335,True,Food Desert,0.0,#880e4f
40,35,5.705526410348544,-0.07753684178269718,101,21.5,0.261,93.64820591732861,3.0271938338700357,True,Food Desert,0.0,#880e4f
40,36,5.705526410348544,-0.07392661197375905,328,8.5,0.213,77.27827193833907,2.4858710202299545,True,Food Desert,0.0,#880e4f
40,37,5.705526410348544,-0.07031638216482095,1216,33.5,0.361,129.90707377771236,4.226206144779697,True,Food Desert,0.0,#880e4f
40,38,5.705526410348544,-0.06670615235588284,1100,6.2,0.13,49.41682667997123,1.5645456221742107,True,Food Desert,0.0,#880e4f
40,39,5.705526410348544,-0.06309592254694474,764,12.5,0.191,74.99757478916572,2.410452670990672,True,Food Desert,0.0,#880e4f
40,40,5.705526410348544,-0.059485692738006635,624,15.0,0.139,294.82695536477655,9.679795294282744,True,Food Desert,0.0,#880e4f
40,41,5.705526410348544,-0.05587546292906853,345,17.9,0.318,641.5846466930032,21.146417539800254,True,Food Desert,0.0,#880e4f
40,42,5.705526410348544,-0.0522652331201304,100,14.0,0.218,615.8975274761201,20.296992999259157,True,Food Desert,0.0,#880e4f
40,43,5.705526410348544,-0.048655003311192296,492,10.2,0.142,275.34406920276393,9.035533028559112,True,Food Desert,0.0,#880e4f
40,44,5.705526410348544,-0.04504477350225419,473,21.1,0.309,70.295534079933,2.2549650612154024,True,Food Desert,0.0,#880e4f
41,0,5.709119655048508,-0.20389488509553094,269,13.8,0.273,25.592850164474225,0.776731693540388,True,Food Desert,0.0,#880e4f
41,1,5.709119655048508,-0.20028465528659284,193,9.7,0.087,10.83941214214053,0.28886334957732923,True,Food Desert,0.0,#880e4f
41,2,5.709119655048508,-0.19667442547765474,100,19.5,0.353,45.28059132617074,1.4277681273797531,True,Food Desert,0.0,#880e4f
41,3,5.709119655048508,-0.19306419566871663,100,18.4,0.241,31.776340212032682,0.9812080362645507,True,Food Desert,0.0,#880e4f
41,4,5.709119655048508,-0.1894539658597785,448,13.3,0.191,30.01786415528516,0.923058552706521,True,Food Desert,0.0,#880e4f
41,5,5.709119655048508,-0.1858437360508404,626,10.5,0.2,41.92983550795672,1.3169649580044511,True,Food Desert,0.0,#880e4f
41,6,5.709119655048508,-0.1822335062419023,215,20.9,0.203,45.617611795328195,1.438912758069942,True,Food Desert,0.0,#880e4f
41,7,5.709119655048508,-0.1786232764329642,100,10.4,0.21,54.6601811998181,1.7379334577781236,True,Food Desert,0.0,#880e4f
41,8,5.709119655048508,-0.1750130466240261,100,31.9,0.388,112.3213492070921,3.644679431435232,True,Food Desert,0.0,#880e4f
41,9,5.709119655048508,-0.17140281681508795,1512,28.1,0.325,96.39227128686467,3.1179348954134776,True,Food Desert,0.0,#880e4f
41,10,5.709119655048508,-0.16779258700614985,1131,14.4,0.111,33.701565155141346,1.04487159070718,True,Food Desert,0.0,#880e4f
41,11,5.709119655048508,-0.16418235719721175,1454,10.1,0.172,53.40184982740813,1.6963228147615539,True,Food Desert,0.0,#880e4f
41,12,5.709119655048508,-0.16057212738827364,1151,16.2,0.233,80.55079843437723,2.594087293601659,True,Food Desert,0.0,#880e4f
41,13,5.709119655048508,-0.15696189757933554,100,20.1,0.249,88.49934618255101,2.8569307624217792,True,Food Desert,0.0,#880e4f
41,14,5.709119655048508,-0.15335166777039744,426,11.8,0.133,48.11696688123089,1.5215617124959637,True,Food Desert,0.0,#880e4f
41,15,5.709119655048508,-0.14974143796145933,105,21.5,0.25,97.15682191728932,3.1432171414483707,True,Food Desert,0.0,#880e4f
41,16,5.709119655048508,-0.14613120815252123,141,31.7,0.455,180.30890487918685,5.89289955108667,True,Food Desert,0.0,#880e4f
41,17,5.709119655048508,-0.1425209783435831,427,35.4,0.39,163.06889706373425,5.322805038193964,True,Food Desert,0.0,#880e4f
41,18,5.709119655048508,-0.138910748534645,1132,22.1,0.327,138.2409240147988,4.501790839536857,True,Food Desert,0.0,#880e4f
41,19,5.709119655048508,-0.1353005187257069,577,19.7,0.206,87.8859268346587,2.836646142595669,True,Food Desert,0.0,#880e4f
41,20,5.709119655048508,-0.1316902889167688,771,12.1,0.128,57.0430796981057,1.8167314126976333,True,Food Desert,0.0,#880e4f
41,21,5.709119655048508,-0.12808005910783066,410,16.7,0.329,147.47497340124195,4.8071434207736825,True,Food Desert,0.0,#880e4f
41,22,5.709119655048508,-0.12446982929889255,100,16.4,0.294,132.36489734975126,4.30748173044514,True,Food Desert,0.0,#880e4f
41,23,5.709119655048508,-0.12085959948995446,548,26.9,0.284,130.9338021235439,4.260158112925867,True,Food Desert,0.0,#880e4f
41,24,5.709119655048508,-0.11724936968101635,123,29.4,0.286,132.12533312802833,4.2995597938804,True,Food Desert,0.0,#880e4f
41,25,5.709119655048508,-0.11363913987207824,675,23.9,0.245,113.25110233743554,3.675424612274334,True,Food Desert,0.0,#880e4f
41,26,5.709119655048508,-0.11002891006314014,260,19.9,0.169,77.42550106861917,2.490739609630211,True,Food Desert,0.0,#880e4f
41,27,5.709119655048508,-0.10641868025420204,1414,19.8,0.216,98.68439101869173,3.1937309678976478,True,Food Desert,0.0,#880e4f
41,28,5.709119655048508,-0.10280845044526392,100,23.8,0.258,117.2880922431089,3.80892024745408,True,Food Desert,0.0,#880e4f
41,29,5.709119655048508,-0.09919822063632582,609,24.1,0.175,73.89538296329005,2.3740052680188644,True,Food Desert,0.0,#880e4f
41,30,5.709119655048508,-0.09558799082738771,100,12.0,0.094,37.50327780807699,1.1705870512936158,True,Food Desert,0.0,#880e4f
41,31,5.709119655048508,-0.0919777610184496,411,42.0,0.388,153.33965702236065,5.001077436815991,False,Food Swamp,,#d32f2f
41,32,5.709119655048508,-0.08836753120951149,234,13.5,0.158,61.848473286434405,1.9756367070757765,True,Food Desert,0.0,#880e4f
41,33,5.709119655048508,-0.08475730140057339,291,9.8,0.173,64.78444975042925,2.072723906224569,True,Food Desert,0.0,#880e4f
41,34,5.709119655048508,-0.08114707159163527,413,14.1,0.239,81.8353737103291,2.6365657729653047,True,Food Desert,0.0,#880e4f
41,35,5.709119655048508,-0.07753684178269718,232,14.2,0.188,64.56842331317007,2.065580319757582,True,Food Desert,0.0,#880e4f
41,36,5.709119655048508,-0.07392661197375905,100,26.3,0.197,66.44816583202294,2.1277398562914698,True,Food Desert,0.0,#880e4f
41,37,5.709119655048508,-0.07031638216482095,100,21.9,0.247,84.78252310448207,2.734022439822249,True,Food Desert,0.0,#880e4f
41,38,5.709119655048508,-0.06670615235588284,329,14.0,0.246,81.45155221084241,2.623873520552781,True,Food Desert,0.0,#880e4f
41,39,5.709119655048508,-0.06309592254694474,235,12.3,0.269,93.12363215008475,3.0098471696739133,True,Food Desert,0.0,#880e4f
41,40,5.709119655048508,-0.059485692738006635,100,12.0,0.238,237.8233488196614,7.794793636839372,True,Food Desert,0.0,#880e4f
41,41,5.709119655048508,-0.05587546292906853,838,19.9,0.193,284.3895873350319,9.334651237128327,True,Food Desert,0.0,#880e4f
41,42,5.709119655048508,-0.0522652331201304,274,9.7,0.151,275.79837963690716,9.050556216972218,True,Food Desert,0.0,#880e4f
41,43,5.709119655048508,-0.048655003311192296,100,9.6,0.126,205.98480978344796,6.741953255479662,True,Food Desert,0.0,#880e4f
41,44,5.709119655048508,-0.04504477350225419,720,5.0,0.189,38.44886242749544,1.2018557495898554,True,Food Desert,0.0,#880e4f
42,0,5.712712899748472,-0.20389488509553094,1794,5.0,0.1,6.800859602405927,0.15531604103910776,True,Food Desert,0.0,#880e4f
42,1,5.712712899748472,-0.20028465528659284,100,16.3,0.206,19.020766199851337,0.5594052835637411,True,Food Desert,0.0,#880e4f
42,2,5.712712899748472,-0.19667442547765474,283,13.1,0.242,29.73897874998811,0.9138363388312349,True,Food Desert,0.0,#880e4f
42,3,5.712712899748472,-0.19306419566871663,839,15.7,0.236,29.77094747487165,0.9148934842128019,True,Food Desert,0.0,#880e4f
42,4,5.712712899748472,-0.1894539658597785,100,15.1,0.197,25.479039163573983,0.7729681785922161,True,Food Desert,0.0,#880e4f
42,5,5.712712899748472,-0.1858437360508404,374,5.0,0.145,24.77351125566994,0.7496377025684031,True,Food Desert,0.0,#880e4f
42,6,5.712712899748472,-0.1822335062419023,100,21.1,0.284,58.693317260865314,1.8713016535913432,True,Food Desert,0.0,#880e4f
42,7,5.712712899748472,-0.1786232764329642,561,22.7,0.239,52.89619404177922,1.6796017325042065,True,Food Desert,0.0,#880e4f
42,8,5.712712899748472,-0.1750130466240261,493,5.0,0.217,49.1995544639837,1.5573608401564494,True,Food Desert,0.0,#880e4f
42,9,5.712712899748472,-0.17140281681508795,211,14.4,0.185,52.55541314602849,1.6683327516054847,True,Food Desert,0.0,#880e4f
42,10,5.712712899748472,-0.16779258700614985,520,18.6,0.277,80.41328128210793,2.589539860980017,True,Food Desert,0.0,#880e4f
42,11,5.712712899748472,-0.16418235719721175,218,19.5,0.355,105.19595141264311,3.4090559776481544,True,Food Desert,0.0,#880e4f
42,12,5.712712899748472,-0.16057212738827364,100,5.0,0.181,54.676194134016036,1.7384629752829457,True,Food Desert,0.0,#880e4f
42,13,5.712712899748472,-0.15696189757933554,100,15.3,0.175,54.31463849798625,1.7265070129416027,True,Food Desert,0.0,#880e4f
42,14,5.712712899748472,-0.15335166777039744,200,27.1,0.341,117.34411926777376,3.8107729553923266,True,Food Desert,0.0,#880e4f
42,15,5.712712899748472,-0.14974143796145933,451,19.2,0.387,135.110050764644,4.398258771594524,True,Food Desert,0.0,#880e4f
42,16,5.712712899748472,-0.14613120815252123,408,17.2,0.222,78.96909964887446,2.5417835006848164,True,Food Desert,0.0,#880e4f
42,17,5.712712899748472,-0.1425209783435831,100,19.8,0.311,123.6936807152043,4.02074096580185,True,Food Desert,0.0,#880e4f
42,18,5.712712899748472,-0.138910748534645,100,20.3,0.295,118.56530197750996,3.851155162263257,True,Food Desert,0.0,#880e4f
42,19,5.712712899748472,-0.1353005187257069,617,35.8,0.454,184.0746387797837,6.0174252622536955,True,Food Desert,0.0,#880e4f
42,20,5.712712899748472,-0.1316902889167688,939,21.0,0.31,126.58781526999672,4.116444532002178,True,Food Desert,0.0,#880e4f
42,21,5.712712899748472,-0.12808005910783066,305,18.6,0.226,92.80291628973687,2.9992417016173323,True,Food Desert,0.0,#880e4f
42,22,5.712712899748472,-0.12446982929889255,100,29.1,0.316,130.29588522828843,4.239063405454753,True,Food Desert,0.0,#880e4f
42,23,5.712712899748472,-0.12085959948995446,890,20.9,0.304,125.68887565186289,4.086718295842319,True,Food Desert,0.0,#880e4f
42,24,5.712712899748472,-0.11724936968101635,863,16.3,0.283,117.15942535743615,3.8046654764413144,True,Food Desert,0.0,#880e4f
42,25,5.712712899748472,-0.11363913987207824,100,23.6,0.344,145.6450941959226,4.74663276988674,True,Food Desert,0.0,#880e4f
42,26,5.712712899748472,-0.11002891006314014,1546,13.2,0.247,103.5550765105643,3.3547953422683947,True,Food Desert,0.0,#880e4f
42,27,5.712712899748472,-0.10641868025420204,1545,19.1,0.27,105.0571309443614,3.404465446826373,True,Food Desert,0.0,#880e4f
42,28,5.712712899748472,-0.10280845044526392,100,16.3,0.194,74.41272795823399,2.3911128903614536,True,Food Desert,0.0,#880e4f
42,29,5.712712899748472,-0.09919822063632582,1333,19.1,0.272,103.78289723172418,3.362328943438812,True,Food Desert,0.0,#880e4f
42,30,5.712712899748472,-0.09558799082738771,550,18.3,0.303,114.84166704855097,3.728021584614156,True,Food Desert,0.0,#880e4f
42,31,5.712712899748472,-0.0919777610184496,316,15.8,0.219,82.38562480896353,2.6547615380370293,True,Food Desert,0.0,#880e4f
42,32,5.712712899748472,-0.08836753120951149,293,7.9,0.08,28.766961158042527,0.8816935520335011,True,Food Desert,0.0,#880e4f
42,33,5.712712899748472,-0.08475730140057339,344,30.1,0.337,110.28174952508725,3.577233720293126,True,Food Desert,0.0,#880e4f
42,34,5.712712899748472,-0.08114707159163527,1670,9.8,0.128,41.84575651675329,1.3141846244890762,True,Food Desert,0.0,#880e4f
42,35,5.712712899748472,-0.07753684178269718,550,16.5,0.215,68.32968611160989,2.1899581800167893,True,Food Desert,0.0,#880e4f
42,36,5.712712899748472,-0.07392661197375905,1169,5.9,0.213,61.828828998843804,1.9749871075695018,True,Food Desert,0.0,#880e4f
42,37,5.712712899748472,-0.07031638216482095,207,21.7,0.323,96.00207456291123,3.1050318263629415,True,Food Desert,0.0,#880e4f
42,38,5.712712899748472,-0.06670615235588284,1046,6.6,0.152,44.79314583846337,1.4116492252974,True,Food Desert,0.0,#880e4f
42,39,5.712712899748472,-0.06309592254694474,100,9.1,0.243,65.38628744527121,2.092625542648067,True,Food Desert,0.0,#880e4f
42,40,5.712712899748472,-0.059485692738006635,251,11.9,0.106,25.175260067330747,0.7629227773514726,True,Food Desert,0.0,#880e4f
42,41,5.712712899748472,-0.05587546292906853,100,5.0,0.093,21.3673950096032,0.6370038683530344,True,Food Desert,0.0,#880e4f
42,42,5.712712899748472,-0.0522652331201304,965,7.3,0.213,48.35001369089923,1.5292681305475837,True,Food Desert,0.0,#880e4f
42,43,5.712712899748472,-0.048655003311192296,100,5.0,0.095,19.314573222654037,0.5691209271610155,True,Food Desert,0.0,#880e4f
42,44,5.712712899748472,-0.04504477350225419,711,5.0,0.169,29.579371808326194,0.9085584385753264,True,Food Desert,0.0,#880e4f
43,0,5.716306144448437,-0.20389488509553094,429,8.6,0.118,7.1945824812097126,0.16833571337389464,True,Food Desert,0.0,#880e4f
43,1,5.716306144448437,-0.20028465528659284,108,7.8,0.191,12.76350945502669,0.35248961541723256,True,Food Desert,0.0,#880e4f
43,2,5.716306144448437,-0.19667442547765474,100,5.0,0.139,9.531372668277807,0.24560895348431777,True,Food Desert,0.0,#880e4f
43,3,5.716306144448437,-0.19306419566871663,875,5.0,0.215,26.000006906472834,0.7901955983706761,True,Food Desert,0.0,#880e4f
43,4,5.716306144448437,-0.1894539658597785,885,5.0,0.19,23.52675573831754,0.7084098512257702,True,Food Desert,0.0,#880e4f
43,5,5.716306144448437,-0.1858437360508404,913,5.0,0.161,20.39074656683878,0.6047079480608089,True,Food Desert,0.0,#880e4f
43,6,5.716306144448437,-0.1822335062419023,100,5.4,0.23,38.65766289014774,1.2087603867177366,True,Food Desert,0.0,#880e4f
43,7,5.716306144448437,-0.1786232764329642,1077,14.5,0.185,35.765321503533364,1.1131161172039268,True,Food Desert,0.0,#880e4f
43,8,5.716306144448437,-0.1750130466240261,529,25.6,0.272,59.14514130698752,1.886242621846379,True,Food Desert,0.0,#880e4f
43,9,5.716306144448437,-0.17140281681508795,100,11.3,0.219,48.66897162305705,1.5398154672375237,True,Food Desert,0.0,#880e4f
43,10,5.716306144448437,-0.16779258700614985,239,14.5,0.282,63.9866785443028,2.0463431184647844,True,Food Desert,0.0,#880e4f
43,11,5.716306144448437,-0.16418235719721175,973,8.3,0.162,41.20024013125354,1.2928386162218473,True,Food Desert,0.0,#880e4f
43,12,5.716306144448437,-0.16057212738827364,100,12.4,0.089,23.060517067695432,0.6929922185503481,True,Food Desert,0.0,#880e4f
43,13,5.716306144448437,-0.15696189757933554,100,21.0,0.282,82.65454590455921,2.6636542510010446,True,Food Desert,0.0,#880e4f
43,14,5.716306144448437,-0.15335166777039744,338,8.6,0.178,53.4690599672453,1.6985453272071442,True,Food Desert,0.0,#880e4f
43,15,5.716306144448437,-0.14974143796145933,100,14.4,0.315,95.87146606931505,3.100712850041502,True,Food Desert,0.0,#880e4f
43,16,5.716306144448437,-0.14613120815252123,382,10.8,0.161,54.1474962189352,1.7209799333033917,True,Food Desert,0.0,#880e4f
43,17,5.716306144448437,-0.1425209783435831,791,5.0,0.212,76.07604696710105,2.4461157099828754,True,Food Desert,0.0,#880e4f
43,18,5.716306144448437,-0.138910748534645,688,24.0,0.235,85.14468960056242,2.7459986021522864,True,Food Desert,0.0,#880e4f
43,19,5.716306144448437,-0.1353005187257069,211,40.7,0.451,174.19469389111748,5.690714136075294,False,Food Swamp,,#d32f2f
43,20,5.716306144448437,-0.1316902889167688,1115,28.2,0.338,131.44166187205718,4.276952076075175,True,Food Desert,0.0,#880e4f
43,21,5.716306144448437,-0.12808005910783066,100,19.5,0.26,101.64933215901131,3.2917759742131887,True,Food Desert,0.0,#880e4f
43,22,5.716306144448437,-0.12446982929889255,641,16.6,0.268,105.18633949073752,3.408738129536055,True,Food Desert,0.0,#880e4f
43,23,5.716306144448437,-0.12085959948995446,100,22.4,0.274,99.78987850048486,3.23028735198913,True,Food Desert,0.0,#880e4f
43,24,5.716306144448437,-0.11724936968101635,1031,18.8,0.154,56.19541461292312,1.7887007285467729,True,Food Desert,0.0,#880e4f
43,25,5.716306144448437,-0.11363913987207824,131,6.2,0.182,65.78216171602101,2.105716357453126,True,Food Desert,0.0,#880e4f
43,26,5.716306144448437,-0.11002891006314014,436,20.8,0.296,106.9189652521301,3.4660327926267005,True,Food Desert,0.0,#880e4f
43,27,5.716306144448437,-0.10641868025420204,702,11.1,0.136,49.74750958146971,1.5754806814659326,True,Food Desert,0.0,#880e4f
43,28,5.716306144448437,-0.10280845044526392,520,16.9,0.27,98.45958092321258,3.1862969224350537,True,Food Desert,0.0,#880e4f
43,29,5.716306144448437,-0.09919822063632582,199,15.2,0.179,64.98493238620722,2.0793534885200504,True,Food Desert,0.0,#880e4f
43,30,5.716306144448437,-0.09558799082738771,1142,9.9,0.229,82.67893759594861,2.6644608381888304,True,Food Desert,0.0,#880e4f
43,31,5.716306144448437,-0.0919777610184496,1183,13.8,0.191,61.6740432561046,1.9698686352605423,True,Food Desert,0.0,#880e4f
43,32,5.716306144448437,-0.08836753120951149,100,16.9,0.229,71.6689454430133,2.3003811822762508,True,Food Desert,0.0,#880e4f
43,33,5.716306144448437,-0.08475730140057339,1735,30.6,0.319,99.58687705916564,3.2235744775493824,True,Food Desert,0.0,#880e4f
43,34,5.716306144448437,-0.08114707159163527,767,10.8,0.236,66.99606326375324,2.1458577900419105,True,Food Desert,0.0,#880e4f
43,35,5.716306144448437,-0.07753684178269718,1847,16.9,0.157,42.75671017207552,1.3443081421787417,True,Food Desert,0.0,#880e4f
43,36,5.716306144448437,-0.07392661197375905,936,17.8,0.213,56.50075714199148,1.7987978295596057,True,Food Desert,0.0,#880e4f
43,37,5.716306144448437,-0.07031638216482095,757,25.5,0.231,56.73461403807409,1.8065310356396702,True,Food Desert,0.0,#880e4f
43,38,5.716306144448437,-0.06670615235588284,100,5.8,0.195,45.152073741023045,1.4235182934535031,True,Food Desert,0.0,#880e4f
43,39,5.716306144448437,-0.06309592254694474,361,5.0,0.172,28.444103922621586,0.8710172727457267,True,Food Desert,0.0,#880e4f
43,40,5.716306144448437,-0.059485692738006635,1021,31.3,0.393,67.90079922885376,2.1757757004536553,True,Food Desert,0.0,#880e4f
43,41,5.716306144448437,-0.05587546292906853,100,5.0,0.274,49.120252502668734,1.5547384740014427,True,Food Desert,0.0,#880e4f
43,42,5.716306144448437,-0.0522652331201304,456,23.5,0.239,42.30877493245422,1.3294957694134293,True,Food Desert,0.0,#880e4f
43,43,5.716306144448437,-0.048655003311192296,240,6.3,0.217,36.0495210139666,1.1225140585041364,True,Food Desert,0.0,#880e4f
43,44,5.716306144448437,-0.04504477350225419,1010,22.1,0.173,26.129383474826906,0.7944738372499782,True,Food Desert,0.0,#880e4f
44,0,5.7198993891484005,-0.20389488509553094,100,8.8,0.204,11.116841287719046,0.2980374076928401,True,Food Desert,0.0,#880e4f
44,1,5.7198993891484005,-0.20028465528659284,204,10.2,0.233,13.962224470971664,0.39212885806883935,True,Food Desert,0.0,#880e4f
44,2,5.7198993891484005,-0.19667442547765474,608,16.5,0.207,12.713095401987307,0.3508225178545114,True,Food Desert,0.0,#880e4f
44,3,5.7198993891484005,-0.19306419566871663,100,19.3,0.223,14.935083318104587,0.424299463587503,True,Food Desert,0.0,#880e4f
44,4,5.7198993891484005,-0.1894539658597785,100,5.0,0.188,22.323503767967413,0.6686205800568155,True,Food Desert,0.0,#880e4f
44,5,5.7198993891484005,-0.1858437360508404,324,5.0,0.102,12.371925449165746,0.33954067157291634,True,Food Desert,0.0,#880e4f
44,6,5.7198993891484005,-0.1822335062419023,176,8.2,0.18,25.286597918032783,0.7666045098913852,True,Food Desert,0.0,#880e4f
44,7,5.7198993891484005,-0.1786232764329642,100,7.8,0.227,32.57117076626158,1.0074915822174253,True,Food Desert,0.0,#880e4f
44,8,5.7198993891484005,-0.1750130466240261,556,6.9,0.181,31.555639621023595,0.9739098843568885,True,Food Desert,0.0,#880e4f
44,9,5.7198993891484005,-0.17140281681508795,643,23.5,0.28,58.68984982380136,1.8711869919934412,True,Food Desert,0.0,#880e4f
44,10,5.7198993891484005,-0.16779258700614985,318,8.4,0.163,35.411986048660374,1.1014319807354391,True,Food Desert,0.0,#880e4f
44,11,5.7198993891484005,-0.16418235719721175,202,14.1,0.138,30.531046257211067,0.9400285160356835,True,Food Desert,0.0,#880e4f
44,12,5.7198993891484005,-0.16057212738827364,234,9.4,0.2,49.52568025759325,1.5681452044931603,True,Food Desert,0.0,#880e4f
44,13,5.7198993891484005,-0.15696189757933554,193,19.7,0.239,60.12825792113247,1.918752432355591,True,Food Desert,0.0,#880e4f
44,14,5.7198993891484005,-0.15335166777039744,1062,13.2,0.24,61.95125034640227,1.9790353504271097,True,Food Desert,0.0,#880e4f
44,15,5.7198993891484005,-0.14974143796145933,372,19.1,0.177,46.284147508137124,1.4609538358111485,True,Food Desert,0.0,#880e4f
44,16,5.7198993891484005,-0.14613120815252123,744,13.0,0.171,45.220260073030026,1.4257730867313008,True,Food Desert,0.0,#880e4f
44,17,5.7198993891484005,-0.1425209783435831,1103,20.9,0.234,66.94288762275177,2.1440993719785895,True,Food Desert,0.0,#880e4f
44,18,5.7198993891484005,-0.138910748534645,100,21.2,0.213,61.53918856329828,1.9654092451471685,True,Food Desert,0.0,#880e4f
44,19,5.7198993891484005,-0.1353005187257069,100,27.6,0.239,69.63052091618958,2.2329743312975348,True,Food Desert,0.0,#880e4f
44,20,5.7198993891484005,-0.1316902889167688,693,31.0,0.316,101.73919627630154,3.2947476109271348,True,Food Desert,0.0,#880e4f
44,21,5.7198993891484005,-0.12808005910783066,436,31.4,0.323,104.57341734362545,3.388469951201135,True,Food Desert,0.0,#880e4f
44,22,5.7198993891484005,-0.12446982929889255,1051,15.1,0.222,72.17509926125328,2.3171187335318635,True,Food Desert,0.0,#880e4f
44,23,5.7198993891484005,-0.12085959948995446,939,29.5,0.307,106.56211283615866,3.4542323568939812,True,Food Desert,0.0,#880e4f
44,24,5.7198993891484005,-0.11724936968101635,100,23.7,0.215,74.76109437030217,2.4026327099649096,True,Food Desert,0.0,#880e4f
44,25,5.7198993891484005,-0.11363913987207824,342,18.4,0.238,80.97259925839634,2.6080354505793717,True,Food Desert,0.0,#880e4f
44,26,5.7198993891484005,-0.11002891006314014,1277,14.8,0.237,80.60172221775746,2.5957712469844867,True,Food Desert,0.0,#880e4f
44,27,5.7198993891484005,-0.10641868025420204,1016,24.7,0.311,105.58204162953463,3.4218232522623877,True,Food Desert,0.0,#880e4f
44,28,5.7198993891484005,-0.10280845044526392,533,6.5,0.104,35.19890082389665,1.0943856546132769,True,Food Desert,0.0,#880e4f
44,29,5.7198993891484005,-0.09919822063632582,413,10.1,0.195,64.96290840056727,2.0786251968916614,True,Food Desert,0.0,#880e4f
44,30,5.7198993891484005,-0.09558799082738771,100,14.9,0.233,63.20464111294876,2.020482616934615,True,Food Desert,0.0,#880e4f
44,31,5.7198993891484005,-0.0919777610184496,236,16.8,0.266,72.16430374526153,2.316761746197715,True,Food Desert,0.0,#880e4f
44,32,5.7198993891484005,-0.08836753120951149,412,18.5,0.154,41.7055906803364,1.3095496048828401,True,Food Desert,0.0,#880e4f
44,33,5.7198993891484005,-0.08475730140057339,100,22.0,0.307,76.63494432202091,2.464597390427618,True,Food Desert,0.0,#880e4f
44,34,5.7198993891484005,-0.08114707159163527,914,7.7,0.131,31.433010761277522,0.9698547794629763,True,Food Desert,0.0,#880e4f
44,35,5.7198993891484005,-0.07753684178269718,256,7.5,0.168,38.40223929890759,1.200314010742266,True,Food Desert,0.0,#880e4f
44,36,5.7198993891484005,-0.07392661197375905,527,5.0,0.18,37.01239068818454,1.1543543409319912,True,Food Desert,0.0,#880e4f
44,37,5.7198993891484005,-0.07031638216482095,233,12.1,0.308,57.93856580702783,1.8463434478273717,True,Food Desert,0.0,#880e4f
44,38,5.7198993891484005,-0.06670615235588284,100,24.7,0.271,38.96821033846876,1.219029604584445,True,Food Desert,0.0,#880e4f
44,39,5.7198993891484005,-0.06309592254694474,100,16.0,0.218,30.878696297075628,0.9515246465627283,True,Food Desert,0.0,#880e4f
44,40,5.7198993891484005,-0.059485692738006635,794,5.0,0.15,22.054432016907874,0.6597228852010171,True,Food Desert,0.0,#880e4f
44,41,5.7198993891484005,-0.05587546292906853,708,10.5,0.168,23.544943130285738,0.7090112739441291,True,Food Desert,0.0,#880e4f
44,42,5.7198993891484005,-0.0522652331201304,1138,9.9,0.172,23.7952136124021,0.7172872463288786,True,Food Desert,0.0,#880e4f
44,43,5.7198993891484005,-0.048655003311192296,139,17.0,0.185,24.462642624908167,0.7393578638047046,True,Food Desert,0.0,#880e4f
44,44,5.7198993891484005,-0.04504477350225419,100,11.1,0.251,30.96098352319905,0.9542457297893889,True,Food Desert,0.0,#880e4f
