row,col,lat,lon,population,vulnerability,shake_intensity,damage_ratio,damage_class,casualties,trapped,priority_score
0,0,15.556293244699964,32.53612981468889,939,0.2908221298227036,6.967999097247061,0.17738610086855391,Minor,7,28,49
0,1,15.556293244699964,32.54358944406667,1906,0.1641768032077908,6.993820026016113,0.05622255476606254,Intact,7,16,37
0,2,15.556293244699964,32.55104907344445,200,0.3411767989949311,7.02009524489279,0.22937578364856903,Minor,0,4,4
0,3,15.556293244699964,32.55850870282223,200,0.23181087860546806,7.046755831730394,0.13544987865729535,Minor,0,4,4
0,4,15.556293244699964,32.565968332200015,1787,0.3023354413221361,7.073706766352249,0.16964299318994905,Minor,19,31,88
0,5,15.556293244699964,32.57342796157779,367,0.47951700389285523,7.100820653692662,0.3365765981635975,Moderate,5,17,32
0,6,15.556293244699964,32.58088759095557,200,0.3196324319537215,7.12793061405948,0.2223756068316357,Minor,1,4,7
0,7,15.556293244699964,32.588347220333354,372,0.3801544904659506,7.154822649758039,0.38157697306372096,Moderate,7,7,28
0,8,15.556293244699964,32.59580684971113,1474,0.22709038681936397,7.181228130928563,0.08120767503851693,Intact,4,10,22
0,9,15.556293244699964,32.603266479088916,1221,0.5895571936919155,7.2068175182900145,0.4257780093386514,Moderate,21,69,132
0,10,15.556293244699964,32.61072610846669,634,0.3466457760125303,7.231197037756255,0.24213784952178077,Minor,10,13,43
0,11,15.556293244699964,32.61818573784447,200,0.4141933032379214,7.253910640684605,0.2945084885596729,Minor,1,10,13
0,12,15.556293244699964,32.625645367222255,401,0.43200779162787106,7.2744499910518305,0.381317155817028,Moderate,5,14,29
0,13,15.556293244699964,32.63310499660003,1554,0.49112686223852753,7.292275032520141,0.3430791973426811,Moderate,33,57,156
0,14,15.556293244699964,32.64056462597782,626,0.49477065540938026,7.306846446398886,0.34913414384350433,Moderate,4,36,48
0,15,15.556293244699964,32.648024255355594,1078,0.43231119267288864,7.317668732965867,0.33772459013795864,Moderate,23,48,117
0,16,15.556293244699964,32.65548388473337,2737,0.2702633941717837,7.324339017835854,0.102646966054045,Minor,15,54,99
0,17,15.556293244699964,32.662943514111156,436,0.3708049070553323,7.326593150440648,0.2516168357650894,Minor,5,14,29
0,18,15.556293244699964,32.67040314348893,3289,0.4401540474267367,7.324339017835854,0.3228198698962681,Moderate,40,204,324
0,19,15.556293244699964,32.67786277286672,2302,0.4208480800019849,7.317668732965867,0.35010083595761343,Moderate,62,75,261
0,20,15.556293244699964,32.685322402244495,1029,0.45337700796804714,7.306846446398886,0.42845489368121326,Moderate,20,87,147
0,21,15.556293244699964,32.69278203162228,1756,0.45869984047076584,7.292275032520141,0.4306201799551356,Moderate,26,129,207
0,22,15.556293244699964,32.70024166100006,200,0.5606605971656468,7.2744499910518305,0.4544472272904936,Moderate,5,7,22
0,23,15.556293244699964,32.707701290377834,200,0.43377647152314447,7.253910640684605,0.281649017173671,Minor,1,3,6
0,24,15.556293244699964,32.71516091975562,1637,0.34078993781245626,7.231197037756255,0.23063373001359214,Minor,21,31,94
0,25,15.556293244699964,32.722620549133396,1769,0.18847841357551112,7.2068175182900145,0.19559057407757735,Minor,25,52,127
0,26,15.556293244699964,32.73008017851118,358,0.253989367035398,7.181228130928563,0.16184437409915756,Minor,4,10,22
0,27,15.556293244699964,32.73753980788896,855,0.43477863386530324,7.154822649758039,0.24397198532815842,Minor,9,15,42
0,28,15.556293244699964,32.744999437266735,2446,0.2941952131789336,7.12793061405948,0.160548505355331,Minor,19,52,109
0,29,15.556293244699964,32.75245906664452,1094,0.1571274436681977,7.100820653692662,0.12035545219183881,Minor,3,23,32
1,0,15.563479734099891,32.53612981468889,605,0.14656228774675212,6.985777126972284,0.11890227862481517,Minor,4,13,25
1,1,15.563479734099891,32.54358944406667,1141,0.2311560081037859,7.013109006857741,0.16785957295115927,Minor,14,17,59
1,2,15.563479734099891,32.55104907344445,2044,0.1994070247973857,7.041057945417503,0.07015086526314168,Intact,7,24,45
1,3,15.563479734099891,32.55850870282223,200,0.41398461086655347,7.069570572848772,0.2304966185490947,Minor,3,8,17
1,4,15.563479734099891,32.565968332200015,200,0.31591750083979925,7.098566521087868,0.21455348193482304,Minor,1,2,5
1,5,15.563479734099891,32.57342796157779,200,0.29746332363898803,7.12793061405948,0.3057509659304318,Moderate,0,8,8
1,6,15.563479734099891,32.58088759095557,754,0.47457321872341957,7.157503495026762,0.3693477129054528,Moderate,21,54,117
1,7,15.563479734099891,32.588347220333354,610,0.5369253831204943,7.187070814248252,0.3540011382581216,Moderate,10,13,43
1,8,15.563479734099891,32.59580684971113,1328,0.14201265724217266,7.216351492427117,0.12975088505146018,Minor,9,15,42
1,9,15.563479734099891,32.603266479088916,1822,0.4355743814291499,7.244986223209825,0.359806109030479,Moderate,21,53,116
1,10,15.563479734099891,32.61072610846669,1455,0.4186370327578865,7.27252832847838,0.37261335259505063,Moderate,8,70,94
1,11,15.563479734099891,32.61818573784447,1420,0.46513807678016095,7.29844028020516,0.32870051046545773,Moderate,15,71,116
1,12,15.563479734099891,32.625645367222255,2803,0.46838203969113246,7.322100377673758,0.328316245452254,Moderate,65,123,318
1,13,15.563479734099891,32.63310499660003,1007,0.524349997933037,7.34282459414478,0.34531961322016813,Moderate,13,32,71
1,14,15.563479734099891,32.64056462597782,1361,0.4798786773491622,7.359907505281958,0.3471496606865901,Moderate,20,86,146
1,15,15.563479734099891,32.648024255355594,2377,0.3304006895321414,7.372682509756043,0.282549457629596,Minor,31,118,211
1,16,15.563479734099891,32.65548388473337,1740,0.46315551293312485,7.380595146506025,0.3969898860663401,Moderate,12,49,85
1,17,15.563479734099891,32.662943514111156,557,0.28008727665786926,7.383275991774748,0.16847808781086063,Minor,4,8,20
1,18,15.563479734099891,32.67040314348893,2187,0.42234292866964196,7.380595146506025,0.2830403607405396,Minor,21,115,178
1,19,15.563479734099891,32.67786277286672,561,0.5257757652773165,7.372682509756043,0.4323757419696995,Moderate,3,35,44
1,20,15.563479734099891,32.685322402244495,640,0.3502041187132884,7.359907505281958,0.24953383782975613,Minor,9,11,38
1,21,15.563479734099891,32.69278203162228,2355,0.4649216481639773,7.34282459414478,0.42649314364581814,Moderate,39,170,287
1,22,15.563479734099891,32.70024166100006,1606,0.21785452720057114,7.322100377673758,0.16747025315726585,Minor,12,31,67
1,23,15.563479734099891,32.707701290377834,200,0.26515918088235124,7.29844028020516,0.1778171444064957,Minor,2,2,8
1,24,15.563479734099891,32.71516091975562,1283,0.4795330669908887,7.27252832847838,0.3239960047147822,Moderate,27,28,109
1,25,15.563479734099891,32.722620549133396,1328,0.3946401491821604,7.244986223209825,0.25151977927280195,Minor,14,37,79
1,26,15.563479734099891,32.73008017851118,1611,0.4748537231642638,7.216351492427117,0.34232197228687455,Moderate,35,75,180
1,27,15.563479734099891,32.73753980788896,1253,0.2960818128900035,7.187070814248252,0.21816142310169181,Minor,19,19,76
1,28,15.563479734099891,32.744999437266735,200,0.29688338170144135,7.157503495026762,0.2363324141341296,Minor,3,7,16
1,29,15.563479734099891,32.75245906664452,200,0.41250863152671513,7.12793061405948,0.22835409957100078,Minor,1,2,5
2,0,15.57066622349982,32.53612981468889,346,0.2257504223096868,7.002902818517804,0.16014790576124413,Minor,3,5,14
2,1,15.57066622349982,32.54358944406667,1033,0.24124333593404113,7.031777521032429,0.1726878371416513,Minor,12,17,53
2,2,15.57066622349982,32.55104907344445,566,0.5043644557597899,7.06145249877793,0.39111449121189196,Moderate,5,16,31
2,3,15.57066622349982,32.55850870282223,2903,0.30072353970694277,7.091896236217881,0.23239682014855942,Minor,40,83,203
2,4,15.57066622349982,32.565968332200015,200,0.4716288391267132,7.123050809510279,0.3362729168419779,Moderate,3,4,13
2,5,15.57066622349982,32.57342796157779,901,0.39386004033343136,7.154822649758039,0.27284675667642505,Minor,11,20,53
2,6,15.57066622349982,32.58088759095557,819,0.5466698840827899,7.187070814248252,0.38206802943289314,Moderate,6,50,68
2,7,15.57066622349982,32.588347220333354,2136,0.4270869034196832,7.219592522764099,0.2428957684701203,Minor,23,92,161
2,8,15.57066622349982,32.59580684971113,1905,0.40612711650520283,7.252106088360197,0.3362484593096079,Moderate,33,49,148
2,9,15.57066622349982,32.603266479088916,1761,0.2742760954108158,7.284232133476312,0.15354761427012253,Minor,20,51,111
2,10,15.57066622349982,32.61072610846669,1439,0.5278458387076872,7.31547531820288,0.38019179646382273,Moderate,17,87,138
2,11,15.57066622349982,32.61818573784447,978,0.44366665254059473,7.345210838234422,0.2737049887135248,Minor,8,33,57
2,12,15.57066622349982,32.625645367222255,2021,0.3217010189896382,7.372682509756043,0.23669984877940173,Minor,27,27,108
2,13,15.57066622349982,32.63310499660003,2782,0.3248617620486035,7.397021527591896,0.33390535599227406,Moderate,45,125,260
2,14,15.57066622349982,32.64056462597782,2936,0.5017528271826361,7.417295146056618,0.28074768932798944,Minor,39,58,175
2,15,15.57066622349982,32.648024255355594,674,0.44501946423924715,7.432590015038,0.30336416953905254,Moderate,11,38,71
2,16,15.57066622349982,32.65548388473337,1150,0.450549628851167,7.442123989175103,0.41572410612482047,Moderate,27,76,157
2,17,15.57066622349982,32.662943514111156,2261,0.3599185058854094,7.445365019512085,0.29269804425547086,Minor,12,98,134
2,18,15.57066622349982,32.67040314348893,3048,0.6410532352628421,7.442123989175103,0.476965037126578,Moderate,38,135,249
2,19,15.57066622349982,32.67786277286672,1627,0.5611909523679331,7.432590015038,0.3843643770613604,Moderate,19,100,157
2,20,15.57066622349982,32.685322402244495,1456,0.35210809012701716,7.417295146056618,0.18365280596653186,Minor,10,32,62
2,21,15.57066622349982,32.69278203162228,2485,0.5736023523086137,7.397021527591896,0.3996620015698871,Moderate,59,87,264
2,22,15.57066622349982,32.70024166100006,1470,0.523162847217217,7.372682509756043,0.36919225615022344,Moderate,23,49,118
2,23,15.57066622349982,32.707701290377834,2273,0.40977471876426386,7.345210838234422,0.18221802089724873,Minor,5,31,46
2,24,15.57066622349982,32.71516091975562,2015,0.3427899940828589,7.31547531820288,0.20649159847140344,Minor,30,50,140
2,25,15.57066622349982,32.722620549133396,1864,0.3218654135981637,7.284232133476312,0.19478142101444984,Minor,15,46,91
2,26,15.57066622349982,32.73008017851118,1748,0.3452687600075301,7.252106088360197,0.2660228704319997,Minor,5,44,59
2,27,15.57066622349982,32.73753980788896,892,0.5361811995255428,7.219592522764099,0.3141998360846582,Moderate,14,15,57
2,28,15.57066622349982,32.744999437266735,1161,0.22486616327528366,7.187070814248252,0.21611632187985774,Minor,14,40,82
2,29,15.57066622349982,32.75245906664452,1056,0.11572484471932581,7.154822649758039,0.15263144823967026,Minor,5,14,29
3,0,15.577852712899748,32.53612981468889,754,0.3860371187813696,7.019213726461839,0.36087646299881604,Moderate,21,19,82
3,1,15.577852712899748,32.54358944406667,1531,0.39972120162615477,7.049642593858581,0.27172340278736695,Minor,8,46,70
3,2,15.577852712899748,32.55104907344445,1434,0.24320226099426356,7.0810739496509,0.15148000959085545,Minor,15,30,75
3,3,15.577852712899748,32.55850870282223,1122,0.5034394305759575,7.113505192713749,0.32235213470858215,Moderate,27,72,153
3,4,15.577852712899748,32.565968332200015,200,0.2822719612071106,7.146910013008057,0.11723865199709738,Minor,1,2,5
3,5,15.577852712899748,32.57342796157779,200,0.24851508521629187,7.181228130928563,0.26341930733135477,Minor,2,9,15
3,6,15.577852712899748,32.58088759095557,2154,0.33608337867159205,7.216351492427117,0.2279918776909756,Minor,17,51,102
3,7,15.577852712899748,32.588347220333354,1358,0.11062674833971226,7.252106088360197,0.06715952312544538,Intact,5,12,27
3,8,15.577852712899748,32.59580684971113,410,0.37948135885628625,7.288228758605112,0.24420139348447245,Minor,4,17,29
3,9,15.577852712899748,32.603266479088916,578,0.5160714613683188,7.324339017835854,0.2503748698038977,Minor,2,14,20
3,10,15.577852712899748,32.61072610846669,929,0.5161198698599763,7.359907505281958,0.39136118415283816,Moderate,27,38,119
3,11,15.577852712899748,32.61818573784447,1822,0.5329259824898187,7.394225623202464,0.398323081922101,Moderate,41,127,250
3,12,15.577852712899748,32.625645367222255,1591,0.29807892699084904,7.426385620563508,0.22072653702217854,Minor,27,28,109
3,13,15.577852712899748,32.63310499660003,2459,0.3736498413453943,7.455286218812402,0.26708129354738863,Minor,48,60,204
3,14,15.577852712899748,32.64056462597782,1239,0.5251723957149665,7.479683137432591,0.4209413773750868,Moderate,13,28,67
3,15,15.577852712899748,32.648024255355594,2475,0.48326511616222373,7.498300825226366,0.3214549652155162,Moderate,52,92,248
3,16,15.577852712899748,32.65548388473337,2287,0.5460812976195091,7.510004630224298,0.35819764777753516,Moderate,12,120,156
3,17,15.577852712899748,32.662943514111156,2881,0.37279851189107305,7.514001255353098,0.32403857091942345,Moderate,63,111,300
3,18,15.577852712899748,32.67040314348893,2467,0.4828624768016726,7.510004630224298,0.3354145012167193,Moderate,13,42,81
3,19,15.577852712899748,32.67786277286672,2710,0.5236083702927378,7.498300825226366,0.3157338623011037,Moderate,57,85,256
3,20,15.577852712899748,32.685322402244495,1896,0.36598866260340257,7.479683137432591,0.3435393749478167,Moderate,20,80,140
3,21,15.577852712899748,32.69278203162228,2767,0.22008579077082893,7.455286218812402,0.2043241398943376,Minor,39,36,153
3,22,15.577852712899748,32.70024166100006,1782,0.5136712805844819,7.426385620563508,0.4396369359316633,Moderate,47,78,219
3,23,15.577852712899748,32.707701290377834,687,0.45925389977301767,7.394225623202464,0.28718955899858056,Minor,6,38,56
3,24,15.577852712899748,32.71516091975562,816,0.576875025443224,7.359907505281958,0.4004944383813503,Moderate,11,54,87
3,25,15.577852712899748,32.722620549133396,1316,0.45712801692339156,7.324339017835854,0.24731360446993728,Minor,8,41,65
3,26,15.577852712899748,32.73008017851118,313,0.4221118060169384,7.288228758605112,0.29946911469445747,Minor,3,9,18
3,27,15.577852712899748,32.73753980788896,1692,0.22910916403068557,7.252106088360197,0.17932433666397898,Minor,19,46,103
3,28,15.577852712899748,32.744999437266735,200,0.44732420529060835,7.216351492427117,0.387519589398872,Moderate,4,4,16
3,29,15.577852712899748,32.75245906664452,200,0.40082663016364495,7.181228130928563,0.25228935000900804,Minor,1,6,9
4,0,15.585039202299676,32.53612981468889,200,0.25092998115256254,7.0345339904712185,0.06422782188522179,Intact,0,1,1
4,1,15.585039202299676,32.54358944406667,1565,0.17098472308873652,7.066502535772155,0.1034127154711696,Minor,8,17,41
4,2,15.585039202299676,32.55104907344445,1387,0.3949471245173009,7.099691637444675,0.23324927677876173,Minor,14,24,66
4,3,15.585039202299676,32.55850870282223,2506,0.44122299504334633,7.134135008533972,0.3312920907316821,Moderate,20,138,198
4,4,15.585039202299676,32.565968332200015,2204,0.36096416869292114,7.169848078742572,0.33018372041199706,Moderate,44,92,224
4,5,15.585039202299676,32.57342796157779,200,0.3789435702052598,7.2068175182900145,0.23480893691363777,Minor,0,2,2
4,6,15.585039202299676,32.58088759095557,506,0.4835498591697862,7.244986223209825,0.2881353660733242,Minor,2,16,22
4,7,15.585039202299676,32.588347220333354,1719,0.5642511887412547,7.284232133476312,0.44049844188637644,Moderate,48,126,270
4,8,15.585039202299676,32.59580684971113,1335,0.44551534966773754,7.324339017835854,0.2990398280729588,Minor,22,35,101
4,9,15.585039202299676,32.603266479088916,1593,0.4695996525708262,7.3649575422761835,0.29662216532849484,Minor,5,74,89
4,10,15.585039202299676,32.61072610846669,3268,0.38571431914680826,7.4055561868995206,0.3177421888963661,Moderate,21,174,237
4,11,15.585039202299676,32.61818573784447,3357,0.35756226458529555,7.445365019512085,0.19894598411002082,Minor,24,112,184
4,12,15.585039202299676,32.625645367222255,3366,0.6522658567640942,7.483322514528401,0.5426004620005075,Severe,33,327,426
4,13,15.585039202299676,32.63310499660003,2133,0.5265505872477128,7.518047529268127,0.37024221619636416,Moderate,12,63,99
4,14,15.585039202299676,32.64056462597782,1645,0.48106900058036467,7.547872874421744,0.3704643916059881,Moderate,41,68,191
4,15,15.585039202299676,32.648024255355594,3136,0.3965753579969771,7.570983334982408,0.3345920064643895,Moderate,69,207,414
4,16,15.585039202299676,32.65548388473337,2296,0.5392202342465771,7.585680002029944,0.4117269264558094,Moderate,41,140,263
4,17,15.585039202299676,32.662943514111156,1187,0.41398152101037605,7.590730039024169,0.28091302653501443,Minor,26,59,137
4,18,15.585039202299676,32.67040314348893,1992,0.501085530183745,7.585680002029944,0.35564300151864636,Moderate,17,106,157
4,19,15.585039202299676,32.67786277286672,2879,0.4322121440269597,7.570983334982408,0.2956867579766924,Minor,13,51,90
4,20,15.585039202299676,32.685322402244495,3371,0.42703764549958,7.547872874421744,0.28024849798743645,Minor,34,171,273
4,21,15.585039202299676,32.69278203162228,2024,0.5049056428348162,7.518047529268127,0.44800530422494034,Moderate,34,143,245
4,22,15.585039202299676,32.70024166100006,1624,0.5241461005188427,7.483322514528401,0.501927823161118,Severe,17,136,187
4,23,15.585039202299676,32.707701290377834,2196,0.580759501641192,7.445365019512085,0.46158385402584756,Moderate,19,138,195
4,24,15.585039202299676,32.71516091975562,1986,0.5062568472683956,7.4055561868995206,0.39523557964337924,Moderate,41,154,277
4,25,15.585039202299676,32.722620549133396,2374,0.4714766214620242,7.3649575422761835,0.3853561711021534,Moderate,66,132,330
4,26,15.585039202299676,32.73008017851118,666,0.4629752455620799,7.324339017835854,0.41383460781319176,Moderate,3,21,30
4,27,15.585039202299676,32.73753980788896,1155,0.30970680845832077,7.284232133476312,0.12483247921510586,Minor,3,13,22
4,28,15.585039202299676,32.744999437266735,1404,0.4301404019502808,7.244986223209825,0.30946165234995265,Moderate,34,56,158
4,29,15.585039202299676,32.75245906664452,396,0.3023640545084616,7.2068175182900145,0.10420432764748327,Minor,0,8,8
5,0,15.592225691699603,32.53612981468889,200,0.4658687548500694,7.048677494303845,0.3572787331808595,Moderate,3,10,19
5,1,15.592225691699603,32.54358944406667,1280,0.2586778339160941,7.0821401400019965,0.1968063968930507,Minor,17,38,89
5,2,15.592225691699603,32.55104907344445,1830,0.3473545092516174,7.117052097396794,0.26963957633013746,Minor,24,90,162
5,3,15.592225691699603,32.55850870282223,1225,0.43429358665456247,7.153490456238686,0.2677416945348193,Minor,10,36,66
5,4,15.592225691699603,32.565968332200015,2054,0.3700165038320149,7.191522649308632,0.3680373981428932,Moderate,53,113,272
5,5,15.592225691699603,32.57342796157779,2843,0.20156122599503257,7.231197037756255,0.1787484061370085,Minor,24,59,131
5,6,15.592225691699603,32.58088759095557,596,0.3283926764042023,7.27252832847838,0.22575818894332597,Minor,6,15,33
5,7,15.592225691699603,32.588347220333354,1396,0.3112115574484396,7.31547531820288,0.2537130199001626,Minor,14,56,98
5,8,15.592225691699603,32.59580684971113,2155,0.408115221289276,7.359907505281958,0.35827072815720096,Moderate,30,142,232
5,9,15.592225691699603,32.603266479088916,1475,0.41839928821151384,7.4055561868995206,0.32013725409131394,Moderate,32,85,181
5,10,15.592225691699603,32.61072610846669,1313,0.5294777059923113,7.451945462742714,0.44159784137564206,Moderate,8,68,92
5,11,15.592225691699603,32.61818573784447,3834,0.482422431028126,7.498300825226366,0.34479465289832406,Moderate,43,118,247
5,12,15.592225691699603,32.625645367222255,2636,0.7757074125927763,7.543441229713853,0.601309868634816,Severe,35,128,233
5,13,15.592225691699603,32.63310499660003,4365,0.682256921005848,7.585680002029944,0.5330367571158123,Severe,64,293,485
5,14,15.592225691699603,32.64056462597782,3283,0.3897492001915223,7.622794024339882,0.22534275713572322,Minor,41,99,222
5,15,15.592225691699603,32.648024255355594,3699,0.4767599181804799,7.652158117311494,0.44668342251063387,Moderate,116,322,670
5,16,15.592225691699603,32.65548388473337,3785,0.5123974959402485,7.671137516260071,0.43281328014658166,Moderate,46,183,321
5,17,15.592225691699603,32.662943514111156,3760,0.5107430146014635,7.6777179594907,0.32846957662914317,Moderate,78,160,394
5,18,15.592225691699603,32.67040314348893,2876,0.5047721812765317,7.671137516260071,0.5323623810949506,Severe,99,202,499
5,19,15.592225691699603,32.67786277286672,2253,0.4383829304274134,7.652158117311494,0.3970157658124178,Moderate,36,136,244
5,20,15.592225691699603,32.685322402244495,3668,0.4780969684549223,7.622794024339882,0.39457668629341014,Moderate,20,165,225
5,21,15.592225691699603,32.69278203162228,1930,0.5226663280621217,7.585680002029944,0.37932502357855075,Moderate,55,43,208
5,22,15.592225691699603,32.70024166100006,1375,0.3863897394229028,7.543441229713853,0.3147244725881261,Moderate,33,75,174
5,23,15.592225691699603,32.707701290377834,2326,0.3606531579301583,7.498300825226366,0.33418051976114793,Moderate,54,40,202
5,24,15.592225691699603,32.71516091975562,1319,0.4662047854036833,7.451945462742714,0.3885442412089342,Moderate,17,48,99
5,25,15.592225691699603,32.722620549133396,1604,0.5689633292455192,7.4055561868995206,0.4030130305435577,Moderate,47,99,240
5,26,15.592225691699603,32.73008017851118,1463,0.3363966588796167,7.359907505281958,0.2295599739555537,Minor,26,17,95
5,27,15.592225691699603,32.73753980788896,1384,0.6279704443312428,7.31547531820288,0.4684909584479442,Moderate,45,89,224
5,28,15.592225691699603,32.744999437266735,1557,0.37432244851838814,7.27252832847838,0.2773908479766603,Minor,13,81,120
5,29,15.592225691699603,32.75245906664452,652,0.48868543708324724,7.231197037756255,0.317547159214765,Moderate,12,36,72
6,0,15.599412181099533,32.53612981468889,571,0.3864478673070406,7.06145249877793,0.3167324373415429,Moderate,13,23,62
6,1,15.599412181099533,32.54358944406667,614,0.39248869196790837,7.096327880925772,0.2210161918493712,Minor,8,7,31
6,2,15.599412181099533,32.55104907344445,805,0.31765349123145636,7.132884639008375,0.29692745139337323,Minor,12,20,56
6,3,15.599412181099533,32.55850870282223,1890,0.3610423209155479,7.17124903084391,0.20918812582503915,Minor,10,24,54
6,4,15.599412181099533,32.565968332200015,972,0.4428494100026238,7.21154962372027,0.19793128983998548,Minor,6,12,30
6,5,15.599412181099533,32.57342796157779,2022,0.39359504960868175,7.253910640684605,0.24025298983787463,Minor,15,46,91
6,6,15.599412181099533,32.58088759095557,1010,0.155914216869796,7.29844028020516,0.13583414127509508,Minor,8,23,47
6,7,15.599412181099533,32.588347220333354,2160,0.5490313587171007,7.345210838234422,0.3910051274253072,Moderate,15,157,202
6,8,15.599412181099533,32.59580684971113,2118,0.5132442512928653,7.394225623202464,0.3684509139762768,Moderate,42,151,277
6,9,15.599412181099533,32.603266479088916,3573,0.4891869022710318,7.445365019512085,0.3400965786967205,Moderate,28,204,288
6,10,15.599412181099533,32.61072610846669,1925,0.4702240469466911,7.498300825226366,0.329396195182873,Moderate,48,64,208
6,11,15.599412181099533,32.61818573784447,3192,0.5373828792170675,7.552365647188634,0.4204135934126167,Moderate,97,84,375
6,12,15.599412181099533,32.625645367222255,3102,0.3938258310914995,7.606367643254011,0.30710952242962797,Moderate,39,76,193
6,13,15.599412181099533,32.63310499660003,2741,0.5409366222433704,7.658362511785986,0.5017027787524715,Severe,69,79,286
6,14,15.599412181099533,32.64056462597782,3008,0.4789634709350195,7.705455634180577,0.3203525510739378,Moderate,67,79,280
6,15,15.599412181099533,32.648024255355594,2835,0.6316743632888379,7.743820026016113,0.4216561942888121,Moderate,13,114,153
6,16,15.599412181099533,32.65548388473337,3470,0.4947235478027816,7.769213726461839,0.35386988307827105,Moderate,77,194,425
6,17,15.599412181099533,32.662943514111156,3458,0.3893484778116256,7.778138143936619,0.31245955242910883,Moderate,40,158,278
6,18,15.599412181099533,32.67040314348893,2989,0.4162107105068939,7.769213726461839,0.2823602468270885,Minor,53,108,267
6,19,15.599412181099533,32.67786277286672,3234,0.5808411309726289,7.743820026016113,0.44260084899506325,Moderate,31,230,323
6,20,15.599412181099533,32.685322402244495,3120,0.6081904199337099,7.705455634180577,0.42306003977387807,Moderate,21,216,279
6,21,15.599412181099533,32.69278203162228,3855,0.46458171315604013,7.658362511785986,0.4249347196015824,Moderate,77,110,341
6,22,15.599412181099533,32.70024166100006,920,0.6302068513029374,7.606367643254011,0.395769694014848,Moderate,28,30,114
6,23,15.599412181099533,32.707701290377834,3884,0.41985900716240926,7.552365647188634,0.3309031054450976,Moderate,34,116,218
6,24,15.599412181099533,32.71516091975562,2684,0.40895141380879235,7.498300825226366,0.26982537681122387,Minor,19,139,196
6,25,15.599412181099533,32.722620549133396,2055,0.5212266515847235,7.445365019512085,0.36045097055397113,Moderate,47,96,237
6,26,15.599412181099533,32.73008017851118,3199,0.1558181849618926,7.394225623202464,0.13676184489392648,Minor,22,57,123
6,27,15.599412181099533,32.73753980788896,2696,0.3630332507404647,7.345210838234422,0.20409363488427462,Minor,32,71,167
6,28,15.599412181099533,32.744999437266735,668,0.40797622743204964,7.29844028020516,0.23667028131075732,Minor,8,8,32
6,29,15.599412181099533,32.75245906664452,1555,0.3740197484257464,7.253910640684605,0.23838669346601785,Minor,17,45,96
7,0,15.60659867049946,32.53612981468889,200,0.44702781038393274,7.072667783457174,0.3899296240330624,Moderate,4,10,22
7,1,15.60659867049946,32.54358944406667,1223,0.3477432491567913,7.108835279583275,0.22483548124704647,Minor,7,47,68
7,2,15.60659867049946,32.55104907344445,1586,0.5256041961218606,7.146910013008057,0.3312490564381648,Moderate,12,44,80
7,3,15.60659867049946,32.55850870282223,1503,0.3954404931852386,7.187070814248252,0.2723556171077451,Minor,24,25,97
7,4,15.60659867049946,32.565968332200015,2831,0.49806034268491306,7.229513722064416,0.3547874539092344,Moderate,63,64,253
7,5,15.60659867049946,32.57342796157779,1266,0.3834461884601226,7.2744499910518305,0.34409343065572917,Moderate,5,48,63
7,6,15.60659867049946,32.58088759095557,1828,0.4935799535343941,7.322100377673758,0.36494715856049925,Moderate,33,46,145
7,7,15.60659867049946,32.588347220333354,1650,0.5740454677423743,7.372682509756043,0.49720005922066784,Moderate,42,140,266
7,8,15.60659867049946,32.59580684971113,1666,0.48148412951710573,7.426385620563508,0.32696018703321317,Moderate,20,106,166
7,9,15.60659867049946,32.603266479088916,3729,0.6089403749141475,7.483322514528401,0.4928123300904684,Moderate,94,256,538
7,10,15.60659867049946,32.61072610846669,1664,0.4120007938959211,7.543441229713853,0.3641999553575393,Moderate,36,63,171
7,11,15.60659867049946,32.61818573784447,2588,0.46599202862864725,7.606367643254011,0.2757393742302703,Minor,24,112,184
7,12,15.60659867049946,32.625645367222255,3699,0.6216039352716429,7.671137516260071,0.5753234784123525,Severe,78,366,600
7,13,15.60659867049946,32.63310499660003,4279,0.5554377726110273,7.735777126972284,0.40938115153375615,Moderate,135,114,519
7,14,15.60659867049946,32.64056462597782,4007,0.5018555503897952,7.796755831730394,0.4358625537911085,Moderate,129,219,606
7,15,15.60659867049946,32.648024255355594,2922,0.6485476313561956,7.848566521087868,0.5063155265021071,Severe,44,88,220
7,16,15.60659867049946,32.65548388473337,4475,0.393849023462485,7.884135008533971,0.33681977730900425,Moderate,92,221,497
7,17,15.60659867049946,32.662943514111156,1910,0.526879548108619,7.896910013008057,0.3668140360254852,Moderate,22,126,192
7,18,15.60659867049946,32.67040314348893,3670,0.39319085933545095,7.884135008533971,0.2920949196843908,Minor,52,176,332
7,19,15.60659867049946,32.67786277286672,4231,0.4300705613711433,7.848566521087868,0.25191629084316686,Minor,17,80,131
7,20,15.60659867049946,32.685322402244495,4000,0.4875274163182232,7.796755831730394,0.3437023560168032,Moderate,29,106,193
7,21,15.60659867049946,32.69278203162228,2108,0.4863561246856603,7.735777126972284,0.368348398083318,Moderate,35,41,146
7,22,15.60659867049946,32.70024166100006,896,0.32359384929385576,7.671137516260071,0.23180778401871205,Minor,9,12,39
7,23,15.60659867049946,32.707701290377834,1862,0.37031614979253474,7.606367643254011,0.2824214150263781,Minor,12,65,101
7,24,15.60659867049946,32.71516091975562,873,0.41131284989040284,7.543441229713853,0.3325027543943155,Moderate,22,26,92
7,25,15.60659867049946,32.722620549133396,1379,0.5466647611955797,7.483322514528401,0.4679620771071619,Moderate,40,45,165
7,26,15.60659867049946,32.73008017851118,2776,0.450973640421352,7.426385620563508,0.396495873057611,Moderate,74,104,326
7,27,15.60659867049946,32.73753980788896,295,0.32563430228283896,7.372682509756043,0.27365862322034157,Minor,1,13,16
7,28,15.60659867049946,32.744999437266735,2044,0.5585156865199924,7.322100377673758,0.3641935903250541,Moderate,24,82,154
7,29,15.60659867049946,32.75245906664452,1027,0.33984564513286947,7.2744499910518305,0.22948254749717856,Minor,16,26,74
8,0,15.613785159899388,32.53612981468889,1986,0.4914571797249681,7.0821401400019965,0.3433398314695453,Moderate,24,40,112
8,1,15.613785159899388,32.54358944406667,1399,0.4300584358913594,7.119438341486436,0.19410258007248227,Minor,8,42,66
8,2,15.613785159899388,32.55104907344445,2429,0.46580616448570733,7.158852237580934,0.269301811136669,Minor,20,102,162
8,3,15.613785159899388,32.55850870282223,605,0.4798873553144746,7.200613123815522,0.48749597879889484,Moderate,4,50,62
8,4,15.613785159899388,32.565968332200015,2274,0.35180152373586815,7.244986223209825,0.26984228655623704,Minor,45,80,215
8,5,15.613785159899388,32.57342796157779,1706,0.49678975563711136,7.292275032520141,0.5009713743558566,Severe,36,150,258
8,6,15.613785159899388,32.58088759095557,1964,0.5459639110494429,7.34282459414478,0.3723583017595281,Moderate,25,109,184
8,7,15.613785159899388,32.588347220333354,2677,0.5317409912965001,7.397021527591896,0.37891568171495293,Moderate,30,139,229
8,8,15.613785159899388,32.59580684971113,2828,0.42233989299633695,7.455286218812402,0.27945085728056096,Minor,58,72,246
8,9,15.613785159899388,32.603266479088916,2849,0.4950829499683719,7.518047529268127,0.3466591527045679,Moderate,35,118,223
8,10,15.613785159899388,32.61072610846669,4981,0.5982231589485121,7.585680002029944,0.4572051764946386,Moderate,110,333,663
8,11,15.613785159899388,32.61818573784447,4888,0.5578428115371387,7.658362511785986,0.48843201903922145,Moderate,161,366,849
8,12,15.613785159899388,32.625645367222255,2745,0.4976203939548556,7.735777126972284,0.3224161820144028,Moderate,63,164,353
8,13,15.613785159899388,32.63310499660003,4608,0.641352935719924,7.816502535772155,0.48914485988938133,Moderate,145,215,650
8,14,15.613785159899388,32.64056462597782,4891,0.34970292800683,7.896910013008057,0.27830398383141414,Minor,46,262,400
8,15,15.613785159899388,32.648024255355594,4088,0.5038267991981081,7.969592522764099,0.4279296178151479,Moderate,87,339,600
8,16,15.613785159899388,32.65548388473337,3176,0.6557809927098195,8.02252832847838,0.48948824233230365,Moderate,124,237,609
8,17,15.613785159899388,32.662943514111156,4882,0.36140436980483065,8.042275032520141,0.269643776120384,Minor,70,153,363
8,18,15.613785159899388,32.67040314348893,4661,0.7147167936655043,8.02252832847838,0.5708739797224178,Severe,111,426,759
8,19,15.613785159899388,32.67786277286672,2928,0.4889988790891571,7.969592522764099,0.351324146469021,Moderate,35,186,291
8,20,15.613785159899388,32.685322402244495,1259,0.5420094836562604,7.896910013008057,0.2918545656165958,Minor,24,59,131
8,21,15.613785159899388,32.69278203162228,3385,0.5794944550279528,7.816502535772155,0.4232344511959364,Moderate,98,255,549
8,22,15.613785159899388,32.70024166100006,4013,0.42243531654066935,7.735777126972284,0.3455090304175735,Moderate,75,272,497
8,23,15.613785159899388,32.707701290377834,2276,0.582203595562895,7.658362511785986,0.46537723762163585,Moderate,71,110,323
8,24,15.613785159899388,32.71516091975562,2606,0.30270672618412714,7.585680002029944,0.2836533396778874,Minor,57,125,296
8,25,15.613785159899388,32.722620549133396,1947,0.4153665458275547,7.518047529268127,0.2978930117519328,Minor,33,65,164
8,26,15.613785159899388,32.73008017851118,3325,0.4271283480214267,7.455286218812402,0.26453307686697247,Minor,63,133,322
8,27,15.613785159899388,32.73753980788896,2061,0.3332134605108587,7.397021527591896,0.25852771750035697,Minor,39,44,161
8,28,15.613785159899388,32.744999437266735,1881,0.41723549254519093,7.34282459414478,0.22432904326917055,Minor,10,21,51
8,29,15.613785159899388,32.75245906664452,2569,0.4462065046087147,7.292275032520141,0.3292359608769373,Moderate,63,50,239
9,0,15.620971649299317,32.53612981468889,466,0.5691778297810388,7.089702821454894,0.46677971119205186,Moderate,5,22,37
9,1,15.620971649299317,32.54358944406667,1895,0.3728861488975924,7.12793061405948,0.2984994788131709,Minor,7,111,132
9,2,15.620971649299317,32.55104907344445,2296,0.4001556367942491,7.168453126454478,0.22659489234074162,Minor,37,91,202
9,3,15.620971649299317,32.55850870282223,1841,0.5022789966076466,7.21154962372027,0.4530911112248781,Moderate,27,131,212
9,4,15.620971649299317,32.565968332200015,433,0.5023647221911057,7.257550017780415,0.3829398613865139,Moderate,5,22,37
9,5,15.620971649299317,32.57342796157779,1899,0.3969934521816036,7.306846446398886,0.27610445536529027,Minor,19,57,114
9,6,15.620971649299317,32.58088759095557,2281,0.3216455219580617,7.359907505281958,0.24230633331569126,Minor,17,87,138
9,7,15.620971649299317,32.588347220333354,2318,0.5546816440970685,7.417295146056618,0.4273070006977587,Moderate,69,127,334
9,8,15.620971649299317,32.59580684971113,5200,0.5066434836238947,7.479683137432591,0.38961903693672884,Moderate,96,232,520
9,9,15.620971649299317,32.603266479088916,2851,0.4911480734479461,7.547872874421744,0.4840498264229173,Moderate,100,164,464
9,10,15.620971649299317,32.61072610846669,2776,0.5674904856832458,7.622794024339882,0.41056119279304376,Moderate,27,217,298
9,11,15.620971649299317,32.61818573784447,5843,0.507749477605621,7.705455634180577,0.38028191848420373,Moderate,104,385,697
9,12,15.620971649299317,32.625645367222255,3962,0.6263864228119801,7.796755831730394,0.5548615121038991,Severe,94,402,684
9,13,15.620971649299317,32.63310499660003,5312,0.43063150833188624,7.896910013008057,0.38074407037104174,Moderate,101,332,635
9,14,15.620971649299317,32.64056462597782,4646,0.494378596988957,8.003910640684605,0.4435934319967454,Moderate,122,120,486
9,15,15.620971649299317,32.648024255355594,4502,0.6246006572044507,8.109907505281958,0.5415398656506594,Severe,46,163,301
9,16,15.620971649299317,32.65548388473337,3766,0.39618595333627227,8.195365019512085,0.3399332971377883,Moderate,42,126,252
9,17,15.620971649299317,32.662943514111156,5308,0.3308361798606573,8.229683137432591,0.23834774870680203,Minor,53,117,276
9,18,15.620971649299317,32.67040314348893,4804,0.5624188344610012,8.195365019512085,0.41277688551845926,Moderate,83,140,389
9,19,15.620971649299317,32.67786277286672,4124,0.6064285736434355,8.109907505281958,0.39086209165735397,Moderate,73,156,375
9,20,15.620971649299317,32.685322402244495,4290,0.5450006431749517,8.003910640684605,0.41932647286833596,Moderate,34,174,276
9,21,15.620971649299317,32.69278203162228,3621,0.537277176358378,7.896910013008057,0.43333424668523984,Moderate,75,173,398
9,22,15.620971649299317,32.70024166100006,1837,0.644495981172942,7.796755831730394,0.4789740904778836,Moderate,54,150,312
9,23,15.620971649299317,32.707701290377834,3013,0.42072688761024135,7.705455634180577,0.25978777039508116,Minor,35,128,233
9,24,15.620971649299317,32.71516091975562,2070,0.6352991704629525,7.622794024339882,0.5029291231696733,Severe,79,69,306
9,25,15.620971649299317,32.722620549133396,3453,0.26748210239852244,7.547872874421744,0.2515620991552901,Minor,35,148,253
9,26,15.620971649299317,32.73008017851118,1403,0.4216569726977402,7.479683137432591,0.32992404656037083,Moderate,6,65,83
9,27,15.620971649299317,32.73753980788896,1180,0.14860407660306385,7.417295146056618,0.1241547785590517,Minor,3,28,37
9,28,15.620971649299317,32.744999437266735,2722,0.3310835645908729,7.359907505281958,0.26523064852783074,Minor,44,95,227
9,29,15.620971649299317,32.75245906664452,1054,0.201126818537465,7.306846446398886,0.18951449464757872,Minor,9,19,46
10,0,15.628158138699245,32.53612981468889,1385,0.354320951540501,7.095214304246503,0.2815874173147957,Minor,9,54,81
10,1,15.628158138699245,32.54358944406667,3098,0.39621671384132334,7.134135008533972,0.2667223275623003,Minor,39,105,222
10,2,15.628158138699245,32.55104907344445,2184,0.3485658020361598,7.17548840775717,0.23522792920276772,Minor,18,97,151
10,3,15.628158138699245,32.55850870282223,3497,0.6963744841923074,7.219592522764099,0.5431979131913048,Severe,148,161,605
10,4,15.628158138699245,32.565968332200015,1085,0.3862170242604334,7.266830442165489,0.33439244256140677,Moderate,9,44,71
10,5,15.628158138699245,32.57342796157779,1816,0.3117424086432354,7.317668732965867,0.251434430437301,Minor,27,57,138
10,6,15.628158138699245,32.58088759095557,1944,0.6147924700186025,7.372682509756043,0.5341569421897554,Severe,43,66,195
10,7,15.628158138699245,32.588347220333354,3864,0.4587845464769673,7.432590015038,0.34459040890418896,Moderate,104,246,558
10,8,15.628158138699245,32.59580684971113,3574,0.44861899213451717,7.498300825226366,0.3896077000200032,Moderate,17,103,154
10,9,15.628158138699245,32.603266479088916,4081,0.6753867648730629,7.570983334982408,0.5901876753434656,Severe,158,300,774
10,10,15.628158138699245,32.61072610846669,4576,0.5457758998243368,7.652158117311494,0.40789885123328745,Moderate,127,248,629
10,11,15.628158138699245,32.61818573784447,5462,0.6469006250144019,7.743820026016113,0.5375438894612279,Severe,52,516,672
10,12,15.628158138699245,32.625645367222255,3993,0.6143365977107926,7.848566521087868,0.4983943387231944,Moderate,75,384,609
10,13,15.628158138699245,32.63310499660003,5312,0.4557404518427667,7.969592522764099,0.3663337880458792,Moderate,88,117,381
10,14,15.628158138699245,32.64056462597782,5373,0.714538041795771,8.109907505281958,0.5246218772009837,Severe,162,298,784
10,15,15.628158138699245,32.648024255355594,5714,0.7064285787490991,8.268047529268127,0.5778487053125569,Severe,181,629,1172
10,16,15.628158138699245,32.65548388473337,5166,0.5296163768432295,8.421137516260071,0.4789034769833354,Moderate,65,133,328
10,17,15.628158138699245,32.662943514111156,5623,0.5526478211432281,8.493820026016113,0.4350338139724075,Moderate,91,265,538
10,18,15.628158138699245,32.67040314348893,4693,0.6088021396398957,8.421137516260071,0.4817644181908951,Moderate,73,224,443
10,19,15.628158138699245,32.67786277286672,5106,0.7611111093054079,8.268047529268127,0.6243186132082398,Severe,190,316,886
10,20,15.628158138699245,32.685322402244495,5095,0.5440782013082988,8.109907505281958,0.3770718929594296,Moderate,55,377,542
10,21,15.628158138699245,32.69278203162228,3872,0.4683999076457601,7.969592522764099,0.40158018036403076,Moderate,15,279,324
10,22,15.628158138699245,32.70024166100006,2986,0.4307618377664562,7.848566521087868,0.3462198789413543,Moderate,44,65,197
10,23,15.628158138699245,32.707701290377834,2813,0.4224639151456771,7.743820026016113,0.30808357949788817,Moderate,55,67,232
10,24,15.628158138699245,32.71516091975562,2945,0.4939144238260809,7.652158117311494,0.36084765363452764,Moderate,46,82,220
10,25,15.628158138699245,32.722620549133396,2748,0.4321863920678769,7.570983334982408,0.24821356599319955,Minor,8,105,129
10,26,15.628158138699245,32.73008017851118,2022,0.4088805813573652,7.498300825226366,0.30999660138906815,Moderate,49,101,248
10,27,15.628158138699245,32.73753980788896,749,0.3974709287017014,7.432590015038,0.23869542078863265,Minor,2,19,25
10,28,15.628158138699245,32.744999437266735,2568,0.28429243459491293,7.372682509756043,0.20976091592004714,Minor,11,79,112
10,29,15.628158138699245,32.75245906664452,1357,0.45248011112325504,7.317668732965867,0.3514408995525777,Moderate,31,28,121
11,0,15.635344628099173,32.53612981468889,936,0.4283999721674726,7.098566521087868,0.36224277454657894,Moderate,23,23,92
11,1,15.635344628099173,32.54358944406667,1081,0.4649612214051599,7.137915177013614,0.35756737001645755,Moderate,14,24,66
11,2,15.635344628099173,32.55104907344445,1991,0.42197570267326245,7.179783690151535,0.31432901511211236,Moderate,21,60,123
11,3,15.635344628099173,32.55850870282223,3288,0.34372179506285233,7.224515349890891,0.2638280462529073,Minor,38,165,279
11,4,15.635344628099173,32.565968332200015,1853,0.4581364995937107,7.27252832847838,0.2312178071350905,Minor,11,30,63
11,5,15.635344628099173,32.57342796157779,3160,0.44197461164399476,7.324339017835854,0.3556781416179832,Moderate,85,211,466
11,6,15.635344628099173,32.58088759095557,2156,0.5339310685179541,7.380595146506025,0.4228849564473169,Moderate,46,55,193
11,7,15.635344628099173,32.588347220333354,3417,0.5001413756522638,7.442123989175103,0.4259547417296364,Moderate,54,185,347
11,8,15.635344628099173,32.59580684971113,3975,0.6014756630473252,7.510004630224298,0.38795647090244023,Moderate,94,289,571
11,9,15.635344628099173,32.603266479088916,5267,0.5121093613705534,7.585680002029944,0.443669130834306,Moderate,162,355,841
11,10,15.635344628099173,32.61072610846669,3570,0.6123528652890246,7.671137516260071,0.42866131011337766,Moderate,45,226,361
11,11,15.635344628099173,32.61818573784447,5593,0.6071139385314426,7.769213726461839,0.5762261502584846,Severe,59,534,711
11,12,15.635344628099173,32.625645367222255,3762,0.6903132906658829,7.884135008533971,0.5584506318673851,Severe,51,255,408
11,13,15.635344628099173,32.63310499660003,6167,0.5895233360391069,8.02252832847838,0.4918559532542845,Moderate,236,255,963
11,14,15.635344628099173,32.64056462597782,7957,0.6218482660722218,8.195365019512085,0.4971057486114854,Moderate,268,416,1220
11,15,15.635344628099173,32.648024255355594,6592,0.510708432987304,8.421137516260071,0.3396296463007483,Moderate,157,346,817
11,16,15.635344628099173,32.65548388473337,6909,0.5468115343190998,8.7195925227641,0.4487170657558292,Moderate,103,540,849
11,17,15.635344628099173,32.662943514111156,5619,0.5228303965782354,8.945365019512085,0.4172971617358755,Moderate,111,211,544
11,18,15.635344628099173,32.67040314348893,4157,0.6584638764473348,8.7195925227641,0.6034009408634784,Severe,196,206,794
11,19,15.635344628099173,32.67786277286672,5505,0.6622192410885391,8.421137516260071,0.5896539286460286,Severe,103,536,845
11,20,15.635344628099173,32.685322402244495,4714,0.618584383387711,8.195365019512085,0.6057361633670283,Severe,190,346,916
11,21,15.635344628099173,32.69278203162228,3547,0.6269956462405704,8.02252832847838,0.4665038005727102,Moderate,110,131,461
11,22,15.635344628099173,32.70024166100006,4343,0.43201439697074706,7.884135008533971,0.2910213497855942,Minor,88,139,403
11,23,15.635344628099173,32.707701290377834,4416,0.31952613592246343,7.769213726461839,0.2799365275129463,Minor,98,233,527
11,24,15.635344628099173,32.71516091975562,3127,0.4955600182833422,7.671137516260071,0.3997890746146243,Moderate,88,113,377
11,25,15.635344628099173,32.722620549133396,2063,0.46963204926003455,7.585680002029944,0.45946035317932005,Moderate,11,135,168
11,26,15.635344628099173,32.73008017851118,1089,0.670048738124129,7.510004630224298,0.45523655700225674,Moderate,31,55,148
11,27,15.635344628099173,32.73753980788896,970,0.42503354137608973,7.442123989175103,0.2918886997170311,Minor,18,33,87
11,28,15.635344628099173,32.744999437266735,913,0.4685021291906556,7.380595146506025,0.4164854923082817,Moderate,18,37,91
11,29,15.635344628099173,32.75245906664452,2783,0.4053997899470861,7.324339017835854,0.32615721105289924,Moderate,72,49,265
12,0,15.642531117499102,32.53612981468889,2065,0.4550103428567921,7.099691637444675,0.4456001599070777,Moderate,24,47,119
12,1,15.642531117499102,32.54358944406667,2586,0.4002626370448925,7.139185045528198,0.31643128782830565,Moderate,19,45,102
12,2,15.642531117499102,32.55104907344445,1220,0.6378738432778994,7.181228130928563,0.40547250912242705,Moderate,12,77,113
12,3,15.642531117499102,32.55850870282223,528,0.5065221609653847,7.226172965994728,0.49955076361931583,Moderate,15,24,69
12,4,15.642531117499102,32.565968332200015,1667,0.3618328666776243,7.2744499910518305,0.29572018603410966,Minor,23,35,104
12,5,15.642531117499102,32.57342796157779,1432,0.4691900120035802,7.326593150440648,0.3211221609552739,Moderate,5,87,102
12,6,15.642531117499102,32.58088759095557,2220,0.5332204112897919,7.383275991774748,0.42284416453086243,Moderate,56,182,350
12,7,15.642531117499102,32.588347220333354,3313,0.48549639144097834,7.445365019512085,0.3725172155020989,Moderate,36,194,302
12,8,15.642531117499102,32.59580684971113,3958,0.8433964512945797,7.514001255353098,0.5975790744762594,Severe,176,309,837
12,9,15.642531117499102,32.603266479088916,4959,0.6027578945165968,7.590730039024169,0.5231109278730505,Severe,172,147,663
12,10,15.642531117499102,32.61072610846669,5187,0.701677597432339,7.6777179594907,0.5592725746294466,Severe,51,242,395
12,11,15.642531117499102,32.61818573784447,8040,0.6857991911148041,7.778138143936619,0.5562069543160094,Severe,247,448,1189
12,12,15.642531117499102,32.625645367222255,5847,0.5404082384249341,7.896910013008057,0.3925140369400184,Moderate,130,291,681
12,13,15.642531117499102,32.63310499660003,6070,0.6110871574626944,8.042275032520141,0.45796526446254987,Moderate,29,542,629
12,14,15.642531117499102,32.64056462597782,6558,0.5158333810786453,8.229683137432591,0.45822642841679684,Moderate,67,554,755
12,15,15.642531117499102,32.648024255355594,8050,0.5745260222547416,8.493820026016113,0.5050031375597793,Severe,261,259,1042
12,16,15.642531117499102,32.65548388473337,7796,0.5075793436088214,8.945365019512085,0.41698133213211463,Moderate,94,401,683
12,17,15.642531117499102,32.662943514111156,7534,0.5419849478665185,10.3,0.5469867578377836,Severe,69,613,820
12,18,15.642531117499102,32.67040314348893,5644,0.5415079896238216,8.945365019512085,0.43687376596495237,Moderate,35,213,318
12,19,15.642531117499102,32.67786277286672,5851,0.5861321088910798,8.493820026016113,0.5136196549671286,Severe,83,392,641
12,20,15.642531117499102,32.685322402244495,5101,0.662209298453406,8.229683137432591,0.5618754727290955,Severe,90,162,432
12,21,15.642531117499102,32.69278203162228,4107,0.6750140086117375,8.042275032520141,0.49823607758972627,Moderate,163,110,599
12,22,15.642531117499102,32.70024166100006,5150,0.4568238668943775,7.896910013008057,0.3415962367650033,Moderate,64,278,470
12,23,15.642531117499102,32.707701290377834,4937,0.6075709300872723,7.778138143936619,0.46460065840848375,Moderate,66,277,475
12,24,15.642531117499102,32.71516091975562,316,0.5235567645949201,7.6777179594907,0.45283939350068525,Moderate,9,28,55
12,25,15.642531117499102,32.722620549133396,1699,0.5050544751391803,7.590730039024169,0.4589200941101354,Moderate,33,52,151
12,26,15.642531117499102,32.73008017851118,746,0.5840482268436469,7.514001255353098,0.5030253255925048,Severe,19,55,112
12,27,15.642531117499102,32.73753980788896,1638,0.5948093414005966,7.445365019512085,0.48947429774021406,Moderate,61,135,318
12,28,15.642531117499102,32.744999437266735,1841,0.36885680263127696,7.383275991774748,0.2758901875627713,Minor,10,75,105
12,29,15.642531117499102,32.75245906664452,3227,0.494692669951856,7.326593150440648,0.28583129732563894,Minor,70,61,271
13,0,15.64971760689903,32.53612981468889,2172,0.4755111984966423,7.098566521087868,0.4029497960260905,Moderate,33,54,153
13,1,15.64971760689903,32.54358944406667,3320,0.3980748335016033,7.137915177013614,0.25875716736439885,Minor,48,66,210
13,2,15.64971760689903,32.55104907344445,1793,0.38682970733770455,7.179783690151535,0.2855214711519076,Minor,31,101,194
13,3,15.64971760689903,32.55850870282223,1415,0.44832625104264234,7.224515349890891,0.30143985787370775,Moderate,4,25,37
13,4,15.64971760689903,32.565968332200015,1527,0.4336981382738209,7.27252832847838,0.34170180931358585,Moderate,15,73,118
13,5,15.64971760689903,32.57342796157779,2382,0.29067585406977947,7.324339017835854,0.23710663436341278,Minor,25,63,138
13,6,15.64971760689903,32.58088759095557,3185,0.44486778210213707,7.380595146506025,0.25442863253697534,Minor,45,105,240
13,7,15.64971760689903,32.588347220333354,3745,0.7116357127364042,7.442123989175103,0.5509865951997962,Severe,107,345,666
13,8,15.64971760689903,32.59580684971113,4049,0.4056631006118063,7.510004630224298,0.33236763216676973,Moderate,34,237,339
13,9,15.64971760689903,32.603266479088916,4514,0.7085570935993307,7.585680002029944,0.491512793350529,Moderate,72,129,345
13,10,15.64971760689903,32.61072610846669,4899,0.502376698336931,7.671137516260071,0.3644819352012406,Moderate,95,298,583
13,11,15.64971760689903,32.61818573784447,6882,0.6725021270463617,7.769213726461839,0.505805069248611,Severe,130,368,758
13,12,15.64971760689903,32.625645367222255,7789,0.6136512432066161,7.884135008533971,0.48481115639543504,Moderate,94,257,539
13,13,15.64971760689903,32.63310499660003,6525,0.6326857163045804,8.02252832847838,0.5788010950027597,Severe,111,269,602
13,14,15.64971760689903,32.64056462597782,9701,0.6313661383579284,8.195365019512085,0.498405914769035,Moderate,347,906,1947
13,15,15.64971760689903,32.648024255355594,8284,0.6154071568542413,8.421137516260071,0.512161575647525,Severe,179,321,858
13,16,15.64971760689903,32.65548388473337,7342,0.6701153736712412,8.7195925227641,0.45020052980112746,Moderate,58,498,672
13,17,15.64971760689903,32.662943514111156,8603,0.6750946566493177,8.945365019512085,0.6383760865719116,Severe,146,832,1270
13,18,15.64971760689903,32.67040314348893,6426,0.5202441532245117,8.7195925227641,0.4587409332730016,Moderate,43,559,688
13,19,15.64971760689903,32.67786277286672,6019,0.4578003626527398,8.421137516260071,0.315538668454542,Moderate,72,126,342
13,20,15.64971760689903,32.685322402244495,5104,0.6544574113609055,8.195365019512085,0.4797613832720836,Moderate,47,252,393
13,21,15.64971760689903,32.69278203162228,4954,0.6576621500405789,8.02252832847838,0.6477059366447294,Severe,55,496,661
13,22,15.64971760689903,32.70024166100006,5761,0.4862080896934374,7.884135008533971,0.46247008801925993,Moderate,67,457,658
13,23,15.64971760689903,32.707701290377834,4070,0.5924320972859163,7.769213726461839,0.48567727596202653,Moderate,125,391,766
13,24,15.64971760689903,32.71516091975562,3306,0.5201864831536743,7.671137516260071,0.29235339851487985,Minor,17,172,223
13,25,15.64971760689903,32.722620549133396,3207,0.35569766014003024,7.585680002029944,0.29607427035652517,Minor,18,54,108
13,26,15.64971760689903,32.73008017851118,3350,0.5926890069434798,7.510004630224298,0.41701233610247107,Moderate,67,84,285
13,27,15.64971760689903,32.73753980788896,1059,0.4585195589494446,7.442123989175103,0.44102357309548457,Moderate,36,23,131
13,28,15.64971760689903,32.744999437266735,1794,0.24197485913980687,7.380595146506025,0.12826467873920344,Minor,3,31,40
13,29,15.64971760689903,32.75245906664452,955,0.445543432169379,7.324339017835854,0.2945628594304851,Minor,7,39,60
14,0,15.656904096298957,32.53612981468889,1940,0.4488177889060213,7.095214304246503,0.3473880265394449,Moderate,45,99,234
14,1,15.656904096298957,32.54358944406667,2770,0.4373036232842253,7.134135008533972,0.3325987159496804,Moderate,60,111,291
14,2,15.656904096298957,32.55104907344445,2039,0.3189891153307162,7.17548840775717,0.2138880109345166,Minor,20,67,127
14,3,15.656904096298957,32.55850870282223,3171,0.5056307489541217,7.219592522764099,0.2585295304589142,Minor,44,162,294
14,4,15.656904096298957,32.565968332200015,1897,0.26594940586629345,7.266830442165489,0.186076116134164,Minor,19,39,96
14,5,15.656904096298957,32.57342796157779,2749,0.5820346745438271,7.317668732965867,0.4631916487858933,Moderate,89,110,377
14,6,15.656904096298957,32.58088759095557,2855,0.4767026708524311,7.372682509756043,0.45872395278077427,Moderate,102,79,385
14,7,15.656904096298957,32.588347220333354,2931,0.5785891420758356,7.432590015038,0.46646534426652053,Moderate,14,130,172
14,8,15.656904096298957,32.59580684971113,4467,0.512650961616789,7.498300825226366,0.41456899990432916,Moderate,110,251,581
14,9,15.656904096298957,32.603266479088916,4154,0.5987130039136834,7.570983334982408,0.4442109592866939,Moderate,54,321,483
14,10,15.656904096298957,32.61072610846669,5288,0.5128491629830605,7.652158117311494,0.3896686753970415,Moderate,155,321,786
14,11,15.656904096298957,32.61818573784447,7139,0.5011513648648732,7.743820026016113,0.412810057607479,Moderate,64,451,643
14,12,15.656904096298957,32.625645367222255,6770,0.6298240977133059,7.848566521087868,0.5772409768143814,Severe,288,295,1159
14,13,15.656904096298957,32.63310499660003,8686,0.5971122914035527,7.969592522764099,0.42616828215836877,Moderate,208,416,1040
14,14,15.656904096298957,32.64056462597782,10321,0.552930949491597,8.109907505281958,0.42058979246427497,Moderate,172,255,771
14,15,15.656904096298957,32.648024255355594,11407,0.7094156753320968,8.268047529268127,0.5923578277400219,Severe,505,407,1922
14,16,15.656904096298957,32.65548388473337,10071,0.5701827743430421,8.421137516260071,0.5589303444385556,Severe,198,821,1415
14,17,15.656904096298957,32.662943514111156,9122,0.5648327046660675,8.493820026016113,0.4797763530438121,Moderate,186,850,1408
14,18,15.656904096298957,32.67040314348893,7362,0.7079573992628088,8.421137516260071,0.6902643780456695,Severe,114,279,621
14,19,15.656904096298957,32.67786277286672,7606,0.6224447899853189,8.268047529268127,0.5004226141457446,Severe,224,592,1264
14,20,15.656904096298957,32.685322402244495,5865,0.5507505717226466,8.109907505281958,0.4996063779462479,Moderate,62,545,731
14,21,15.656904096298957,32.69278203162228,4523,0.6549764952630228,7.969592522764099,0.4584973817642341,Moderate,132,172,568
14,22,15.656904096298957,32.70024166100006,4355,0.42950178254531235,7.848566521087868,0.40092399869394846,Moderate,94,152,434
14,23,15.656904096298957,32.707701290377834,3471,0.6800773732608679,7.743820026016113,0.38738381986040793,Moderate,77,236,467
14,24,15.656904096298957,32.71516091975562,2922,0.33232554460580754,7.652158117311494,0.29240517352130363,Minor,32,134,230
14,25,15.656904096298957,32.722620549133396,2597,0.41529572844459905,7.570983334982408,0.28784855141540344,Minor,38,127,241
14,26,15.656904096298957,32.73008017851118,1922,0.6201738073654326,7.498300825226366,0.473642283207627,Moderate,9,101,128
14,27,15.656904096298957,32.73753980788896,433,0.40809817158172834,7.432590015038,0.31029970087138675,Moderate,6,16,34
14,28,15.656904096298957,32.744999437266735,1974,0.2354663597604795,7.372682509756043,0.19888936102427884,Minor,19,59,116
14,29,15.656904096298957,32.75245906664452,1291,0.39928412299704596,7.317668732965867,0.38320423894362216,Moderate,21,45,108
15,0,15.664090585698885,32.53612981468889,2395,0.3583315241788421,7.089702821454894,0.2846030153241071,Minor,28,80,164
15,1,15.664090585698885,32.54358944406667,2804,0.37577297349455563,7.12793061405948,0.2209221854744269,Minor,36,31,139
15,2,15.664090585698885,32.55104907344445,3231,0.3487080911791186,7.168453126454478,0.206013496392738,Minor,43,41,170
15,3,15.664090585698885,32.55850870282223,923,0.4921403365265652,7.21154962372027,0.3135184634254533,Moderate,18,30,84
15,4,15.664090585698885,32.565968332200015,1739,0.5569845089985919,7.257550017780415,0.444977319130568,Moderate,22,75,141
15,5,15.664090585698885,32.57342796157779,3259,0.5746398053075201,7.306846446398886,0.42847148659820017,Moderate,66,261,459
15,6,15.664090585698885,32.58088759095557,4664,0.5483597488229894,7.359907505281958,0.5013889745954528,Severe,61,226,409
15,7,15.664090585698885,32.588347220333354,3121,0.4122740542677521,7.417295146056618,0.32828694405788866,Moderate,37,162,273
15,8,15.664090585698885,32.59580684971113,3543,0.478607543901453,7.479683137432591,0.37955593622665235,Moderate,101,201,504
15,9,15.664090585698885,32.603266479088916,5016,0.551808951683437,7.547872874421744,0.4250040960170233,Moderate,49,281,428
15,10,15.664090585698885,32.61072610846669,6841,0.6063953309341447,7.622794024339882,0.4186540475214066,Moderate,161,389,872
15,11,15.664090585698885,32.61818573784447,6924,0.5551623168060685,7.705455634180577,0.42011406652064187,Moderate,133,221,620
15,12,15.664090585698885,32.625645367222255,8702,0.688766992837649,7.796755831730394,0.5031711267767951,Severe,76,839,1067
15,13,15.664090585698885,32.63310499660003,8976,0.608480781124149,7.896910013008057,0.5340219826180355,Severe,104,339,651
15,14,15.664090585698885,32.64056462597782,11419,0.6291979336911756,8.003910640684605,0.4710244621043689,Moderate,202,558,1164
15,15,15.664090585698885,32.648024255355594,12247,0.741815805085823,8.109907505281958,0.6381212472292181,Severe,544,396,2028
15,16,15.664090585698885,32.65548388473337,11351,0.6080793728554414,8.195365019512085,0.5328932691375271,Severe,285,318,1173
15,17,15.664090585698885,32.662943514111156,9121,0.95,8.229683137432591,0.8194730528518116,Collapsed,467,617,2018
15,18,15.664090585698885,32.67040314348893,9094,0.6147992913256797,8.195365019512085,0.4159904079240746,Moderate,82,504,750
15,19,15.664090585698885,32.67786277286672,8251,0.6965350185128993,8.109907505281958,0.577382447816828,Severe,197,329,920
15,20,15.664090585698885,32.685322402244495,4028,0.7126717882817403,8.003910640684605,0.5905903206854656,Severe,63,284,473
15,21,15.664090585698885,32.69278203162228,4747,0.596428473142541,7.896910013008057,0.4143039117572135,Moderate,85,373,628
15,22,15.664090585698885,32.70024166100006,3525,0.7018702576442836,7.796755831730394,0.576743446703565,Severe,42,152,278
15,23,15.664090585698885,32.707701290377834,3078,0.6946359711082395,7.705455634180577,0.5012265840989935,Severe,18,249,303
15,24,15.664090585698885,32.71516091975562,4178,0.37838803758414613,7.622794024339882,0.23337861319101522,Minor,12,141,177
15,25,15.664090585698885,32.722620549133396,3233,0.6259318137677741,7.547872874421744,0.42406779756046364,Moderate,62,109,295
15,26,15.664090585698885,32.73008017851118,2457,0.5399593195517379,7.479683137432591,0.4788006243238467,Moderate,74,119,341
15,27,15.664090585698885,32.73753980788896,1264,0.5538437020089919,7.417295146056618,0.47199377343636195,Moderate,14,34,76
15,28,15.664090585698885,32.744999437266735,2345,0.582729539845844,7.359907505281958,0.489843182991626,Moderate,39,181,298
15,29,15.664090585698885,32.75245906664452,2681,0.48919651774185663,7.306846446398886,0.41469576007219655,Moderate,31,134,227
16,0,15.671277075098814,32.53612981468889,1845,0.4496122481093292,7.0821401400019965,0.3343831551563273,Moderate,43,70,199
16,1,15.671277075098814,32.54358944406667,2283,0.3522464564576686,7.119438341486436,0.26219739407445225,Minor,23,51,120
16,2,15.671277075098814,32.55104907344445,2428,0.4846686153965023,7.158852237580934,0.2983668569880874,Minor,53,105,264
16,3,15.671277075098814,32.55850870282223,1604,0.5539130031908899,7.200613123815522,0.38125676546048987,Moderate,36,121,229
16,4,15.671277075098814,32.565968332200015,2957,0.40130811161875835,7.244986223209825,0.2629986976434718,Minor,46,114,252
16,5,15.671277075098814,32.57342796157779,3089,0.5020369831238967,7.292275032520141,0.30822754302005145,Moderate,34,133,235
16,6,15.671277075098814,32.58088759095557,2357,0.466402811536035,7.34282459414478,0.3663693107265851,Moderate,41,69,192
16,7,15.671277075098814,32.588347220333354,3062,0.4698971958299676,7.397021527591896,0.30543395360121794,Moderate,53,118,277
16,8,15.671277075098814,32.59580684971113,3502,0.6839196179519879,7.455286218812402,0.4929902768886341,Moderate,53,333,492
16,9,15.671277075098814,32.603266479088916,3697,0.6678368293986459,7.518047529268127,0.35597159431486913,Moderate,17,107,158
16,10,15.671277075098814,32.61072610846669,5472,0.6708051599975311,7.585680002029944,0.5370092216181261,Severe,136,537,945
16,11,15.671277075098814,32.61818573784447,7036,0.5533735276707605,7.658362511785986,0.34426374483785344,Moderate,54,182,344
16,12,15.671277075098814,32.625645367222255,8312,0.5745393607729269,7.735777126972284,0.5136251293432591,Severe,224,827,1499
16,13,15.671277075098814,32.63310499660003,8245,0.4380398186780122,7.816502535772155,0.4030753515174291,Moderate,128,361,745
16,14,15.671277075098814,32.64056462597782,9493,0.5103321381839263,7.896910013008057,0.3449006966041742,Moderate,200,267,867
16,15,15.671277075098814,32.648024255355594,11394,0.7143295402155204,7.969592522764099,0.5439270605389569,Severe,388,416,1580
16,16,15.671277075098814,32.65548388473337,9110,0.5498612642607732,8.02252832847838,0.47132778582762835,Moderate,51,466,619
16,17,15.671277075098814,32.662943514111156,8608,0.48434012841001717,8.042275032520141,0.34933564308159126,Moderate,184,495,1047
16,18,15.671277075098814,32.67040314348893,7543,0.5969379362028523,8.02252832847838,0.4570848843293607,Moderate,198,349,943
16,19,15.671277075098814,32.67786277286672,6115,0.5852227947914623,7.969592522764099,0.38044979472329565,Moderate,178,255,789
16,20,15.671277075098814,32.685322402244495,5692,0.6475903453437749,7.896910013008057,0.4451969588946018,Moderate,82,419,665
16,21,15.671277075098814,32.69278203162228,5362,0.5918849725589703,7.816502535772155,0.49779194129797527,Moderate,38,365,479
16,22,15.671277075098814,32.70024166100006,5844,0.3348821226722149,7.735777126972284,0.3485420204164086,Moderate,29,146,233
16,23,15.671277075098814,32.707701290377834,4031,0.2800107062185818,7.658362511785986,0.14097236128733656,Minor,30,68,158
16,24,15.671277075098814,32.71516091975562,3623,0.5454141808612716,7.585680002029944,0.37776556983682147,Moderate,78,88,322
16,25,15.671277075098814,32.722620549133396,1894,0.5057598949682026,7.518047529268127,0.35880445063108957,Moderate,50,119,269
16,26,15.671277075098814,32.73008017851118,3214,0.4557044933649356,7.455286218812402,0.34595748470189364,Moderate,67,109,310
16,27,15.671277075098814,32.73753980788896,1691,0.6434971315889566,7.397021527591896,0.43513658925110144,Moderate,52,115,271
16,28,15.671277075098814,32.744999437266735,1634,0.5154570597311723,7.34282459414478,0.3872695961826301,Moderate,37,117,228
16,29,15.671277075098814,32.75245906664452,947,0.35277010055079716,7.292275032520141,0.2027151229858852,Minor,8,37,61
17,0,15.678463564498742,32.53612981468889,1135,0.30572325590449045,7.072667783457174,0.1914655923107447,Minor,8,25,49
17,1,15.678463564498742,32.54358944406667,2571,0.5169207490284426,7.108835279583275,0.38279490668860966,Moderate,50,117,267
17,2,15.678463564498742,32.55104907344445,1295,0.26748565777551925,7.146910013008057,0.2237545213901208,Minor,19,23,80
17,3,15.678463564498742,32.55850870282223,3563,0.2380879875375724,7.187070814248252,0.19832588925253558,Minor,9,108,135
17,4,15.678463564498742,32.565968332200015,3934,0.2556491895905047,7.229513722064416,0.15092419285946956,Minor,18,73,127
17,5,15.678463564498742,32.57342796157779,3826,0.44477782213597233,7.2744499910518305,0.3374427849738584,Moderate,51,201,354
17,6,15.678463564498742,32.58088759095557,4135,0.5583484932517343,7.322100377673758,0.4413644127782247,Moderate,144,111,543
17,7,15.678463564498742,32.588347220333354,2941,0.6372257497091094,7.372682509756043,0.46610745487173155,Moderate,68,91,295
17,8,15.678463564498742,32.59580684971113,3255,0.557043998903265,7.426385620563508,0.4267208198658929,Moderate,78,173,407
17,9,15.678463564498742,32.603266479088916,5359,0.6081051811264938,7.483322514528401,0.4976656897045658,Moderate,92,137,413
17,10,15.678463564498742,32.61072610846669,5033,0.6490263846025977,7.543441229713853,0.4915914093271071,Moderate,128,126,510
17,11,15.678463564498742,32.61818573784447,6332,0.4239011770592786,7.606367643254011,0.2588337124521315,Minor,106,96,414
17,12,15.678463564498742,32.625645367222255,6567,0.6899670689075137,7.671137516260071,0.4060025691813218,Moderate,72,525,741
17,13,15.678463564498742,32.63310499660003,8108,0.7556352312202189,7.735777126972284,0.6016393461152707,Severe,252,367,1123
17,14,15.678463564498742,32.64056462597782,8232,0.5935781139831056,7.796755831730394,0.5123099033202416,Severe,167,364,865
17,15,15.678463564498742,32.648024255355594,8750,0.564749996999239,7.848566521087868,0.5259627442069206,Severe,85,293,548
17,16,15.678463564498742,32.65548388473337,8321,0.6385793633910365,7.884135008533971,0.4628734193420213,Moderate,291,589,1462
17,17,15.678463564498742,32.662943514111156,7852,0.4485567863491081,7.896910013008057,0.2608700882477532,Minor,157,289,760
17,18,15.678463564498742,32.67040314348893,9026,0.6337969069239812,7.884135008533971,0.5065982930589409,Severe,194,773,1355
17,19,15.678463564498742,32.67786277286672,6286,0.4859071532465539,7.848566521087868,0.4650781378239228,Moderate,114,533,875
17,20,15.678463564498742,32.685322402244495,5921,0.5780181186156935,7.796755831730394,0.49214886237913635,Moderate,179,396,933
17,21,15.678463564498742,32.69278203162228,4606,0.722539330426293,7.735777126972284,0.5269899236824803,Severe,187,139,700
17,22,15.678463564498742,32.70024166100006,4444,0.4541228916316617,7.671137516260071,0.38826232565809915,Moderate,107,307,628
17,23,15.678463564498742,32.707701290377834,4783,0.4710408219904487,7.606367643254011,0.3644524097566468,Moderate,54,234,396
17,24,15.678463564498742,32.71516091975562,3743,0.6464278734825394,7.543441229713853,0.4041838142394325,Moderate,56,155,323
17,25,15.678463564498742,32.722620549133396,2695,0.3223413535549874,7.483322514528401,0.19495533127223214,Minor,8,102,126
17,26,15.678463564498742,32.73008017851118,1786,0.5369752837954384,7.426385620563508,0.4330421747269002,Moderate,46,64,202
17,27,15.678463564498742,32.73753980788896,1464,0.2704125259948777,7.372682509756043,0.18111889773247664,Minor,3,29,38
17,28,15.678463564498742,32.744999437266735,2098,0.38583740084228707,7.322100377673758,0.36210458978914234,Moderate,23,71,140
17,29,15.678463564498742,32.75245906664452,2345,0.22998960974088983,7.2744499910518305,0.18837245512394715,Minor,24,60,132
18,0,15.68565005389867,32.53612981468889,1472,0.4777948038753418,7.06145249877793,0.30371367547586947,Moderate,9,55,82
18,1,15.68565005389867,32.54358944406667,2612,0.4900025981633243,7.096327880925772,0.3607480593610239,Moderate,11,88,121
18,2,15.68565005389867,32.55104907344445,2388,0.46332042402029483,7.132884639008375,0.3298689318696202,Moderate,50,96,246
18,3,15.68565005389867,32.55850870282223,410,0.457858821570728,7.17124903084391,0.36111924681209956,Moderate,9,16,43
18,4,15.68565005389867,32.565968332200015,2291,0.2690331750832913,7.21154962372027,0.14475648474744165,Minor,19,52,109
18,5,15.68565005389867,32.57342796157779,2228,0.40164664418677676,7.253910640684605,0.23581166608611165,Minor,13,70,109
18,6,15.68565005389867,32.58088759095557,4059,0.45810010446987903,7.29844028020516,0.32618192141930624,Moderate,28,71,155
18,7,15.68565005389867,32.588347220333354,2973,0.6217595406517894,7.345210838234422,0.4620390210313134,Moderate,36,91,199
18,8,15.68565005389867,32.59580684971113,3465,0.5198155435870961,7.394225623202464,0.3439543628466504,Moderate,62,236,422
18,9,15.68565005389867,32.603266479088916,3666,0.4432493934149758,7.445365019512085,0.33586020213645634,Moderate,72,194,410
18,10,15.68565005389867,32.61072610846669,4739,0.5166235560335046,7.498300825226366,0.404959118149258,Moderate,54,164,326
18,11,15.68565005389867,32.61818573784447,7324,0.6426111533049133,7.552365647188634,0.5269497771808415,Severe,211,522,1155
18,12,15.68565005389867,32.625645367222255,5325,0.6697388426175424,7.606367643254011,0.5214210563103133,Severe,33,333,432
18,13,15.68565005389867,32.63310499660003,6413,0.6529036635799886,7.658362511785986,0.49760141037654565,Moderate,205,570,1185
18,14,15.68565005389867,32.64056462597782,7430,0.6565377406040425,7.705455634180577,0.47669481636858513,Moderate,237,507,1218
18,15,15.68565005389867,32.648024255355594,7932,0.6769257949719297,7.743820026016113,0.5055481485222683,Severe,268,593,1397
18,16,15.68565005389867,32.65548388473337,6554,0.7004857738256025,7.769213726461839,0.49349769687087497,Moderate,67,339,540
18,17,15.68565005389867,32.662943514111156,6350,0.4382787415323691,7.778138143936619,0.35095921152539394,Moderate,150,230,680
18,18,15.68565005389867,32.67040314348893,6830,0.6545725736348462,7.769213726461839,0.5427997822213123,Severe,252,739,1495
18,19,15.68565005389867,32.67786277286672,4408,0.6537729927616844,7.743820026016113,0.5014550004509127,Severe,61,178,361
18,20,15.68565005389867,32.685322402244495,3994,0.4933613504816058,7.705455634180577,0.3933025498398575,Moderate,93,184,463
18,21,15.68565005389867,32.69278203162228,5236,0.3164941214096261,7.658362511785986,0.20991269603782467,Minor,61,147,330
18,22,15.68565005389867,32.70024166100006,3382,0.6117996907441605,7.606367643254011,0.48592492184260294,Moderate,116,282,630
18,23,15.68565005389867,32.707701290377834,2392,0.5248778086223683,7.552365647188634,0.3897316586101606,Moderate,66,123,321
18,24,15.68565005389867,32.71516091975562,2089,0.3623681440737507,7.498300825226366,0.23226828045855455,Minor,29,78,165
18,25,15.68565005389867,32.722620549133396,3276,0.5021157401169395,7.445365019512085,0.32946773529420065,Moderate,35,166,271
18,26,15.68565005389867,32.73008017851118,1674,0.27433740698847575,7.394225623202464,0.16381844295090164,Minor,18,27,81
18,27,15.68565005389867,32.73753980788896,1368,0.6945176711340592,7.345210838234422,0.5334731410692213,Severe,57,98,269
18,28,15.68565005389867,32.744999437266735,1413,0.4625175666887137,7.29844028020516,0.3278630246041312,Moderate,14,74,116
18,29,15.68565005389867,32.75245906664452,1445,0.4017068514836363,7.253910640684605,0.35907039611537883,Moderate,7,42,63
19,0,15.692836543298599,32.53612981468889,937,0.45207220439797163,7.048677494303845,0.3149864516993702,Moderate,4,15,27
19,1,15.692836543298599,32.54358944406667,2189,0.6793823678519277,7.0821401400019965,0.4654315893055586,Moderate,38,129,243
19,2,15.692836543298599,32.55104907344445,868,0.4131360085204896,7.117052097396794,0.38147887528299274,Moderate,10,31,61
19,3,15.692836543298599,32.55850870282223,200,0.602076669909133,7.153490456238686,0.3924968385017319,Moderate,1,5,8
19,4,15.692836543298599,32.565968332200015,2670,0.5477848020730305,7.191522649308632,0.3944157849334755,Moderate,47,194,335
19,5,15.692836543298599,32.57342796157779,2675,0.5254210316924367,7.231197037756255,0.24718115241233873,Minor,38,84,198
19,6,15.692836543298599,32.58088759095557,2589,0.4700387905625422,7.27252832847838,0.37136767465497394,Moderate,70,185,395
19,7,15.692836543298599,32.588347220333354,3928,0.4495655267405905,7.31547531820288,0.39865048482925824,Moderate,66,274,472
19,8,15.692836543298599,32.59580684971113,4437,0.5941668717943329,7.359907505281958,0.43869001208841385,Moderate,66,251,449
19,9,15.692836543298599,32.603266479088916,5165,0.5357333790748118,7.4055561868995206,0.38083667879364463,Moderate,85,142,397
19,10,15.692836543298599,32.61072610846669,5184,0.6003890019574722,7.451945462742714,0.4267548723210323,Moderate,170,177,687
19,11,15.692836543298599,32.61818573784447,5775,0.3734742680120403,7.498300825226366,0.3054768080408758,Moderate,32,160,256
19,12,15.692836543298599,32.625645367222255,5418,0.6619718572217435,7.543441229713853,0.5680445250786527,Severe,198,578,1172
19,13,15.692836543298599,32.63310499660003,5630,0.6805228708153471,7.585680002029944,0.43894876324351917,Moderate,196,380,968
19,14,15.692836543298599,32.64056462597782,5385,0.6740453312321171,7.622794024339882,0.5926945878767984,Severe,227,624,1305
19,15,15.692836543298599,32.648024255355594,6453,0.5835243926751599,7.652158117311494,0.4559841443871678,Moderate,99,359,656
19,16,15.692836543298599,32.65548388473337,6885,0.6020880097208736,7.671137516260071,0.4795592214647829,Moderate,260,279,1059
19,17,15.692836543298599,32.662943514111156,5697,0.5909980088749022,7.6777179594907,0.4384268616279185,Moderate,155,479,944
19,18,15.692836543298599,32.67040314348893,6316,0.5210154024397844,7.671137516260071,0.41145944557313213,Moderate,202,287,893
19,19,15.692836543298599,32.67786277286672,4563,0.6964592818618235,7.652158117311494,0.5343966223262216,Severe,93,394,673
19,20,15.692836543298599,32.685322402244495,4118,0.5774564702986381,7.622794024339882,0.5065075492133279,Severe,109,180,507
19,21,15.692836543298599,32.69278203162228,3446,0.48965080056557364,7.585680002029944,0.42666504952593165,Moderate,81,144,387
19,22,15.692836543298599,32.70024166100006,4061,0.6749366260770332,7.543441229713853,0.5012291372764528,Severe,156,264,732
19,23,15.692836543298599,32.707701290377834,4300,0.361649382621423,7.498300825226366,0.24422484333733233,Minor,14,205,247
19,24,15.692836543298599,32.71516091975562,2425,0.5771436509649458,7.451945462742714,0.48353256384290044,Moderate,48,216,360
19,25,15.692836543298599,32.722620549133396,1625,0.6310680190934461,7.4055561868995206,0.4291561139898439,Moderate,29,84,171
19,26,15.692836543298599,32.73008017851118,1904,0.44921603300276725,7.359907505281958,0.35639330065564906,Moderate,27,120,201
19,27,15.692836543298599,32.73753980788896,2519,0.3481976715840948,7.31547531820288,0.21194402021830722,Minor,24,52,124
19,28,15.692836543298599,32.744999437266735,970,0.44965331408035003,7.27252832847838,0.3130598330834204,Moderate,10,48,78
19,29,15.692836543298599,32.75245906664452,200,0.4241051075910494,7.231197037756255,0.27734488858385936,Minor,1,5,8
20,0,15.700023032698526,32.53612981468889,813,0.3816827209371639,7.0345339904712185,0.21526936443412778,Minor,10,25,55
20,1,15.700023032698526,32.54358944406667,2202,0.41466606322964955,7.066502535772155,0.3240633585969079,Moderate,35,37,142
20,2,15.700023032698526,32.55104907344445,2778,0.4330983992970607,7.099691637444675,0.36486950487199066,Moderate,25,161,236
20,3,15.700023032698526,32.55850870282223,2516,0.3108743076074403,7.134135008533972,0.16396996213628928,Minor,6,77,95
20,4,15.700023032698526,32.565968332200015,1528,0.5949921293715956,7.169848078742572,0.4619883790957297,Moderate,32,58,154
20,5,15.700023032698526,32.57342796157779,2354,0.49886713500626795,7.2068175182900145,0.3496430695776954,Moderate,61,64,247
20,6,15.700023032698526,32.58088759095557,1114,0.5599178810351343,7.244986223209825,0.36302897327128314,Moderate,5,27,42
20,7,15.700023032698526,32.588347220333354,2574,0.6651516981666009,7.284232133476312,0.5345314139194947,Severe,61,165,348
20,8,15.700023032698526,32.59580684971113,3799,0.43687762139244724,7.324339017835854,0.2512811309429284,Minor,28,131,215
20,9,15.700023032698526,32.603266479088916,3536,0.5725948646687765,7.3649575422761835,0.4245538026880522,Moderate,98,215,509
20,10,15.700023032698526,32.61072610846669,4721,0.532306690813115,7.4055561868995206,0.37085525921374407,Moderate,20,150,210
20,11,15.700023032698526,32.61818573784447,3160,0.6969361860981188,7.445365019512085,0.591838715449793,Severe,142,162,588
20,12,15.700023032698526,32.625645367222255,5431,0.5740119078341157,7.483322514528401,0.41347837205496074,Moderate,41,408,531
20,13,15.700023032698526,32.63310499660003,6492,0.602721822350794,7.518047529268127,0.5117768167268678,Severe,228,291,975
20,14,15.700023032698526,32.64056462597782,5719,0.5560480657436355,7.547872874421744,0.5427139956445811,Severe,157,326,797
20,15,15.700023032698526,32.648024255355594,7282,0.590909462283529,7.570983334982408,0.41679062290756275,Moderate,97,205,496
20,16,15.700023032698526,32.65548388473337,5974,0.6356583270152107,7.585680002029944,0.5052911504175326,Severe,140,161,581
20,17,15.700023032698526,32.662943514111156,5158,0.5857614118311982,7.590730039024169,0.42400690062081664,Moderate,62,357,543
20,18,15.700023032698526,32.67040314348893,5076,0.5697432793699477,7.585680002029944,0.37931650474608825,Moderate,78,350,584
20,19,15.700023032698526,32.67786277286672,5203,0.5801424892766018,7.570983334982408,0.4028668210777275,Moderate,157,355,826
20,20,15.700023032698526,32.685322402244495,4255,0.5907706256060975,7.547872874421744,0.5042739458751697,Severe,82,244,490
20,21,15.700023032698526,32.69278203162228,3516,0.5694177132529985,7.518047529268127,0.38942160712132373,Moderate,35,168,273
20,22,15.700023032698526,32.70024166100006,4633,0.411614651575158,7.483322514528401,0.32927494334105123,Moderate,92,155,431
20,23,15.700023032698526,32.707701290377834,1715,0.4708957976210921,7.445365019512085,0.42554975567497527,Moderate,29,61,148
20,24,15.700023032698526,32.71516091975562,2023,0.3599459302255944,7.4055561868995206,0.2219515646406932,Minor,32,76,172
20,25,15.700023032698526,32.722620549133396,2303,0.5776596266886516,7.3649575422761835,0.44294022721013004,Moderate,42,202,328
20,26,15.700023032698526,32.73008017851118,1736,0.5975083384615196,7.324339017835854,0.3907360680090263,Moderate,27,89,170
20,27,15.700023032698526,32.73753980788896,2643,0.6107950429653303,7.284232133476312,0.4048274950217865,Moderate,30,172,262
20,28,15.700023032698526,32.744999437266735,2535,0.47076926589763046,7.244986223209825,0.31998038061314465,Moderate,40,119,239
20,29,15.700023032698526,32.75245906664452,200,0.5111187341722792,7.2068175182900145,0.3463055973474376,Moderate,3,6,15
21,0,15.707209522098454,32.53612981468889,3330,0.5834939419147334,7.019213726461839,0.4302343244460667,Moderate,18,242,296
21,1,15.707209522098454,32.54358944406667,1528,0.2898299268601677,7.049642593858581,0.24947776002581418,Minor,29,43,130
21,2,15.707209522098454,32.55104907344445,200,0.25740672640783546,7.0810739496509,0.21697879592031288,Minor,1,2,5
21,3,15.707209522098454,32.55850870282223,1463,0.41247122538428793,7.113505192713749,0.21288827213512684,Minor,20,37,97
21,4,15.707209522098454,32.565968332200015,1823,0.5081472182986644,7.146910013008057,0.3888298865423852,Moderate,51,69,222
21,5,15.707209522098454,32.57342796157779,1228,0.4797301734381058,7.181228130928563,0.3400851603598389,Moderate,21,70,133
21,6,15.707209522098454,32.58088759095557,1811,0.5528756257287688,7.216351492427117,0.447012711371614,Moderate,52,61,217
21,7,15.707209522098454,32.588347220333354,2964,0.3762336296194654,7.252106088360197,0.3260067577819997,Moderate,74,166,388
21,8,15.707209522098454,32.59580684971113,3632,0.491996393744541,7.288228758605112,0.2510114016239881,Minor,21,100,163
21,9,15.707209522098454,32.603266479088916,3510,0.4249435333301774,7.324339017835854,0.28370125507601157,Minor,71,51,264
21,10,15.707209522098454,32.61072610846669,3295,0.4485571536616974,7.359907505281958,0.27218604555232295,Minor,55,175,340
21,11,15.707209522098454,32.61818573784447,4295,0.6101285193780963,7.394225623202464,0.49363443044367294,Moderate,62,347,533
21,12,15.707209522098454,32.625645367222255,4749,0.6970787676390573,7.426385620563508,0.476635525290963,Moderate,63,264,453
21,13,15.707209522098454,32.63310499660003,4681,0.6603693358423905,7.455286218812402,0.4754900290814015,Moderate,30,277,367
21,14,15.707209522098454,32.64056462597782,5292,0.7499364244023935,7.479683137432591,0.5670182522581002,Severe,37,242,353
21,15,15.707209522098454,32.648024255355594,4541,0.572433583311395,7.498300825226366,0.4580879429219718,Moderate,36,221,329
21,16,15.707209522098454,32.65548388473337,6158,0.6040171992921964,7.510004630224298,0.41101661555127716,Moderate,185,183,738
21,17,15.707209522098454,32.662943514111156,4526,0.4008569304190341,7.514001255353098,0.32736283307766395,Moderate,95,193,478
21,18,15.707209522098454,32.67040314348893,5290,0.5954084723890184,7.510004630224298,0.38317731628311985,Moderate,67,121,322
21,19,15.707209522098454,32.67786277286672,3911,0.5463331704837916,7.498300825226366,0.42771065060591557,Moderate,76,199,427
21,20,15.707209522098454,32.685322402244495,3166,0.40872163691145,7.479683137432591,0.300798564766114,Moderate,70,103,313
21,21,15.707209522098454,32.69278203162228,2896,0.5721893190663321,7.455286218812402,0.3909597938225043,Moderate,53,62,221
21,22,15.707209522098454,32.70024166100006,2038,0.39090790417509536,7.426385620563508,0.19689951874218842,Minor,8,38,62
21,23,15.707209522098454,32.707701290377834,4161,0.5737217105581149,7.394225623202464,0.4659350240119847,Moderate,114,338,680
21,24,15.707209522098454,32.71516091975562,2481,0.5827707764594453,7.359907505281958,0.4923910113071331,Moderate,60,89,269
21,25,15.707209522098454,32.722620549133396,3288,0.555052609933613,7.324339017835854,0.41786023290175056,Moderate,87,258,519
21,26,15.707209522098454,32.73008017851118,2673,0.5983040902285346,7.288228758605112,0.4354581687046047,Moderate,16,67,115
21,27,15.707209522098454,32.73753980788896,1483,0.6003346440783845,7.252106088360197,0.4071818174754423,Moderate,38,38,152
21,28,15.707209522098454,32.744999437266735,1611,0.4324044174632866,7.216351492427117,0.2943932763538073,Minor,34,52,154
21,29,15.707209522098454,32.75245906664452,954,0.5914367499674889,7.181228130928563,0.3536727617101388,Moderate,7,48,69
22,0,15.714396011498383,32.53612981468889,1396,0.3657922803798742,7.002902818517804,0.17092319291548663,Minor,5,45,60
22,1,15.714396011498383,32.54358944406667,2067,0.35798832440566014,7.031777521032429,0.25940660084295614,Minor,18,86,140
22,2,15.714396011498383,32.55104907344445,200,0.3325767189227909,7.06145249877793,0.16959315967685706,Minor,0,2,2
22,3,15.714396011498383,32.55850870282223,1507,0.5586582243656142,7.091896236217881,0.34836477587937115,Moderate,34,60,162
22,4,15.714396011498383,32.565968332200015,2032,0.39062461659397185,7.123050809510279,0.267910327798071,Minor,37,74,185
22,5,15.714396011498383,32.57342796157779,2557,0.4094743530118731,7.154822649758039,0.28379164225795184,Minor,24,38,110
22,6,15.714396011498383,32.58088759095557,1341,0.3193523027363797,7.187070814248252,0.3225452134449815,Moderate,19,58,115
22,7,15.714396011498383,32.588347220333354,547,0.5837543248917509,7.219592522764099,0.5032486610730318,Severe,6,29,47
22,8,15.714396011498383,32.59580684971113,1751,0.4559459841235074,7.252106088360197,0.3770108256413567,Moderate,35,73,178
22,9,15.714396011498383,32.603266479088916,2990,0.4870772429069744,7.284232133476312,0.3481616278351431,Moderate,67,174,375
22,10,15.714396011498383,32.61072610846669,3736,0.4526901306114772,7.31547531820288,0.2961918395955605,Minor,17,118,169
22,11,15.714396011498383,32.61818573784447,3519,0.5131198214600198,7.345210838234422,0.28073120413836417,Minor,23,175,244
22,12,15.714396011498383,32.625645367222255,3729,0.6859425879776171,7.372682509756043,0.5370379293671245,Severe,64,181,373
22,13,15.714396011498383,32.63310499660003,5557,0.6471118608156207,7.397021527591896,0.439190120743792,Moderate,43,136,265
22,14,15.714396011498383,32.64056462597782,3972,0.6062930652115215,7.417295146056618,0.4343726167079886,Moderate,132,323,719
22,15,15.714396011498383,32.648024255355594,4328,0.3473051800414305,7.432590015038,0.23062511317374754,Minor,17,113,164
22,16,15.714396011498383,32.65548388473337,4282,0.40590637542838476,7.442123989175103,0.24549384549293313,Minor,53,175,334
22,17,15.714396011498383,32.662943514111156,5690,0.5820046919146049,7.445365019512085,0.42311754588900796,Moderate,183,219,768
22,18,15.714396011498383,32.67040314348893,3390,0.5409842353157847,7.442123989175103,0.38471908379046965,Moderate,28,103,187
22,19,15.714396011498383,32.67786277286672,3688,0.503855630586482,7.432590015038,0.39356585231630103,Moderate,60,226,406
22,20,15.714396011498383,32.685322402244495,2235,0.6787630865669901,7.417295146056618,0.5344149595380121,Severe,84,153,405
22,21,15.714396011498383,32.69278203162228,2727,0.4065709100973475,7.397021527591896,0.39447353650414,Moderate,27,174,255
22,22,15.714396011498383,32.70024166100006,3441,0.4783171963318621,7.372682509756043,0.3136018338173984,Moderate,28,161,245
22,23,15.714396011498383,32.707701290377834,3056,0.6475338454792927,7.345210838234422,0.4530990010337238,Moderate,54,258,420
22,24,15.714396011498383,32.71516091975562,470,0.4936100572732077,7.31547531820288,0.3413435341691622,Moderate,12,15,51
22,25,15.714396011498383,32.722620549133396,2187,0.5637757557610177,7.284232133476312,0.30327363706387206,Moderate,26,126,204
22,26,15.714396011498383,32.73008017851118,3099,0.3682166318378127,7.252106088360197,0.2627491864235534,Minor,27,91,172
22,27,15.714396011498383,32.73753980788896,1081,0.3248541078747047,7.219592522764099,0.15368820157191337,Minor,5,16,31
22,28,15.714396011498383,32.744999437266735,1223,0.3411869225126567,7.187070814248252,0.2796796695369119,Minor,7,29,50
22,29,15.714396011498383,32.75245906664452,1175,0.2883531325300355,7.154822649758039,0.11046497571442196,Minor,10,14,44
23,0,15.721582500898311,32.53612981468889,938,0.33768373206039765,6.985777126972284,0.2728596133722911,Minor,17,42,93
23,1,15.721582500898311,32.54358944406667,940,0.4794604800875122,7.013109006857741,0.2938187414899639,Minor,21,52,115
23,2,15.721582500898311,32.55104907344445,2034,0.30557764017661326,7.041057945417503,0.20644537764167403,Minor,15,67,112
23,3,15.721582500898311,32.55850870282223,711,0.4162773896292692,7.069570572848772,0.26818017385516457,Minor,7,36,57
23,4,15.721582500898311,32.565968332200015,1499,0.3157631540510388,7.098566521087868,0.2670692274486506,Minor,9,43,70
23,5,15.721582500898311,32.57342796157779,474,0.5696619476977834,7.12793061405948,0.4304902774456047,Moderate,7,37,58
23,6,15.721582500898311,32.58088759095557,1493,0.35567070276130375,7.157503495026762,0.15115834424347752,Minor,14,24,66
23,7,15.721582500898311,32.588347220333354,1274,0.4039564880806191,7.187070814248252,0.2548495389426245,Minor,21,35,98
23,8,15.721582500898311,32.59580684971113,3311,0.6347384137623415,7.216351492427117,0.4768341802033582,Moderate,90,312,582
23,9,15.721582500898311,32.603266479088916,4039,0.40547074931888116,7.244986223209825,0.20254894237656101,Minor,49,143,290
23,10,15.721582500898311,32.61072610846669,3742,0.4317166519070191,7.27252832847838,0.29374614225485535,Minor,73,113,332
23,11,15.721582500898311,32.61818573784447,2233,0.4889530233358688,7.29844028020516,0.23224168282951307,Minor,36,98,206
23,12,15.721582500898311,32.625645367222255,3119,0.5947609668154095,7.322100377673758,0.4333089228169751,Moderate,26,82,160
23,13,15.721582500898311,32.63310499660003,3073,0.7046720379462942,7.34282459414478,0.5152002035055625,Severe,85,109,364
23,14,15.721582500898311,32.64056462597782,2931,0.6579661154550652,7.359907505281958,0.5317352139696795,Severe,94,108,390
23,15,15.721582500898311,32.648024255355594,1954,0.6417618324385771,7.372682509756043,0.4985709199944982,Moderate,30,83,173
23,16,15.721582500898311,32.65548388473337,2745,0.44900460999402475,7.380595146506025,0.35874965023016514,Moderate,10,152,182
23,17,15.721582500898311,32.662943514111156,2222,0.42882049151412205,7.383275991774748,0.2623288980685634,Minor,9,35,62
23,18,15.721582500898311,32.67040314348893,3551,0.7136480834993342,7.380595146506025,0.5761493328069806,Severe,145,229,664
23,19,15.721582500898311,32.67786277286672,2925,0.5699780822230888,7.372682509756043,0.4130992785397443,Moderate,74,91,313
23,20,15.721582500898311,32.685322402244495,2371,0.41790835524947323,7.359907505281958,0.24099858777391409,Minor,14,104,146
23,21,15.721582500898311,32.69278203162228,2491,0.4504066968062042,7.34282459414478,0.40444067659549965,Moderate,42,75,201
23,22,15.721582500898311,32.70024166100006,2172,0.5640006436337345,7.322100377673758,0.45254175778841255,Moderate,21,60,123
23,23,15.721582500898311,32.707701290377834,1987,0.6353433631759513,7.29844028020516,0.5110739848620487,Severe,27,102,183
23,24,15.721582500898311,32.71516091975562,3126,0.41153684077663516,7.27252832847838,0.33286553416636266,Moderate,75,124,349
23,25,15.721582500898311,32.722620549133396,1476,0.6534202384366736,7.244986223209825,0.49648966221242774,Moderate,9,80,107
23,26,15.721582500898311,32.73008017851118,4527,0.6225148079632781,7.216351492427117,0.49777799428081765,Moderate,142,175,601
23,27,15.721582500898311,32.73753980788896,735,0.6580805082181621,7.187070814248252,0.4219891360332454,Moderate,20,25,85
23,28,15.721582500898311,32.744999437266735,1133,0.3642068258035206,7.157503495026762,0.27944477785132915,Minor,6,40,58
23,29,15.721582500898311,32.75245906664452,1851,0.37362425113467423,7.12793061405948,0.2858872249875874,Minor,6,95,113
24,0,15.728768990298239,32.53612981468889,1578,0.2906258598682978,6.967999097247061,0.2005291250032176,Minor,5,46,61
24,1,15.728768990298239,32.54358944406667,2385,0.2394921803942684,6.993820026016113,0.1220621520537229,Minor,20,32,92
24,2,15.728768990298239,32.55104907344445,488,0.48646607877260156,7.02009524489279,0.2518489901024428,Minor,9,16,43
24,3,15.728768990298239,32.55850870282223,1139,0.3718057212621262,7.046755831730394,0.31199543851880873,Moderate,12,63,99
24,4,15.728768990298239,32.565968332200015,2220,0.5712164545988474,7.073706766352249,0.3706164165817864,Moderate,30,99,189
24,5,15.728768990298239,32.57342796157779,1191,0.26331898600751136,7.100820653692662,0.19197344722163198,Minor,17,28,79
24,6,15.728768990298239,32.58088759095557,1792,0.49586080499549184,7.12793061405948,0.3334095526109691,Moderate,7,89,110
24,7,15.728768990298239,32.588347220333354,2742,0.5262463354762067,7.154822649758039,0.3513459985320155,Moderate,42,146,272
24,8,15.728768990298239,32.59580684971113,2100,0.3390401116069523,7.181228130928563,0.23881140163852957,Minor,7,46,67
24,9,15.728768990298239,32.603266479088916,2906,0.5435482135051174,7.2068175182900145,0.335250335937941,Moderate,75,122,347
24,10,15.728768990298239,32.61072610846669,3250,0.4093739895814599,7.231197037756255,0.37817359240380655,Moderate,40,187,307
24,11,15.728768990298239,32.61818573784447,3070,0.4819521350313946,7.253910640684605,0.4445441864339619,Moderate,79,110,347
24,12,15.728768990298239,32.625645367222255,3027,0.47209101707869666,7.2744499910518305,0.3821536052568616,Moderate,41,180,303
24,13,15.728768990298239,32.63310499660003,3713,0.5374927444397671,7.292275032520141,0.42716025428333243,Moderate,16,227,275
24,14,15.728768990298239,32.64056462597782,2805,0.4515505290413092,7.306846446398886,0.358935074690217,Moderate,14,84,126
24,15,15.728768990298239,32.648024255355594,3242,0.6238915318005137,7.317668732965867,0.48346783868121246,Moderate,55,291,456
24,16,15.728768990298239,32.65548388473337,3607,0.23557254441577463,7.324339017835854,0.1065780288403022,Minor,30,58,148
24,17,15.728768990298239,32.662943514111156,3462,0.5423413110760273,7.326593150440648,0.4172505599883025,Moderate,15,182,227
24,18,15.728768990298239,32.67040314348893,2600,0.5465340963927529,7.324339017835854,0.4813776024843424,Moderate,88,114,378
24,19,15.728768990298239,32.67786277286672,3783,0.511097296062073,7.317668732965867,0.44809404846030887,Moderate,104,321,633
24,20,15.728768990298239,32.685322402244495,3867,0.5312361607868142,7.306846446398886,0.42566843614268396,Moderate,65,169,364
24,21,15.728768990298239,32.69278203162228,2650,0.38392361180123624,7.292275032520141,0.3470178154348366,Moderate,50,82,232
24,22,15.728768990298239,32.70024166100006,3014,0.5064495606781807,7.2744499910518305,0.386895128016491,Moderate,52,62,218
24,23,15.728768990298239,32.707701290377834,2785,0.29312394852609336,7.253910640684605,0.25189238636064865,Minor,13,60,99
24,24,15.728768990298239,32.71516091975562,1506,0.3030188345745671,7.231197037756255,0.2966704736286209,Minor,11,75,108
24,25,15.728768990298239,32.722620549133396,1964,0.43018038960021365,7.2068175182900145,0.4034249451778857,Moderate,47,94,235
24,26,15.728768990298239,32.73008017851118,1598,0.34835792692330025,7.181228130928563,0.23684607617957043,Minor,5,61,76
24,27,15.728768990298239,32.73753980788896,1729,0.4102276088825283,7.154822649758039,0.27000504427773064,Minor,30,36,126
24,28,15.728768990298239,32.744999437266735,1687,0.35366394856989847,7.12793061405948,0.23536244618056756,Minor,7,40,61
24,29,15.728768990298239,32.75245906664452,1199,0.1627349480375149,7.100820653692662,0.17952545374012396,Minor,15,10,55
25,0,15.735955479698166,32.53612981468889,1806,0.31556710826656836,6.949715911009184,0.1870419641974,Minor,23,66,135
25,1,15.735955479698166,32.54358944406667,2278,0.3335688227961582,6.974073321974352,0.23147038842051876,Minor,11,105,138
25,2,15.735955479698166,32.55104907344445,1489,0.31026949092147316,6.998742853142905,0.13260252433320463,Minor,13,31,70
25,3,15.735955479698166,32.55850870282223,200,0.380202210133785,7.02364537116973,0.27064431810537914,Minor,2,9,15
25,4,15.735955479698166,32.565968332200015,1463,0.4733423201141763,7.048677494303845,0.35138324227032314,Moderate,11,42,75
25,5,15.735955479698166,32.57342796157779,1162,0.6415910707152488,7.073706766352249,0.3098114229136054,Moderate,14,58,100
25,6,15.735955479698166,32.58088759095557,1726,0.3984406337851065,7.098566521087868,0.19742154137710932,Minor,18,19,73
25,7,15.735955479698166,32.588347220333354,1986,0.6421794349883453,7.123050809510279,0.42203679042014003,Moderate,23,81,150
25,8,15.735955479698166,32.59580684971113,1387,0.5166726011025796,7.146910013008057,0.38561396726194846,Moderate,13,83,122
25,9,15.735955479698166,32.603266479088916,3580,0.5383629246963482,7.169848078742572,0.2984080318546809,Minor,29,139,226
25,10,15.735955479698166,32.61072610846669,1852,0.5121166925915799,7.191522649308632,0.4017431049845301,Moderate,12,101,137
25,11,15.735955479698166,32.61818573784447,2451,0.42122527612106075,7.21154962372027,0.2080242333059576,Minor,14,100,142
25,12,15.735955479698166,32.625645367222255,3868,0.3560610282769154,7.229513722064416,0.27255543607832394,Minor,33,108,207
25,13,15.735955479698166,32.63310499660003,2820,0.6026418748160534,7.244986223209825,0.37899447776151485,Moderate,52,110,266
25,14,15.735955479698166,32.64056462597782,2989,0.47774583582571983,7.257550017780415,0.36464091628154205,Moderate,72,212,428
25,15,15.735955479698166,32.648024255355594,2477,0.6237509790017606,7.266830442165489,0.4729400290266009,Moderate,33,181,280
25,16,15.735955479698166,32.65548388473337,2115,0.30765919399554037,7.27252832847838,0.26533552444914243,Minor,42,52,178
25,17,15.735955479698166,32.662943514111156,3319,0.44528917534670276,7.2744499910518305,0.2695793933759503,Minor,25,114,189
25,18,15.735955479698166,32.67040314348893,3586,0.6659401059151995,7.27252832847838,0.5180968371816038,Severe,131,365,758
25,19,15.735955479698166,32.67786277286672,2065,0.39435724124702637,7.266830442165489,0.17819771699029324,Minor,25,36,111
25,20,15.735955479698166,32.685322402244495,3036,0.43714796222681895,7.257550017780415,0.31940207049229125,Moderate,67,180,381
25,21,15.735955479698166,32.69278203162228,2457,0.5089305881165749,7.244986223209825,0.4019357113788696,Moderate,78,154,388
25,22,15.735955479698166,32.70024166100006,947,0.5477954260209643,7.229513722064416,0.4122194659739069,Moderate,25,66,141
25,23,15.735955479698166,32.707701290377834,373,0.4085533794054178,7.21154962372027,0.2890621118880831,Minor,5,6,21
25,24,15.735955479698166,32.71516091975562,1617,0.33667745579048075,7.191522649308632,0.2164224334582324,Minor,25,63,138
25,25,15.735955479698166,32.722620549133396,2311,0.558862573622136,7.169848078742572,0.4130662201951354,Moderate,50,128,278
25,26,15.735955479698166,32.73008017851118,2327,0.3118883940765834,7.146910013008057,0.16415021853051098,Minor,22,27,93
25,27,15.735955479698166,32.73753980788896,1692,0.5159930459651835,7.123050809510279,0.4070871452295118,Moderate,16,97,145
25,28,15.735955479698166,32.744999437266735,936,0.3995423603771132,7.098566521087868,0.2686015048764607,Minor,10,31,61
25,29,15.735955479698166,32.75245906664452,1600,0.2521957412528959,7.073706766352249,0.19263179056403767,Minor,5,52,67
26,0,15.743141969098096,32.53612981468889,1589,0.3612829597121672,6.931058715560388,0.2066139017777475,Minor,3,35,44
26,1,15.743141969098096,32.54358944406667,1189,0.2012704920650476,6.954011193403549,0.1852920978989766,Minor,9,24,51
26,2,15.743141969098096,32.55104907344445,685,0.3718194479966666,6.9771534476353345,0.2509570371133634,Minor,4,18,30
26,3,15.743141969098096,32.55850870282223,1661,0.47996985368021133,7.000400469246743,0.2415748817705189,Minor,15,66,111
26,4,15.743141969098096,32.565968332200015,984,0.5005702010826555,7.02364537116973,0.3136312491736888,Moderate,13,42,81
26,5,15.743141969098096,32.57342796157779,2119,0.3594958299182434,7.046755831730394,0.29898309904256465,Minor,25,67,142
26,6,15.743141969098096,32.58088759095557,1427,0.2537964131274134,7.069570572848772,0.0842526819449324,Intact,3,7,16
26,7,15.743141969098096,32.588347220333354,868,0.4616128303973025,7.091896236217881,0.29558252767187215,Minor,13,29,68
26,8,15.743141969098096,32.59580684971113,1977,0.5019584803375301,7.113505192713749,0.40187824617414414,Moderate,60,87,267
26,9,15.743141969098096,32.603266479088916,1842,0.4680408660191382,7.134135008533972,0.3666353241084826,Moderate,31,73,166
26,10,15.743141969098096,32.61072610846669,1008,0.31544666250555287,7.153490456238686,0.22594487521375264,Minor,16,26,74
26,11,15.743141969098096,32.61818573784447,2246,0.46478726275925025,7.17124903084391,0.2489771478844792,Minor,8,99,123
26,12,15.743141969098096,32.625645367222255,788,0.5312112261624814,7.187070814248252,0.4045613662132276,Moderate,10,50,80
26,13,15.743141969098096,32.63310499660003,1548,0.4135532910962023,7.200613123815522,0.24749803776529192,Minor,9,69,96
26,14,15.743141969098096,32.64056462597782,1849,0.3821772642401444,7.21154962372027,0.24266785541573543,Minor,19,85,142
26,15,15.743141969098096,32.648024255355594,3025,0.479590916842066,7.219592522764099,0.34979188543088763,Moderate,77,83,314
26,16,15.743141969098096,32.65548388473337,2693,0.4364283495437774,7.224515349890891,0.2712857187602202,Minor,8,145,169
26,17,15.743141969098096,32.662943514111156,1921,0.3452289844576797,7.226172965994728,0.2361104443694586,Minor,16,24,72
26,18,15.743141969098096,32.67040314348893,2501,0.455770605952887,7.224515349890891,0.3306389263169877,Moderate,15,148,193
26,19,15.743141969098096,32.67786277286672,2388,0.5848964357026094,7.219592522764099,0.33583082815560394,Moderate,13,46,85
26,20,15.743141969098096,32.685322402244495,1797,0.44060662019548674,7.21154962372027,0.24208497494080755,Minor,6,84,102
26,21,15.743141969098096,32.69278203162228,1763,0.3015807490262,7.200613123815522,0.21844220309746745,Minor,29,67,154
26,22,15.743141969098096,32.70024166100006,1487,0.4853824594957661,7.187070814248252,0.2326068965977266,Minor,22,56,122
26,23,15.743141969098096,32.707701290377834,2080,0.257084042148426,7.17124903084391,0.2116549305365854,Minor,17,54,105
26,24,15.743141969098096,32.71516091975562,1871,0.6210321743347449,7.153490456238686,0.4311293131084854,Moderate,10,121,151
26,25,15.743141969098096,32.722620549133396,1023,0.5210189459800947,7.134135008533972,0.24457276898442015,Minor,7,46,67
26,26,15.743141969098096,32.73008017851118,965,0.4823373454305797,7.113505192713749,0.30959807559725966,Moderate,13,20,59
26,27,15.743141969098096,32.73753980788896,1204,0.5516284714054025,7.091896236217881,0.3994195315995611,Moderate,15,84,129
26,28,15.743141969098096,32.744999437266735,860,0.3015781850701485,7.069570572848772,0.2630770175015892,Minor,8,37,61
26,29,15.743141969098096,32.75245906664452,1024,0.33033606709786495,7.046755831730394,0.22739944623499708,Minor,15,12,57
27,0,15.750328458498023,32.53612981468889,1463,0.3542565568975544,6.912142680265628,0.274752494493187,Minor,31,49,142
27,1,15.750328458498023,32.54358944406667,279,0.39196615063648466,6.933756212231712,0.2609325039008295,Minor,1,12,15
27,2,15.750328458498023,32.55104907344445,724,0.29013554083042065,6.955455634180577,0.22296652893098373,Minor,10,8,38
27,3,15.750328458498023,32.55850870282223,1554,0.29139599774056263,6.9771534476353345,0.11907242465869602,Minor,14,20,62
27,4,15.750328458498023,32.565968332200015,457,0.5198312355411921,6.998742853142905,0.38546053786957024,Moderate,6,19,37
27,5,15.750328458498023,32.57342796157779,2114,0.44262120204688676,7.02009524489279,0.37684007817137366,Moderate,57,62,233
27,6,15.750328458498023,32.58088759095557,1550,0.6256356710036057,7.041057945417503,0.47759733916363833,Moderate,55,51,216
27,7,15.750328458498023,32.588347220333354,200,0.3473057342651573,7.06145249877793,0.28316195329449045,Minor,2,9,15
27,8,15.750328458498023,32.59580684971113,375,0.3249767119804393,7.0810739496509,0.19581325263691066,Minor,4,8,20
27,9,15.750328458498023,32.603266479088916,200,0.44966095778027176,7.099691637444675,0.3169876189791747,Moderate,3,10,19
27,10,15.750328458498023,32.61072610846669,1941,0.43973770042249877,7.117052097396794,0.4181154463283002,Moderate,11,145,178
27,11,15.750328458498023,32.61818573784447,765,0.5379502878514665,7.132884639008375,0.45282625510309216,Moderate,12,44,80
27,12,15.750328458498023,32.625645367222255,1861,0.31650062792165945,7.146910013008057,0.10622184249042867,Minor,11,19,52
27,13,15.750328458498023,32.63310499660003,2297,0.623907593297689,7.158852237580934,0.5205314098177989,Severe,42,187,313
27,14,15.750328458498023,32.64056462597782,1920,0.5262237827985875,7.168453126454478,0.4128225310858197,Moderate,41,80,203
27,15,15.750328458498023,32.648024255355594,2349,0.5406523259389905,7.17548840775717,0.37820776186458166,Moderate,38,84,198
27,16,15.750328458498023,32.65548388473337,1245,0.5413251800851764,7.179783690151535,0.3931873180352212,Moderate,18,26,80
27,17,15.750328458498023,32.662943514111156,209,0.4712651545302149,7.181228130928563,0.3085144495938109,Moderate,3,6,15
27,18,15.750328458498023,32.67040314348893,1430,0.41420405078013467,7.179783690151535,0.24855527990385912,Minor,5,64,79
27,19,15.750328458498023,32.67786277286672,2605,0.45414791171941093,7.17548840775717,0.32673306040304845,Moderate,45,137,272
27,20,15.750328458498023,32.685322402244495,3002,0.2773314995271706,7.168453126454478,0.3002915289343989,Moderate,65,174,369
27,21,15.750328458498023,32.69278203162228,2124,0.3990353674675002,7.158852237580934,0.3097825514418393,Moderate,19,71,128
27,22,15.750328458498023,32.70024166100006,2067,0.2493209490958839,7.146910013008057,0.14276718916468883,Minor,20,35,95
27,23,15.750328458498023,32.707701290377834,2508,0.44869118158007393,7.132884639008375,0.40647839730589747,Moderate,50,72,222
27,24,15.750328458498023,32.71516091975562,2113,0.24357471711238443,7.117052097396794,0.1774810579819751,Minor,20,65,125
27,25,15.750328458498023,32.722620549133396,200,0.4472634244473772,7.099691637444675,0.3016617011510701,Moderate,4,7,19
27,26,15.750328458498023,32.73008017851118,1696,0.40657860998858214,7.0810739496509,0.28702271360588405,Minor,38,29,143
27,27,15.750328458498023,32.73753980788896,1260,0.30655248749489294,7.06145249877793,0.18909728943314072,Minor,7,12,33
27,28,15.750328458498023,32.744999437266735,1608,0.2873151067211887,7.041057945417503,0.21220738190477495,Minor,18,47,101
27,29,15.750328458498023,32.75245906664452,390,0.5484628186013402,7.02009524489279,0.459081024252613,Moderate,1,13,16
28,0,15.75751494789795,32.53612981468889,364,0.14050481402925377,6.893067642804604,0.13202192779550662,Minor,3,5,14
28,1,15.75751494789795,32.54358944406667,200,0.24424150736471356,6.9134125487802125,0.22389816044748678,Minor,0,8,8
28,2,15.75751494789795,32.55104907344445,889,0.27616427012839784,6.933756212231712,0.16505446113036618,Minor,1,26,29
28,3,15.75751494789795,32.55850870282223,636,0.34981866275050844,6.954011193403549,0.241823211341091,Minor,4,17,29
28,4,15.75751494789795,32.565968332200015,1295,0.4900124778992133,6.974073321974352,0.37276094320147823,Moderate,31,67,160
28,5,15.75751494789795,32.57342796157779,803,0.16056318659878954,6.993820026016113,0.13319306682193102,Minor,3,8,17
28,6,15.75751494789795,32.58088759095557,1080,0.43236474860770396,7.013109006857741,0.3825270182002112,Moderate,31,22,115
28,7,15.75751494789795,32.588347220333354,2809,0.4621393406097799,7.031777521032429,0.24117145651161115,Minor,8,56,80
28,8,15.75751494789795,32.59580684971113,1022,0.2684287209522923,7.049642593858581,0.20215402755724735,Minor,15,36,81
28,9,15.75751494789795,32.603266479088916,1950,0.5874815863960364,7.066502535772155,0.3585278411271198,Moderate,42,82,208
28,10,15.75751494789795,32.61072610846669,2840,0.6346248229146235,7.0821401400019965,0.5113967300586822,Severe,87,155,416
28,11,15.75751494789795,32.61818573784447,1658,0.5956597688159393,7.096327880925772,0.37652576553980344,Moderate,29,120,207
28,12,15.75751494789795,32.625645367222255,2189,0.43101123625423343,7.108835279583275,0.3045805396467346,Moderate,8,109,133
28,13,15.75751494789795,32.63310499660003,2083,0.4054503835127004,7.119438341486436,0.2844971169739561,Minor,20,90,150
28,14,15.75751494789795,32.64056462597782,2449,0.5313817845345301,7.12793061405948,0.3760289286782388,Moderate,50,47,197
28,15,15.75751494789795,32.648024255355594,1515,0.5598263921093392,7.134135008533972,0.2925176141000896,Minor,13,60,99
28,16,15.75751494789795,32.65548388473337,1670,0.299431220995668,7.137915177013614,0.23339125958944937,Minor,9,72,99
28,17,15.75751494789795,32.662943514111156,2559,0.4021605553036861,7.139185045528198,0.2962009961599855,Minor,41,117,240
28,18,15.75751494789795,32.67040314348893,2051,0.44408337983914614,7.137915177013614,0.3080789567338781,Moderate,10,86,116
28,19,15.75751494789795,32.67786277286672,2386,0.410957843327248,7.134135008533972,0.3194814606719929,Moderate,44,75,207
28,20,15.75751494789795,32.685322402244495,980,0.39838672128913777,7.12793061405948,0.16944991540369458,Minor,4,25,37
28,21,15.75751494789795,32.69278203162228,1725,0.3399399794611977,7.119438341486436,0.08588469248543382,Intact,2,11,17
28,22,15.75751494789795,32.70024166100006,1609,0.3200995782584893,7.108835279583275,0.12006934085842873,Minor,2,27,33
28,23,15.75751494789795,32.707701290377834,527,0.37216166469471296,7.096327880925772,0.3309747204395546,Moderate,9,34,61
28,24,15.75751494789795,32.71516091975562,776,0.34955312162994395,7.0821401400019965,0.25042978730710663,Minor,9,13,40
28,25,15.75751494789795,32.722620549133396,1599,0.20906267855040123,7.066502535772155,0.1557503597205829,Minor,15,40,85
28,26,15.75751494789795,32.73008017851118,200,0.5263487956360521,7.049642593858581,0.35635786804720804,Moderate,5,3,18
28,27,15.75751494789795,32.73753980788896,650,0.4015980913459496,7.031777521032429,0.2994695252139957,Minor,9,12,39
28,28,15.75751494789795,32.744999437266735,2142,0.21335455471483245,7.013109006857741,0.20513746213899328,Minor,31,56,149
28,29,15.75751494789795,32.75245906664452,920,0.23476364900919788,6.993820026016113,0.19546375832779062,Minor,4,35,47
29,0,15.76470143729788,32.53612981468889,1194,0.41625744885398475,6.873919140696689,0.29386908858556415,Minor,3,50,59
29,1,15.76470143729788,32.54358944406667,200,0.3382443011712698,6.893067642804604,0.3165048997528325,Moderate,2,3,9
29,2,15.76470143729788,32.55104907344445,447,0.23223569813847733,6.912142680265628,0.14949526580757502,Minor,0,7,7
29,3,15.76470143729788,32.55850870282223,200,0.4505716686804648,6.931058715560388,0.3324907842093253,Moderate,4,8,20
29,4,15.76470143729788,32.565968332200015,1213,0.3812108376751797,6.949715911009184,0.1684179123708754,Minor,3,15,24
29,5,15.76470143729788,32.57342796157779,2744,0.1813813249894722,6.967999097247061,0.09431528517499825,Intact,8,32,56
29,6,15.76470143729788,32.58088759095557,768,0.3665685682678434,6.985777126972284,0.17426742244307808,Minor,9,8,35
29,7,15.76470143729788,32.588347220333354,813,0.26397776642822857,7.002902818517804,0.24450723672088504,Minor,3,14,23
29,8,15.76470143729788,32.59580684971113,200,0.3183303830427091,7.019213726461839,0.18855482801778917,Minor,1,5,8
29,9,15.76470143729788,32.603266479088916,2090,0.3810933362967395,7.0345339904712185,0.22558077326004072,Minor,23,57,126
29,10,15.76470143729788,32.61072610846669,1674,0.42610650781641546,7.048677494303845,0.28539992956369786,Minor,33,55,154
29,11,15.76470143729788,32.61818573784447,1703,0.29778002543469206,7.06145249877793,0.18045190242680517,Minor,16,60,108
29,12,15.76470143729788,32.625645367222255,1489,0.433254761293242,7.072667783457174,0.2615506372045305,Minor,8,53,77
29,13,15.76470143729788,32.63310499660003,1726,0.47286094521882704,7.0821401400019965,0.36875853334843656,Moderate,12,36,72
29,14,15.76470143729788,32.64056462597782,469,0.4377555375458609,7.089702821454894,0.2864906920866257,Minor,3,23,32
29,15,15.76470143729788,32.648024255355594,2734,0.4179163452749814,7.095214304246503,0.22799822780088513,Minor,14,63,105
29,16,15.76470143729788,32.65548388473337,273,0.4965104137988038,7.098566521087868,0.3462629968378093,Moderate,2,15,21
29,17,15.76470143729788,32.662943514111156,1299,0.48663783959475804,7.099691637444675,0.46137678671691534,Moderate,30,106,196
29,18,15.76470143729788,32.67040314348893,939,0.27545823900573174,7.098566521087868,0.20239385108949637,Minor,4,32,44
29,19,15.76470143729788,32.67786277286672,1343,0.2713483360298592,7.095214304246503,0.26059576151286695,Minor,21,23,86
29,20,15.76470143729788,32.685322402244495,1103,0.5001380644469767,7.089702821454894,0.2540080687701931,Minor,14,32,74
29,21,15.76470143729788,32.69278203162228,2450,0.644308720244676,7.0821401400019965,0.5329605257280315,Severe,40,244,364
29,22,15.76470143729788,32.70024166100006,618,0.3694384020118905,7.072667783457174,0.33608484735432304,Moderate,8,24,48
29,23,15.76470143729788,32.707701290377834,1708,0.3703999256208728,7.06145249877793,0.31593615648561396,Moderate,40,60,180
29,24,15.76470143729788,32.71516091975562,1752,0.5540489538588161,7.048677494303845,0.47350629427245,Moderate,22,161,227
29,25,15.76470143729788,32.722620549133396,2010,0.26708915295585645,7.0345339904712185,0.14473549978434747,Minor,7,30,51
29,26,15.76470143729788,32.73008017851118,200,0.37431513315879283,7.019213726461839,0.18006533798694543,Minor,2,3,9
29,27,15.76470143729788,32.73753980788896,200,0.27856026394919,7.002902818517804,0.1964836226537522,Minor,1,2,5
29,28,15.76470143729788,32.744999437266735,1341,0.3204617900600487,6.985777126972284,0.26850413202153894,Minor,7,23,44
29,29,15.76470143729788,32.75245906664452,1427,0.2411098549926685,6.967999097247061,0.19118095238810295,Minor,17,43,94
